_MEMBER_MyList,_LogP_MyList,GO,_PATTERN_,_RANK_,GiniIndex,Category,CategoryID,Description,PARENT_GO,LogP,Enrichment,Z-score,#TotalGeneInLibrary,#GeneInGO,#GeneInHitList,#GeneInGOAndHitList,%InGO,STDV %InGO,GeneID,Hits,Log(q-value),EvidenceCutoff
1,-5.6,M39175,M1,1,0,Cell Type Signatures,7,MURARO PANCREAS MESENCHYMAL STROMAL CELL,,-5.6,5.3,6.6,30182,680,100,12,12,3.2,90|468|1879|2113|3098|4257|5396|5791|6840|7026|11228|23180,ACVR1|ATF4|EBF1|ETS1|HK1|MGST1|PRRX1|PTPRE|SVIL|NR2F2|RASSF8|RFTN1,-2.3,0
1,-5.5,M41699,M1,1,0,Cell Type Signatures,7,TRAVAGLINI LUNG CLASSICAL MONOCYTE CELL,,-5.5,8.9,7.6,30182,270,100,8,8,2.7,831|1052|4257|5187|5791|8650|9586|51422,CAST|CEBPD|MGST1|PER1|PTPRE|NUMB|CREB5|PRKAG2,-2.3,0
1,-5.3,M39055,M1,1,0,Cell Type Signatures,7,MANNO MIDBRAIN NEUROTYPES HRGL2A,,-5.3,5.5,6.5,30182,600,100,11,11,3.1,831|2334|4257|5187|5727|5992|8292|9459|9586|84623|219670,CAST|AFF2|MGST1|PER1|PTCH1|RFX4|COLQ|ARHGEF6|CREB5|KIRREL3|ENKUR,-2.2,0
1,-5.1,M39067,M1,1,0,Cell Type Signatures,7,MANNO MIDBRAIN NEUROTYPES HDA,,-5.1,6,6.5,30182,506,100,10,10,3,1641|1879|5087|5523|6457|6863|8292|50650|55022|56977,DCX|EBF1|PBX1|PPP2R3A|SH3GL3|TAC1|COLQ|ARHGEF3|PID1|STOX2,-2.1,0
1,-5.1,M39069,M1,1,0,Cell Type Signatures,7,MANNO MIDBRAIN NEUROTYPES HDA2,,-5.1,5.9,6.4,30182,513,100,10,10,3,320|1641|5087|6334|6457|6863|50650|50937|55022|55884,APBA1|DCX|PBX1|SCN8A|SH3GL3|TAC1|ARHGEF3|CDON|PID1|WSB2,-2.1,0
1,-4.9,M39050,M1,1,0,Cell Type Signatures,7,MANNO MIDBRAIN NEUROTYPES HPERIC,,-4.9,4.6,5.9,30182,795,100,12,12,3.2,831|1052|1879|2113|5187|6840|7026|9459|23180|55022|56341|133522,CAST|CEBPD|EBF1|ETS1|PER1|SVIL|NR2F2|ARHGEF6|RFTN1|PID1|PRMT8|PPARGC1B,-2,0
1,-4.8,M39054,M1,1,0,Cell Type Signatures,7,MANNO MIDBRAIN NEUROTYPES HRGL2B,,-4.8,6.2,6.3,30182,440,100,9,9,2.9,429|2334|4257|5727|5992|8292|9459|9586|84623,ASCL1|AFF2|MGST1|PTCH1|RFX4|COLQ|ARHGEF6|CREB5|KIRREL3,-1.9,0
1,-4.8,M39211,M1,1,0,Cell Type Signatures,7,ZHENG CORD BLOOD C2 PUTATIVE BASOPHIL EOSINOPHIL MAST CELL PROGENITOR,,-4.8,16,8.3,30182,96,100,5,5,2.2,468|2334|3727|6659|56259,ATF4|AFF2|JUND|SOX4|CTNNBL1,-1.9,0
1,-4.6,M39068,M1,1,0,Cell Type Signatures,7,MANNO MIDBRAIN NEUROTYPES HDA1,,-4.6,5.2,5.9,30182,584,100,10,10,3,320|1641|5087|6334|6863|50650|51422|55022|79633|282973,APBA1|DCX|PBX1|SCN8A|TAC1|ARHGEF3|PRKAG2|PID1|FAT4|JAKMIP3,-1.8,0
1,-4.4,M39264,M1,1,0,Cell Type Signatures,7,HU FETAL RETINA FIBROBLAST,,-4.4,6.3,6,30182,385,100,8,8,2.7,831|1052|2113|5396|5727|6840|7026|9586,CAST|CEBPD|ETS1|PRRX1|PTCH1|SVIL|NR2F2|CREB5,-1.7,0
1,-4.3,M39200,M1,1,0,Cell Type Signatures,7,HAY BONE MARROW IMMATURE NEUTROPHIL,,-4.3,9.3,6.7,30182,194,100,6,6,2.4,1052|2309|8650|51422|55022|55041,CEBPD|FOXO3|NUMB|PRKAG2|PID1|PLEKHB2,-1.7,0
1,-4.3,M40007,M1,1,0,Cell Type Signatures,7,BUSSLINGER GASTRIC PREZYMOGENIC CELLS,,-4.3,20,8.5,30182,60,100,4,4,2,444|468|6659|7026,ASPH|ATF4|SOX4|NR2F2,-1.7,0
1,-3.9,M39064,M1,1,0,Cell Type Signatures,7,MANNO MIDBRAIN NEUROTYPES HNBML1,,-3.9,6.4,5.7,30182,328,100,7,7,2.6,1641|1879|5187|6196|6334|6659|6863,DCX|EBF1|PER1|RPS6KA2|SCN8A|SOX4|TAC1,-1.4,0
1,-3.9,M41713,M1,1,0,Cell Type Signatures,7,FAN OVARY CL11 MURAL GRANULOSA CELL,,-3.9,5.5,5.4,30182,443,100,8,8,2.7,468|1052|2002|3098|6659|7328|10075|26973,ATF4|CEBPD|ELK1|HK1|SOX4|UBE2H|HUWE1|CHORDC1,-1.4,0
1,-3.9,M39070,M1,1,0,Cell Type Signatures,7,MANNO MIDBRAIN NEUROTYPES HNBGABA,,-3.9,4.3,5.1,30182,703,100,10,10,3,862|1641|6334|6457|6792|6863|26999|84623|133522|282973,RUNX1T1|DCX|SCN8A|SH3GL3|CDKL5|TAC1|CYFIP2|KIRREL3|PPARGC1B|JAKMIP3,-1.4,0
1,-3.8,M39066,M1,1,0,Cell Type Signatures,7,MANNO MIDBRAIN NEUROTYPES HNBML5,,-3.8,5.2,5.3,30182,465,100,8,8,2.7,862|1641|2334|5523|6334|6659|6863|84623,RUNX1T1|DCX|AFF2|PPP2R3A|SCN8A|SOX4|TAC1|KIRREL3,-1.3,0
1,-3.6,M39230,M1,1,0,Cell Type Signatures,7,LAKE ADULT KIDNEY C11 THIN ASCENDING LIMB,,-3.6,8.9,6,30182,169,100,5,5,2.2,5523|6840|7328|11228|50650,PPP2R3A|SVIL|UBE2H|RASSF8|ARHGEF3,-1.2,0
1,-3.5,M39223,M1,1,0,Cell Type Signatures,7,LAKE ADULT KIDNEY C4 PROXIMAL TUBULE EPITHELIAL CELLS S2,,-3.5,8.6,5.8,30182,176,100,5,5,2.2,5789|6840|9586|55074|56977,PTPRD|SVIL|CREB5|OXR1|STOX2,-1.2,0
1,-3.5,M39225,M1,1,0,Cell Type Signatures,7,LAKE ADULT KIDNEY C6 PROXIMAL TUBULE EPITHELIAL CELLS FIBRINOGEN POS S3,,-3.5,8.3,5.7,30182,181,100,5,5,2.2,4257|6772|6840|23007|50650,MGST1|STAT1|SVIL|PLCH1|ARHGEF3,-1.1,0
1,-3.4,M41750,M1,1,0,Cell Type Signatures,7,RUBENSTEIN SKELETAL MUSCLE FBN1 FAP CELLS,,-3.4,6.3,5.2,30182,289,100,6,6,2.4,831|1879|3727|4257|5396|9586,CAST|EBF1|JUND|MGST1|PRRX1|CREB5,-1.1,0
1,-3.2,M39056,M1,1,0,Cell Type Signatures,7,MANNO MIDBRAIN NEUROTYPES HRGL3,,-3.2,4.2,4.5,30182,574,100,8,8,2.7,90|831|2334|4257|5992|9586|84623|219670,ACVR1|CAST|AFF2|MGST1|RFX4|CREB5|KIRREL3|ENKUR,-0.91,0
1,-3.1,M39174,M1,1,0,Cell Type Signatures,7,MURARO PANCREAS ACINAR CELL,,-3.1,3.7,4.3,30182,731,100,9,9,2.9,468|1052|3417|4257|6196|6659|7328|9586|23120,ATF4|CEBPD|IDH1|MGST1|RPS6KA2|SOX4|UBE2H|CREB5|ATP10B,-0.88,0
1,-3.1,M39053,M1,1,0,Cell Type Signatures,7,MANNO MIDBRAIN NEUROTYPES HRGL2C,,-3.1,5.6,4.8,30182,326,100,6,6,2.4,320|4257|5727|5791|9459|9586,APBA1|MGST1|PTCH1|PTPRE|ARHGEF6|CREB5,-0.87,0
1,-3.1,M39111,M1,1,0,Cell Type Signatures,7,AIZARANI LIVER C7 EPCAM POS BILE DUCT CELLS 2,,-3.1,6.9,5,30182,219,100,5,5,2.2,5087|5789|6659|7026|9586,PBX1|PTPRD|SOX4|NR2F2|CREB5,-0.85,0
1,-2.9,M39241,M1,1,0,Cell Type Signatures,7,LAKE ADULT KIDNEY C22 ENDOTHELIAL CELLS GLOMERULAR CAPILLARIES,,-2.9,8.8,5.3,30182,137,100,4,4,2,1879|5087|6840|50650,EBF1|PBX1|SVIL|ARHGEF3,-0.76,0
1,-2.9,M39261,M1,1,0,Cell Type Signatures,7,HU FETAL RETINA AMACRINE,,-2.9,14,6.1,30182,64,100,3,3,1.7,862|6096|6659,RUNX1T1|RORB|SOX4,-0.73,0
1,-2.9,M39018,M1,1,0,Cell Type Signatures,7,FAN EMBRYONIC CTX BIG GROUPS BRAIN ENDOTHELIAL,,-2.9,5,4.4,30182,365,100,6,6,2.4,831|1879|2113|2313|6772|7026,CAST|EBF1|ETS1|FLI1|STAT1|NR2F2,-0.72,0
1,-2.6,M39253,M1,1,0,Cell Type Signatures,7,MENON FETAL KIDNEY 3 STROMAL CELLS,,-2.6,11,5.3,30182,81,100,3,3,1.7,5087|6659|7026,PBX1|SOX4|NR2F2,-0.58,0
1,-2.5,M40021,M1,1,0,Cell Type Signatures,7,BUSSLINGER GASTRIC OXYNTIC ENTEROCHROMAFFIN LIKE CELLS,,-2.5,11,5.1,30182,85,100,3,3,1.7,862|6659|10814,RUNX1T1|SOX4|CPLX2,-0.55,0
1,-2.5,M39051,M1,1,0,Cell Type Signatures,7,MANNO MIDBRAIN NEUROTYPES HMGL,,-2.5,3.7,3.7,30182,577,100,7,7,2.6,1052|2309|2313|5791|6772|9459|128338,CEBPD|FOXO3|FLI1|PTPRE|STAT1|ARHGEF6|DRAM2,-0.52,0
1,-2.5,M41697,M1,1,0,Cell Type Signatures,7,TRAVAGLINI LUNG EREG DENDRITIC CELL,,-2.5,3.6,3.7,30182,579,100,7,7,2.6,444|468|1052|3727|5791|55022|55041,ASPH|ATF4|CEBPD|JUND|PTPRE|PID1|PLEKHB2,-0.52,0
1,-2.5,M39135,M1,1,0,Cell Type Signatures,7,AIZARANI LIVER C39 EPCAM POS BILE DUCT CELLS 4,,-2.5,6.6,4.4,30182,184,100,4,4,2,468|6659|9586|11228,ATF4|SOX4|CREB5|RASSF8,-0.51,0
1,-2.5,M39040,M1,1,0,Cell Type Signatures,7,FAN EMBRYONIC CTX BRAIN ENDOTHELIAL 2,,-2.5,5,4,30182,303,100,5,5,2.2,1879|7026|23180|55022|56259,EBF1|NR2F2|RFTN1|PID1|CTNNBL1,-0.5,0
1,-2.4,M40019,M1,1,0,Cell Type Signatures,7,BUSSLINGER GASTRIC X CELLS,,-2.4,6.3,4.3,30182,191,100,4,4,2,3727|5087|7026|10814,JUND|PBX1|NR2F2|CPLX2,-0.48,0
1,-2.4,M39072,M1,1,0,Cell Type Signatures,7,MANNO MIDBRAIN NEUROTYPES HSERT,,-2.4,4,3.7,30182,450,100,6,6,2.4,320|1641|2334|6457|6863|84623,APBA1|DCX|AFF2|SH3GL3|TAC1|KIRREL3,-0.47,0
1,-2.4,M39213,M1,1,0,Cell Type Signatures,7,ZHENG CORD BLOOD C4 PUTATIVE EARLY ERYTHROID COMMITMENT,,-2.4,9.3,4.7,30182,97,100,3,3,1.7,2309|5087|56259,FOXO3|PBX1|CTNNBL1,-0.45,0
1,-2.4,M41707,M1,1,0,Cell Type Signatures,7,FAN OVARY CL5 HEALTHY SELECTABLE FOLLICLE THECAL CELL,,-2.4,4.7,3.9,30182,318,100,5,5,2.2,5087|5727|6772|7026|26973,PBX1|PTCH1|STAT1|NR2F2|CHORDC1,-0.45,0
1,-2.3,M39212,M1,1,0,Cell Type Signatures,7,ZHENG CORD BLOOD C3 MEGAKARYOCYTE ERYTHROID PROGENITOR,,-2.3,9.1,4.7,30182,100,100,3,3,1.7,3727|6659|56259,JUND|SOX4|CTNNBL1,-0.42,0
1,-2.3,M41670,M1,1,0,Cell Type Signatures,7,TRAVAGLINI LUNG LYMPHATIC CELL,,-2.3,5.8,4,30182,209,100,4,4,2,4257|5791|7026|9586,MGST1|PTPRE|NR2F2|CREB5,-0.38,0
1,-2.3,M39221,M1,1,0,Cell Type Signatures,7,LAKE ADULT KIDNEY C2 PODOCYTES,,-2.3,5.7,4,30182,212,100,4,4,2,831|5789|11228|50650,CAST|PTPRD|RASSF8|ARHGEF3,-0.36,0
1,-2.2,M41678,M1,1,0,Cell Type Signatures,7,TRAVAGLINI LUNG PERICYTE CELL,,-2.2,7.9,4.3,30182,114,100,3,3,1.7,1879|6196|23180,EBF1|RPS6KA2|RFTN1,-0.31,0
1,-2.1,M39057,M1,1,0,Cell Type Signatures,7,MANNO MIDBRAIN NEUROTYPES HRGL1,,-2.1,4.1,3.5,30182,364,100,5,5,2.2,4257|5992|9586|50937|219670,MGST1|RFX4|CREB5|CDON|ENKUR,-0.28,0
1,-2.1,M39052,M1,1,0,Cell Type Signatures,7,MANNO MIDBRAIN NEUROTYPES HOPC,,-2.1,4.1,3.5,30182,366,100,5,5,2.2,429|3417|5791|9586|55022,ASCL1|IDH1|PTPRE|CREB5|PID1,-0.27,0
1,-2.1,M41688,M1,1,0,Cell Type Signatures,7,TRAVAGLINI LUNG NEUTROPHIL CELL,,-2.1,4.1,3.5,30182,368,100,5,5,2.2,444|1052|3727|5187|9586,ASPH|CEBPD|JUND|PER1|CREB5,-0.26,0
1,-2.1,M39132,M1,1,0,Cell Type Signatures,7,AIZARANI LIVER C33 STELLATE CELLS 2,,-2.1,7.2,4,30182,126,100,3,3,1.7,1879|5087|7026,EBF1|PBX1|NR2F2,-0.23,0
1,-2,M41658,M1,1,0,Cell Type Signatures,7,TRAVAGLINI LUNG NEUROENDOCRINE CELL,,-2,7.1,4,30182,128,100,3,3,1.7,429|10814|56660,ASCL1|CPLX2|KCNK12,-0.22,0
1,-2,M39232,M1,1,0,Cell Type Signatures,7,LAKE ADULT KIDNEY C13 THICK ASCENDING LIMB,,-2,6.9,3.9,30182,131,100,3,3,1.7,5087|26999|55074,PBX1|CYFIP2|OXR1,-0.21,0
