_MEMBER_MyList,_LogP_MyList,GO,_PATTERN_,_RANK_,GiniIndex,Category,CategoryID,Description,PARENT_GO,LogP,Enrichment,Z-score,#TotalGeneInLibrary,#GeneInGO,#GeneInHitList,#GeneInGOAndHitList,%InGO,STDV %InGO,GeneID,Hits,Log(q-value),EvidenceCutoff
1,-7.8,M39224,M1,1,0,Cell Type Signatures,7,LAKE ADULT KIDNEY C5 PROXIMAL TUBULE EPITHELIAL CELLS STRESS INFLAM,,-7.8,8.7,9.1,30182,417,100,12,12,3.2,1039|1523|1958|5465|6095|6902|29119|55906|57477|91050|148979|222255,CDR2|CUX1|EGR1|PPARA|RORA|TBCA|CTNNA3|ZC4H2|SHROOM4|CCDC149|GLIS1|ATXN7L1,-4.2,0
1,-5.7,M39054,M1,1,0,Cell Type Signatures,7,MANNO MIDBRAIN NEUROTYPES HRGL2B,,-5.7,6.9,7.1,30182,440,100,10,10,3,604|1958|4052|4605|4773|4853|5077|30812|57502|92521,BCL6|EGR1|LTBP1|MYBL2|NFATC2|NOTCH2|PAX3|SOX8|NLGN4X|SPECC1,-2.7,0
1,-4.7,M39070,M1,1,0,Cell Type Signatures,7,MANNO MIDBRAIN NEUROTYPES HNBGABA,,-4.7,4.7,5.8,30182,703,100,11,11,3.1,4773|4988|6855|9480|9758|23175|29119|57209|84679|126231|128553,NFATC2|OPRM1|SYP|ONECUT2|FRMPD4|LPIN1|CTNNA3|ZNF248|SLC9A7|ZNF573|TSHZ2,-2.1,0
1,-4.6,M39068,M1,1,0,Cell Type Signatures,7,MANNO MIDBRAIN NEUROTYPES HDA1,,-4.6,5.2,5.9,30182,584,100,10,10,3,4675|4929|5218|6095|6855|9498|9758|23175|84679|128553,NAP1L3|NR4A2|CDK14|RORA|SYP|SLC4A8|FRMPD4|LPIN1|SLC9A7|TSHZ2,-2,0
1,-4.3,M40179,M1,1,0,Cell Type Signatures,7,DESCARTES FETAL EYE HORIZONTAL CELLS,,-4.3,43,11,30182,21,100,3,3,1.7,9480|9758|390874,ONECUT2|FRMPD4|ONECUT3,-1.9,0
1,-3.7,M39170,M1,1,0,Cell Type Signatures,7,MURARO PANCREAS DELTA CELL,,-3.7,7.2,5.7,30182,250,100,6,6,2.4,1958|4675|5218|9498|23175|128553,EGR1|NAP1L3|CDK14|SLC4A8|LPIN1|TSHZ2,-1.5,0
1,-3.7,M39166,M1,1,0,Cell Type Signatures,7,GAO LARGE INTESTINE ADULT CI MESENCHYMAL CELLS,,-3.7,5.9,5.3,30182,361,100,7,7,2.6,860|1794|2534|3663|5218|25780|79745,RUNX2|DOCK2|FYN|IRF5|CDK14|RASGRP3|CLIP4,-1.4,0
1,-3.2,M39168,M1,1,0,Cell Type Signatures,7,MURARO PANCREAS ALPHA CELL,,-3.2,4.3,4.5,30182,568,100,8,8,2.7,2786|4929|5521|6855|9500|23062|29091|84679,GNG4|NR4A2|PPP2R2B|SYP|MAGED1|GGA2|STXBP6|SLC9A7,-1.2,0
1,-3.2,M40153,M1,1,0,Cell Type Signatures,7,DESCARTES FETAL ADRENAL CHROMAFFIN CELLS,,-3.2,10,5.8,30182,119,100,4,4,2,238|9480|54207|162282,ALK|ONECUT2|KCNK10|ANKFN1,-1.2,0
1,-3.1,M39053,M1,1,0,Cell Type Signatures,7,MANNO MIDBRAIN NEUROTYPES HRGL2C,,-3.1,5.6,4.8,30182,326,100,6,6,2.4,1958|4605|4773|4988|29119|30812,EGR1|MYBL2|NFATC2|OPRM1|CTNNA3|SOX8,-1.1,0
1,-2.9,M39052,M1,1,0,Cell Type Signatures,7,MANNO MIDBRAIN NEUROTYPES HOPC,,-2.9,4.9,4.4,30182,366,100,6,6,2.4,1958|2534|2786|5521|30812|84679,EGR1|FYN|GNG4|PPP2R2B|SOX8|SLC9A7,-0.95,0
1,-2.8,M39069,M1,1,0,Cell Type Signatures,7,MANNO MIDBRAIN NEUROTYPES HDA2,,-2.8,4.1,4.1,30182,513,100,7,7,2.6,4675|4929|5218|6855|9758|57596|84679,NAP1L3|NR4A2|CDK14|SYP|FRMPD4|BEGAIN|SLC9A7,-0.91,0
1,-2.7,M39171,M1,1,0,Cell Type Signatures,7,MURARO PANCREAS PANCREATIC POLYPEPTIDE CELL,,-2.7,7.8,4.9,30182,155,100,4,4,2,1958|4094|4929|5737,EGR1|MAF|NR4A2|PTGFR,-0.88,0
1,-2.7,M39246,M1,1,0,Cell Type Signatures,7,LAKE ADULT KIDNEY C27 VASCULAR SMOOTH MUSCLE CELLS AND PERICYTES,,-2.7,7.8,4.9,30182,155,100,4,4,2,1607|1958|29119|57492,DGKB|EGR1|CTNNA3|ARID1B,-0.88,0
1,-2.7,M39107,M1,1,0,Cell Type Signatures,7,AIZARANI LIVER C3 NK NKT CELLS 2,,-2.7,7.5,4.7,30182,162,100,4,4,2,860|2534|4603|6095,RUNX2|FYN|MYBL1|RORA,-0.83,0
1,-2.5,M40180,M1,1,0,Cell Type Signatures,7,DESCARTES FETAL EYE STROMAL CELLS,,-2.5,10,5,30182,90,100,3,3,1.7,257|7291|90993,ALX3|TWIST1|CREB3L1,-0.69,0
1,-2.4,M39055,M1,1,0,Cell Type Signatures,7,MANNO MIDBRAIN NEUROTYPES HRGL2A,,-2.4,3.5,3.6,30182,600,100,7,7,2.6,1958|4052|4853|5521|30812|57502|92521,EGR1|LTBP1|NOTCH2|PPP2R2B|SOX8|NLGN4X|SPECC1,-0.64,0
1,-2.4,M39072,M1,1,0,Cell Type Signatures,7,MANNO MIDBRAIN NEUROTYPES HSERT,,-2.4,4,3.7,30182,450,100,6,6,2.4,4675|5521|6855|9498|9758|128553,NAP1L3|PPP2R2B|SYP|SLC4A8|FRMPD4|TSHZ2,-0.64,0
1,-2.4,M39194,M1,1,0,Cell Type Signatures,7,HAY BONE MARROW DENDRITIC CELL,,-2.4,6.2,4.2,30182,196,100,4,4,2,860|4605|54207|84679,RUNX2|MYBL2|KCNK10|SLC9A7,-0.62,0
1,-2.4,M39127,M1,1,0,Cell Type Signatures,7,AIZARANI LIVER C28 NK NKT CELLS 6,,-2.4,9.1,4.7,30182,99,100,3,3,1.7,2534|4094|4603,FYN|MAF|MYBL1,-0.61,0
1,-2.3,M39302,M1,1,0,Cell Type Signatures,7,CUI DEVELOPING HEART C5 VALVAR CELL,,-2.3,5.8,4,30182,208,100,4,4,2,1958|4929|7291|8490,EGR1|NR4A2|TWIST1|RGS5,-0.56,0
1,-2.2,M39222,M1,1,0,Cell Type Signatures,7,LAKE ADULT KIDNEY C3 PROXIMAL TUBULE EPITHELIAL CELLS S1 S2,,-2.2,5.5,3.8,30182,221,100,4,4,2,1523|5218|5465|6095,CUX1|CDK14|PPARA|RORA,-0.49,0
1,-2.1,M39057,M1,1,0,Cell Type Signatures,7,MANNO MIDBRAIN NEUROTYPES HRGL1,,-2.1,4.1,3.5,30182,364,100,5,5,2.2,4052|4773|4853|6869|7291,LTBP1|NFATC2|NOTCH2|TACR1|TWIST1,-0.44,0
1,-2.1,M39109,M1,1,0,Cell Type Signatures,7,AIZARANI LIVER C5 NK NKT CELLS 3,,-2.1,7.2,4,30182,126,100,3,3,1.7,2534|4603|4929,FYN|MYBL1|NR4A2,-0.39,0
1,-2,M41658,M1,1,0,Cell Type Signatures,7,TRAVAGLINI LUNG NEUROENDOCRINE CELL,,-2,7.1,4,30182,128,100,3,3,1.7,1607|2786|6902,DGKB|GNG4|TBCA,-0.38,0
1,-2,M40316,M1,1,0,Cell Type Signatures,7,DESCARTES FETAL THYMUS VASCULAR ENDOTHELIAL CELLS,,-2,6.9,3.9,30182,131,100,3,3,1.7,6869|25780|29091,TACR1|RASGRP3|STXBP6,-0.36,0
