_MEMBER_MyList,_LogP_MyList,GO,_PATTERN_,_RANK_,GiniIndex,Category,CategoryID,Description,PARENT_GO,LogP,Enrichment,Z-score,#TotalGeneInLibrary,#GeneInGO,#GeneInHitList,#GeneInGOAndHitList,%InGO,STDV %InGO,GeneID,Hits,Log(q-value),EvidenceCutoff
1,-3,COVID373,M1,1,0,COVID,200,Interactome_Laurent_HEK293_24h_NSP2,,-3,6.6,4.9,30182,228,100,5,5,2.2,5523|6772|23007|25904|55074,PPP2R3A|STAT1|PLCH1|CNOT10|OXR1,-0.8,0
1,-2.5,COVID016,M1,1,0,COVID,200,RNA_Blanco-Melo_Calu-3_Up,,-2.5,5,4,30182,300,100,5,5,2.2,2113|2309|5187|6772|9586,ETS1|FOXO3|PER1|STAT1|CREB5,-0.51,0
1,-2.5,COVID060,M1,1,0,COVID,200,Phosphoproteome_Bouhaddou_Vero_E6_24h_Up,,-2.5,5,4,30182,300,100,5,5,2.2,6772|9425|10075|55022|55074,STAT1|CDYL|HUWE1|PID1|OXR1,-0.51,0
1,-2.5,COVID243,M1,1,0,COVID,200,RNA_Riva_Vero-E6_24h_Up,,-2.5,5,4,30182,300,100,5,5,2.2,90|5187|5727|5789|9586,ACVR1|PER1|PTCH1|PTPRD|CREB5,-0.51,0
1,-2,COVID135,M1,1,0,COVID,200,Proteome_Stukalov_A549-ACE2_24h_Up,,-2,6.9,3.9,30182,131,100,3,3,1.7,4257|5813|6772,MGST1|PURA|STAT1,-0.21,0
