_MEMBER_MyList,_LogP_MyList,GO,_PATTERN_,_RANK_,GiniIndex,Category,CategoryID,Description,PARENT_GO,LogP,Enrichment,Z-score,#TotalGeneInLibrary,#GeneInGO,#GeneInHitList,#GeneInGOAndHitList,%InGO,STDV %InGO,GeneID,Hits,Log(q-value),EvidenceCutoff
1,-6.5,C0454644,M1,1,0,DisGeNET,35,Delayed speech and language development,,-6.5,6.5,7.5,30182,560,100,12,12,3.2,2334|5087|5813|6096|6334|6772|6792|9459|10075|26999|55074|55149,AFF2|PBX1|PURA|RORB|SCN8A|STAT1|CDKL5|ARHGEF6|HUWE1|CYFIP2|OXR1|MTPAP,-2.8,0
1,-6,C4086152,M1,1,0,DisGeNET,35,Childhood Astrocytoma,,-6,5.9,7.1,30182,615,100,12,12,3.2,90|429|1641|2002|2099|2113|2313|3417|3727|6659|6863|7026,ACVR1|ASCL1|DCX|ELK1|ESR1|ETS1|FLI1|IDH1|JUND|SOX4|TAC1|NR2F2,-2.5,0
1,-5.7,C4022919,M1,1,0,DisGeNET,35,Appendicular hypotonia,,-5.7,1.1e+02,18,30182,8,100,3,3,1.7,5727|6334|6792,PTCH1|SCN8A|CDKL5,-2.3,0
1,-5.3,C0334579,M1,1,0,DisGeNET,35,Anaplastic astrocytoma,,-5.3,10,7.8,30182,202,100,7,7,2.6,90|429|1641|2099|2113|2346|3417,ACVR1|ASCL1|DCX|ESR1|ETS1|FOLH1|IDH1,-2.2,0
1,-5.2,C0423110,M1,1,0,DisGeNET,35,Downward slant of palpebral fissure,,-5.2,6.9,6.8,30182,391,100,9,9,2.9,429|444|2313|5396|5727|6334|9459|10075|26999,ASCL1|ASPH|FLI1|PRRX1|PTCH1|SCN8A|ARHGEF6|HUWE1|CYFIP2,-2.1,0
1,-5.2,C0175754,M1,1,0,DisGeNET,35,Agenesis of corpus callosum,,-5.2,5.4,6.4,30182,615,100,11,11,3.1,1641|2099|2309|2313|2346|3727|5396|5727|6659|50937|79633,DCX|ESR1|FOXO3|FLI1|FOLH1|JUND|PRRX1|PTCH1|SOX4|CDON|FAT4,-2.1,0
1,-5.2,C1839767,M1,1,0,DisGeNET,35,Tented upper lip vermilion,,-5.2,19,9.3,30182,79,100,5,5,2.2,5727|6792|10075|50937|79633,PTCH1|CDKL5|HUWE1|CDON|FAT4,-2.1,0
1,-5.1,C1136249,M1,1,0,DisGeNET,35,"Mental Retardation, X-Linked",,-5.1,13,8.1,30182,141,100,6,6,2.4,2002|2334|5132|6792|9459|10075,ELK1|AFF2|PDC|CDKL5|ARHGEF6|HUWE1,-2.1,0
1,-5,C4551570,M1,1,0,DisGeNET,35,2-3 toe syndactyly,,-5,18,8.9,30182,85,100,5,5,2.2,5727|6334|6792|9459|10075,PTCH1|SCN8A|CDKL5|ARHGEF6|HUWE1,-2,0
1,-5,C4688316,M1,1,0,DisGeNET,35,Refractory Breast Carcinoma,,-5,70,14,30182,13,100,3,3,1.7,2099|6772|114879,ESR1|STAT1|OSBPL5,-2,0
1,-4.9,C1840309,M1,1,0,DisGeNET,35,Short 4th metacarpal,,-4.9,65,14,30182,14,100,3,3,1.7,5727|10075|79633,PTCH1|HUWE1|FAT4,-2,0
1,-4.9,C0036857,M1,1,0,DisGeNET,35,Severe intellectual disability,,-4.9,6.3,6.4,30182,429,100,9,9,2.9,1641|5727|6334|6792|9459|10075|26999|79633|84623,DCX|PTCH1|SCN8A|CDKL5|ARHGEF6|HUWE1|CYFIP2|FAT4|KIRREL3,-2,0
1,-4.6,C0011265,M1,1,0,DisGeNET,35,Presenile dementia,,-4.6,4.6,5.7,30182,718,100,11,11,3.1,862|2099|2309|2346|3417|5132|5187|6772|7328|8292|26999,RUNX1T1|ESR1|FOXO3|FOLH1|IDH1|PDC|PER1|STAT1|UBE2H|COLQ|CYFIP2,-1.8,0
1,-4.6,C0265535,M1,1,0,DisGeNET,35,Trigonocephaly,,-4.6,23,9.2,30182,52,100,4,4,2,2313|5727|10075|50937,FLI1|PTCH1|HUWE1|CDON,-1.8,0
1,-4.5,C0080178,M1,1,0,DisGeNET,35,Spina Bifida,,-4.5,10,7.1,30182,179,100,6,6,2.4,2313|2346|3098|3727|5727|79977,FLI1|FOLH1|HK1|JUND|PTCH1|GRHL2,-1.8,0
1,-4.5,C0079541,M1,1,0,DisGeNET,35,Holoprosencephaly,,-4.5,14,7.7,30182,109,100,5,5,2.2,5396|5727|5992|10075|50937,PRRX1|PTCH1|RFX4|HUWE1|CDON,-1.8,0
1,-4.5,C1861324,M1,1,0,DisGeNET,35,Short philtrum,,-4.5,10,7,30182,182,100,6,6,2.4,5727|6659|6792|10075|50937|79633,PTCH1|SOX4|CDKL5|HUWE1|CDON|FAT4,-1.8,0
1,-4.5,C0677936,M1,1,0,DisGeNET,35,Refractory cancer,,-4.5,9.8,6.9,30182,184,100,6,6,2.4,468|2099|2113|2309|3417|5727,ATF4|ESR1|ETS1|FOXO3|IDH1|PTCH1,-1.8,0
1,-4.4,C0023470,M1,1,0,DisGeNET,35,Myeloid Leukemia,,-4.4,6.3,6,30182,385,100,8,8,2.7,862|2099|3417|3727|5087|5396|6659|6772,RUNX1T1|ESR1|IDH1|JUND|PBX1|PRRX1|SOX4|STAT1,-1.7,0
1,-4.3,C0278595,M1,1,0,DisGeNET,35,Adult Fibrosarcoma,,-4.3,6.2,6,30182,387,100,8,8,2.7,468|2002|2313|3098|3417|3727|6772|8292,ATF4|ELK1|FLI1|HK1|IDH1|JUND|STAT1|COLQ,-1.7,0
1,-4.3,C0011168,M1,1,0,DisGeNET,35,Deglutition Disorders,,-4.3,6.2,6,30182,389,100,8,8,2.7,3417|5727|6334|6659|6863|8292|10075|255928,IDH1|PTCH1|SCN8A|SOX4|TAC1|COLQ|HUWE1|SYT14,-1.7,0
1,-4.3,C0085669,M1,1,0,DisGeNET,35,Acute leukemia,,-4.3,4.7,5.5,30182,639,100,10,10,3,862|1879|2113|2334|3417|5087|6659|6772|6863|7026,RUNX1T1|EBF1|ETS1|AFF2|IDH1|PBX1|SOX4|STAT1|TAC1|NR2F2,-1.7,0
1,-4.2,C0153633,M1,1,0,DisGeNET,35,Malignant neoplasm of brain,,-4.2,7.2,6.1,30182,294,100,7,7,2.6,429|2313|3098|3417|5132|5727|6772,ASCL1|FLI1|HK1|IDH1|PDC|PTCH1|STAT1,-1.6,0
1,-4.1,C0016057,M1,1,0,DisGeNET,35,Fibrosarcoma,,-4.1,5.8,5.7,30182,413,100,8,8,2.7,468|2002|2313|3098|3417|3727|6772|8292,ATF4|ELK1|FLI1|HK1|IDH1|JUND|STAT1|COLQ,-1.6,0
1,-4.1,C1535926,M1,1,0,DisGeNET,35,Neurodevelopmental Disorders,,-4.1,5.1,5.5,30182,534,100,9,9,2.9,5813|6096|6334|6659|6792|9425|10075|26999|84623,PURA|RORB|SCN8A|SOX4|CDKL5|CDYL|HUWE1|CYFIP2|KIRREL3,-1.6,0
1,-4.1,C1850456,M1,1,0,DisGeNET,35,Progressive microcephaly,,-4.1,18,8,30182,67,100,4,4,2,6334|6659|6792|26999,SCN8A|SOX4|CDKL5|CYFIP2,-1.6,0
1,-4.1,C0151888,M1,1,0,DisGeNET,35,Hyporeflexia,,-4.1,6.8,5.9,30182,312,100,7,7,2.6,2313|3098|6334|8292|26999|55149|79784,FLI1|HK1|SCN8A|COLQ|CYFIP2|MTPAP|MYH14,-1.5,0
1,-4,C0795841,M1,1,0,DisGeNET,35,Jacobsen Distal 11q Deletion Syndrome,,-4,32,9.6,30182,28,100,3,3,1.7,2113|2313|84623,ETS1|FLI1|KIRREL3,-1.4,0
1,-4,C1860819,M1,1,0,DisGeNET,35,Metopic synostosis,,-4,32,9.6,30182,28,100,3,3,1.7,5727|10075|50937,PTCH1|HUWE1|CDON,-1.4,0
1,-3.9,C0011334,M1,1,0,DisGeNET,35,Dental caries,,-3.9,6.4,5.7,30182,330,100,7,7,2.6,831|2099|2309|5727|6196|6863|255928,CAST|ESR1|FOXO3|PTCH1|RPS6KA2|TAC1|SYT14,-1.4,0
1,-3.9,C0547065,M1,1,0,DisGeNET,35,Mixed oligoastrocytoma,,-3.9,30,9.2,30182,30,100,3,3,1.7,90|2099|3417,ACVR1|ESR1|IDH1,-1.4,0
1,-3.8,C0026106,M1,1,0,DisGeNET,35,Mild Mental Retardation,,-3.8,6.2,5.6,30182,340,100,7,7,2.6,1641|2334|5727|6096|6792|10075|79633,DCX|AFF2|PTCH1|RORB|CDKL5|HUWE1|FAT4,-1.3,0
1,-3.8,C0280785,M1,1,0,DisGeNET,35,Diffuse Astrocytoma,,-3.8,15,7.2,30182,81,100,4,4,2,90|2099|2113|3417,ACVR1|ESR1|ETS1|IDH1,-1.3,0
1,-3.8,C0334582,M1,1,0,DisGeNET,35,Fibrillary Astrocytoma,,-3.8,28,8.9,30182,32,100,3,3,1.7,90|2099|3417,ACVR1|ESR1|IDH1,-1.3,0
1,-3.8,C1384666,M1,1,0,DisGeNET,35,hearing impairment,,-3.8,4.1,4.9,30182,740,100,10,10,3,90|2113|2309|2313|5357|6659|6772|6792|79784|79977,ACVR1|ETS1|FOXO3|FLI1|PLS1|SOX4|STAT1|CDKL5|MYH14|GRHL2,-1.3,0
1,-3.7,C0232466,M1,1,0,DisGeNET,35,Feeding difficulties,,-3.7,5.1,5.2,30182,473,100,8,8,2.7,429|1641|5087|5727|5813|6334|26999|79633,ASCL1|DCX|PBX1|PTCH1|PURA|SCN8A|CYFIP2|FAT4,-1.3,0
1,-3.7,C0026351,M1,1,0,DisGeNET,35,Moderate intellectual disability,,-3.7,7.2,5.7,30182,251,100,6,6,2.4,862|2334|5813|9459|10075|79633,RUNX1T1|AFF2|PURA|ARHGEF6|HUWE1|FAT4,-1.2,0
1,-3.7,C0520679,M1,1,0,DisGeNET,35,"Sleep Apnea, Obstructive",,-3.7,5,5.1,30182,480,100,8,8,2.7,2099|2309|4223|5187|6334|6863|55149|133522,ESR1|FOXO3|MEOX2|PER1|SCN8A|TAC1|MTPAP|PPARGC1B,-1.2,0
1,-3.7,C0086237,M1,1,0,DisGeNET,35,"Epilepsy, Cryptogenic",,-3.7,14,6.9,30182,88,100,4,4,2,1641|5813|6334|6792,DCX|PURA|SCN8A|CDKL5,-1.2,0
1,-3.7,C0266667,M1,1,0,DisGeNET,35,Cyclocephaly,,-3.7,26,8.5,30182,35,100,3,3,1.7,5396|5727|50937,PRRX1|PTCH1|CDON,-1.2,0
1,-3.7,C1704230,M1,1,0,DisGeNET,35,Grade I Astrocytoma,,-3.7,26,8.5,30182,35,100,3,3,1.7,90|2099|3417,ACVR1|ESR1|IDH1,-1.2,0
1,-3.7,C0018916,M1,1,0,DisGeNET,35,Hemangioma,,-3.7,7.1,5.6,30182,256,100,6,6,2.4,468|2346|3417|5727|6863|50937,ATF4|FOLH1|IDH1|PTCH1|TAC1|CDON,-1.2,0
1,-3.6,C0280483,M1,1,0,DisGeNET,35,Adult Anaplastic Astrocytoma,,-3.6,13,6.8,30182,90,100,4,4,2,429|1641|2346|3417,ASCL1|DCX|FOLH1|IDH1,-1.2,0
1,-3.6,C4551548,M1,1,0,DisGeNET,35,Grade III Childhood Astrocytoma,,-3.6,13,6.8,30182,90,100,4,4,2,429|1641|2346|3417,ASCL1|DCX|FOLH1|IDH1,-1.2,0
1,-3.6,C4722172,M1,1,0,DisGeNET,35,Primary differentiated carcinoma of thyroid gland,,-3.6,9,6,30182,167,100,5,5,2.2,2113|2309|2346|5727|9867,ETS1|FOXO3|FOLH1|PTCH1|PJA2,-1.2,0
1,-3.6,C0021361,M1,1,0,DisGeNET,35,Female infertility,,-3.6,24,8.2,30182,37,100,3,3,1.7,2099|7026|10075,ESR1|NR2F2|HUWE1,-1.2,0
1,-3.6,C0027066,M1,1,0,DisGeNET,35,Myoclonus,,-3.6,6.8,5.5,30182,265,100,6,6,2.4,1641|5813|6334|6792|26999|55149,DCX|PURA|SCN8A|CDKL5|CYFIP2|MTPAP,-1.2,0
1,-3.6,C0023015,M1,1,0,DisGeNET,35,Language Disorders,,-3.6,13,6.6,30182,94,100,4,4,2,1052|2820|64579|152518,CEBPD|GPD2|NDST4|NFXL1,-1.2,0
1,-3.6,C0025362,M1,1,0,DisGeNET,35,Mental Retardation,,-3.6,4.8,4.9,30182,505,100,8,8,2.7,862|1641|2334|2820|6334|6792|9459|10075,RUNX1T1|DCX|AFF2|GPD2|SCN8A|CDKL5|ARHGEF6|HUWE1,-1.2,0
1,-3.5,C0013132,M1,1,0,DisGeNET,35,Drooling,,-3.5,13,6.6,30182,95,100,4,4,2,5727|6334|6863|9459,PTCH1|SCN8A|TAC1|ARHGEF6,-1.2,0
1,-3.5,C0266174,M1,1,0,DisGeNET,35,Duodenal atresia,,-3.5,23,8,30182,39,100,3,3,1.7,2313|5727|50937,FLI1|PTCH1|CDON,-1.2,0
1,-3.5,C0266295,M1,1,0,DisGeNET,35,Congenital hypoplasia of kidney,,-3.5,13,6.5,30182,96,100,4,4,2,1879|5087|5727|79633,EBF1|PBX1|PTCH1|FAT4,-1.2,0
1,-3.5,C0553580,M1,1,0,DisGeNET,35,Ewings sarcoma,,-3.5,4.7,4.9,30182,517,100,8,8,2.7,2113|2313|2346|3727|4257|5727|5789|56341,ETS1|FLI1|FOLH1|JUND|MGST1|PTCH1|PTPRD|PRMT8,-1.1,0
1,-3.5,C0201836,M1,1,0,DisGeNET,35,Alanine aminotransferase measurement,,-3.5,22,7.8,30182,41,100,3,3,1.7,831|5727|9586,CAST|PTCH1|CREB5,-1.1,0
1,-3.5,C0238207,M1,1,0,DisGeNET,35,Ectopic kidney,,-3.5,22,7.8,30182,41,100,3,3,1.7,5087|6659|79633,PBX1|SOX4|FAT4,-1.1,0
1,-3.5,C1883008,M1,1,0,DisGeNET,35,Serum Alanine Aminotransferase Measurement,,-3.5,22,7.8,30182,41,100,3,3,1.7,831|5727|9586,CAST|PTCH1|CREB5,-1.1,0
1,-3.4,C1850049,M1,1,0,DisGeNET,35,Clinodactyly of the 5th finger,,-3.4,6.4,5.2,30182,284,100,6,6,2.4,90|2334|5727|6659|6792|10075,ACVR1|AFF2|PTCH1|SOX4|CDKL5|HUWE1,-1.1,0
1,-3.4,C0598935,M1,1,0,DisGeNET,35,Tumor Initiation,,-3.4,4.5,4.7,30182,533,100,8,8,2.7,90|2099|2113|2309|2313|3417|5727|6659,ACVR1|ESR1|ETS1|FOXO3|FLI1|IDH1|PTCH1|SOX4,-1.1,0
1,-3.4,C0205768,M1,1,0,DisGeNET,35,Subependymal Giant Cell Astrocytoma,,-3.4,21,7.5,30182,44,100,3,3,1.7,90|1641|2099,ACVR1|DCX|ESR1,-1.1,0
1,-3.4,C0333519,M1,1,0,DisGeNET,35,Caries (morphologic abnormality),,-3.4,11,6.2,30182,106,100,4,4,2,831|2099|2309|6863,CAST|ESR1|FOXO3|TAC1,-1,0
1,-3.3,C0334581,M1,1,0,DisGeNET,35,Gemistocytic astrocytoma,,-3.3,20,7.4,30182,45,100,3,3,1.7,90|2099|3417,ACVR1|ESR1|IDH1,-1,0
1,-3.3,C2931498,M1,1,0,DisGeNET,35,"Mental Retardation, X-Linked 1",,-3.3,20,7.4,30182,45,100,3,3,1.7,2002|2334|9459,ELK1|AFF2|ARHGEF6,-1,0
1,-3.3,C4551683,M1,1,0,DisGeNET,35,Adrenal Gland Pheochromocytoma,,-3.3,5.1,4.8,30182,416,100,7,7,2.6,90|429|468|2113|3417|5132|56259,ACVR1|ASCL1|ATF4|ETS1|IDH1|PDC|CTNNBL1,-1,0
1,-3.3,C0678230,M1,1,0,DisGeNET,35,Congenital Epicanthus,,-3.3,5.1,4.8,30182,417,100,7,7,2.6,2313|2334|5087|5727|6659|10075|79633,FLI1|AFF2|PBX1|PTCH1|SOX4|HUWE1|FAT4,-1,0
1,-3.3,C3161330,M1,1,0,DisGeNET,35,Profound intellectual disabilities,,-3.3,11,6,30182,112,100,4,4,2,6334|6792|9459|10075,SCN8A|CDKL5|ARHGEF6|HUWE1,-0.97,0
1,-3.3,C0409974,M1,1,0,DisGeNET,35,Lupus Erythematosus,,-3.3,4.3,4.6,30182,558,100,8,8,2.7,831|862|2099|2113|2313|3727|5087|6772,CAST|RUNX1T1|ESR1|ETS1|FLI1|JUND|PBX1|STAT1,-0.97,0
1,-3.3,C0947751,M1,1,0,DisGeNET,35,Vascular inflammations,,-3.3,5.9,5,30182,305,100,6,6,2.4,2099|2113|2309|3727|6863|133522,ESR1|ETS1|FOXO3|JUND|TAC1|PPARGC1B,-0.97,0
1,-3.2,C0019340,M1,1,0,DisGeNET,35,Herpes NOS,,-3.2,11,5.9,30182,114,100,4,4,2,2099|2313|2346|6772,ESR1|FLI1|FOLH1|STAT1,-0.96,0
1,-3.2,C0542476,M1,1,0,DisGeNET,35,Forgetful,,-3.2,4.9,4.7,30182,429,100,7,7,2.6,468|2099|6334|6772|6792|6863|10814,ATF4|ESR1|SCN8A|STAT1|CDKL5|TAC1|CPLX2,-0.96,0
1,-3.2,C1849367,M1,1,0,DisGeNET,35,Nasal bridge wide,,-3.2,4.9,4.7,30182,429,100,7,7,2.6,2313|5087|5727|6334|6659|10075|79633,FLI1|PBX1|PTCH1|SCN8A|SOX4|HUWE1|FAT4,-0.96,0
1,-3.2,C0040420,M1,1,0,DisGeNET,35,Tonometry,,-3.2,7.3,5.3,30182,206,100,5,5,2.2,2113|2346|5523|51422|56977,ETS1|FOLH1|PPP2R3A|PRKAG2|STOX2,-0.92,0
1,-3.2,C0038379,M1,1,0,DisGeNET,35,Strabismus,,-3.2,3.8,4.4,30182,716,100,9,9,2.9,429|2313|5087|5727|5813|6659|6792|10075|50937,ASCL1|FLI1|PBX1|PTCH1|PURA|SOX4|CDKL5|HUWE1|CDON,-0.92,0
1,-3.2,C0011644,M1,1,0,DisGeNET,35,Scleroderma,,-3.2,5.7,4.9,30182,316,100,6,6,2.4,2099|2113|2309|2313|6863|55149,ESR1|ETS1|FOXO3|FLI1|TAC1|MTPAP,-0.91,0
1,-3.2,C0555198,M1,1,0,DisGeNET,35,Malignant Glioma,,-3.2,3.8,4.3,30182,724,100,9,9,2.9,90|831|2309|2346|3098|3417|6457|8650|55022,ACVR1|CAST|FOXO3|FOLH1|HK1|IDH1|SH3GL3|NUMB|PID1,-0.9,0
1,-3.2,C0700292,M1,1,0,DisGeNET,35,Hypoxemia,,-3.2,17,6.8,30182,52,100,3,3,1.7,429|468|6334,ASCL1|ATF4|SCN8A,-0.9,0
1,-3.1,C0029443,M1,1,0,DisGeNET,35,Osteomyelitis,,-3.1,10,5.7,30182,121,100,4,4,2,831|2113|5727|6772,CAST|ETS1|PTCH1|STAT1,-0.88,0
1,-3.1,C4552072,M1,1,0,DisGeNET,35,X-linked infantile spasms,,-3.1,17,6.8,30182,53,100,3,3,1.7,6334|6792|26999,SCN8A|CDKL5|CYFIP2,-0.88,0
1,-3.1,C0334299,M1,1,0,DisGeNET,35,Carcinoid tumor no ICD-O subtype,,-3.1,9.9,5.7,30182,122,100,4,4,2,429|2113|3727|6863,ASCL1|ETS1|JUND|TAC1,-0.88,0
1,-3.1,C0010606,M1,1,0,DisGeNET,35,Adenoid Cystic Carcinoma,,-3.1,5.6,4.8,30182,325,100,6,6,2.4,2309|2346|3417|5396|5727|6659,FOXO3|FOLH1|IDH1|PRRX1|PTCH1|SOX4,-0.88,0
1,-3.1,C0521158,M1,1,0,DisGeNET,35,Recurrent tumor,,-3.1,3.7,4.3,30182,735,100,9,9,2.9,444|2099|2346|3098|3417|5727|6772|6863|8650,ASPH|ESR1|FOLH1|HK1|IDH1|PTCH1|STAT1|TAC1|NUMB,-0.88,0
1,-3.1,C0751291,M1,1,0,DisGeNET,35,Desmoplastic Medulloblastoma,,-3.1,17,6.7,30182,54,100,3,3,1.7,2313|5727|6659,FLI1|PTCH1|SOX4,-0.87,0
1,-3.1,C0278701,M1,1,0,DisGeNET,35,Gastric Adenocarcinoma,,-3.1,4.7,4.5,30182,453,100,7,7,2.6,90|2113|2309|5789|6863|8292|79633,ACVR1|ETS1|FOXO3|PTPRD|TAC1|COLQ|FAT4,-0.87,0
1,-3.1,C1387005,M1,1,0,DisGeNET,35,Penis agenesis,,-3.1,7,5.1,30182,217,100,5,5,2.2,1641|5087|6792|10075|79633,DCX|PBX1|CDKL5|HUWE1|FAT4,-0.87,0
1,-3.1,C0238462,M1,1,0,DisGeNET,35,Medullary carcinoma of thyroid,,-3.1,5.5,4.7,30182,330,100,6,6,2.4,429|468|2099|2346|3727|5727,ASCL1|ATF4|ESR1|FOLH1|JUND|PTCH1,-0.86,0
1,-3.1,C1332182,M1,1,0,DisGeNET,35,Adult Anaplastic Large Cell Lymphoma,,-3.1,9.4,5.5,30182,128,100,4,4,2,2113|2309|3727|6772,ETS1|FOXO3|JUND|STAT1,-0.83,0
1,-3.1,C0011615,M1,1,0,DisGeNET,35,"Dermatitis, Atopic",,-3.1,3.6,4.2,30182,751,100,9,9,2.9,2099|2113|3727|5132|5789|6772|6863|8292|51422,ESR1|ETS1|JUND|PDC|PTPRD|STAT1|TAC1|COLQ|PRKAG2,-0.83,0
1,-3,C0266483,M1,1,0,DisGeNET,35,Pachygyria,,-3,9.4,5.5,30182,129,100,4,4,2,1641|2313|6792|79633,DCX|FLI1|CDKL5|FAT4,-0.82,0
1,-3,C0009241,M1,1,0,DisGeNET,35,Cognition Disorders,,-3,4,4.3,30182,606,100,8,8,2.7,831|862|1641|2099|2309|2334|6334|6659,CAST|RUNX1T1|DCX|ESR1|FOXO3|AFF2|SCN8A|SOX4,-0.81,0
1,-3,C1332942,M1,1,0,DisGeNET,35,Childhood Anaplastic Large Cell Lymphoma,,-3,9.3,5.5,30182,130,100,4,4,2,2113|2309|3727|6772,ETS1|FOXO3|JUND|STAT1,-0.81,0
1,-3,C0278876,M1,1,0,DisGeNET,35,Adult Medulloblastoma,,-3,3.6,4.1,30182,762,100,9,9,2.9,1641|2099|2313|3417|5727|6334|6659|10075|55022,DCX|ESR1|FLI1|IDH1|PTCH1|SCN8A|SOX4|HUWE1|PID1,-0.8,0
1,-3,C0233794,M1,1,0,DisGeNET,35,Memory impairment,,-3,3.6,4.1,30182,763,100,9,9,2.9,468|1641|2099|2346|6334|6772|6792|6863|10814,ATF4|DCX|ESR1|FOLH1|SCN8A|STAT1|CDKL5|TAC1|CPLX2,-0.8,0
1,-3,C0031511,M1,1,0,DisGeNET,35,Pheochromocytoma,,-3,5.3,4.6,30182,344,100,6,6,2.4,90|429|2113|3417|5132|56259,ACVR1|ASCL1|ETS1|IDH1|PDC|CTNNBL1,-0.79,0
1,-3,C0278510,M1,1,0,DisGeNET,35,Childhood Medulloblastoma,,-3,3.5,4.1,30182,771,100,9,9,2.9,1641|2099|2313|3417|5727|6334|6659|10075|55022,DCX|ESR1|FLI1|IDH1|PTCH1|SCN8A|SOX4|HUWE1|PID1,-0.78,0
1,-3,C2347747,M1,1,0,DisGeNET,35,Adult Classical Hodgkin Lymphoma,,-3,6.5,4.8,30182,233,100,5,5,2.2,1052|1879|2309|3727|6772,CEBPD|EBF1|FOXO3|JUND|STAT1,-0.77,0
1,-2.9,C0026998,M1,1,0,DisGeNET,35,"Acute Myeloid Leukemia, M1",,-2.9,8.7,5.3,30182,138,100,4,4,2,862|1052|3417|6840,RUNX1T1|CEBPD|IDH1|SVIL,-0.75,0
1,-2.9,C0014556,M1,1,0,DisGeNET,35,"Epilepsy, Temporal Lobe",,-2.9,5.1,4.5,30182,354,100,6,6,2.4,831|1641|2099|2309|6334|9425,CAST|DCX|ESR1|FOXO3|SCN8A|CDYL,-0.75,0
1,-2.9,C0008073,M1,1,0,DisGeNET,35,Developmental Disabilities,,-2.9,5.1,4.5,30182,355,100,6,6,2.4,90|2334|5132|5727|6792|145282,ACVR1|AFF2|PDC|PTCH1|CDKL5|MIPOL1,-0.75,0
1,-2.9,C0034013,M1,1,0,DisGeNET,35,Precocious Puberty,,-2.9,8.7,5.2,30182,139,100,4,4,2,2099|2313|3417|6792,ESR1|FLI1|IDH1|CDKL5,-0.75,0
1,-2.9,C0206754,M1,1,0,DisGeNET,35,Neuroendocrine Tumors,,-2.9,4.3,4.3,30182,491,100,7,7,2.6,429|2099|2313|2346|6659|6863|56259,ASCL1|ESR1|FLI1|FOLH1|SOX4|TAC1|CTNNBL1,-0.73,0
1,-2.9,C0010276,M1,1,0,DisGeNET,35,Craniopharyngioma,,-2.9,14,6.1,30182,64,100,3,3,1.7,2099|3417|5727,ESR1|IDH1|PTCH1,-0.73,0
1,-2.9,C0392525,M1,1,0,DisGeNET,35,Nephrolithiasis,,-2.9,6.2,4.7,30182,242,100,5,5,2.2,5087|6792|26999|51422|133522,PBX1|CDKL5|CYFIP2|PRKAG2|PPARGC1B,-0.73,0
1,-2.9,C0376705,M1,1,0,DisGeNET,35,Viral Load result,,-2.9,14,6,30182,65,100,3,3,1.7,5087|6196|9586,PBX1|RPS6KA2|CREB5,-0.72,0
1,-2.9,C1879321,M1,1,0,DisGeNET,35,Acute Myeloid Leukemia (AML-M2),,-2.9,8.4,5.1,30182,143,100,4,4,2,862|1052|3417|6840,RUNX1T1|CEBPD|IDH1|SVIL,-0.72,0
1,-2.9,C1337013,M1,1,0,DisGeNET,35,Differentiated Thyroid Gland Carcinoma,,-2.9,6.2,4.7,30182,245,100,5,5,2.2,2113|2309|2346|5727|9867,ETS1|FOXO3|FOLH1|PTCH1|PJA2,-0.72,0
1,-2.9,C0027022,M1,1,0,DisGeNET,35,Myeloproliferative disease,,-2.9,5,4.4,30182,365,100,6,6,2.4,90|862|2309|3417|6863|26973,ACVR1|RUNX1T1|FOXO3|IDH1|TAC1|CHORDC1,-0.72,0
1,-2.9,C0016506,M1,1,0,DisGeNET,35,Foot Deformities,,-2.9,14,6,30182,66,100,3,3,1.7,3098|79633|79784,HK1|FAT4|MYH14,-0.72,0
1,-2.9,C0221355,M1,1,0,DisGeNET,35,Macrocephaly,,-2.9,4.9,4.4,30182,366,100,6,6,2.4,2313|2334|5727|6792|9459|10075,FLI1|AFF2|PTCH1|CDKL5|ARHGEF6|HUWE1,-0.72,0
1,-2.8,C0038525,M1,1,0,DisGeNET,35,Subarachnoid Hemorrhage,,-2.8,4.2,4.2,30182,501,100,7,7,2.6,468|831|1641|2099|2309|5396|5727,ATF4|CAST|DCX|ESR1|FOXO3|PRRX1|PTCH1,-0.71,0
1,-2.8,C1858430,M1,1,0,DisGeNET,35,Death in infancy,,-2.8,8.3,5.1,30182,146,100,4,4,2,429|1641|2313|50937,ASCL1|DCX|FLI1|CDON,-0.71,0
1,-2.8,C0333463,M1,1,0,DisGeNET,35,Senile Plaques,,-2.8,6.1,4.6,30182,249,100,5,5,2.2,831|862|1052|2346|5132,CAST|RUNX1T1|CEBPD|FOLH1|PDC,-0.71,0
1,-2.8,C0489786,M1,1,0,DisGeNET,35,Height,,-2.8,6.1,4.6,30182,249,100,5,5,2.2,2099|2313|2346|5727|6457,ESR1|FLI1|FOLH1|PTCH1|SH3GL3,-0.71,0
1,-2.8,C0278883,M1,1,0,DisGeNET,35,Metastatic melanoma,,-2.8,4.2,4.2,30182,504,100,7,7,2.6,2113|2309|2313|3417|6196|6659|6792,ETS1|FOXO3|FLI1|IDH1|RPS6KA2|SOX4|CDKL5,-0.71,0
1,-2.8,C0234632,M1,1,0,DisGeNET,35,Reduced visual acuity,,-2.8,8.2,5.1,30182,147,100,4,4,2,3098|79977|89781|128338,HK1|GRHL2|HPS4|DRAM2,-0.71,0
1,-2.8,C1836231,M1,1,0,DisGeNET,35,"HIV-1, RESISTANCE TO",,-2.8,8.2,5.1,30182,147,100,4,4,2,5087|6196|9586|22844,PBX1|RPS6KA2|CREB5|FRMPD1,-0.71,0
1,-2.8,C1836232,M1,1,0,DisGeNET,35,"ACQUIRED IMMUNODEFICIENCY SYNDROME, PROGRESSION TO",,-2.8,8.2,5.1,30182,147,100,4,4,2,5087|6196|9586|22844,PBX1|RPS6KA2|CREB5|FRMPD1,-0.71,0
1,-2.8,C1836233,M1,1,0,DisGeNET,35,"AIDS, PROGRESSION TO",,-2.8,8.2,5.1,30182,147,100,4,4,2,5087|6196|9586|22844,PBX1|RPS6KA2|CREB5|FRMPD1,-0.71,0
1,-2.8,C0037315,M1,1,0,DisGeNET,35,Sleep Apnea Syndromes,,-2.8,8.2,5,30182,148,100,4,4,2,5727|6792|8292|55149,PTCH1|CDKL5|COLQ|MTPAP,-0.71,0
1,-2.8,C0562350,M1,1,0,DisGeNET,35,Hip circumference,,-2.8,13,5.9,30182,68,100,3,3,1.7,1879|2309|84623,EBF1|FOXO3|KIRREL3,-0.71,0
1,-2.8,C0410702,M1,1,0,DisGeNET,35,Adolescent idiopathic scoliosis,,-2.8,3.7,4,30182,656,100,8,8,2.7,320|2099|4257|5789|8650|9586|23007|50650,APBA1|ESR1|MGST1|PTPRD|NUMB|CREB5|PLCH1|ARHGEF3,-0.7,0
1,-2.8,C1836230,M1,1,0,DisGeNET,35,"HUMAN IMMUNODEFICIENCY VIRUS TYPE 1, SUSCEPTIBILITY TO",,-2.8,8.1,5,30182,149,100,4,4,2,5087|6196|9586|22844,PBX1|RPS6KA2|CREB5|FRMPD1,-0.7,0
1,-2.8,C0005967,M1,1,0,DisGeNET,35,Bone neoplasms,,-2.8,8,5,30182,151,100,4,4,2,2099|2313|2346|3417,ESR1|FLI1|FOLH1|IDH1,-0.69,0
1,-2.8,C0343284,M1,1,0,DisGeNET,35,Chondrodysplasia,,-2.8,13,5.7,30182,71,100,3,3,1.7,468|6334|6772,ATF4|SCN8A|STAT1,-0.68,0
1,-2.8,C0677932,M1,1,0,DisGeNET,35,Progressive Neoplastic Disease,,-2.8,4.7,4.2,30182,383,100,6,6,2.4,1052|1641|2099|2346|3417|6863,CEBPD|DCX|ESR1|FOLH1|IDH1|TAC1,-0.68,0
1,-2.8,C3539781,M1,1,0,DisGeNET,35,Progressive cGVHD,,-2.8,4.7,4.2,30182,383,100,6,6,2.4,1052|1641|2099|2346|3417|6863,CEBPD|DCX|ESR1|FOLH1|IDH1|TAC1,-0.68,0
1,-2.7,C0024809,M1,1,0,DisGeNET,35,Marijuana Abuse,,-2.7,7.7,4.9,30182,156,100,4,4,2,1641|2099|5187|6863,DCX|ESR1|PER1|TAC1,-0.66,0
1,-2.7,C1853743,M1,1,0,DisGeNET,35,Muscular hypotonia of the trunk,,-2.7,7.7,4.9,30182,156,100,4,4,2,1641|5727|6334|26999,DCX|PTCH1|SCN8A|CYFIP2,-0.66,0
1,-2.7,C0024131,M1,1,0,DisGeNET,35,Lupus Vulgaris,,-2.7,4,4,30182,526,100,7,7,2.6,831|862|2099|2113|2313|5087|6772,CAST|RUNX1T1|ESR1|ETS1|FLI1|PBX1|STAT1,-0.66,0
1,-2.7,C0949690,M1,1,0,DisGeNET,35,Spondylarthritis,,-2.7,7.6,4.8,30182,158,100,4,4,2,90|2099|6772|6863,ACVR1|ESR1|STAT1|TAC1,-0.65,0
1,-2.7,C1314691,M1,1,0,DisGeNET,35,Age at menarche,,-2.7,5.7,4.4,30182,267,100,5,5,2.2,2309|5789|6096|26999|64579,FOXO3|PTPRD|RORB|CYFIP2|NDST4,-0.64,0
1,-2.7,C0020796,M1,1,0,DisGeNET,35,Profound Mental Retardation,,-2.7,7.5,4.8,30182,160,100,4,4,2,429|5727|6334|6792,ASCL1|PTCH1|SCN8A|CDKL5,-0.64,0
1,-2.7,C0024713,M1,1,0,DisGeNET,35,Manic Disorder,,-2.7,12,5.5,30182,76,100,3,3,1.7,6196|6863|10814,RPS6KA2|TAC1|CPLX2,-0.63,0
1,-2.7,C1836038,M1,1,0,DisGeNET,35,Poor head control,,-2.7,7.5,4.7,30182,162,100,4,4,2,6334|6792|8292|26999,SCN8A|CDKL5|COLQ|CYFIP2,-0.63,0
1,-2.7,C0238198,M1,1,0,DisGeNET,35,Gastrointestinal Stromal Tumors,,-2.7,3.9,3.9,30182,538,100,7,7,2.6,320|2113|2313|2346|5727|50937|84623,APBA1|ETS1|FLI1|FOLH1|PTCH1|CDON|KIRREL3,-0.63,0
1,-2.7,C0334583,M1,1,0,DisGeNET,35,Pilocytic Astrocytoma,,-2.7,7.4,4.7,30182,163,100,4,4,2,90|1641|2099|3417,ACVR1|DCX|ESR1|IDH1,-0.62,0
1,-2.7,C0016529,M1,1,0,DisGeNET,35,Forced expiratory volume function,,-2.7,5.5,4.3,30182,272,100,5,5,2.2,164|1879|5727|5789|6457,AP1G1|EBF1|PTCH1|PTPRD|SH3GL3,-0.62,0
1,-2.7,C0017654,M1,1,0,DisGeNET,35,Glomerular Filtration Rate,,-2.7,4.5,4.1,30182,399,100,6,6,2.4,5396|6792|6840|7328|51422|145282,PRRX1|CDKL5|SVIL|UBE2H|PRKAG2|MIPOL1,-0.62,0
1,-2.6,C0264490,M1,1,0,DisGeNET,35,Acute respiratory failure,,-2.6,12,5.4,30182,78,100,3,3,1.7,862|3417|10075,RUNX1T1|IDH1|HUWE1,-0.61,0
1,-2.6,C0270823,M1,1,0,DisGeNET,35,Petit mal status,,-2.6,12,5.4,30182,78,100,3,3,1.7,3417|3727|6334,IDH1|JUND|SCN8A,-0.61,0
1,-2.6,C4551686,M1,1,0,DisGeNET,35,Malignant neoplasm of soft tissue,,-2.6,3.5,3.8,30182,699,100,8,8,2.7,2099|2313|2346|3417|6334|6772|26999|79977,ESR1|FLI1|FOLH1|IDH1|SCN8A|STAT1|CYFIP2|GRHL2,-0.61,0
1,-2.6,C0497156,M1,1,0,DisGeNET,35,Lymphadenopathy,,-2.6,5.4,4.3,30182,277,100,5,5,2.2,2099|2346|5087|6772|79633,ESR1|FOLH1|PBX1|STAT1|FAT4,-0.6,0
1,-2.6,C0750952,M1,1,0,DisGeNET,35,Biliary Tract Cancer,,-2.6,7.2,4.7,30182,167,100,4,4,2,2099|3417|5727|133522,ESR1|IDH1|PTCH1|PPARGC1B,-0.6,0
1,-2.6,C1840077,M1,1,0,DisGeNET,35,Anteverted nostril,,-2.6,4.4,4,30182,407,100,6,6,2.4,2313|5087|5727|6659|6792|50937,FLI1|PBX1|PTCH1|SOX4|CDKL5|CDON,-0.6,0
1,-2.6,C0269102,M1,1,0,DisGeNET,35,Endometrioma,,-2.6,5.4,4.3,30182,279,100,5,5,2.2,2099|2113|6096|7026|149111,ESR1|ETS1|RORB|NR2F2|CNIH3,-0.59,0
1,-2.6,C0024138,M1,1,0,DisGeNET,35,"Lupus Erythematosus, Discoid",,-2.6,3.8,3.9,30182,552,100,7,7,2.6,831|862|2099|2113|2313|5087|6772,CAST|RUNX1T1|ESR1|ETS1|FLI1|PBX1|STAT1,-0.59,0
1,-2.6,C1519689,M1,1,0,DisGeNET,35,Tumor Promotion,,-2.6,7.1,4.6,30182,170,100,4,4,2,429|2099|3727|6772,ASCL1|ESR1|JUND|STAT1,-0.58,0
1,-2.6,C0162557,M1,1,0,DisGeNET,35,"Liver Failure, Acute",,-2.6,5.4,4.2,30182,282,100,5,5,2.2,831|2099|2309|6772|133522,CAST|ESR1|FOXO3|STAT1|PPARGC1B,-0.58,0
1,-2.6,C1865014,M1,1,0,DisGeNET,35,Long philtrum,,-2.6,5.4,4.2,30182,282,100,5,5,2.2,2313|5727|6792|9459|10075,FLI1|PTCH1|CDKL5|ARHGEF6|HUWE1,-0.58,0
1,-2.6,C0029458,M1,1,0,DisGeNET,35,"Osteoporosis, Postmenopausal",,-2.6,7.1,4.6,30182,171,100,4,4,2,2099|2113|6863|50650,ESR1|ETS1|TAC1|ARHGEF3,-0.58,0
1,-2.6,C0023267,M1,1,0,DisGeNET,35,Fibroid Tumor,,-2.6,4.4,4,30182,413,100,6,6,2.4,2099|2113|2309|5727|6863|23180,ESR1|ETS1|FOXO3|PTCH1|TAC1|RFTN1,-0.58,0
1,-2.6,C4721806,M1,1,0,DisGeNET,35,"Carcinoma, Basal Cell",,-2.6,3.8,3.8,30182,557,100,7,7,2.6,468|1052|2099|5727|6772|6863|7572,ATF4|CEBPD|ESR1|PTCH1|STAT1|TAC1|ZNF24,-0.58,0
1,-2.6,C0026034,M1,1,0,DisGeNET,35,Microstomia,,-2.6,7,4.6,30182,172,100,4,4,2,5396|5727|10075|79633,PRRX1|PTCH1|HUWE1|FAT4,-0.58,0
1,-2.6,C0220668,M1,1,0,DisGeNET,35,Congenital contractural arachnodactyly,,-2.6,3.8,3.8,30182,559,100,7,7,2.6,444|1879|2002|3417|6659|6772|6863,ASPH|EBF1|ELK1|IDH1|SOX4|STAT1|TAC1,-0.58,0
1,-2.6,C0016202,M1,1,0,DisGeNET,35,Flatfoot,,-2.6,5.3,4.2,30182,285,100,5,5,2.2,2313|5727|5813|9459|10075,FLI1|PTCH1|PURA|ARHGEF6|HUWE1,-0.58,0
1,-2.6,C1333064,M1,1,0,DisGeNET,35,Classical Hodgkin's Lymphoma,,-2.6,5.3,4.2,30182,285,100,5,5,2.2,1052|1879|2309|3727|6772,CEBPD|EBF1|FOXO3|JUND|STAT1,-0.58,0
1,-2.6,C0236018,M1,1,0,DisGeNET,35,Aura,,-2.6,11,5.2,30182,83,100,3,3,1.7,5813|6334|6792,PURA|SCN8A|CDKL5,-0.57,0
1,-2.6,C0751111,M1,1,0,DisGeNET,35,Awakening Epilepsy,,-2.6,11,5.2,30182,83,100,3,3,1.7,5813|6334|6792,PURA|SCN8A|CDKL5,-0.57,0
1,-2.5,C0010417,M1,1,0,DisGeNET,35,Cryptorchidism,,-2.5,3.3,3.7,30182,725,100,8,8,2.7,2099|2313|5087|5727|6659|10075|50937|79633,ESR1|FLI1|PBX1|PTCH1|SOX4|HUWE1|CDON|FAT4,-0.55,0
1,-2.5,C0042133,M1,1,0,DisGeNET,35,Uterine Fibroids,,-2.5,3.7,3.8,30182,569,100,7,7,2.6,2099|2309|5187|5727|6863|7026|23180,ESR1|FOXO3|PER1|PTCH1|TAC1|NR2F2|RFTN1,-0.55,0
1,-2.5,C0206682,M1,1,0,DisGeNET,35,Follicular thyroid carcinoma,,-2.5,5.2,4.1,30182,293,100,5,5,2.2,2113|2309|2346|3417|5727,ETS1|FOXO3|FOLH1|IDH1|PTCH1,-0.54,0
1,-2.5,C1837218,M1,1,0,DisGeNET,35,"Cleft palate, isolated",,-2.5,5.1,4.1,30182,295,100,5,5,2.2,2099|2113|4223|5727|10075,ESR1|ETS1|MEOX2|PTCH1|HUWE1,-0.53,0
1,-2.5,C0001973,M1,1,0,DisGeNET,35,"Alcoholic Intoxication, Chronic",,-2.5,3.7,3.7,30182,577,100,7,7,2.6,2099|5187|5727|5992|6863|114879|149111,ESR1|PER1|PTCH1|RFX4|TAC1|OSBPL5|CNIH3,-0.52,0
1,-2.5,C0042834,M1,1,0,DisGeNET,35,Vital capacity,,-2.5,4.2,3.9,30182,430,100,6,6,2.4,1879|2113|2309|5727|9586|255928,EBF1|ETS1|FOXO3|PTCH1|CREB5|SYT14,-0.52,0
1,-2.5,C1270972,M1,1,0,DisGeNET,35,Mild cognitive disorder,,-2.5,4.2,3.9,30182,430,100,6,6,2.4,862|2099|2309|5187|6334|221458,RUNX1T1|ESR1|FOXO3|PER1|SCN8A|KIF6,-0.52,0
1,-2.5,C1837461,M1,1,0,DisGeNET,35,"SCOLIOSIS, ISOLATED, SUSCEPTIBILITY TO, 3",,-2.5,3.7,3.7,30182,578,100,7,7,2.6,320|4257|5789|8650|9586|23007|50650,APBA1|MGST1|PTPRD|NUMB|CREB5|PLCH1|ARHGEF3,-0.52,0
1,-2.5,C0014553,M1,1,0,DisGeNET,35,Absence Epilepsy,,-2.5,10,5,30182,88,100,3,3,1.7,2099|6096|6334,ESR1|RORB|SCN8A,-0.52,0
1,-2.5,C0017075,M1,1,0,DisGeNET,35,Ganglioneuroma,,-2.5,10,5,30182,88,100,3,3,1.7,429|1641|5087,ASCL1|DCX|PBX1,-0.52,0
1,-2.5,C0206695,M1,1,0,DisGeNET,35,"Carcinoma, Neuroendocrine",,-2.5,6.6,4.4,30182,182,100,4,4,2,429|2099|2113|2313,ASCL1|ESR1|ETS1|FLI1,-0.52,0
1,-2.5,C0005699,M1,1,0,DisGeNET,35,Blast Phase,,-2.5,5,4.1,30182,299,100,5,5,2.2,862|1052|2113|2309|3417,RUNX1T1|CEBPD|ETS1|FOXO3|IDH1,-0.51,0
1,-2.5,C0025312,M1,1,0,DisGeNET,35,Meningomyelocele,,-2.5,10,5,30182,89,100,3,3,1.7,1641|2346|4223,DCX|FOLH1|MEOX2,-0.51,0
1,-2.5,C0424711,M1,1,0,DisGeNET,35,Orbital separation diminished,,-2.5,10,5,30182,89,100,3,3,1.7,5727|10075|50937,PTCH1|HUWE1|CDON,-0.51,0
1,-2.5,C0206663,M1,1,0,DisGeNET,35,"Neuroectodermal Tumor, Primitive",,-2.5,6.6,4.4,30182,184,100,4,4,2,429|444|2313|5727,ASCL1|ASPH|FLI1|PTCH1,-0.51,0
1,-2.5,C0424605,M1,1,0,DisGeNET,35,Developmental delay (disorder),,-2.5,3.6,3.7,30182,584,100,7,7,2.6,2334|2346|2820|5727|6334|6659|6792,AFF2|FOLH1|GPD2|PTCH1|SCN8A|SOX4|CDKL5,-0.51,0
1,-2.5,C0235950,M1,1,0,DisGeNET,35,Zinc deficiency,,-2.5,10,5,30182,90,100,3,3,1.7,3727|6772|56259,JUND|STAT1|CTNNBL1,-0.51,0
1,-2.5,C3811653,M1,1,0,DisGeNET,35,Experimental Organism Basal Cell Carcinoma,,-2.5,4.1,3.8,30182,437,100,6,6,2.4,468|2099|5727|6772|6863|7572,ATF4|ESR1|PTCH1|STAT1|TAC1|ZNF24,-0.51,0
1,-2.5,C0410528,M1,1,0,DisGeNET,35,Skeletal dysplasia,,-2.5,6.5,4.3,30182,186,100,4,4,2,90|468|6772|79633,ACVR1|ATF4|STAT1|FAT4,-0.5,0
1,-2.5,C0432072,M1,1,0,DisGeNET,35,Dysmorphic features,,-2.5,4.1,3.8,30182,439,100,6,6,2.4,2313|5727|5813|6334|6792|7026,FLI1|PTCH1|PURA|SCN8A|CDKL5|NR2F2,-0.5,0
1,-2.5,C0027794,M1,1,0,DisGeNET,35,Neural Tube Defects,,-2.5,5,4,30182,304,100,5,5,2.2,429|2309|2346|5727|79977,ASCL1|FOXO3|FOLH1|PTCH1|GRHL2,-0.5,0
1,-2.5,C0740277,M1,1,0,DisGeNET,35,Bile duct carcinoma,,-2.5,10,4.9,30182,91,100,3,3,1.7,444|2099|2113,ASPH|ESR1|ETS1,-0.5,0
1,-2.4,C0042345,M1,1,0,DisGeNET,35,Varicosity,,-2.4,6.4,4.3,30182,188,100,4,4,2,1879|2099|3727|6863,EBF1|ESR1|JUND|TAC1,-0.49,0
1,-2.4,C0221505,M1,1,0,DisGeNET,35,Lesion of brain,,-2.4,6.4,4.3,30182,188,100,4,4,2,2346|3417|10814|55022,FOLH1|IDH1|CPLX2|PID1,-0.49,0
1,-2.4,C0005745,M1,1,0,DisGeNET,35,Blepharoptosis,,-2.4,3.6,3.6,30182,595,100,7,7,2.6,2313|6334|6659|8292|10075|26999|79633,FLI1|SCN8A|SOX4|COLQ|HUWE1|CYFIP2|FAT4,-0.48,0
1,-2.4,C0008626,M1,1,0,DisGeNET,35,Congenital chromosomal disease,,-2.4,3.2,3.5,30182,757,100,8,8,2.7,862|2113|2334|5087|5727|5789|26973|51422,RUNX1T1|ETS1|AFF2|PBX1|PTCH1|PTPRD|CHORDC1|PRKAG2,-0.48,0
1,-2.4,C1654637,M1,1,0,DisGeNET,35,androgen independent prostate cancer,,-2.4,6.4,4.3,30182,190,100,4,4,2,2099|2309|3727|5087,ESR1|FOXO3|JUND|PBX1,-0.48,0
1,-2.4,C0017168,M1,1,0,DisGeNET,35,Gastroesophageal reflux disease,,-2.4,4.1,3.8,30182,446,100,6,6,2.4,429|6334|6792|6863|26999|79104,ASCL1|SCN8A|CDKL5|TAC1|CYFIP2|MEG8,-0.48,0
1,-2.4,C0037317,M1,1,0,DisGeNET,35,Sleep disturbances,,-2.4,4.9,3.9,30182,310,100,5,5,2.2,2099|5187|6334|6792|26999,ESR1|PER1|SCN8A|CDKL5|CYFIP2,-0.48,0
1,-2.4,C0035436,M1,1,0,DisGeNET,35,Rheumatic Fever,,-2.4,9.6,4.8,30182,94,100,3,3,1.7,862|3417|10075,RUNX1T1|IDH1|HUWE1,-0.48,0
1,-2.4,C0085583,M1,1,0,DisGeNET,35,Choreoathetosis,,-2.4,9.6,4.8,30182,94,100,3,3,1.7,5813|6334|6792,PURA|SCN8A|CDKL5,-0.48,0
1,-2.4,C0600104,M1,1,0,DisGeNET,35,Obsessive compulsive behavior,,-2.4,9.6,4.8,30182,94,100,3,3,1.7,2099|2334|5187,ESR1|AFF2|PER1,-0.48,0
1,-2.4,C0027831,M1,1,0,DisGeNET,35,Neurofibromatosis 1,,-2.4,4.9,3.9,30182,311,100,5,5,2.2,1052|2099|2346|3417|5727,CEBPD|ESR1|FOLH1|IDH1|PTCH1,-0.48,0
1,-2.4,C0030297,M1,1,0,DisGeNET,35,Pancreatic Neoplasm,,-2.4,3.2,3.5,30182,764,100,8,8,2.7,90|2099|2113|2309|2313|5187|5727|114879,ACVR1|ESR1|ETS1|FOXO3|FLI1|PER1|PTCH1|OSBPL5,-0.47,0
1,-2.4,C0021053,M1,1,0,DisGeNET,35,Immune System Diseases,,-2.4,4,3.7,30182,451,100,6,6,2.4,2099|2113|2313|3727|5187|6772,ESR1|ETS1|FLI1|JUND|PER1|STAT1,-0.47,0
1,-2.4,C0013080,M1,1,0,DisGeNET,35,Down Syndrome,,-2.4,3.2,3.5,30182,765,100,8,8,2.7,90|862|2002|2099|5396|5727|6772|6792,ACVR1|RUNX1T1|ELK1|ESR1|PRRX1|PTCH1|STAT1|CDKL5,-0.47,0
1,-2.4,C0240379,M1,1,0,DisGeNET,35,Open mouth (finding),,-2.4,9.4,4.8,30182,96,100,3,3,1.7,5727|5813|6334,PTCH1|PURA|SCN8A,-0.46,0
1,-2.4,C0033377,M1,1,0,DisGeNET,35,Ptosis,,-2.4,3.5,3.6,30182,607,100,7,7,2.6,2313|6334|6659|8292|10075|26999|79633,FLI1|SCN8A|SOX4|COLQ|HUWE1|CYFIP2|FAT4,-0.45,0
1,-2.4,C3806482,M1,1,0,DisGeNET,35,Recurrent respiratory infections,,-2.4,4.7,3.9,30182,318,100,5,5,2.2,2313|6659|6772|7026|79633,FLI1|SOX4|STAT1|NR2F2|FAT4,-0.45,0
1,-2.4,C0008925,M1,1,0,DisGeNET,35,Cleft Palate,,-2.4,3.5,3.5,30182,611,100,7,7,2.6,2113|4223|5396|5727|6659|6792|50937,ETS1|MEOX2|PRRX1|PTCH1|SOX4|CDKL5|CDON,-0.44,0
1,-2.4,C3203102,M1,1,0,DisGeNET,35,Idiopathic pulmonary arterial hypertension,,-2.4,3.1,3.4,30182,776,100,8,8,2.7,468|2002|2099|2309|2313|6772|8292|55149,ATF4|ELK1|ESR1|FOXO3|FLI1|STAT1|COLQ|MTPAP,-0.44,0
1,-2.4,C4277682,M1,1,0,DisGeNET,35,Chemical and Drug Induced Liver Injury,,-2.4,3.9,3.7,30182,461,100,6,6,2.4,831|3727|5789|7026|152518|255928,CAST|JUND|PTPRD|NR2F2|NFXL1|SYT14,-0.43,0
1,-2.4,C0042341,M1,1,0,DisGeNET,35,Varicocele,,-2.4,9.1,4.7,30182,99,100,3,3,1.7,2099|6772|55149,ESR1|STAT1|MTPAP,-0.43,0
1,-2.4,C0376544,M1,1,0,DisGeNET,35,Hematopoietic Neoplasms,,-2.4,4.7,3.8,30182,322,100,5,5,2.2,2099|2113|2309|3417|5087,ESR1|ETS1|FOXO3|IDH1|PBX1,-0.43,0
1,-2.4,C0010823,M1,1,0,DisGeNET,35,Cytomegalovirus Infections,,-2.4,3.9,3.6,30182,462,100,6,6,2.4,320|468|2099|2309|3727|6772,APBA1|ATF4|ESR1|FOXO3|JUND|STAT1,-0.43,0
1,-2.3,C0220620,M1,1,0,DisGeNET,35,Gastrointestinal Carcinoid Tumor,,-2.3,4.7,3.8,30182,323,100,5,5,2.2,90|2099|2309|2313|6772,ACVR1|ESR1|FOXO3|FLI1|STAT1,-0.43,0
1,-2.3,C0524528,M1,1,0,DisGeNET,35,Pervasive Development Disorder,,-2.3,4.6,3.8,30182,328,100,5,5,2.2,2099|2334|6334|50650|84623,ESR1|AFF2|SCN8A|ARHGEF3|KIRREL3,-0.4,0
1,-2.3,C4316903,M1,1,0,DisGeNET,35,Absence Seizures,,-2.3,5.9,4.1,30182,204,100,4,4,2,6096|6334|6792|9459,RORB|SCN8A|CDKL5|ARHGEF6,-0.4,0
1,-2.3,C0242596,M1,1,0,DisGeNET,35,"Neoplasm, Residual",,-2.3,4.6,3.8,30182,329,100,5,5,2.2,862|1641|2099|3417|5087,RUNX1T1|DCX|ESR1|IDH1|PBX1,-0.4,0
1,-2.3,C3900098,M1,1,0,DisGeNET,35,Adult Myelodysplastic Syndrome,,-2.3,4.5,3.7,30182,332,100,5,5,2.2,862|1879|2113|3417|5813,RUNX1T1|EBF1|ETS1|IDH1|PURA,-0.39,0
1,-2.3,C0040147,M1,1,0,DisGeNET,35,Thyroiditis,,-2.3,8.7,4.5,30182,104,100,3,3,1.7,2113|5727|6772,ETS1|PTCH1|STAT1,-0.39,0
1,-2.3,C0205748,M1,1,0,DisGeNET,35,Dysplastic Nevus,,-2.3,8.7,4.5,30182,104,100,3,3,1.7,2113|6334|6659,ETS1|SCN8A|SOX4,-0.39,0
1,-2.3,C0029422,M1,1,0,DisGeNET,35,Osteochondrodysplasias,,-2.3,5.8,4,30182,207,100,4,4,2,90|468|6772|79633,ACVR1|ATF4|STAT1|FAT4,-0.39,0
1,-2.3,C0677607,M1,1,0,DisGeNET,35,Hashimoto Disease,,-2.3,4.5,3.7,30182,335,100,5,5,2.2,2099|2113|2309|5727|6772,ESR1|ETS1|FOXO3|PTCH1|STAT1,-0.38,0
1,-2.3,C2347761,M1,1,0,DisGeNET,35,Childhood Myelodysplastic Syndrome,,-2.3,4.5,3.7,30182,335,100,5,5,2.2,862|1879|2113|3417|5813,RUNX1T1|EBF1|ETS1|IDH1|PURA,-0.38,0
1,-2.3,C1258666,M1,1,0,DisGeNET,35,Myxoid cyst,,-2.3,8.5,4.5,30182,106,100,3,3,1.7,2099|2346|6863,ESR1|FOLH1|TAC1,-0.37,0
1,-2.3,C0239676,M1,1,0,DisGeNET,35,High forehead,,-2.3,5.7,4,30182,211,100,4,4,2,2313|6334|10075|26999,FLI1|SCN8A|HUWE1|CYFIP2,-0.37,0
1,-2.3,C1333015,M1,1,0,DisGeNET,35,Childhood Kidney Wilms Tumor,,-2.3,4.5,3.7,30182,338,100,5,5,2.2,862|2099|2313|5727|6772,RUNX1T1|ESR1|FLI1|PTCH1|STAT1,-0.37,0
1,-2.2,C0005612,M1,1,0,DisGeNET,35,Birth Weight,,-2.2,5.6,3.9,30182,214,100,4,4,2,1879|2099|5727|6772,EBF1|ESR1|PTCH1|STAT1,-0.35,0
1,-2.2,C0007112,M1,1,0,DisGeNET,35,Adenocarcinoma of prostate,,-2.2,4.4,3.7,30182,342,100,5,5,2.2,2099|2309|2346|3417|6863,ESR1|FOXO3|FOLH1|IDH1|TAC1,-0.35,0
1,-2.2,C0266362,M1,1,0,DisGeNET,35,Ambiguous Genitalia,,-2.2,8.3,4.4,30182,109,100,3,3,1.7,5087|5727|50937,PBX1|PTCH1|CDON,-0.35,0
1,-2.2,C0239234,M1,1,0,DisGeNET,35,Low set ears,,-2.2,3.7,3.5,30182,489,100,6,6,2.4,429|5087|5727|6659|10075|79633,ASCL1|PBX1|PTCH1|SOX4|HUWE1|FAT4,-0.35,0
1,-2.2,C1609433,M1,1,0,DisGeNET,35,Congenital absence of kidneys syndrome,,-2.2,8.2,4.4,30182,110,100,3,3,1.7,5087|5727|50937,PBX1|PTCH1|CDON,-0.34,0
1,-2.2,C1402315,M1,1,0,DisGeNET,35,Vascular lesions,,-2.2,8.2,4.4,30182,111,100,3,3,1.7,1052|3417|5396,CEBPD|IDH1|PRRX1,-0.34,0
1,-2.2,C0020608,M1,1,0,DisGeNET,35,Hypodontia,,-2.2,5.5,3.9,30182,218,100,4,4,2,6334|10075|26999|79977,SCN8A|HUWE1|CYFIP2|GRHL2,-0.34,0
1,-2.2,C0002152,M1,1,0,DisGeNET,35,Alloxan Diabetes,,-2.2,8.1,4.3,30182,112,100,3,3,1.7,2309|2820|3098,FOXO3|GPD2|HK1,-0.33,0
1,-2.2,C0038433,M1,1,0,DisGeNET,35,Streptozotocin Diabetes,,-2.2,8.1,4.3,30182,112,100,3,3,1.7,2309|2820|3098,FOXO3|GPD2|HK1,-0.33,0
1,-2.2,C3495676,M1,1,0,DisGeNET,35,Anorectal Malformations,,-2.2,8.1,4.3,30182,112,100,3,3,1.7,5727|6659|79784,PTCH1|SOX4|MYH14,-0.33,0
1,-2.2,C0040028,M1,1,0,DisGeNET,35,"Thrombocythemia, Essential",,-2.2,5.5,3.9,30182,220,100,4,4,2,862|2313|3417|6772,RUNX1T1|FLI1|IDH1|STAT1,-0.33,0
1,-2.2,C0278504,M1,1,0,DisGeNET,35,Non-small cell lung cancer stage I,,-2.2,7.9,4.3,30182,115,100,3,3,1.7,1641|2099|5396,DCX|ESR1|PRRX1,-0.3,0
1,-2.2,C4021726,M1,1,0,DisGeNET,35,EMG: myopathic abnormalities,,-2.2,7.9,4.3,30182,115,100,3,3,1.7,5727|50937|79784,PTCH1|CDON|MYH14,-0.3,0
1,-2.2,C1332201,M1,1,0,DisGeNET,35,Adult Diffuse Large B-Cell Lymphoma,,-2.2,3.6,3.4,30182,504,100,6,6,2.4,2099|2113|2313|3417|5789|6772,ESR1|ETS1|FLI1|IDH1|PTPRD|STAT1,-0.3,0
1,-2.2,C4733092,M1,1,0,DisGeNET,35,estrogen receptor-negative breast cancer,,-2.2,4.2,3.5,30182,356,100,5,5,2.2,468|2099|2113|5087|6772,ATF4|ESR1|ETS1|PBX1|STAT1,-0.3,0
1,-2.2,C0015300,M1,1,0,DisGeNET,35,Exophthalmos,,-2.2,5.4,3.8,30182,225,100,4,4,2,862|2313|10075|50937,RUNX1T1|FLI1|HUWE1|CDON,-0.3,0
1,-2.2,C0005587,M1,1,0,DisGeNET,35,"Depression, Bipolar",,-2.2,7.8,4.2,30182,116,100,3,3,1.7,6196|6863|10814,RPS6KA2|TAC1|CPLX2,-0.3,0
1,-2.2,C3279222,M1,1,0,DisGeNET,35,Aplasia/Hypoplasia of the cerebellum,,-2.2,7.8,4.2,30182,116,100,3,3,1.7,5396|6659|6792,PRRX1|SOX4|CDKL5,-0.3,0
1,-2.2,C4521042,M1,1,0,DisGeNET,35,Complete Trisomy 21 Syndrome,,-2.2,3.2,3.3,30182,668,100,7,7,2.6,90|2002|2099|5396|5727|6772|6792,ACVR1|ELK1|ESR1|PRRX1|PTCH1|STAT1|CDKL5,-0.3,0
1,-2.2,C0235480,M1,1,0,DisGeNET,35,Paroxysmal atrial fibrillation,,-2.2,5.3,3.8,30182,226,100,4,4,2,5396|5523|9586|51422,PRRX1|PPP2R3A|CREB5|PRKAG2,-0.3,0
1,-2.2,C0151779,M1,1,0,DisGeNET,35,Cutaneous Melanoma,,-2.2,3.6,3.4,30182,507,100,6,6,2.4,2313|3417|5727|6659|11228|133522,FLI1|IDH1|PTCH1|SOX4|RASSF8|PPARGC1B,-0.3,0
1,-2.2,C0427065,M1,1,0,DisGeNET,35,Distal muscle weakness,,-2.2,7.7,4.2,30182,117,100,3,3,1.7,3098|8292|79784,HK1|COLQ|MYH14,-0.29,0
1,-2.2,C1511789,M1,1,0,DisGeNET,35,Desmoplastic,,-2.2,7.7,4.2,30182,117,100,3,3,1.7,2099|5727|79633,ESR1|PTCH1|FAT4,-0.29,0
1,-2.1,C2938924,M1,1,0,DisGeNET,35,Oestrogen receptor positive breast cancer,,-2.1,3.6,3.3,30182,510,100,6,6,2.4,444|2099|2113|5727|6772|133522,ASPH|ESR1|ETS1|PTCH1|STAT1|PPARGC1B,-0.29,0
1,-2.1,C0040128,M1,1,0,DisGeNET,35,Thyroid Diseases,,-2.1,5.2,3.7,30182,230,100,4,4,2,2309|2346|3727|5727,FOXO3|FOLH1|JUND|PTCH1,-0.28,0
1,-2.1,C0877015,M1,1,0,DisGeNET,35,Pelvic Organ Prolapse,,-2.1,7.6,4.2,30182,119,100,3,3,1.7,2099|5789|79104,ESR1|PTPRD|MEG8,-0.28,0
1,-2.1,C3805278,M1,1,0,DisGeNET,35,Extrahepatic Cholangiocarcinoma,,-2.1,7.6,4.2,30182,119,100,3,3,1.7,2309|3417|6659,FOXO3|IDH1|SOX4,-0.28,0
1,-2.1,C1854882,M1,1,0,DisGeNET,35,Absent speech,,-2.1,5.2,3.7,30182,232,100,4,4,2,5813|6334|10075|26999,PURA|SCN8A|HUWE1|CYFIP2,-0.27,0
1,-2.1,C0034194,M1,1,0,DisGeNET,35,Pyloric Stenosis,,-2.1,7.5,4.1,30182,121,100,3,3,1.7,2313|9459|79633,FLI1|ARHGEF6|FAT4,-0.26,0
1,-2.1,C0003507,M1,1,0,DisGeNET,35,Aortic Valve Stenosis,,-2.1,5.2,3.7,30182,234,100,4,4,2,2099|2313|3727|7026,ESR1|FLI1|JUND|NR2F2,-0.26,0
1,-2.1,C0206161,M1,1,0,DisGeNET,35,Reticulocyte count (procedure),,-2.1,5.2,3.7,30182,234,100,4,4,2,2309|3098|5357|50650,FOXO3|HK1|PLS1|ARHGEF3,-0.26,0
1,-2.1,C0376634,M1,1,0,DisGeNET,35,Craniofacial Abnormalities,,-2.1,5.2,3.7,30182,234,100,4,4,2,2113|2313|5727|6659,ETS1|FLI1|PTCH1|SOX4,-0.26,0
1,-2.1,C0750974,M1,1,0,DisGeNET,35,"Brain Tumor, Primary",,-2.1,7.4,4.1,30182,122,100,3,3,1.7,468|3417|5727,ATF4|IDH1|PTCH1,-0.26,0
1,-2.1,C2937358,M1,1,0,DisGeNET,35,Cerebral Hemorrhage,,-2.1,7.4,4.1,30182,122,100,3,3,1.7,1641|2099|5727,DCX|ESR1|PTCH1,-0.26,0
1,-2.1,C0011853,M1,1,0,DisGeNET,35,"Diabetes Mellitus, Experimental",,-2.1,3.5,3.3,30182,522,100,6,6,2.4,2099|2113|2309|2820|3098|6772,ESR1|ETS1|FOXO3|GPD2|HK1|STAT1,-0.25,0
1,-2.1,C0235833,M1,1,0,DisGeNET,35,Congenital diaphragmatic hernia,,-2.1,5.1,3.6,30182,239,100,4,4,2,2099|5087|6659|7026,ESR1|PBX1|SOX4|NR2F2,-0.23,0
1,-2.1,C2363741,M1,1,0,DisGeNET,35,HIV-1 infection,,-2.1,3,3.1,30182,695,100,7,7,2.6,468|2099|2113|2309|6772|6863|10075,ATF4|ESR1|ETS1|FOXO3|STAT1|TAC1|HUWE1,-0.23,0
1,-2.1,C3888194,M1,1,0,DisGeNET,35,MIXED LINEAGE LEUKEMIA,,-2.1,5,3.6,30182,240,100,4,4,2,862|2099|2309|5132,RUNX1T1|ESR1|FOXO3|PDC,-0.23,0
1,-2.1,C0003504,M1,1,0,DisGeNET,35,Aortic Valve Insufficiency,,-2.1,4,3.4,30182,377,100,5,5,2.2,429|2002|2099|3417|3727,ASCL1|ELK1|ESR1|IDH1|JUND,-0.23,0
1,-2.1,C1691215,M1,1,0,DisGeNET,35,Penile hypospadias,,-2.1,7.1,4,30182,127,100,3,3,1.7,2099|3727|10075,ESR1|JUND|HUWE1,-0.22,0
1,-2,C0456070,M1,1,0,DisGeNET,35,Growth delay,,-2,4.9,3.6,30182,244,100,4,4,2,5087|6659|10075|79633,PBX1|SOX4|HUWE1|FAT4,-0.22,0
1,-2,C0024636,M1,1,0,DisGeNET,35,Malocclusion,,-2,7.1,4,30182,128,100,3,3,1.7,444|56259|79633,ASPH|CTNNBL1|FAT4,-0.22,0
1,-2,C0232939,M1,1,0,DisGeNET,35,Primary physiologic amenorrhea,,-2,7,3.9,30182,129,100,3,3,1.7,2099|2309|50937,ESR1|FOXO3|CDON,-0.22,0
1,-2,C0276138,M1,1,0,DisGeNET,35,Viral myocarditis,,-2,7,3.9,30182,129,100,3,3,1.7,2309|6772|133522,FOXO3|STAT1|PPARGC1B,-0.22,0
1,-2,C0019569,M1,1,0,DisGeNET,35,Hirschsprung Disease,,-2,3.9,3.3,30182,384,100,5,5,2.2,429|1641|2099|5727|6659,ASCL1|DCX|ESR1|PTCH1|SOX4,-0.22,0
1,-2,C1854301,M1,1,0,DisGeNET,35,Motor delay,,-2,3.9,3.3,30182,384,100,5,5,2.2,1641|5087|5727|6334|55149,DCX|PBX1|PTCH1|SCN8A|MTPAP,-0.22,0
1,-2,C0027859,M1,1,0,DisGeNET,35,Acoustic Neuroma,,-2,6.9,3.9,30182,131,100,3,3,1.7,2099|2346|6772,ESR1|FOLH1|STAT1,-0.21,0
1,-2,C4317109,M1,1,0,DisGeNET,35,Epileptic Seizures,,-2,4.8,3.5,30182,250,100,4,4,2,2099|3417|6334|6792,ESR1|IDH1|SCN8A|CDKL5,-0.2,0
1,-2,C1853926,M1,1,0,DisGeNET,35,NONAKA MYOPATHY,,-2,6.9,3.9,30182,132,100,3,3,1.7,2099|2346|6863,ESR1|FOLH1|TAC1,-0.2,0
1,-2,C0017658,M1,1,0,DisGeNET,35,Glomerulonephritis,,-2,3.9,3.3,30182,391,100,5,5,2.2,831|2099|2313|3727|6772,CAST|ESR1|FLI1|JUND|STAT1,-0.2,0
1,-2,C0205645,M1,1,0,DisGeNET,35,"Adenocarcinoma, Tubular",,-2,6.8,3.9,30182,133,100,3,3,1.7,2099|5727|79633,ESR1|PTCH1|FAT4,-0.2,0
1,-2,C1849089,M1,1,0,DisGeNET,35,Broad forehead,,-2,6.8,3.9,30182,133,100,3,3,1.7,6334|6792|79633,SCN8A|CDKL5|FAT4,-0.2,0
