_MEMBER_MyList,_LogP_MyList,GO,_PATTERN_,_RANK_,GiniIndex,Category,CategoryID,Description,PARENT_GO,LogP,Enrichment,Z-score,#TotalGeneInLibrary,#GeneInGO,#GeneInHitList,#GeneInGOAndHitList,%InGO,STDV %InGO,GeneID,Hits,Log(q-value),EvidenceCutoff
1,-8.8,C0008925,M1,1,0,DisGeNET,35,Cleft Palate,,-8.8,7.4,9.2,30182,611,100,15,15,3.6,60|257|546|860|1750|4088|4853|5077|7291|7403|8289|9949|57492|254065|374654,ACTB|ALX3|ATRX|RUNX2|DLX6|SMAD3|NOTCH2|PAX3|TWIST1|KDM6A|ARID1A|AMMECR1|ARID1B|BRWD3|KIF7,-4.7,0
1,-8.8,C1836542,M1,1,0,DisGeNET,35,Depressed nasal bridge,,-8.8,9.2,9.8,30182,426,100,13,13,3.4,546|860|3784|4094|5077|6855|7291|8289|9758|9949|57477|57492|84679,ATRX|RUNX2|KCNQ1|MAF|PAX3|SYP|TWIST1|ARID1A|FRMPD4|AMMECR1|SHROOM4|ARID1B|SLC9A7,-4.7,0
1,-8.7,C1849367,M1,1,0,DisGeNET,35,Nasal bridge wide,,-8.7,9.1,9.8,30182,429,100,13,13,3.4,60|257|546|4094|4613|4853|5077|7291|7403|8289|9758|57492|374654,ACTB|ALX3|ATRX|MAF|MYCN|NOTCH2|PAX3|TWIST1|KDM6A|ARID1A|FRMPD4|ARID1B|KIF7,-4.7,0
1,-8.3,C1853242,M1,1,0,DisGeNET,35,Midface retrusion,,-8.3,13,11,30182,228,100,10,10,3,60|546|860|3784|4094|6855|7291|9758|9949|84679,ACTB|ATRX|RUNX2|KCNQ1|MAF|SYP|TWIST1|FRMPD4|AMMECR1|SLC9A7,-4.4,0
1,-8,C0426429,M1,1,0,DisGeNET,35,Broad nasal tip,,-8,19,12,30182,125,100,8,8,2.7,257|546|6855|7403|9758|57492|84679|374654,ALX3|ATRX|SYP|KDM6A|FRMPD4|ARID1B|SLC9A7|KIF7,-4.2,0
1,-7.8,C1858085,M1,1,0,DisGeNET,35,Malar flattening,,-7.8,14,11,30182,190,100,9,9,2.9,546|860|4088|4094|5077|7291|9949|57492|374654,ATRX|RUNX2|SMAD3|MAF|PAX3|TWIST1|AMMECR1|ARID1B|KIF7,-4.2,0
1,-7.8,C0555198,M1,1,0,DisGeNET,35,Malignant Glioma,,-7.8,6.3,8.2,30182,724,100,15,15,3.6,60|546|604|1523|1958|2551|4052|4088|4602|4603|4613|4773|4853|6667|90993,ACTB|ATRX|BCL6|CUX1|EGR1|GABPA|LTBP1|SMAD3|MYB|MYBL1|MYCN|NFATC2|NOTCH2|SP1|CREB3L1,-4.2,0
1,-7.5,C0023487,M1,1,0,DisGeNET,35,Acute Promyelocytic Leukemia,,-7.5,6.5,8.2,30182,651,100,14,14,3.5,60|238|546|604|860|1523|1958|2551|4602|6869|7291|7403|8289|57492,ACTB|ALK|ATRX|BCL6|RUNX2|CUX1|EGR1|GABPA|MYB|TACR1|TWIST1|KDM6A|ARID1A|ARID1B,-3.9,0
1,-7.4,C0410702,M1,1,0,DisGeNET,35,Adolescent idiopathic scoliosis,,-7.4,6.4,8.1,30182,656,100,14,14,3.5,860|1607|1794|2741|2786|4773|5077|5737|6095|9758|23007|29119|91694|128553,RUNX2|DGKB|DOCK2|GLRA1|GNG4|NFATC2|PAX3|PTGFR|RORA|FRMPD4|PLCH1|CTNNA3|LONRF1|TSHZ2,-3.9,0
1,-7.3,C1837218,M1,1,0,DisGeNET,35,"Cleft palate, isolated",,-7.3,10,9.2,30182,295,100,10,10,3,257|860|1750|4088|5077|7291|7403|57492|254065|374654,ALX3|RUNX2|DLX6|SMAD3|PAX3|TWIST1|KDM6A|ARID1B|BRWD3|KIF7,-3.8,0
1,-7,C0376634,M1,1,0,DisGeNET,35,Craniofacial Abnormalities,,-7,12,9.4,30182,234,100,9,9,2.9,60|257|546|860|1750|4088|5077|6902|7291,ACTB|ALX3|ATRX|RUNX2|DLX6|SMAD3|PAX3|TBCA|TWIST1,-3.6,0
1,-7,C0240635,M1,1,0,DisGeNET,35,Byzanthine arch palate,,-7,7.3,8.1,30182,497,100,12,12,3.2,546|3784|4088|4613|4853|7291|7403|8289|9758|55906|57492|374654,ATRX|KCNQ1|SMAD3|MYCN|NOTCH2|TWIST1|KDM6A|ARID1A|FRMPD4|ZC4H2|ARID1B|KIF7,-3.6,0
1,-6.9,C1845977,M1,1,0,DisGeNET,35,X- linked recessive,,-6.9,14,9.9,30182,172,100,8,8,2.7,546|6855|9758|9949|23229|55906|84679|254065,ATRX|SYP|FRMPD4|AMMECR1|ARHGEF9|ZC4H2|SLC9A7|BRWD3,-3.6,0
1,-6.8,C0678230,M1,1,0,DisGeNET,35,Congenital Epicanthus,,-6.8,8,8.3,30182,417,100,11,11,3.1,60|257|546|3784|4613|4853|7291|8289|57477|57492|374654,ACTB|ALX3|ATRX|KCNQ1|MYCN|NOTCH2|TWIST1|ARID1A|SHROOM4|ARID1B|KIF7,-3.5,0
1,-6.6,C2981150,M1,1,0,DisGeNET,35,Uranostaphyloschisis,,-6.6,13,9.3,30182,190,100,8,8,2.7,860|1750|4088|5077|7291|7403|254065|374654,RUNX2|DLX6|SMAD3|PAX3|TWIST1|KDM6A|BRWD3|KIF7,-3.3,0
1,-6.5,C1853241,M1,1,0,DisGeNET,35,Flat face,,-6.5,22,11,30182,83,100,6,6,2.4,546|3784|4094|5077|7291|9949,ATRX|KCNQ1|MAF|PAX3|TWIST1|AMMECR1,-3.2,0
1,-6.4,C1865014,M1,1,0,DisGeNET,35,Long philtrum,,-6.4,9.6,8.4,30182,282,100,9,9,2.9,60|4094|4853|6855|8289|9758|55906|57492|84679,ACTB|MAF|NOTCH2|SYP|ARID1A|FRMPD4|ZC4H2|ARID1B|SLC9A7,-3.2,0
1,-6.3,C1837461,M1,1,0,DisGeNET,35,"SCOLIOSIS, ISOLATED, SUSCEPTIBILITY TO, 3",,-6.3,6.3,7.4,30182,578,100,12,12,3.2,1607|1794|2741|2786|4773|5077|5737|9758|23007|29119|91694|128553,DGKB|DOCK2|GLRA1|GNG4|NFATC2|PAX3|PTGFR|FRMPD4|PLCH1|CTNNA3|LONRF1|TSHZ2,-3.1,0
1,-6.3,C1857479,M1,1,0,DisGeNET,35,Short columella,,-6.3,60,15,30182,20,100,4,4,2,60|257|7291|7403,ACTB|ALX3|TWIST1|KDM6A,-3.1,0
1,-6.3,C1865017,M1,1,0,DisGeNET,35,Thin upper lip vermilion,,-6.3,11,8.8,30182,211,100,8,8,2.7,60|546|4094|6855|9758|9949|57492|84679,ACTB|ATRX|MAF|SYP|FRMPD4|AMMECR1|ARID1B|SLC9A7,-3.1,0
1,-6.3,C0009171,M1,1,0,DisGeNET,35,Cocaine Abuse,,-6.3,15,9.5,30182,144,100,7,7,2.6,60|860|1395|1958|4088|4929|4988,ACTB|RUNX2|CRHR2|EGR1|SMAD3|NR4A2|OPRM1,-3.1,0
1,-6.2,C0020534,M1,1,0,DisGeNET,35,Orbital separation excessive,,-6.2,6.1,7.3,30182,590,100,12,12,3.2,60|257|546|860|4088|4094|4853|5077|7291|57477|57492|374654,ACTB|ALX3|ATRX|RUNX2|SMAD3|MAF|NOTCH2|PAX3|TWIST1|SHROOM4|ARID1B|KIF7,-3.1,0
1,-6.2,C0239234,M1,1,0,DisGeNET,35,Low set ears,,-6.2,6.8,7.4,30182,489,100,11,11,3.1,60|257|546|4094|4613|4853|7291|8289|55906|57492|374654,ACTB|ALX3|ATRX|MAF|MYCN|NOTCH2|TWIST1|ARID1A|ZC4H2|ARID1B|KIF7,-3.1,0
1,-6.1,C0423110,M1,1,0,DisGeNET,35,Downward slant of palpebral fissure,,-6.1,7.7,7.7,30182,391,100,10,10,3,60|546|4853|5077|6855|9758|9949|57492|84679|374654,ACTB|ATRX|NOTCH2|PAX3|SYP|FRMPD4|AMMECR1|ARID1B|SLC9A7|KIF7,-3.1,0
1,-6,C1853737,M1,1,0,DisGeNET,35,Prominent occiput,,-6,28,12,30182,53,100,5,5,2.2,3784|4613|4853|7291|374654,KCNQ1|MYCN|NOTCH2|TWIST1|KIF7,-3,0
1,-6,C1384666,M1,1,0,DisGeNET,35,hearing impairment,,-6,5.3,6.8,30182,740,100,13,13,3.4,60|860|3784|4094|4613|4853|5077|7291|7403|8289|9949|57492|90993,ACTB|RUNX2|KCNQ1|MAF|MYCN|NOTCH2|PAX3|TWIST1|KDM6A|ARID1A|AMMECR1|ARID1B|CREB3L1,-2.9,0
1,-6,C0007138,M1,1,0,DisGeNET,35,"Carcinoma, Transitional Cell",,-6,5.8,7,30182,623,100,12,12,3.2,238|604|2551|4088|4602|5465|6095|6855|7291|7403|8289|29119,ALK|BCL6|GABPA|SMAD3|MYB|PPARA|RORA|SYP|TWIST1|KDM6A|ARID1A|CTNNA3,-2.9,0
1,-5.9,C0553580,M1,1,0,DisGeNET,35,Ewings sarcoma,,-5.9,6.4,7.2,30182,517,100,11,11,3.1,60|238|860|1958|4613|4773|5077|6667|6855|7291|8289,ACTB|ALK|RUNX2|EGR1|MYCN|NFATC2|PAX3|SP1|SYP|TWIST1|ARID1A,-2.9,0
1,-5.9,C0010606,M1,1,0,DisGeNET,35,Adenoid Cystic Carcinoma,,-5.9,8.4,7.7,30182,325,100,9,9,2.9,546|4602|4603|4613|4853|5077|5521|7403|8289,ATRX|MYB|MYBL1|MYCN|NOTCH2|PAX3|PPP2R2B|KDM6A|ARID1A,-2.9,0
1,-5.9,C0221357,M1,1,0,DisGeNET,35,Brachydactyly,,-5.9,8.4,7.7,30182,325,100,9,9,2.9,257|546|860|4094|4853|5077|7291|8289|374654,ALX3|ATRX|RUNX2|MAF|NOTCH2|PAX3|TWIST1|ARID1A|KIF7,-2.9,0
1,-5.7,C0877243,M1,1,0,DisGeNET,35,Increased serum serotonin,,-5.7,1.1e+02,18,30182,8,100,3,3,1.7,546|57477|57502,ATRX|SHROOM4|NLGN4X,-2.8,0
1,-5.7,C0026351,M1,1,0,DisGeNET,35,Moderate intellectual disability,,-5.7,9.6,7.9,30182,251,100,8,8,2.7,546|6855|7291|9758|57492|57502|84679|254065,ATRX|SYP|TWIST1|FRMPD4|ARID1B|NLGN4X|SLC9A7|BRWD3,-2.8,0
1,-5.7,C0026106,M1,1,0,DisGeNET,35,Mild Mental Retardation,,-5.7,8,7.5,30182,340,100,9,9,2.9,60|546|1523|2741|4088|4929|55906|57492|254065,ACTB|ATRX|CUX1|GLRA1|SMAD3|NR4A2|ZC4H2|ARID1B|BRWD3,-2.8,0
1,-5.6,C2607914,M1,1,0,DisGeNET,35,Allergic rhinitis (disorder),,-5.6,6.8,7.1,30182,446,100,10,10,3,60|238|604|1523|1958|4088|4773|5465|6095|7291,ACTB|ALK|BCL6|CUX1|EGR1|SMAD3|NFATC2|PPARA|RORA|TWIST1,-2.7,0
1,-5.6,C2145472,M1,1,0,DisGeNET,35,Urothelial Carcinoma,,-5.6,6.7,7,30182,449,100,10,10,3,238|2551|4088|4602|6095|6855|7291|7403|8289|29119,ALK|GABPA|SMAD3|MYB|RORA|SYP|TWIST1|KDM6A|ARID1A|CTNNA3,-2.7,0
1,-5.5,C0262584,M1,1,0,DisGeNET,35,"Carcinoma, Small Cell",,-5.5,11,8.2,30182,185,100,7,7,2.6,238|4602|4773|4853|5077|6855|8289,ALK|MYB|NFATC2|NOTCH2|PAX3|SYP|ARID1A,-2.6,0
1,-5.5,C1855669,M1,1,0,DisGeNET,35,Absent frontal sinuses,,-5.5,1e+02,17,30182,9,100,3,3,1.7,546|860|4853,ATRX|RUNX2|NOTCH2,-2.6,0
1,-5.4,C0424605,M1,1,0,DisGeNET,35,Developmental delay (disorder),,-5.4,5.7,6.6,30182,584,100,11,11,3.1,60|546|1523|2741|3784|7291|9500|9949|55906|57492|79139,ACTB|ATRX|CUX1|GLRA1|KCNQ1|TWIST1|MAGED1|AMMECR1|ZC4H2|ARID1B|DERL1,-2.6,0
1,-5.4,C0024636,M1,1,0,DisGeNET,35,Malocclusion,,-5.4,14,8.6,30182,128,100,6,6,2.4,860|1958|4088|4853|4988|7403,RUNX2|EGR1|SMAD3|NOTCH2|OPRM1|KDM6A,-2.5,0
1,-5.3,C0038379,M1,1,0,DisGeNET,35,Strabismus,,-5.3,5.1,6.3,30182,716,100,12,12,3.2,257|5077|7291|7403|8289|9758|9949|55906|57477|57492|84679|374654,ALX3|PAX3|TWIST1|KDM6A|ARID1A|FRMPD4|AMMECR1|ZC4H2|SHROOM4|ARID1B|SLC9A7|KIF7,-2.5,0
1,-5.3,C1334953,M1,1,0,DisGeNET,35,Neuroblastic tumors,,-5.3,21,9.7,30182,73,100,5,5,2.2,238|1523|4613|4929|116988,ALK|CUX1|MYCN|NR4A2|AGAP3,-2.5,0
1,-5.3,C1849340,M1,1,0,DisGeNET,35,Long palpebral fissure,,-5.3,21,9.7,30182,73,100,5,5,2.2,60|6855|7403|9758|84679,ACTB|SYP|KDM6A|FRMPD4|SLC9A7,-2.5,0
1,-5.3,C0005745,M1,1,0,DisGeNET,35,Blepharoptosis,,-5.3,5.6,6.5,30182,595,100,11,11,3.1,60|257|546|4094|5077|7291|7403|8289|55906|57492|374654,ACTB|ALX3|ATRX|MAF|PAX3|TWIST1|KDM6A|ARID1A|ZC4H2|ARID1B|KIF7,-2.5,0
1,-5.3,C1850049,M1,1,0,DisGeNET,35,Clinodactyly of the 5th finger,,-5.3,8.5,7.3,30182,284,100,8,8,2.7,546|860|7291|9949|55906|57492|84679|374654,ATRX|RUNX2|TWIST1|AMMECR1|ZC4H2|ARID1B|SLC9A7|KIF7,-2.5,0
1,-5.2,C0085106,M1,1,0,DisGeNET,35,Familial benign pemphigus,,-5.2,34,11,30182,36,100,4,4,2,60|2551|5465|6667,ACTB|GABPA|PPARA|SP1,-2.4,0
1,-5.2,C0020459,M1,1,0,DisGeNET,35,Hyperinsulinism,,-5.2,5.4,6.3,30182,620,100,11,11,3.1,60|1523|1958|2551|3784|4088|5465|6667|7291|7403|23175,ACTB|CUX1|EGR1|GABPA|KCNQ1|SMAD3|PPARA|SP1|TWIST1|KDM6A|LPIN1,-2.4,0
1,-5.1,C0239174,M1,1,0,DisGeNET,35,Late tooth eruption,,-5.1,13,8.2,30182,139,100,6,6,2.4,860|6855|9758|9949|57492|84679,RUNX2|SYP|FRMPD4|AMMECR1|ARID1B|SLC9A7,-2.4,0
1,-5.1,C0280785,M1,1,0,DisGeNET,35,Diffuse Astrocytoma,,-5.1,19,9.2,30182,81,100,5,5,2.2,546|604|4603|4853|6855,ATRX|BCL6|MYBL1|NOTCH2|SYP,-2.4,0
1,-5.1,C0007762,M1,1,0,DisGeNET,35,Cerebellar Neoplasms,,-5.1,75,15,30182,12,100,3,3,1.7,4088|4613|30812,SMAD3|MYCN|SOX8,-2.4,0
1,-5.1,C0265541,M1,1,0,DisGeNET,35,Cranioschisis,,-5.1,75,15,30182,12,100,3,3,1.7,60|257|5077,ACTB|ALX3|PAX3,-2.4,0
1,-5.1,C1136249,M1,1,0,DisGeNET,35,"Mental Retardation, X-Linked",,-5.1,13,8.1,30182,141,100,6,6,2.4,546|6855|23229|57477|57502|254065,ATRX|SYP|ARHGEF9|SHROOM4|NLGN4X|BRWD3,-2.4,0
1,-5.1,C0022821,M1,1,0,DisGeNET,35,Kyphosis deformity of spine,,-5.1,7.9,7,30182,305,100,8,8,2.7,60|860|4088|4853|8289|55906|57477|57492,ACTB|RUNX2|SMAD3|NOTCH2|ARID1A|ZC4H2|SHROOM4|ARID1B,-2.3,0
1,-5.1,C0233794,M1,1,0,DisGeNET,35,Memory impairment,,-5.1,4.7,6,30182,763,100,12,12,3.2,60|1523|1958|2534|2551|4929|4988|5465|6855|6869|9758|54207,ACTB|CUX1|EGR1|FYN|GABPA|NR4A2|OPRM1|PPARA|SYP|TACR1|FRMPD4|KCNK10,-2.3,0
1,-5,C1839739,M1,1,0,DisGeNET,35,Thick lower lip vermilion,,-5,12,8,30182,145,100,6,6,2.4,546|6855|8289|9758|57492|84679,ATRX|SYP|ARID1A|FRMPD4|ARID1B|SLC9A7,-2.3,0
1,-5,C0023267,M1,1,0,DisGeNET,35,Fibroid Tumor,,-5,6.6,6.6,30182,413,100,9,9,2.9,60|238|604|1523|1958|4052|4088|6855|6869,ACTB|ALK|BCL6|CUX1|EGR1|LTBP1|SMAD3|SYP|TACR1,-2.3,0
1,-5,C0036202,M1,1,0,DisGeNET,35,Sarcoidosis,,-5,6.6,6.6,30182,413,100,9,9,2.9,60|238|1958|3663|4088|6869|7291|9372|92521,ACTB|ALK|EGR1|IRF5|SMAD3|TACR1|TWIST1|ZFYVE9|SPECC1,-2.3,0
1,-5,C0030848,M1,1,0,DisGeNET,35,Peyronie Disease,,-5,29,11,30182,41,100,4,4,2,60|860|4088|51564,ACTB|RUNX2|SMAD3|HDAC7,-2.3,0
1,-5,C0085648,M1,1,0,DisGeNET,35,Synovial Cyst,,-5,17,8.8,30182,87,100,5,5,2.2,860|2551|4988|6855|54207,RUNX2|GABPA|OPRM1|SYP|KCNK10,-2.3,0
1,-5,C0018784,M1,1,0,DisGeNET,35,Sensorineural Hearing Loss (disorder),,-5,4.6,5.9,30182,783,100,12,12,3.2,60|546|860|1750|3784|4094|5077|7291|7403|9949|57492|374654,ACTB|ATRX|RUNX2|DLX6|KCNQ1|MAF|PAX3|TWIST1|KDM6A|AMMECR1|ARID1B|KIF7,-2.3,0
1,-4.9,C0002793,M1,1,0,DisGeNET,35,Anaplasia,,-4.9,5.6,6.2,30182,538,100,10,10,3,60|238|546|4088|4602|4613|4773|4853|8289|57492,ACTB|ALK|ATRX|SMAD3|MYB|MYCN|NFATC2|NOTCH2|ARID1A|ARID1B,-2.2,0
1,-4.9,C0036857,M1,1,0,DisGeNET,35,Severe intellectual disability,,-4.9,6.3,6.4,30182,429,100,9,9,2.9,546|6855|9758|9949|23229|57477|57492|84679|374654,ATRX|SYP|FRMPD4|AMMECR1|ARHGEF9|SHROOM4|ARID1B|SLC9A7|KIF7,-2.2,0
1,-4.9,C0302511,M1,1,0,DisGeNET,35,Small for gestational age fetus,,-4.9,12,7.7,30182,156,100,6,6,2.4,60|6855|9758|57477|84679|90993,ACTB|SYP|FRMPD4|SHROOM4|SLC9A7|CREB3L1,-2.2,0
1,-4.9,C0524528,M1,1,0,DisGeNET,35,Pervasive Development Disorder,,-4.9,7.4,6.7,30182,328,100,8,8,2.7,60|321|1523|4929|4988|23229|57492|57502,ACTB|APBA2|CUX1|NR4A2|OPRM1|ARHGEF9|ARID1B|NLGN4X,-2.2,0
1,-4.8,C0235833,M1,1,0,DisGeNET,35,Congenital diaphragmatic hernia,,-4.8,8.8,7,30182,239,100,7,7,2.6,60|4773|7291|7403|8289|57492|374654,ACTB|NFATC2|TWIST1|KDM6A|ARID1A|ARID1B|KIF7,-2.2,0
1,-4.8,C0432072,M1,1,0,DisGeNET,35,Dysmorphic features,,-4.8,6.2,6.3,30182,439,100,9,9,2.9,60|546|7291|7403|23229|55906|57492|79139|374654,ACTB|ATRX|TWIST1|KDM6A|ARHGEF9|ZC4H2|ARID1B|DERL1|KIF7,-2.2,0
1,-4.8,C0013132,M1,1,0,DisGeNET,35,Drooling,,-4.8,16,8.4,30182,95,100,5,5,2.2,546|6855|9758|55906|84679,ATRX|SYP|FRMPD4|ZC4H2|SLC9A7,-2.1,0
1,-4.8,C0454644,M1,1,0,DisGeNET,35,Delayed speech and language development,,-4.8,5.4,6,30182,560,100,10,10,3,546|6095|6855|8289|9758|55906|57492|57502|84679|254065,ATRX|RORA|SYP|ARID1A|FRMPD4|ZC4H2|ARID1B|NLGN4X|SLC9A7|BRWD3,-2.1,0
1,-4.7,C0035412,M1,1,0,DisGeNET,35,Rhabdomyosarcoma,,-4.7,5.3,6,30182,565,100,10,10,3,60|238|1958|2551|4613|5077|5465|6667|6855|8490,ACTB|ALK|EGR1|GABPA|MYCN|PAX3|PPARA|SP1|SYP|RGS5,-2.1,0
1,-4.7,C0431663,M1,1,0,DisGeNET,35,Bilateral Cryptorchidism,,-4.7,25,9.7,30182,48,100,4,4,2,546|7291|57492|374654,ATRX|TWIST1|ARID1B|KIF7,-2.1,0
1,-4.7,C0393593,M1,1,0,DisGeNET,35,Dystonia Disorders,,-4.7,11,7.4,30182,167,100,6,6,2.4,60|2741|4988|9372|55145|55906,ACTB|GLRA1|OPRM1|ZFYVE9|THAP1|ZC4H2,-2.1,0
1,-4.7,C4551686,M1,1,0,DisGeNET,35,Malignant neoplasm of soft tissue,,-4.7,4.7,5.8,30182,699,100,11,11,3.1,60|238|546|1523|2551|4613|4773|4988|5077|7291|8289,ACTB|ALK|ATRX|CUX1|GABPA|MYCN|NFATC2|OPRM1|PAX3|TWIST1|ARID1A,-2.1,0
1,-4.6,C1275278,M1,1,0,DisGeNET,35,Extraskeletal Myxoid Chondrosarcoma,,-4.6,24,9.4,30182,50,100,4,4,2,4602|4603|4773|51564,MYB|MYBL1|NFATC2|HDAC7,-2,0
1,-4.6,C0206743,M1,1,0,DisGeNET,35,Rhabdoid Tumor,,-4.6,15,8,30182,103,100,5,5,2.2,60|238|3784|4773|6855,ACTB|ALK|KCNQ1|NFATC2|SYP,-2,0
1,-4.6,C0025990,M1,1,0,DisGeNET,35,Micrognathism,,-4.6,5.2,5.8,30182,586,100,10,10,3,60|546|860|4613|4853|7291|9949|55906|57492|374654,ACTB|ATRX|RUNX2|MYCN|NOTCH2|TWIST1|AMMECR1|ZC4H2|ARID1B|KIF7,-2,0
1,-4.6,C1853487,M1,1,0,DisGeNET,35,Thick eyebrow,,-4.6,15,8,30182,104,100,5,5,2.2,546|4853|5077|8289|57492,ATRX|NOTCH2|PAX3|ARID1A|ARID1B,-2,0
1,-4.6,C0856975,M1,1,0,DisGeNET,35,Autistic behavior,,-4.6,8.1,6.6,30182,261,100,7,7,2.6,6095|6855|7291|9758|57492|57502|84679,RORA|SYP|TWIST1|FRMPD4|ARID1B|NLGN4X|SLC9A7,-2,0
1,-4.6,C1258666,M1,1,0,DisGeNET,35,Myxoid cyst,,-4.6,14,7.9,30182,106,100,5,5,2.2,860|2551|4988|6855|54207,RUNX2|GABPA|OPRM1|SYP|KCNK10,-2,0
1,-4.5,C1860816,M1,1,0,DisGeNET,35,Preauricular skin tag,,-4.5,23,9.1,30182,53,100,4,4,2,257|7403|57492|374654,ALX3|KDM6A|ARID1B|KIF7,-2,0
1,-4.5,C0221355,M1,1,0,DisGeNET,35,Macrocephaly,,-4.5,6.6,6.2,30182,366,100,8,8,2.7,860|4853|6855|7291|9758|84679|254065|374654,RUNX2|NOTCH2|SYP|TWIST1|FRMPD4|SLC9A7|BRWD3|KIF7,-2,0
1,-4.5,C0235991,M1,1,0,DisGeNET,35,Small for gestational age (disorder),,-4.5,10,7,30182,181,100,6,6,2.4,60|6855|9758|57477|84679|90993,ACTB|SYP|FRMPD4|SHROOM4|SLC9A7|CREB3L1,-2,0
1,-4.5,C0393534,M1,1,0,DisGeNET,35,Paraneoplastic Cerebellar Degeneration,,-4.5,48,12,30182,19,100,3,3,1.7,238|1039|10488,ALK|CDR2|CREB3,-1.9,0
1,-4.5,C0158113,M1,1,0,DisGeNET,35,Contracture of joint of hand,,-4.5,22,9,30182,55,100,4,4,2,257|3663|5077|57449,ALX3|IRF5|PAX3|PLEKHG5,-1.9,0
1,-4.5,C0033377,M1,1,0,DisGeNET,35,Ptosis,,-4.5,5,5.7,30182,607,100,10,10,3,60|257|546|4094|5077|7291|7403|8289|55906|57492,ACTB|ALX3|ATRX|MAF|PAX3|TWIST1|KDM6A|ARID1A|ZC4H2|ARID1B,-1.9,0
1,-4.4,C0027092,M1,1,0,DisGeNET,35,Myopia,,-4.4,5.5,5.8,30182,490,100,9,9,2.9,546|1958|4094|4853|5465|5737|6667|9949|57492,ATRX|EGR1|MAF|NOTCH2|PPARA|PTGFR|SP1|AMMECR1|ARID1B,-1.9,0
1,-4.4,C0175754,M1,1,0,DisGeNET,35,Agenesis of corpus callosum,,-4.4,4.9,5.6,30182,615,100,10,10,3,60|257|546|4602|4603|6855|7291|7403|57492|374654,ACTB|ALX3|ATRX|MYB|MYBL1|SYP|TWIST1|KDM6A|ARID1B|KIF7,-1.9,0
1,-4.4,C0037274,M1,1,0,DisGeNET,35,Dermatologic disorders,,-4.4,4.9,5.6,30182,616,100,10,10,3,60|238|321|2534|2551|4929|4988|5465|6095|6869,ACTB|ALK|APBA2|FYN|GABPA|NR4A2|OPRM1|PPARA|RORA|TACR1,-1.9,0
1,-4.4,C0206718,M1,1,0,DisGeNET,35,Ganglioneuroblastoma,,-4.4,21,8.8,30182,57,100,4,4,2,60|238|1523|4613,ACTB|ALK|CUX1|MYCN,-1.9,0
1,-4.4,C1858036,M1,1,0,DisGeNET,35,Periorbital fullness,,-4.4,21,8.8,30182,57,100,4,4,2,6855|9758|57492|84679,SYP|FRMPD4|ARID1B|SLC9A7,-1.9,0
1,-4.4,C0011615,M1,1,0,DisGeNET,35,"Dermatitis, Atopic",,-4.4,4.4,5.5,30182,751,100,11,11,3.1,1523|2551|4088|4853|4988|5465|6095|6667|6869|6902|7291,CUX1|GABPA|SMAD3|NOTCH2|OPRM1|PPARA|RORA|SP1|TACR1|TBCA|TWIST1,-1.9,0
1,-4.4,C0740391,M1,1,0,DisGeNET,35,Middle Cerebral Artery Occlusion,,-4.4,4.8,5.6,30182,626,100,10,10,3,60|1958|2551|4929|4988|5465|6855|9372|23175|54207,ACTB|EGR1|GABPA|NR4A2|OPRM1|PPARA|SYP|ZFYVE9|LPIN1|KCNK10,-1.9,0
1,-4.3,C0278876,M1,1,0,DisGeNET,35,Adult Medulloblastoma,,-4.3,4.4,5.4,30182,762,100,11,11,3.1,60|238|1523|4088|4602|4613|5077|5465|6855|7403|25780,ACTB|ALK|CUX1|SMAD3|MYB|MYCN|PAX3|PPARA|SYP|KDM6A|RASGRP3,-1.9,0
1,-4.3,C0016202,M1,1,0,DisGeNET,35,Flatfoot,,-4.3,7.4,6.3,30182,285,100,7,7,2.6,546|4088|6855|9758|9949|84679|254065,ATRX|SMAD3|SYP|FRMPD4|AMMECR1|SLC9A7|BRWD3,-1.9,0
1,-4.3,C1845847,M1,1,0,DisGeNET,35,Coarse facial features,,-4.3,9.3,6.7,30182,194,100,6,6,2.4,60|546|3784|4853|8289|57492,ACTB|ATRX|KCNQ1|NOTCH2|ARID1A|ARID1B,-1.9,0
1,-4.3,C0003130,M1,1,0,DisGeNET,35,Anoxia,,-4.3,7.4,6.2,30182,287,100,7,7,2.6,60|860|1958|4088|6095|6667|7291,ACTB|RUNX2|EGR1|SMAD3|RORA|SP1|TWIST1,-1.8,0
1,-4.3,C0234985,M1,1,0,DisGeNET,35,Mental deterioration,,-4.3,5.3,5.7,30182,508,100,9,9,2.9,60|321|860|1958|2551|2786|4773|5465|6855,ACTB|APBA2|RUNX2|EGR1|GABPA|GNG4|NFATC2|PPARA|SYP,-1.8,0
1,-4.3,C0279550,M1,1,0,DisGeNET,35,Adult Rhabdomyosarcoma,,-4.3,5.3,5.7,30182,509,100,9,9,2.9,60|238|1958|2551|4613|5077|5465|6667|6855,ACTB|ALK|EGR1|GABPA|MYCN|PAX3|PPARA|SP1|SYP,-1.8,0
1,-4.3,C0023448,M1,1,0,DisGeNET,35,Lymphoid leukemia,,-4.3,7.3,6.2,30182,288,100,7,7,2.6,238|604|4613|4853|5465|79139|171017,ALK|BCL6|MYCN|NOTCH2|PPARA|DERL1|ZNF384,-1.8,0
1,-4.3,C0278510,M1,1,0,DisGeNET,35,Childhood Medulloblastoma,,-4.3,4.3,5.4,30182,771,100,11,11,3.1,60|238|1523|4088|4602|4613|5077|5465|6855|7403|25780,ACTB|ALK|CUX1|SMAD3|MYB|MYCN|PAX3|PPARA|SYP|KDM6A|RASGRP3,-1.8,0
1,-4.3,C2938924,M1,1,0,DisGeNET,35,Oestrogen receptor positive breast cancer,,-4.3,5.3,5.7,30182,510,100,9,9,2.9,60|257|604|1395|2534|2551|4602|6667|7291,ACTB|ALX3|BCL6|CRHR2|FYN|GABPA|MYB|SP1|TWIST1,-1.8,0
1,-4.3,C0272183,M1,1,0,DisGeNET,35,Qualitative abnormality of granulocyte,,-4.3,41,11,30182,22,100,3,3,1.7,60|1794|2551,ACTB|DOCK2|GABPA,-1.8,0
1,-4.3,C0278660,M1,1,0,DisGeNET,35,Adult Synovial Sarcoma,,-4.3,9.1,6.6,30182,198,100,6,6,2.4,238|546|1958|4613|5077|6855,ALK|ATRX|EGR1|MYCN|PAX3|SYP,-1.8,0
1,-4.3,C0279982,M1,1,0,DisGeNET,35,Childhood Synovial Sarcoma,,-4.3,9.1,6.6,30182,198,100,6,6,2.4,238|546|1958|4613|5077|6855,ALK|ATRX|EGR1|MYCN|PAX3|SYP,-1.8,0
1,-4.3,C0206656,M1,1,0,DisGeNET,35,Embryonal Rhabdomyosarcoma,,-4.3,12,7.3,30182,121,100,5,5,2.2,60|238|4613|5077|8289,ACTB|ALK|MYCN|PAX3|ARID1A,-1.8,0
1,-4.3,C0236736,M1,1,0,DisGeNET,35,Cocaine-Related Disorders,,-4.3,12,7.3,30182,121,100,5,5,2.2,860|1395|1958|4088|4988,RUNX2|CRHR2|EGR1|SMAD3|OPRM1,-1.8,0
1,-4.3,C1859778,M1,1,0,DisGeNET,35,Postnatal growth retardation,,-4.3,12,7.3,30182,121,100,5,5,2.2,60|546|7403|57492|374654,ACTB|ATRX|KDM6A|ARID1B|KIF7,-1.8,0
1,-4.3,C1739135,M1,1,0,DisGeNET,35,Progression of prostate cancer,,-4.3,6.1,5.9,30182,398,100,8,8,2.7,60|860|1958|2551|4088|4929|7291|7403,ACTB|RUNX2|EGR1|GABPA|SMAD3|NR4A2|TWIST1|KDM6A,-1.8,0
1,-4.2,C1961099,M1,1,0,DisGeNET,35,Precursor T-Cell Lymphoblastic Leukemia-Lymphoma,,-4.2,4.7,5.5,30182,644,100,10,10,3,60|604|860|2551|4088|4602|4613|4853|7403|55145,ACTB|BCL6|RUNX2|GABPA|SMAD3|MYB|MYCN|NOTCH2|KDM6A|THAP1,-1.8,0
1,-4.2,C0220611,M1,1,0,DisGeNET,35,Childhood Rhabdomyosarcoma,,-4.2,5.3,5.6,30182,517,100,9,9,2.9,60|238|1958|2551|4613|5077|5465|6667|6855,ACTB|ALK|EGR1|GABPA|MYCN|PAX3|PPARA|SP1|SYP,-1.8,0
1,-4.2,C1859717,M1,1,0,DisGeNET,35,Depressed nasal tip,,-4.2,39,11,30182,23,100,3,3,1.7,60|4613|7403,ACTB|MYCN|KDM6A,-1.8,0
1,-4.2,C0039101,M1,1,0,DisGeNET,35,synovial sarcoma,,-4.2,7.1,6.1,30182,299,100,7,7,2.6,238|546|604|1958|4613|5077|6855,ALK|ATRX|BCL6|EGR1|MYCN|PAX3|SYP,-1.8,0
1,-4.2,C0027794,M1,1,0,DisGeNET,35,Neural Tube Defects,,-4.2,6.9,6,30182,304,100,7,7,2.6,60|257|546|3784|5077|7403|8289,ACTB|ALX3|ATRX|KCNQ1|PAX3|KDM6A|ARID1A,-1.7,0
1,-4.1,C0598935,M1,1,0,DisGeNET,35,Tumor Initiation,,-4.1,5.1,5.5,30182,533,100,9,9,2.9,238|1523|2551|4613|4988|5465|7291|7403|8289,ALK|CUX1|GABPA|MYCN|OPRM1|PPARA|TWIST1|KDM6A|ARID1A,-1.7,0
1,-4.1,C0009363,M1,1,0,DisGeNET,35,Congenital ocular coloboma (disorder),,-4.1,12,7,30182,129,100,5,5,2.2,60|257|604|4094|7403,ACTB|ALX3|BCL6|MAF|KDM6A,-1.7,0
1,-4.1,C0279612,M1,1,0,DisGeNET,35,Childhood Embryonal Rhabdomyosarcoma,,-4.1,18,8,30182,67,100,4,4,2,60|238|4613|5077,ACTB|ALK|MYCN|PAX3,-1.7,0
1,-4.1,C0038436,M1,1,0,DisGeNET,35,Post-Traumatic Stress Disorder,,-4.1,5.8,5.7,30182,417,100,8,8,2.7,60|1395|1794|4988|5465|6095|6869|55906,ACTB|CRHR2|DOCK2|OPRM1|PPARA|RORA|TACR1|ZC4H2,-1.7,0
1,-4.1,C0238198,M1,1,0,DisGeNET,35,Gastrointestinal Stromal Tumors,,-4.1,5,5.5,30182,538,100,9,9,2.9,60|238|321|604|1523|2534|4613|7291|8289,ACTB|ALK|APBA2|BCL6|CUX1|FYN|MYCN|TWIST1|ARID1A,-1.7,0
1,-4.1,C0026499,M1,1,0,DisGeNET,35,Monosomy,,-4.1,8.5,6.3,30182,214,100,6,6,2.4,238|546|604|1958|7403|79139,ALK|ATRX|BCL6|EGR1|KDM6A|DERL1,-1.7,0
1,-4.1,C1849089,M1,1,0,DisGeNET,35,Broad forehead,,-4.1,11,6.9,30182,133,100,5,5,2.2,860|4853|7291|9949|374654,RUNX2|NOTCH2|TWIST1|AMMECR1|KIF7,-1.7,0
1,-4,C0001956,M1,1,0,DisGeNET,35,Alcohol Use Disorder,,-4,8.3,6.2,30182,218,100,6,6,2.4,60|238|4988|5465|6869|7291,ACTB|ALK|OPRM1|PPARA|TACR1|TWIST1,-1.7,0
1,-4,C0858252,M1,1,0,DisGeNET,35,Breast adenocarcinoma,,-4,8.3,6.2,30182,219,100,6,6,2.4,60|1958|4853|4988|8289|57492,ACTB|EGR1|NOTCH2|OPRM1|ARID1A|ARID1B,-1.7,0
1,-4,C1842366,M1,1,0,DisGeNET,35,Low anterior hairline,,-4,17,7.8,30182,71,100,4,4,2,4853|7291|8289|57492,NOTCH2|TWIST1|ARID1A|ARID1B,-1.7,0
1,-4,C1866134,M1,1,0,DisGeNET,35,Wide anterior fontanel,,-4,17,7.8,30182,71,100,4,4,2,546|7291|8289|374654,ATRX|TWIST1|ARID1A|KIF7,-1.7,0
1,-4,C0042834,M1,1,0,DisGeNET,35,Vital capacity,,-4,5.6,5.6,30182,430,100,8,8,2.7,860|4052|4088|6902|7291|10127|116988|162282,RUNX2|LTBP1|SMAD3|TBCA|TWIST1|ZNF263|AGAP3|ANKFN1,-1.7,0
1,-4,C0280216,M1,1,0,DisGeNET,35,"stage, neuroblastoma",,-4,34,9.8,30182,27,100,3,3,1.7,546|2534|4613,ATRX|FYN|MYCN,-1.7,0
1,-4,C4086158,M1,1,0,DisGeNET,35,Childhood Ganglioneuroblastoma,,-4,34,9.8,30182,27,100,3,3,1.7,60|238|4613,ACTB|ALK|MYCN,-1.7,0
1,-4,C0037221,M1,1,0,DisGeNET,35,Situs Inversus,,-4,11,6.7,30182,138,100,5,5,2.2,60|604|4988|5465|6667,ACTB|BCL6|OPRM1|PPARA|SP1,-1.7,0
1,-4,C0158731,M1,1,0,DisGeNET,35,Congenital pectus carinatum,,-4,11,6.7,30182,138,100,5,5,2.2,60|546|4088|4853|374654,ACTB|ATRX|SMAD3|NOTCH2|KIF7,-1.7,0
1,-4,C0086437,M1,1,0,DisGeNET,35,Joint laxity,,-4,8.1,6.1,30182,224,100,6,6,2.4,4088|4853|7403|9949|57492|90993,SMAD3|NOTCH2|KDM6A|AMMECR1|ARID1B|CREB3L1,-1.6,0
1,-4,C0019294,M1,1,0,DisGeNET,35,"Hernia, Inguinal",,-4,8,6.1,30182,225,100,6,6,2.4,546|2741|4088|4853|57492|374654,ATRX|GLRA1|SMAD3|NOTCH2|ARID1B|KIF7,-1.6,0
1,-4,C0279627,M1,1,0,DisGeNET,35,Adult Acute Myelomonocytic Leukemia,,-4,32,9.6,30182,28,100,3,3,1.7,238|4602|79139,ALK|MYB|DERL1,-1.6,0
1,-4,C0279644,M1,1,0,DisGeNET,35,Childhood Acute Myelomonocytic Leukemia,,-4,32,9.6,30182,28,100,3,3,1.7,238|4602|79139,ALK|MYB|DERL1,-1.6,0
1,-3.9,C0042133,M1,1,0,DisGeNET,35,Uterine Fibroids,,-3.9,4.8,5.2,30182,569,100,9,9,2.9,60|238|604|1523|1958|4052|4088|6855|6869,ACTB|ALK|BCL6|CUX1|EGR1|LTBP1|SMAD3|SYP|TACR1,-1.6,0
1,-3.9,C1839798,M1,1,0,DisGeNET,35,Long nose,,-3.9,31,9.4,30182,29,100,3,3,1.7,60|4853|7291,ACTB|NOTCH2|TWIST1,-1.6,0
1,-3.9,C1849699,M1,1,0,DisGeNET,35,Progesterone Resistance,,-3.9,31,9.4,30182,29,100,3,3,1.7,604|8289|90993,BCL6|ARID1A|CREB3L1,-1.6,0
1,-3.9,C4021801,M1,1,0,DisGeNET,35,Lacrimation abnormality,,-3.9,31,9.4,30182,29,100,3,3,1.7,5077|8289|57492,PAX3|ARID1A|ARID1B,-1.6,0
1,-3.9,C0080174,M1,1,0,DisGeNET,35,Spina Bifida Occulta,,-3.9,16,7.5,30182,76,100,4,4,2,60|860|8289|57492,ACTB|RUNX2|ARID1A|ARID1B,-1.6,0
1,-3.9,C0085281,M1,1,0,DisGeNET,35,Addictive Behavior,,-3.9,6.4,5.7,30182,332,100,7,7,2.6,60|238|2551|4602|4929|4988|6869,ACTB|ALK|GABPA|MYB|NR4A2|OPRM1|TACR1,-1.6,0
1,-3.9,C3900098,M1,1,0,DisGeNET,35,Adult Myelodysplastic Syndrome,,-3.9,6.4,5.7,30182,332,100,7,7,2.6,238|546|1958|4602|7291|79139|128553,ALK|ATRX|EGR1|MYB|TWIST1|DERL1|TSHZ2,-1.6,0
1,-3.9,C0278488,M1,1,0,DisGeNET,35,Carcinoma breast stage IV,,-3.9,4.7,5.2,30182,573,100,9,9,2.9,60|238|860|4088|4773|5737|7291|10488|90993,ACTB|ALK|RUNX2|SMAD3|NFATC2|PTGFR|TWIST1|CREB3|CREB3L1,-1.6,0
1,-3.9,C0346957,M1,1,0,DisGeNET,35,Disseminated Malignant Neoplasm,,-3.9,7.8,6,30182,232,100,6,6,2.4,60|238|860|4088|5077|7291,ACTB|ALK|RUNX2|SMAD3|PAX3|TWIST1,-1.6,0
1,-3.9,C0221210,M1,1,0,DisGeNET,35,Congenital malrotation of intestine,,-3.9,16,7.4,30182,77,100,4,4,2,4853|7403|57492|374654,NOTCH2|KDM6A|ARID1B|KIF7,-1.6,0
1,-3.9,C2347761,M1,1,0,DisGeNET,35,Childhood Myelodysplastic Syndrome,,-3.9,6.3,5.6,30182,335,100,7,7,2.6,238|546|1958|4602|7291|79139|128553,ALK|ATRX|EGR1|MYB|TWIST1|DERL1|TSHZ2,-1.6,0
1,-3.9,C0026010,M1,1,0,DisGeNET,35,Microphthalmos,,-3.9,6.3,5.6,30182,337,100,7,7,2.6,60|257|1958|5077|6855|30812|374654,ACTB|ALX3|EGR1|PAX3|SYP|SOX8|KIF7,-1.6,0
1,-3.9,C1306503,M1,1,0,DisGeNET,35,Congenital exomphalos,,-3.9,7.7,6,30182,235,100,6,6,2.4,546|2741|4088|4853|57492|374654,ATRX|GLRA1|SMAD3|NOTCH2|ARID1B|KIF7,-1.6,0
1,-3.9,C1333015,M1,1,0,DisGeNET,35,Childhood Kidney Wilms Tumor,,-3.9,6.3,5.6,30182,338,100,7,7,2.6,238|1958|2551|3784|4613|5077|29119,ALK|EGR1|GABPA|KCNQ1|MYCN|PAX3|CTNNA3,-1.6,0
1,-3.9,C4021790,M1,1,0,DisGeNET,35,Abnormality of the skeletal system,,-3.9,10,6.5,30182,148,100,5,5,2.2,1750|4088|4773|9949|57492,DLX6|SMAD3|NFATC2|AMMECR1|ARID1B,-1.6,0
1,-3.9,C0042025,M1,1,0,DisGeNET,35,Urinary Stress Incontinence,,-3.9,15,7.3,30182,79,100,4,4,2,2551|4052|4088|6667,GABPA|LTBP1|SMAD3|SP1,-1.6,0
1,-3.8,C0152459,M1,1,0,DisGeNET,35,Linear atrophy,,-3.8,10,6.4,30182,149,100,5,5,2.2,2551|3784|4088|5077|6855,GABPA|KCNQ1|SMAD3|PAX3|SYP,-1.6,0
1,-3.8,C0010417,M1,1,0,DisGeNET,35,Cryptorchidism,,-3.8,4.2,5,30182,725,100,10,10,3,60|546|3784|4853|7291|7403|8289|57492|254065|374654,ACTB|ATRX|KCNQ1|NOTCH2|TWIST1|KDM6A|ARID1A|ARID1B|BRWD3|KIF7,-1.5,0
1,-3.8,C0206694,M1,1,0,DisGeNET,35,Mucoepidermoid Carcinoma,,-3.8,9.9,6.3,30182,153,100,5,5,2.2,2551|4602|4929|7291|51564,GABPA|MYB|NR4A2|TWIST1|HDAC7,-1.5,0
1,-3.8,C4021620,M1,1,0,DisGeNET,35,Clinodactyly of the 2nd toe,,-3.8,28,8.9,30182,32,100,3,3,1.7,6855|9758|84679,SYP|FRMPD4|SLC9A7,-1.5,0
1,-3.8,C0279070,M1,1,0,DisGeNET,35,Adult Oligodendroglioma,,-3.8,9.8,6.3,30182,154,100,5,5,2.2,60|546|4853|6855|79139,ACTB|ATRX|NOTCH2|SYP|DERL1,-1.5,0
1,-3.8,C0280475,M1,1,0,DisGeNET,35,Childhood Oligodendroglioma,,-3.8,9.8,6.3,30182,154,100,5,5,2.2,60|546|4853|6855|79139,ACTB|ATRX|NOTCH2|SYP|DERL1,-1.5,0
1,-3.8,C0521158,M1,1,0,DisGeNET,35,Recurrent tumor,,-3.8,4.1,4.9,30182,735,100,10,10,3,60|238|546|604|2551|4088|4613|5077|6855|171017,ACTB|ALK|ATRX|BCL6|GABPA|SMAD3|MYCN|PAX3|SYP|ZNF384,-1.5,0
1,-3.8,C1853738,M1,1,0,DisGeNET,35,Long eyelashes,,-3.8,15,7.1,30182,83,100,4,4,2,4853|7403|8289|57492,NOTCH2|KDM6A|ARID1A|ARID1B,-1.5,0
1,-3.7,C1704376,M1,1,0,DisGeNET,35,Uterine Corpus Carcinosarcoma,,-3.7,27,8.8,30182,33,100,3,3,1.7,238|7291|8289,ALK|TWIST1|ARID1A,-1.5,0
1,-3.7,C0008073,M1,1,0,DisGeNET,35,Developmental Disabilities,,-3.7,6,5.4,30182,355,100,7,7,2.6,60|546|604|3784|4929|7291|57492,ACTB|ATRX|BCL6|KCNQ1|NR4A2|TWIST1|ARID1B,-1.5,0
1,-3.7,C0857379,M1,1,0,DisGeNET,35,Abnormality of the pinna,,-3.7,14,7,30182,85,100,4,4,2,8289|9758|57492|374654,ARID1A|FRMPD4|ARID1B|KIF7,-1.5,0
1,-3.7,C4551570,M1,1,0,DisGeNET,35,2-3 toe syndactyly,,-3.7,14,7,30182,85,100,4,4,2,4613|6855|9758|84679,MYCN|SYP|FRMPD4|SLC9A7,-1.5,0
1,-3.7,C0007130,M1,1,0,DisGeNET,35,Mucinous Adenocarcinoma,,-3.7,9.5,6.2,30182,159,100,5,5,2.2,238|4052|4088|7291|8289,ALK|LTBP1|SMAD3|TWIST1|ARID1A,-1.5,0
1,-3.7,C0000772,M1,1,0,DisGeNET,35,Multiple congenital anomalies,,-3.7,7.2,5.7,30182,251,100,6,6,2.4,60|546|7403|55906|57492|374654,ACTB|ATRX|KDM6A|ZC4H2|ARID1B|KIF7,-1.5,0
1,-3.7,C4024664,M1,1,0,DisGeNET,35,Moderate sensorineural hearing impairment,,-3.7,27,8.6,30182,34,100,3,3,1.7,6855|9758|84679,SYP|FRMPD4|SLC9A7,-1.5,0
1,-3.7,C0020295,M1,1,0,DisGeNET,35,Hydronephrosis,,-3.7,7.2,5.7,30182,253,100,6,6,2.4,60|546|1958|7403|8289|57492,ACTB|ATRX|EGR1|KDM6A|ARID1A|ARID1B,-1.4,0
1,-3.7,C0020676,M1,1,0,DisGeNET,35,Hypothyroidism,,-3.7,4.4,4.9,30182,613,100,9,9,2.9,60|604|1958|2534|3663|3784|5465|6095|57492,ACTB|BCL6|EGR1|FYN|IRF5|KCNQ1|PPARA|RORA|ARID1B,-1.4,0
1,-3.7,C4086152,M1,1,0,DisGeNET,35,Childhood Astrocytoma,,-3.7,4.4,4.9,30182,615,100,9,9,2.9,60|238|546|1958|4613|5077|6667|6869|7291,ACTB|ALK|ATRX|EGR1|MYCN|PAX3|SP1|TACR1|TWIST1,-1.4,0
1,-3.7,C0008626,M1,1,0,DisGeNET,35,Congenital chromosomal disease,,-3.7,4,4.8,30182,757,100,10,10,3,60|238|604|860|4613|4988|7291|8289|79139|171017,ACTB|ALK|BCL6|RUNX2|MYCN|OPRM1|TWIST1|ARID1A|DERL1|ZNF384,-1.4,0
1,-3.7,C0017075,M1,1,0,DisGeNET,35,Ganglioneuroma,,-3.7,14,6.9,30182,88,100,4,4,2,238|1523|4613|6855,ALK|CUX1|MYCN|SYP,-1.4,0
1,-3.7,C0271994,M1,1,0,DisGeNET,35,Hereditary persistence of fetal hemoglobin thalassemia,,-3.7,26,8.5,30182,35,100,3,3,1.7,1523|6667|57492,CUX1|SP1|ARID1B,-1.4,0
1,-3.7,C1720164,M1,1,0,DisGeNET,35,Central corneal thickness,,-3.7,26,8.5,30182,35,100,3,3,1.7,860|4052|4088,RUNX2|LTBP1|SMAD3,-1.4,0
1,-3.7,C1846151,M1,1,0,DisGeNET,35,Widened subarachnoid space,,-3.7,26,8.5,30182,35,100,3,3,1.7,6855|9758|84679,SYP|FRMPD4|SLC9A7,-1.4,0
1,-3.7,C4021538,M1,1,0,DisGeNET,35,Mild neurosensory hearing impairment,,-3.7,26,8.5,30182,35,100,3,3,1.7,6855|9758|84679,SYP|FRMPD4|SLC9A7,-1.4,0
1,-3.7,C0334583,M1,1,0,DisGeNET,35,Pilocytic Astrocytoma,,-3.7,9.3,6.1,30182,163,100,5,5,2.2,546|4602|4853|7291|9480,ATRX|MYB|NOTCH2|TWIST1|ONECUT2,-1.4,0
1,-3.7,C0346429,M1,1,0,DisGeNET,35,Multiple malignancy,,-3.7,9.3,6.1,30182,163,100,5,5,2.2,1958|4605|4613|6667|7291,EGR1|MYBL2|MYCN|SP1|TWIST1,-1.4,0
1,-3.7,C0029410,M1,1,0,DisGeNET,35,Osteoarthritis of hip,,-3.7,9.2,6.1,30182,164,100,5,5,2.2,860|4052|4088|6667|7291,RUNX2|LTBP1|SMAD3|SP1|TWIST1,-1.4,0
1,-3.7,C0036220,M1,1,0,DisGeNET,35,Kaposi Sarcoma,,-3.7,4.9,5.1,30182,488,100,8,8,2.7,60|321|604|1958|2551|3663|4773|7403,ACTB|APBA2|BCL6|EGR1|GABPA|IRF5|NFATC2|KDM6A,-1.4,0
1,-3.6,C0030421,M1,1,0,DisGeNET,35,Paraganglioma,,-3.6,9.1,6,30182,165,100,5,5,2.2,546|5465|6855|7291|57502,ATRX|PPARA|SYP|TWIST1|NLGN4X,-1.4,0
1,-3.6,C0409959,M1,1,0,DisGeNET,35,"Osteoarthritis, Knee",,-3.6,5.7,5.3,30182,368,100,7,7,2.6,860|4052|4088|5465|6869|7291|51564,RUNX2|LTBP1|SMAD3|PPARA|TACR1|TWIST1|HDAC7,-1.4,0
1,-3.6,C2931852,M1,1,0,DisGeNET,35,Clear-cell metastatic renal cell carcinoma,,-3.6,7,5.6,30182,260,100,6,6,2.4,238|1039|1523|7291|7403|79745,ALK|CDR2|CUX1|TWIST1|KDM6A|CLIP4,-1.4,0
1,-3.6,C0027796,M1,1,0,DisGeNET,35,Neuralgia,,-3.6,3.9,4.7,30182,767,100,10,10,3,2551|3663|4988|6095|6667|6869|6902|7291|23175|54207,GABPA|IRF5|OPRM1|RORA|SP1|TACR1|TBCA|TWIST1|LPIN1|KCNK10,-1.4,0
1,-3.6,C0206716,M1,1,0,DisGeNET,35,Ganglioglioma,,-3.6,13,6.8,30182,91,100,4,4,2,238|4603|5077|6855,ALK|MYBL1|PAX3|SYP,-1.4,0
1,-3.6,C0349632,M1,1,0,DisGeNET,35,Splenic Marginal Zone B-Cell Lymphoma,,-3.6,13,6.7,30182,93,100,4,4,2,604|3663|4853|8289,BCL6|IRF5|NOTCH2|ARID1A,-1.4,0
1,-3.6,C0149778,M1,1,0,DisGeNET,35,Soft Tissue Infection,,-3.6,24,8.1,30182,38,100,3,3,1.7,9372|90993|92521,ZFYVE9|CREB3L1|SPECC1,-1.4,0
1,-3.6,C0266061,M1,1,0,DisGeNET,35,Open Bite,,-3.6,24,8.1,30182,38,100,3,3,1.7,860|4853|7291,RUNX2|NOTCH2|TWIST1,-1.4,0
1,-3.6,C1332969,M1,1,0,DisGeNET,35,Childhood Ganglioglioma,,-3.6,24,8.1,30182,38,100,3,3,1.7,238|4603|5077,ALK|MYBL1|PAX3,-1.4,0
1,-3.6,C2713368,M1,1,0,DisGeNET,35,Hematopoetic Myelodysplasia,,-3.6,24,8.1,30182,38,100,3,3,1.7,546|1958|4605,ATRX|EGR1|MYBL2,-1.4,0
1,-3.6,C0026034,M1,1,0,DisGeNET,35,Microstomia,,-3.6,8.8,5.9,30182,172,100,5,5,2.2,4094|4853|5077|7291|9949,MAF|NOTCH2|PAX3|TWIST1|AMMECR1,-1.4,0
1,-3.6,C0278883,M1,1,0,DisGeNET,35,Metastatic melanoma,,-3.6,4.8,4.9,30182,504,100,8,8,2.7,60|238|2534|4773|5077|6095|6667|7291,ACTB|ALK|FYN|NFATC2|PAX3|RORA|SP1|TWIST1,-1.4,0
1,-3.6,C0025362,M1,1,0,DisGeNET,35,Mental Retardation,,-3.6,4.8,4.9,30182,505,100,8,8,2.7,60|546|5077|7291|23229|57477|57502|374654,ACTB|ATRX|PAX3|TWIST1|ARHGEF9|SHROOM4|NLGN4X|KIF7,-1.4,0
1,-3.5,C0043194,M1,1,0,DisGeNET,35,Wiskott-Aldrich Syndrome,,-3.5,13,6.6,30182,95,100,4,4,2,60|604|4773|6855,ACTB|BCL6|NFATC2|SYP,-1.4,0
1,-3.5,C4551583,M1,1,0,DisGeNET,35,Cerebral cortical atrophy,,-3.5,6.7,5.4,30182,271,100,6,6,2.4,546|2534|5521|6855|7403|9758,ATRX|FYN|PPP2R2B|SYP|KDM6A|FRMPD4,-1.4,0
1,-3.5,C1857949,M1,1,0,DisGeNET,35,Prominent metopic ridge,,-3.5,23,8,30182,39,100,3,3,1.7,60|3784|7291,ACTB|KCNQ1|TWIST1,-1.4,0
1,-3.5,C0149678,M1,1,0,DisGeNET,35,Epstein-Barr Virus Infections,,-3.5,5.5,5.1,30182,384,100,7,7,2.6,60|238|604|1958|2551|3663|8289,ACTB|ALK|BCL6|EGR1|GABPA|IRF5|ARID1A,-1.4,0
1,-3.5,C0021704,M1,1,0,DisGeNET,35,Intelligence,,-3.5,4.2,4.8,30182,645,100,9,9,2.9,1523|1794|6095|9372|29119|57492|79745|83473|100129460,CUX1|DOCK2|RORA|ZFYVE9|CTNNA3|ARID1B|CLIP4|KATNAL2|DPY19L1P1,-1.4,0
1,-3.5,C0086743,M1,1,0,DisGeNET,35,Osteoarthrosis Deformans,,-3.5,13,6.5,30182,96,100,4,4,2,60|860|2551|4088,ACTB|RUNX2|GABPA|SMAD3,-1.4,0
1,-3.5,C0266295,M1,1,0,DisGeNET,35,Congenital hypoplasia of kidney,,-3.5,13,6.5,30182,96,100,4,4,2,546|4853|30812|57492,ATRX|NOTCH2|SOX8|ARID1B,-1.4,0
1,-3.5,C0038868,M1,1,0,DisGeNET,35,Progressive supranuclear palsy,,-3.5,8.6,5.8,30182,176,100,5,5,2.2,860|2551|4929|6667|92521,RUNX2|GABPA|NR4A2|SP1|SPECC1,-1.4,0
1,-3.5,C4551488,M1,1,0,DisGeNET,35,Bifid uvula,,-3.5,12,6.5,30182,97,100,4,4,2,4088|8289|9949|374654,SMAD3|ARID1A|AMMECR1|KIF7,-1.4,0
1,-3.5,C4021608,M1,1,0,DisGeNET,35,Shortening of all distal phalanges of the fingers,,-3.5,23,7.9,30182,40,100,3,3,1.7,6855|9758|84679,SYP|FRMPD4|SLC9A7,-1.3,0
1,-3.5,C0278704,M1,1,0,DisGeNET,35,Malignant Childhood Neoplasm,,-3.5,8.4,5.7,30182,179,100,5,5,2.2,238|4613|5077|8289|57492,ALK|MYCN|PAX3|ARID1A|ARID1B,-1.3,0
1,-3.5,C0028259,M1,1,0,DisGeNET,35,Nodule,,-3.5,6.5,5.3,30182,278,100,6,6,2.4,60|238|604|860|1039|4613,ACTB|ALK|BCL6|RUNX2|CDR2|MYCN,-1.3,0
1,-3.5,C0578038,M1,1,0,DisGeNET,35,Thin lips,,-3.5,12,6.4,30182,99,100,4,4,2,60|860|4853|9949,ACTB|RUNX2|NOTCH2|AMMECR1,-1.3,0
1,-3.5,C4725671,M1,1,0,DisGeNET,35,High-Risk Neuroblastoma,,-3.5,12,6.4,30182,99,100,4,4,2,238|546|4613|8289,ALK|ATRX|MYCN|ARID1A,-1.3,0
1,-3.5,C0220650,M1,1,0,DisGeNET,35,Metastatic malignant neoplasm to brain,,-3.5,5.4,5,30182,392,100,7,7,2.6,60|238|604|1958|2551|4088|5077,ACTB|ALK|BCL6|EGR1|GABPA|SMAD3|PAX3,-1.3,0
1,-3.5,C0019158,M1,1,0,DisGeNET,35,Hepatitis,,-3.5,4.1,4.7,30182,656,100,9,9,2.9,60|321|1523|2551|3663|4088|4613|4988|5465,ACTB|APBA2|CUX1|GABPA|IRF5|SMAD3|MYCN|OPRM1|PPARA,-1.3,0
1,-3.5,C0280630,M1,1,0,DisGeNET,35,Uterine Carcinosarcoma,,-3.5,22,7.8,30182,41,100,3,3,1.7,238|7291|8289,ALK|TWIST1|ARID1A,-1.3,0
1,-3.5,C0496956,M1,1,0,DisGeNET,35,Neoplasm of uncertain or unknown behavior of breast,,-3.5,22,7.8,30182,41,100,3,3,1.7,4853|8289|57492,NOTCH2|ARID1A|ARID1B,-1.3,0
1,-3.5,C0750979,M1,1,0,DisGeNET,35,Primary malignant neoplasm of brain,,-3.5,22,7.8,30182,41,100,3,3,1.7,238|546|2551,ALK|ATRX|GABPA,-1.3,0
1,-3.4,C0001815,M1,1,0,DisGeNET,35,Primary Myelofibrosis,,-3.4,6.4,5.3,30182,282,100,6,6,2.4,60|1523|2551|4602|4929|79139,ACTB|CUX1|GABPA|MYB|NR4A2|DERL1,-1.3,0
1,-3.4,C0206623,M1,1,0,DisGeNET,35,Adenosquamous carcinoma,,-3.4,12,6.4,30182,101,100,4,4,2,238|1523|4929|8289,ALK|CUX1|NR4A2|ARID1A,-1.3,0
1,-3.4,C0740457,M1,1,0,DisGeNET,35,Malignant neoplasm of kidney,,-3.4,4.1,4.6,30182,664,100,9,9,2.9,60|860|1039|1958|2551|4602|6095|7403|8289,ACTB|RUNX2|CDR2|EGR1|GABPA|MYB|RORA|KDM6A|ARID1A,-1.3,0
1,-3.4,C4021792,M1,1,0,DisGeNET,35,Abnormality of the clavicle,,-3.4,22,7.7,30182,42,100,3,3,1.7,8289|57492|374654,ARID1A|ARID1B|KIF7,-1.3,0
1,-3.4,C1378703,M1,1,0,DisGeNET,35,Renal carcinoma,,-3.4,4.1,4.6,30182,665,100,9,9,2.9,238|860|1039|1958|2551|4602|6095|7403|8289,ALK|RUNX2|CDR2|EGR1|GABPA|MYB|RORA|KDM6A|ARID1A,-1.3,0
1,-3.4,C0686377,M1,1,0,DisGeNET,35,CNS metastases,,-3.4,12,6.3,30182,102,100,4,4,2,238|1607|4613|116988,ALK|DGKB|MYCN|AGAP3,-1.3,0
1,-3.4,C0206663,M1,1,0,DisGeNET,35,"Neuroectodermal Tumor, Primitive",,-3.4,8.2,5.6,30182,184,100,5,5,2.2,546|1523|4613|4853|6855,ATRX|CUX1|MYCN|NOTCH2|SYP,-1.3,0
1,-3.4,C0009081,M1,1,0,DisGeNET,35,Congenital clubfoot,,-3.4,6.4,5.2,30182,285,100,6,6,2.4,546|4853|8289|55906|57449|57477,ATRX|NOTCH2|ARID1A|ZC4H2|PLEKHG5|SHROOM4,-1.3,0
1,-3.4,C4521042,M1,1,0,DisGeNET,35,Complete Trisomy 21 Syndrome,,-3.4,4.1,4.6,30182,668,100,9,9,2.9,60|604|2534|2551|4773|4929|6855|7291|79139,ACTB|BCL6|FYN|GABPA|NFATC2|NR4A2|SYP|TWIST1|DERL1,-1.3,0
1,-3.4,C0022116,M1,1,0,DisGeNET,35,Ischemia,,-3.4,12,6.3,30182,103,100,4,4,2,1395|1958|6667|57492,CRHR2|EGR1|SP1|ARID1B,-1.3,0
1,-3.4,C0751265,M1,1,0,DisGeNET,35,Learning Disabilities,,-3.4,12,6.3,30182,103,100,4,4,2,257|6855|7291|57502,ALX3|SYP|TWIST1|NLGN4X,-1.3,0
1,-3.4,C3544205,M1,1,0,DisGeNET,35,Ovarian clear cell carcinoma,,-3.4,12,6.3,30182,103,100,4,4,2,60|6667|8289|57492,ACTB|SP1|ARID1A|ARID1B,-1.3,0
1,-3.4,C0221356,M1,1,0,DisGeNET,35,Brachycephaly,,-3.4,8.1,5.6,30182,186,100,5,5,2.2,546|860|4094|7291|57492,ATRX|RUNX2|MAF|TWIST1|ARID1B,-1.3,0
1,-3.4,C0281508,M1,1,0,DisGeNET,35,Desmoplastic Small Round Cell Tumor,,-3.4,21,7.6,30182,43,100,3,3,1.7,4773|5077|7291,NFATC2|PAX3|TWIST1,-1.3,0
1,-3.4,C1827293,M1,1,0,DisGeNET,35,"Carcinoma of urinary bladder, invasive",,-3.4,6.3,5.2,30182,287,100,6,6,2.4,1958|4088|4853|7403|8289|79139,EGR1|SMAD3|NOTCH2|KDM6A|ARID1A|DERL1,-1.3,0
1,-3.4,C0013146,M1,1,0,DisGeNET,35,Drug abuse,,-3.4,5.2,4.9,30182,404,100,7,7,2.6,60|1395|2551|4988|6095|6869|29119,ACTB|CRHR2|GABPA|OPRM1|RORA|TACR1|CTNNA3,-1.3,0
1,-3.4,C0038220,M1,1,0,DisGeNET,35,Status Epilepticus,,-3.4,4.5,4.7,30182,533,100,8,8,2.7,60|1958|2551|6667|6855|6869|9372|54207,ACTB|EGR1|GABPA|SP1|SYP|TACR1|ZFYVE9|KCNK10,-1.3,0
1,-3.4,C0521525,M1,1,0,DisGeNET,35,Short neck,,-3.4,6.3,5.2,30182,288,100,6,6,2.4,60|546|4853|9949|55906|374654,ACTB|ATRX|NOTCH2|AMMECR1|ZC4H2|KIF7,-1.3,0
1,-3.4,C0033375,M1,1,0,DisGeNET,35,Prolactinoma,,-3.4,8.1,5.6,30182,187,100,5,5,2.2,1958|4088|4613|5465|55906,EGR1|SMAD3|MYCN|PPARA|ZC4H2,-1.3,0
1,-3.4,C1535926,M1,1,0,DisGeNET,35,Neurodevelopmental Disorders,,-3.4,4.5,4.7,30182,534,100,8,8,2.7,60|4929|6855|23229|57477|57492|57502|83473,ACTB|NR4A2|SYP|ARHGEF9|SHROOM4|ARID1B|NLGN4X|KATNAL2,-1.3,0
1,-3.4,C0042345,M1,1,0,DisGeNET,35,Varicosity,,-3.4,8,5.6,30182,188,100,5,5,2.2,4088|4773|4988|6855|51564,SMAD3|NFATC2|OPRM1|SYP|HDAC7,-1.3,0
1,-3.4,C0023479,M1,1,0,DisGeNET,35,Acute myelomonocytic leukemia,,-3.4,11,6.2,30182,105,100,4,4,2,238|860|4602|79139,ALK|RUNX2|MYB|DERL1,-1.3,0
1,-3.4,C1840077,M1,1,0,DisGeNET,35,Anteverted nostril,,-3.4,5.2,4.9,30182,407,100,7,7,2.6,60|546|4613|4853|8289|9949|55906,ACTB|ATRX|MYCN|NOTCH2|ARID1A|AMMECR1|ZC4H2,-1.3,0
1,-3.4,C0018777,M1,1,0,DisGeNET,35,Conductive hearing loss,,-3.4,6.2,5.2,30182,291,100,6,6,2.4,257|4853|7291|7403|90993|374654,ALX3|NOTCH2|TWIST1|KDM6A|CREB3L1|KIF7,-1.3,0
1,-3.4,C1411966,M1,1,0,DisGeNET,35,Clostridium; difficile (disorder),,-3.4,11,6.2,30182,106,100,4,4,2,60|1395|2534|6869,ACTB|CRHR2|FYN|TACR1,-1.3,0
1,-3.4,C0023493,M1,1,0,DisGeNET,35,Adult T-Cell Lymphoma/Leukemia,,-3.4,4.5,4.7,30182,540,100,8,8,2.7,60|238|604|1523|1958|2534|4088|4602,ACTB|ALK|BCL6|CUX1|EGR1|FYN|SMAD3|MYB,-1.3,0
1,-3.4,C0018790,M1,1,0,DisGeNET,35,Cardiac Arrest,,-3.4,5.1,4.9,30182,411,100,7,7,2.6,60|2551|3784|4602|4613|5521|6855,ACTB|GABPA|KCNQ1|MYB|MYCN|PPP2R2B|SYP,-1.3,0
1,-3.4,C3494422,M1,1,0,DisGeNET,35,Retrognathia,,-3.4,7.9,5.5,30182,191,100,5,5,2.2,60|4088|9758|55906|374654,ACTB|SMAD3|FRMPD4|ZC4H2|KIF7,-1.3,0
1,-3.3,C1328504,M1,1,0,DisGeNET,35,Hormone refractory prostate cancer,,-3.3,4,4.5,30182,683,100,9,9,2.9,860|1958|4605|4613|4929|6667|6855|7291|7403,RUNX2|EGR1|MYBL2|MYCN|NR4A2|SP1|SYP|TWIST1|KDM6A,-1.3,0
1,-3.3,C2931498,M1,1,0,DisGeNET,35,"Mental Retardation, X-Linked 1",,-3.3,20,7.4,30182,45,100,3,3,1.7,6855|9758|84679,SYP|FRMPD4|SLC9A7,-1.3,0
1,-3.3,C1319315,M1,1,0,DisGeNET,35,Adenocarcinoma of large intestine,,-3.3,4.4,4.7,30182,543,100,8,8,2.7,238|860|1395|1523|4088|5465|6855|23007,ALK|RUNX2|CRHR2|CUX1|SMAD3|PPARA|SYP|PLCH1,-1.3,0
1,-3.3,C2973725,M1,1,0,DisGeNET,35,Pulmonary arterial hypertension,,-3.3,5.1,4.9,30182,413,100,7,7,2.6,60|860|1958|3663|4088|4773|7291,ACTB|RUNX2|EGR1|IRF5|SMAD3|NFATC2|TWIST1,-1.3,0
1,-3.3,C0007785,M1,1,0,DisGeNET,35,Cerebral Infarction,,-3.3,4,4.5,30182,687,100,9,9,2.9,60|1523|2551|4088|4613|4929|4988|6667|6855,ACTB|CUX1|GABPA|SMAD3|MYCN|NR4A2|OPRM1|SP1|SYP,-1.3,0
1,-3.3,C1397307,M1,1,0,DisGeNET,35,Cardiac fibrosis,,-3.3,6.1,5.1,30182,297,100,6,6,2.4,60|2551|4088|4853|5465|6869,ACTB|GABPA|SMAD3|NOTCH2|PPARA|TACR1,-1.3,0
1,-3.3,C0016667,M1,1,0,DisGeNET,35,Fragile X Syndrome,,-3.3,7.8,5.5,30182,194,100,5,5,2.2,60|2551|5077|7291|23229,ACTB|GABPA|PAX3|TWIST1|ARHGEF9,-1.3,0
1,-3.3,C4551683,M1,1,0,DisGeNET,35,Adrenal Gland Pheochromocytoma,,-3.3,5.1,4.8,30182,416,100,7,7,2.6,60|546|4613|6855|7291|8289|57502,ACTB|ATRX|MYCN|SYP|TWIST1|ARID1A|NLGN4X,-1.3,0
1,-3.3,C0023896,M1,1,0,DisGeNET,35,Alcoholic Liver Diseases,,-3.3,7.7,5.4,30182,195,100,5,5,2.2,60|1958|2551|5465|8289,ACTB|EGR1|GABPA|PPARA|ARID1A,-1.2,0
1,-3.3,C0860603,M1,1,0,DisGeNET,35,Anxiety symptoms,,-3.3,11,6,30182,110,100,4,4,2,5465|6869|6902|90993,PPARA|TACR1|TBCA|CREB3L1,-1.2,0
1,-3.3,C1842937,M1,1,0,DisGeNET,35,"AURAL ATRESIA, CONGENITAL",,-3.3,11,6,30182,110,100,4,4,2,60|4088|5465|7291,ACTB|SMAD3|PPARA|TWIST1,-1.2,0
1,-3.3,C0008370,M1,1,0,DisGeNET,35,Cholestasis,,-3.3,5,4.8,30182,420,100,7,7,2.6,60|1958|2551|4094|4853|4988|5465,ACTB|EGR1|GABPA|MAF|NOTCH2|OPRM1|PPARA,-1.2,0
1,-3.3,C1527304,M1,1,0,DisGeNET,35,Allergic Reaction,,-3.3,7.7,5.4,30182,197,100,5,5,2.2,4088|4773|6095|51564|57492,SMAD3|NFATC2|RORA|HDAC7|ARID1B,-1.2,0
1,-3.3,C0010034,M1,1,0,DisGeNET,35,Corneal Diseases,,-3.3,19,7.2,30182,47,100,3,3,1.7,60|2551|4088,ACTB|GABPA|SMAD3,-1.2,0
1,-3.3,C0279751,M1,1,0,DisGeNET,35,Adenoid cystic carcinoma of salivary gland,,-3.3,19,7.2,30182,47,100,3,3,1.7,238|4602|4603,ALK|MYB|MYBL1,-1.2,0
1,-3.3,C2215101,M1,1,0,DisGeNET,35,Acute cerebral ischemia,,-3.3,19,7.2,30182,47,100,3,3,1.7,4929|7291|54207,NR4A2|TWIST1|KCNK10,-1.2,0
1,-3.3,C3472614,M1,1,0,DisGeNET,35,Plasmablastic lymphoma,,-3.3,19,7.2,30182,47,100,3,3,1.7,238|604|4088,ALK|BCL6|SMAD3,-1.2,0
1,-3.3,C1857276,M1,1,0,DisGeNET,35,Trichohepatoenteric Syndrome,,-3.3,5,4.8,30182,422,100,7,7,2.6,60|546|1750|3784|7291|7403|57477,ACTB|ATRX|DLX6|KCNQ1|TWIST1|KDM6A|SHROOM4,-1.2,0
1,-3.3,C0035242,M1,1,0,DisGeNET,35,Respiratory Tract Diseases,,-3.3,7.6,5.4,30182,198,100,5,5,2.2,860|2551|4088|6095|64799,RUNX2|GABPA|SMAD3|RORA|IQCH,-1.2,0
1,-3.3,C4049796,M1,1,0,DisGeNET,35,Abnormality of cardiovascular system morphology,,-3.3,7.6,5.4,30182,198,100,5,5,2.2,5077|7291|8289|57492|374654,PAX3|TWIST1|ARID1A|ARID1B|KIF7,-1.2,0
1,-3.3,C3161330,M1,1,0,DisGeNET,35,Profound intellectual disabilities,,-3.3,11,6,30182,112,100,4,4,2,6855|9758|57477|84679,SYP|FRMPD4|SHROOM4|SLC9A7,-1.2,0
1,-3.3,C0024115,M1,1,0,DisGeNET,35,Lung diseases,,-3.3,3.9,4.4,30182,700,100,9,9,2.9,60|238|1395|1958|2551|3663|3784|5465|7291,ACTB|ALK|CRHR2|EGR1|GABPA|IRF5|KCNQ1|PPARA|TWIST1,-1.2,0
1,-3.3,C0600427,M1,1,0,DisGeNET,35,Cocaine Dependence,,-3.3,7.6,5.4,30182,199,100,5,5,2.2,860|1395|1958|4088|4988,RUNX2|CRHR2|EGR1|SMAD3|OPRM1,-1.2,0
1,-3.3,C0741260,M1,1,0,DisGeNET,35,Adult onset asthma,,-3.3,19,7.1,30182,48,100,3,3,1.7,4088|6095|51564,SMAD3|RORA|HDAC7,-1.2,0
1,-3.3,C0018818,M1,1,0,DisGeNET,35,Ventricular Septal Defects,,-3.3,5,4.7,30182,426,100,7,7,2.6,546|4088|4853|7291|7403|8289|57492,ATRX|SMAD3|NOTCH2|TWIST1|KDM6A|ARID1A|ARID1B,-1.2,0
1,-3.3,C0240310,M1,1,0,DisGeNET,35,Hypoplasia of the maxilla,,-3.3,11,5.9,30182,113,100,4,4,2,257|860|5077|7291,ALX3|RUNX2|PAX3|TWIST1,-1.2,0
1,-3.3,C1849211,M1,1,0,DisGeNET,35,Generalized hirsutism,,-3.3,11,5.9,30182,113,100,4,4,2,4853|7291|8289|57492,NOTCH2|TWIST1|ARID1A|ARID1B,-1.2,0
1,-3.3,C0025500,M1,1,0,DisGeNET,35,Mesothelioma,,-3.3,4.3,4.6,30182,560,100,8,8,2.7,60|238|1958|2534|2551|4088|4853|6667,ACTB|ALK|EGR1|FYN|GABPA|SMAD3|NOTCH2|SP1,-1.2,0
1,-3.2,C0266617,M1,1,0,DisGeNET,35,Congenital anomaly of face,,-3.2,11,5.9,30182,114,100,4,4,2,5077|7291|7403|374654,PAX3|TWIST1|KDM6A|KIF7,-1.2,0
1,-3.2,C0751213,M1,1,0,DisGeNET,35,Tactile Allodynia,,-3.2,11,5.9,30182,114,100,4,4,2,4988|6869|6902|23175,OPRM1|TACR1|TBCA|LPIN1,-1.2,0
1,-3.2,C0542476,M1,1,0,DisGeNET,35,Forgetful,,-3.2,4.9,4.7,30182,429,100,7,7,2.6,60|1958|2534|2551|4988|6855|54207,ACTB|EGR1|FYN|GABPA|OPRM1|SYP|KCNK10,-1.2,0
1,-3.2,C0024421,M1,1,0,DisGeNET,35,Macroglossia,,-3.2,10,5.9,30182,115,100,4,4,2,60|546|3784|8289,ACTB|ATRX|KCNQ1|ARID1A,-1.2,0
1,-3.2,C0002895,M1,1,0,DisGeNET,35,"Anemia, Sickle Cell",,-3.2,4.9,4.7,30182,433,100,7,7,2.6,860|1958|2551|4602|5465|6869|9372,RUNX2|EGR1|GABPA|MYB|PPARA|TACR1|ZFYVE9,-1.2,0
1,-3.2,C0576093,M1,1,0,DisGeNET,35,Knee joint valgus deformity,,-3.2,10,5.8,30182,117,100,4,4,2,546|860|4853|374654,ATRX|RUNX2|NOTCH2|KIF7,-1.2,0
1,-3.2,C0684337,M1,1,0,DisGeNET,35,Ewings sarcoma-primitive neuroectodermal tumor (PNET),,-3.2,10,5.8,30182,117,100,4,4,2,546|4613|5077|6855,ATRX|MYCN|PAX3|SYP,-1.2,0
1,-3.2,C1511789,M1,1,0,DisGeNET,35,Desmoplastic,,-3.2,10,5.8,30182,117,100,4,4,2,60|4613|5077|6855,ACTB|MYCN|PAX3|SYP,-1.2,0
1,-3.2,C1842876,M1,1,0,DisGeNET,35,Depressed nasal ridge,,-3.2,10,5.8,30182,117,100,4,4,2,546|5077|8289|57492,ATRX|PAX3|ARID1A|ARID1B,-1.2,0
1,-3.2,C0011265,M1,1,0,DisGeNET,35,Presenile dementia,,-3.2,3.8,4.4,30182,718,100,9,9,2.9,60|238|1039|1523|5465|5521|6855|6902|57449,ACTB|ALK|CDR2|CUX1|PPARA|PPP2R2B|SYP|TBCA|PLEKHG5,-1.2,0
1,-3.2,C1262048,M1,1,0,DisGeNET,35,Glial scar,,-3.2,18,6.9,30182,51,100,3,3,1.7,1958|5465|90993,EGR1|PPARA|CREB3L1,-1.2,0
1,-3.2,C0011644,M1,1,0,DisGeNET,35,Scleroderma,,-3.2,5.7,4.9,30182,316,100,6,6,2.4,604|1958|4088|4602|4605|6667,BCL6|EGR1|SMAD3|MYB|MYBL2|SP1,-1.2,0
1,-3.2,C0005940,M1,1,0,DisGeNET,35,Bone Diseases,,-3.2,5.7,4.9,30182,317,100,6,6,2.4,860|1523|2534|4088|4853|6095,RUNX2|CUX1|FYN|SMAD3|NOTCH2|RORA,-1.2,0
1,-3.2,C0007758,M1,1,0,DisGeNET,35,Cerebellar Ataxia,,-3.2,4.8,4.6,30182,441,100,7,7,2.6,60|238|2534|5521|6095|9372|374654,ACTB|ALK|FYN|PPP2R2B|RORA|ZFYVE9|KIF7,-1.2,0
1,-3.2,C0265535,M1,1,0,DisGeNET,35,Trigonocephaly,,-3.2,17,6.8,30182,52,100,3,3,1.7,60|7291|23229,ACTB|TWIST1|ARHGEF9,-1.1,0
1,-3.2,C0239676,M1,1,0,DisGeNET,35,High forehead,,-3.2,7.2,5.2,30182,211,100,5,5,2.2,60|4088|4094|7291|9758,ACTB|SMAD3|MAF|TWIST1|FRMPD4,-1.1,0
1,-3.1,C0014877,M1,1,0,DisGeNET,35,Esotropia,,-3.1,10,5.7,30182,121,100,4,4,2,6095|9949|57492|374654,RORA|AMMECR1|ARID1B|KIF7,-1.1,0
1,-3.1,C0376544,M1,1,0,DisGeNET,35,Hematopoietic Neoplasms,,-3.1,5.6,4.8,30182,322,100,6,6,2.4,238|604|1794|1958|3663|4602,ALK|BCL6|DOCK2|EGR1|IRF5|MYB,-1.1,0
1,-3.1,C0750974,M1,1,0,DisGeNET,35,"Brain Tumor, Primary",,-3.1,9.9,5.7,30182,122,100,4,4,2,238|2551|4613|7291,ALK|GABPA|MYCN|TWIST1,-1.1,0
1,-3.1,C0014038,M1,1,0,DisGeNET,35,Encephalitis,,-3.1,5.6,4.8,30182,324,100,6,6,2.4,546|1958|2551|4853|4929|4988,ATRX|EGR1|GABPA|NOTCH2|NR4A2|OPRM1,-1.1,0
1,-3.1,C0027708,M1,1,0,DisGeNET,35,Nephroblastoma,,-3.1,4.1,4.4,30182,586,100,8,8,2.7,238|1958|2551|3784|4613|5077|8289|29119,ALK|EGR1|GABPA|KCNQ1|MYCN|PAX3|ARID1A|CTNNA3,-1.1,0
1,-3.1,C0220641,M1,1,0,DisGeNET,35,Lip and Oral Cavity Carcinoma,,-3.1,3.7,4.3,30182,734,100,9,9,2.9,60|2551|4088|4773|4988|5465|6667|7291|25780,ACTB|GABPA|SMAD3|NFATC2|OPRM1|PPARA|SP1|TWIST1|RASGRP3,-1.1,0
1,-3.1,C0014457,M1,1,0,DisGeNET,35,Eosinophilia,,-3.1,5.6,4.8,30182,325,100,6,6,2.4,60|604|4602|4773|7291|79139,ACTB|BCL6|MYB|NFATC2|TWIST1|DERL1,-1.1,0
1,-3.1,C0003872,M1,1,0,DisGeNET,35,"Arthritis, Psoriatic",,-3.1,4.7,4.6,30182,450,100,7,7,2.6,60|860|1958|2551|4929|5465|29119,ACTB|RUNX2|EGR1|GABPA|NR4A2|PPARA|CTNNA3,-1.1,0
1,-3.1,C0019159,M1,1,0,DisGeNET,35,Hepatitis A,,-3.1,4.7,4.5,30182,451,100,7,7,2.6,60|321|604|1523|2551|4613|4988,ACTB|APBA2|BCL6|CUX1|GABPA|MYCN|OPRM1,-1.1,0
1,-3.1,C0020429,M1,1,0,DisGeNET,35,Hyperalgesia,,-3.1,4.7,4.5,30182,451,100,7,7,2.6,1523|4773|4988|6869|6902|7291|23175,CUX1|NFATC2|OPRM1|TACR1|TBCA|TWIST1|LPIN1,-1.1,0
1,-3.1,C0008372,M1,1,0,DisGeNET,35,Intrahepatic Cholestasis,,-3.1,17,6.7,30182,54,100,3,3,1.7,1958|4094|5465,EGR1|MAF|PPARA,-1.1,0
1,-3.1,C0033999,M1,1,0,DisGeNET,35,Pterygium,,-3.1,7,5.1,30182,216,100,5,5,2.2,60|546|2551|7291|29119,ACTB|ATRX|GABPA|TWIST1|CTNNA3,-1.1,0
1,-3.1,C0206624,M1,1,0,DisGeNET,35,Hepatoblastoma,,-3.1,4.7,4.5,30182,452,100,7,7,2.6,60|2551|3784|4613|5465|6869|23175,ACTB|GABPA|KCNQ1|MYCN|PPARA|TACR1|LPIN1,-1.1,0
1,-3.1,C1334699,M1,1,0,DisGeNET,35,Mesenchymal Cell Neoplasm,,-3.1,16,6.6,30182,55,100,3,3,1.7,60|238|604,ACTB|ALK|BCL6,-1.1,0
1,-3.1,C0238462,M1,1,0,DisGeNET,35,Medullary carcinoma of thyroid,,-3.1,5.5,4.7,30182,330,100,6,6,2.4,238|4613|4853|6855|7291|8289,ALK|MYCN|NOTCH2|SYP|TWIST1|ARID1A,-1.1,0
1,-3,C0206687,M1,1,0,DisGeNET,35,"Carcinoma, Endometrioid",,-3,6.8,5,30182,223,100,5,5,2.2,238|2551|4853|7291|8289,ALK|GABPA|NOTCH2|TWIST1|ARID1A,-1.1,0
1,-3,C0264716,M1,1,0,DisGeNET,35,Chronic heart failure,,-3,6.8,5,30182,223,100,5,5,2.2,1395|2551|4088|4988|5465,CRHR2|GABPA|SMAD3|OPRM1|PPARA,-1.1,0
1,-3,C0009241,M1,1,0,DisGeNET,35,Cognition Disorders,,-3,4,4.3,30182,606,100,8,8,2.7,60|1523|1958|2534|2551|5465|6855|57477,ACTB|CUX1|EGR1|FYN|GABPA|PPARA|SYP|SHROOM4,-1.1,0
1,-3,C4721414,M1,1,0,DisGeNET,35,Mantle cell lymphoma,,-3,4.5,4.4,30182,466,100,7,7,2.6,60|604|860|4088|4613|4853|8289,ACTB|BCL6|RUNX2|SMAD3|MYCN|NOTCH2|ARID1A,-1.1,0
1,-3,C0007133,M1,1,0,DisGeNET,35,"Carcinoma, Papillary",,-3,6.7,5,30182,225,100,5,5,2.2,60|238|860|4602|6855,ACTB|ALK|RUNX2|MYB|SYP,-1.1,0
1,-3,C1266119,M1,1,0,DisGeNET,35,Solitary fibrous tumor,,-3,16,6.4,30182,58,100,3,3,1.7,60|604|1958,ACTB|BCL6|EGR1,-1,0
1,-3,C0007112,M1,1,0,DisGeNET,35,Adenocarcinoma of prostate,,-3,5.3,4.6,30182,342,100,6,6,2.4,1523|1958|2534|4613|5465|9480,CUX1|EGR1|FYN|MYCN|PPARA|ONECUT2,-1,0
1,-3,C0206138,M1,1,0,DisGeNET,35,CREST Syndrome,,-3,15,6.4,30182,59,100,3,3,1.7,60|2534|3663,ACTB|FYN|IRF5,-1,0
1,-3,C0279613,M1,1,0,DisGeNET,35,Childhood Alveolar Rhabdomyosarcoma,,-3,15,6.4,30182,59,100,3,3,1.7,238|4613|5077,ALK|MYCN|PAX3,-1,0
1,-3,C0853879,M1,1,0,DisGeNET,35,Invasive carcinoma of breast,,-3,4.5,4.4,30182,472,100,7,7,2.6,60|238|604|860|3663|7291|8289,ACTB|ALK|BCL6|RUNX2|IRF5|TWIST1|ARID1A,-1,0
1,-3,C0013080,M1,1,0,DisGeNET,35,Down Syndrome,,-3,3.6,4.1,30182,765,100,9,9,2.9,60|604|2534|2551|4773|4929|6855|7291|79139,ACTB|BCL6|FYN|GABPA|NFATC2|NR4A2|SYP|TWIST1|DERL1,-1,0
1,-3,C0155626,M1,1,0,DisGeNET,35,Acute myocardial infarction,,-3,3.5,4.1,30182,766,100,9,9,2.9,1523|1958|2551|3784|4605|4801|7291|7403|55906,CUX1|EGR1|GABPA|KCNQ1|MYBL2|NFYB|TWIST1|KDM6A|ZC4H2,-1,0
1,-3,C0007787,M1,1,0,DisGeNET,35,Transient Ischemic Attack,,-3,5.3,4.6,30182,344,100,6,6,2.4,60|2551|4052|4088|4602|54207,ACTB|GABPA|LTBP1|SMAD3|MYB|KCNK10,-1,0
1,-3,C0262587,M1,1,0,DisGeNET,35,Parathyroid Adenoma,,-3,9.1,5.4,30182,133,100,4,4,2,60|546|4088|8490,ACTB|ATRX|SMAD3|RGS5,-1,0
1,-3,C0423113,M1,1,0,DisGeNET,35,Telecanthus,,-3,9,5.4,30182,134,100,4,4,2,60|546|4853|5077,ACTB|ATRX|NOTCH2|PAX3,-1,0
1,-3,C0024301,M1,1,0,DisGeNET,35,"Lymphoma, Follicular",,-3,4.4,4.4,30182,477,100,7,7,2.6,238|604|1039|1794|4602|4853|8289,ALK|BCL6|CDR2|DOCK2|MYB|NOTCH2|ARID1A,-1,0
1,-3,C1854882,M1,1,0,DisGeNET,35,Absent speech,,-3,6.5,4.9,30182,232,100,5,5,2.2,546|8289|9758|57477|57492,ATRX|ARID1A|FRMPD4|SHROOM4|ARID1B,-1,0
1,-3,C0008312,M1,1,0,DisGeNET,35,Primary biliary cirrhosis,,-3,4.4,4.3,30182,478,100,7,7,2.6,60|2551|3663|4088|4988|5077|5465,ACTB|GABPA|IRF5|SMAD3|OPRM1|PAX3|PPARA,-1,0
1,-3,C4723838,M1,1,0,DisGeNET,35,Metastatic Breast Carcinoma,,-3,15,6.2,30182,61,100,3,3,1.7,60|6855|6869,ACTB|SYP|TACR1,-1,0
1,-3,C0520679,M1,1,0,DisGeNET,35,"Sleep Apnea, Obstructive",,-3,4.4,4.3,30182,480,100,7,7,2.6,2551|4088|4853|4988|6869|8289|57492,GABPA|SMAD3|NOTCH2|OPRM1|TACR1|ARID1A|ARID1B,-1,0
1,-3,C3203102,M1,1,0,DisGeNET,35,Idiopathic pulmonary arterial hypertension,,-3,3.5,4.1,30182,776,100,9,9,2.9,60|604|860|1958|2551|3663|4088|4773|7291,ACTB|BCL6|RUNX2|EGR1|GABPA|IRF5|SMAD3|NFATC2|TWIST1,-1,0
1,-3,C0035372,M1,1,0,DisGeNET,35,Rett Syndrome,,-3,6.4,4.8,30182,234,100,5,5,2.2,60|546|860|1039|1750,ACTB|ATRX|RUNX2|CDR2|DLX6,-1,0
1,-3,C0238790,M1,1,0,DisGeNET,35,bone destruction,,-3,6.4,4.8,30182,234,100,5,5,2.2,860|1523|2551|6095|7291,RUNX2|CUX1|GABPA|RORA|TWIST1,-1,0
1,-3,C0302142,M1,1,0,DisGeNET,35,Deformity,,-3,5.2,4.5,30182,350,100,6,6,2.4,60|257|1750|2551|4088|55906,ACTB|ALX3|DLX6|GABPA|SMAD3|ZC4H2,-1,0
1,-2.9,C0011053,M1,1,0,DisGeNET,35,Deafness,,-2.9,15,6.2,30182,62,100,3,3,1.7,3784|5077|54207,KCNQ1|PAX3|KCNK10,-0.99,0
1,-2.9,C0235989,M1,1,0,DisGeNET,35,Renal interstitial fibrosis,,-2.9,8.7,5.3,30182,138,100,4,4,2,60|1958|2551|4088,ACTB|EGR1|GABPA|SMAD3,-0.99,0
1,-2.9,C4024896,M1,1,0,DisGeNET,35,Motor neuron atrophy,,-2.9,8.7,5.3,30182,138,100,4,4,2,60|2551|11218|79139,ACTB|GABPA|DDX20|DERL1,-0.99,0
1,-2.9,C0079772,M1,1,0,DisGeNET,35,T-Cell Lymphoma,,-2.9,4.4,4.3,30182,485,100,7,7,2.6,238|604|1750|1958|4094|4988|8289,ALK|BCL6|DLX6|EGR1|MAF|OPRM1|ARID1A,-0.99,0
1,-2.9,C0014556,M1,1,0,DisGeNET,35,"Epilepsy, Temporal Lobe",,-2.9,5.1,4.5,30182,354,100,6,6,2.4,60|1958|2534|4088|4988|9372,ACTB|EGR1|FYN|SMAD3|OPRM1|ZFYVE9,-0.98,0
1,-2.9,C0007124,M1,1,0,DisGeNET,35,Noninfiltrating Intraductal Carcinoma,,-2.9,4.3,4.3,30182,486,100,7,7,2.6,60|604|3663|4602|4853|5521|7291,ACTB|BCL6|IRF5|MYB|NOTCH2|PPP2R2B|TWIST1,-0.98,0
1,-2.9,C0025037,M1,1,0,DisGeNET,35,Meckel Diverticulum,,-2.9,14,6.1,30182,63,100,3,3,1.7,6855|9758|84679,SYP|FRMPD4|SLC9A7,-0.98,0
1,-2.9,C0262444,M1,1,0,DisGeNET,35,Abnormality of the dentition,,-2.9,8.6,5.2,30182,140,100,4,4,2,546|7403|8289|57492,ATRX|KDM6A|ARID1A|ARID1B,-0.97,0
1,-2.9,C3888194,M1,1,0,DisGeNET,35,MIXED LINEAGE LEUKEMIA,,-2.9,6.3,4.7,30182,240,100,5,5,2.2,4088|4602|7403|8289|171017,SMAD3|MYB|KDM6A|ARID1A|ZNF384,-0.97,0
1,-2.9,C0002170,M1,1,0,DisGeNET,35,Alopecia,,-2.9,4.3,4.3,30182,491,100,7,7,2.6,2551|3663|4602|5077|6095|7291|23229,GABPA|IRF5|MYB|PAX3|RORA|TWIST1|ARHGEF9,-0.97,0
1,-2.9,C0206754,M1,1,0,DisGeNET,35,Neuroendocrine Tumors,,-2.9,4.3,4.3,30182,491,100,7,7,2.6,238|546|4613|6855|6869|8289|9480,ALK|ATRX|MYCN|SYP|TACR1|ARID1A|ONECUT2,-0.97,0
1,-2.9,C0013537,M1,1,0,DisGeNET,35,Eclampsia,,-2.9,6.3,4.7,30182,241,100,5,5,2.2,60|4773|4853|5077|29119,ACTB|NFATC2|NOTCH2|PAX3|CTNNA3,-0.97,0
1,-2.9,C0026650,M1,1,0,DisGeNET,35,Movement Disorders,,-2.9,5,4.4,30182,362,100,6,6,2.4,546|4929|4988|55145|55906|57492,ATRX|NR4A2|OPRM1|THAP1|ZC4H2|ARID1B,-0.96,0
1,-2.9,C0000744,M1,1,0,DisGeNET,35,Abetalipoproteinemia,,-2.9,14,6,30182,65,100,3,3,1.7,60|238|4602,ACTB|ALK|MYB,-0.96,0
1,-2.9,C0085681,M1,1,0,DisGeNET,35,Hyperphosphatemia (disorder),,-2.9,14,6,30182,65,100,3,3,1.7,60|860|2551,ACTB|RUNX2|GABPA,-0.96,0
1,-2.9,C1847879,M1,1,0,DisGeNET,35,X-linked dominant inheritance,,-2.9,14,6,30182,65,100,3,3,1.7,546|6855|7403,ATRX|SYP|KDM6A,-0.96,0
1,-2.9,C1862095,M1,1,0,DisGeNET,35,Bilateral single transverse palmar creases,,-2.9,14,6,30182,65,100,3,3,1.7,7291|8289|57492,TWIST1|ARID1A|ARID1B,-0.96,0
1,-2.9,C3544347,M1,1,0,DisGeNET,35,Intestinal fibrosis,,-2.9,14,6,30182,65,100,3,3,1.7,60|860|2551,ACTB|RUNX2|GABPA,-0.96,0
1,-2.9,C0014474,M1,1,0,DisGeNET,35,Ependymoma,,-2.9,6.2,4.7,30182,244,100,5,5,2.2,238|546|4613|6855|7291,ALK|ATRX|MYCN|SYP|TWIST1,-0.96,0
1,-2.9,C0949664,M1,1,0,DisGeNET,35,Tauopathies,,-2.9,6.2,4.7,30182,245,100,5,5,2.2,60|2534|2551|4929|6667,ACTB|FYN|GABPA|NR4A2|SP1,-0.95,0
1,-2.9,C0278874,M1,1,0,DisGeNET,35,Adult Ependymoma,,-2.9,8.4,5.1,30182,144,100,4,4,2,546|4613|6855|7291,ATRX|MYCN|SYP|TWIST1,-0.95,0
1,-2.9,C0796611,M1,1,0,DisGeNET,35,Newly Diagnosed Childhood Ependymoma,,-2.9,8.4,5.1,30182,144,100,4,4,2,546|4613|6855|7291,ATRX|MYCN|SYP|TWIST1,-0.95,0
1,-2.9,C0019348,M1,1,0,DisGeNET,35,Herpes Simplex Infections,,-2.9,3.7,4.1,30182,645,100,8,8,2.7,60|546|1958|2551|4088|4605|6667|7403,ACTB|ATRX|EGR1|GABPA|SMAD3|MYBL2|SP1|KDM6A,-0.95,0
1,-2.9,C0205944,M1,1,0,DisGeNET,35,"Sarcoma, Epithelioid",,-2.9,14,6,30182,66,100,3,3,1.7,5077|7291|8289,PAX3|TWIST1|ARID1A,-0.95,0
1,-2.9,C0848558,M1,1,0,DisGeNET,35,Hypospadias,,-2.9,4.9,4.4,30182,366,100,6,6,2.4,546|2551|4853|7403|57492|374654,ATRX|GABPA|NOTCH2|KDM6A|ARID1B|KIF7,-0.95,0
1,-2.9,C0037579,M1,1,0,DisGeNET,35,Soft Tissue Neoplasms,,-2.9,8.3,5.1,30182,145,100,4,4,2,60|238|4773|5077,ACTB|ALK|NFATC2|PAX3,-0.95,0
1,-2.9,C0153690,M1,1,0,DisGeNET,35,Secondary malignant neoplasm of bone,,-2.9,3.7,4.1,30182,647,100,8,8,2.7,238|860|1958|4088|4602|4613|6869|7291,ALK|RUNX2|EGR1|SMAD3|MYB|MYCN|TACR1|TWIST1,-0.95,0
1,-2.8,C0079773,M1,1,0,DisGeNET,35,"Lymphoma, T-Cell, Cutaneous",,-2.8,4.9,4.4,30182,367,100,6,6,2.4,604|1523|4988|7291|8289|51564,BCL6|CUX1|OPRM1|TWIST1|ARID1A|HDAC7,-0.95,0
1,-2.8,C1510472,M1,1,0,DisGeNET,35,Drug Dependence,,-2.8,6.1,4.6,30182,248,100,5,5,2.2,60|238|4988|9500|29119,ACTB|ALK|OPRM1|MAGED1|CTNNA3,-0.94,0
1,-2.8,C0740404,M1,1,0,DisGeNET,35,Limb defects,,-2.8,14,5.9,30182,67,100,3,3,1.7,860|1750|7291,RUNX2|DLX6|TWIST1,-0.94,0
1,-2.8,C1851584,M1,1,0,DisGeNET,35,Childhood Ependymoma,,-2.8,8.2,5.1,30182,147,100,4,4,2,546|4613|6855|7291,ATRX|MYCN|SYP|TWIST1,-0.94,0
1,-2.8,C0024433,M1,1,0,DisGeNET,35,Macrostomia,,-2.8,8.2,5,30182,148,100,4,4,2,60|546|8289|57492,ACTB|ATRX|ARID1A|ARID1B,-0.93,0
1,-2.8,C0266551,M1,1,0,DisGeNET,35,Congenital coloboma of iris,,-2.8,8.2,5,30182,148,100,4,4,2,60|257|4094|4853,ACTB|ALX3|MAF|NOTCH2,-0.93,0
1,-2.8,C4551485,M1,1,0,DisGeNET,35,Clinodactyly,,-2.8,8.2,5,30182,148,100,4,4,2,257|546|5077|374654,ALX3|ATRX|PAX3|KIF7,-0.93,0
1,-2.8,C0239137,M1,1,0,DisGeNET,35,Coxa valga,,-2.8,13,5.9,30182,68,100,3,3,1.7,546|8289|57492,ATRX|ARID1A|ARID1B,-0.93,0
1,-2.8,C0013274,M1,1,0,DisGeNET,35,Patent ductus arteriosus,,-2.8,4.1,4.1,30182,510,100,7,7,2.6,60|4088|4613|4853|8289|9949|57492,ACTB|SMAD3|MYCN|NOTCH2|ARID1A|AMMECR1|ARID1B,-0.92,0
1,-2.8,C0032326,M1,1,0,DisGeNET,35,Pneumothorax,,-2.8,13,5.8,30182,69,100,3,3,1.7,238|2551|4088,ALK|GABPA|SMAD3,-0.92,0
1,-2.8,C0085548,M1,1,0,DisGeNET,35,Autosomal Recessive Polycystic Kidney Disease,,-2.8,13,5.8,30182,69,100,3,3,1.7,60|4088|8289,ACTB|SMAD3|ARID1A,-0.92,0
1,-2.8,C0349204,M1,1,0,DisGeNET,35,Nonorganic psychosis,,-2.8,4.8,4.3,30182,376,100,6,6,2.4,1523|4853|4988|6667|6902|90993,CUX1|NOTCH2|OPRM1|SP1|TBCA|CREB3L1,-0.91,0
1,-2.8,C0340643,M1,1,0,DisGeNET,35,Dissection of aorta,,-2.8,7.9,4.9,30182,152,100,4,4,2,60|2551|4088|5737,ACTB|GABPA|SMAD3|PTGFR,-0.9,0
1,-2.8,C0240063,M1,1,0,DisGeNET,35,Coloboma of iris,,-2.8,7.9,4.9,30182,153,100,4,4,2,60|257|4094|4853,ACTB|ALX3|MAF|NOTCH2,-0.89,0
1,-2.8,C1844813,M1,1,0,DisGeNET,35,Widely spaced teeth,,-2.8,13,5.7,30182,71,100,3,3,1.7,546|7403|57492,ATRX|KDM6A|ARID1B,-0.89,0
1,-2.7,C0018817,M1,1,0,DisGeNET,35,Atrial Septal Defects,,-2.7,4.7,4.2,30182,384,100,6,6,2.4,60|4853|5077|7403|8289|57492,ACTB|NOTCH2|PAX3|KDM6A|ARID1A|ARID1B,-0.88,0
1,-2.7,C0019569,M1,1,0,DisGeNET,35,Hirschsprung Disease,,-2.7,4.7,4.2,30182,384,100,6,6,2.4,60|238|546|5077|6855|57492,ACTB|ALK|ATRX|PAX3|SYP|ARID1B,-0.88,0
1,-2.7,C0679427,M1,1,0,DisGeNET,35,myeloblastosis,,-2.7,13,5.7,30182,72,100,3,3,1.7,604|4602|4605,BCL6|MYB|MYBL2,-0.88,0
1,-2.7,C0575158,M1,1,0,DisGeNET,35,Kyphoscoliosis deformity of spine,,-2.7,7.8,4.9,30182,155,100,4,4,2,60|546|4853|8289,ACTB|ATRX|NOTCH2|ARID1A,-0.88,0
1,-2.7,C0751690,M1,1,0,DisGeNET,35,Malignant Peripheral Nerve Sheath Tumor,,-2.7,5.8,4.5,30182,261,100,5,5,2.2,546|604|4613|5077|7291,ATRX|BCL6|MYCN|PAX3|TWIST1,-0.88,0
1,-2.7,C0008479,M1,1,0,DisGeNET,35,Chondrosarcoma,,-2.7,4.7,4.2,30182,385,100,6,6,2.4,60|860|3663|4773|7403|51564,ACTB|RUNX2|IRF5|NFATC2|KDM6A|HDAC7,-0.88,0
1,-2.7,C0023470,M1,1,0,DisGeNET,35,Myeloid Leukemia,,-2.7,4.7,4.2,30182,385,100,6,6,2.4,238|1523|1958|4602|6869|79139,ALK|CUX1|EGR1|MYB|TACR1|DERL1,-0.88,0
1,-2.7,C1857453,M1,1,0,DisGeNET,35,Renal hypoplasia/aplasia,,-2.7,12,5.6,30182,73,100,3,3,1.7,7403|8289|57492,KDM6A|ARID1A|ARID1B,-0.87,0
1,-2.7,C1527390,M1,1,0,DisGeNET,35,"Neoplasms, Intracranial",,-2.7,7.7,4.8,30182,157,100,4,4,2,238|4602|4613|5465,ALK|MYB|MYCN|PPARA,-0.86,0
1,-2.7,C1854114,M1,1,0,DisGeNET,35,Short nose,,-2.7,5.7,4.4,30182,265,100,5,5,2.2,60|546|4094|5077|374654,ACTB|ATRX|MAF|PAX3|KIF7,-0.86,0
1,-2.7,C0031099,M1,1,0,DisGeNET,35,Periodontitis,,-2.7,3.5,3.9,30182,681,100,8,8,2.7,860|2551|3663|4853|4988|5465|6667|7291,RUNX2|GABPA|IRF5|NOTCH2|OPRM1|PPARA|SP1|TWIST1,-0.85,0
1,-2.7,C1848296,M1,1,0,DisGeNET,35,DOSAGE-SENSITIVE SEX REVERSAL,,-2.7,7.6,4.8,30182,159,100,4,4,2,860|1523|2551|23175,RUNX2|CUX1|GABPA|LPIN1,-0.85,0
1,-2.7,C0007095,M1,1,0,DisGeNET,35,Carcinoid Tumor,,-2.7,5.7,4.4,30182,267,100,5,5,2.2,60|2551|6855|9372|92521,ACTB|GABPA|SYP|ZFYVE9|SPECC1,-0.85,0
1,-2.7,C0037054,M1,1,0,DisGeNET,35,Sickle Cell Trait,,-2.7,12,5.5,30182,75,100,3,3,1.7,60|238|4602,ACTB|ALK|MYB,-0.85,0
1,-2.7,C0206630,M1,1,0,DisGeNET,35,Endometrial Stromal Sarcoma,,-2.7,12,5.5,30182,75,100,3,3,1.7,60|238|8289,ACTB|ALK|ARID1A,-0.85,0
1,-2.7,C0265610,M1,1,0,DisGeNET,35,Clinodactyly of fingers,,-2.7,7.5,4.8,30182,160,100,4,4,2,257|546|5077|374654,ALX3|ATRX|PAX3|KIF7,-0.85,0
1,-2.7,C0259783,M1,1,0,DisGeNET,35,mixed gliomas,,-2.7,12,5.5,30182,76,100,3,3,1.7,546|4602|4603,ATRX|MYB|MYBL1,-0.84,0
1,-2.7,C0752121,M1,1,0,DisGeNET,35,Spinocerebellar Ataxia Type 2,,-2.7,12,5.5,30182,76,100,3,3,1.7,60|5521|9372,ACTB|PPP2R2B|ZFYVE9,-0.84,0
1,-2.7,C0751396,M1,1,0,DisGeNET,35,Well Differentiated Oligodendroglioma,,-2.7,5.6,4.4,30182,270,100,5,5,2.2,60|546|4853|6855|79139,ACTB|ATRX|NOTCH2|SYP|DERL1,-0.84,0
1,-2.7,C0018923,M1,1,0,DisGeNET,35,Hemangiosarcoma,,-2.7,7.5,4.7,30182,162,100,4,4,2,238|4853|5465|6855,ALK|NOTCH2|PPARA|SYP,-0.83,0
1,-2.7,C0026987,M1,1,0,DisGeNET,35,Myelofibrosis,,-2.7,7.4,4.7,30182,163,100,4,4,2,1523|2551|4602|79139,CUX1|GABPA|MYB|DERL1,-0.83,0
1,-2.7,C0162298,M1,1,0,DisGeNET,35,Joint stiffness,,-2.7,7.4,4.7,30182,163,100,4,4,2,60|546|2741|5077,ACTB|ATRX|GLRA1|PAX3,-0.83,0
1,-2.7,C0018816,M1,1,0,DisGeNET,35,Heart Septal Defects,,-2.7,12,5.5,30182,77,100,3,3,1.7,4853|7403|374654,NOTCH2|KDM6A|KIF7,-0.83,0
1,-2.7,C0456132,M1,1,0,DisGeNET,35,Large fontanelle,,-2.7,12,5.5,30182,77,100,3,3,1.7,60|860|3784,ACTB|RUNX2|KCNQ1,-0.83,0
1,-2.7,C0006625,M1,1,0,DisGeNET,35,Cachexia,,-2.7,5.5,4.3,30182,273,100,5,5,2.2,60|1958|5465|7291|23175,ACTB|EGR1|PPARA|TWIST1|LPIN1,-0.82,0
1,-2.6,C0015310,M1,1,0,DisGeNET,35,Exotropia,,-2.6,12,5.4,30182,78,100,3,3,1.7,546|4088|55906,ATRX|SMAD3|ZC4H2,-0.81,0
1,-2.6,C0019284,M1,1,0,DisGeNET,35,Diaphragmatic Hernia,,-2.6,12,5.4,30182,78,100,3,3,1.7,5077|7291|374654,PAX3|TWIST1|KIF7,-0.81,0
1,-2.6,C0409348,M1,1,0,DisGeNET,35,Flexion contracture of proximal interphalangeal joint,,-2.6,7.2,4.6,30182,168,100,4,4,2,257|4088|5077|57492,ALX3|SMAD3|PAX3|ARID1B,-0.79,0
1,-2.6,C0008311,M1,1,0,DisGeNET,35,Cholangitis,,-2.6,11,5.3,30182,80,100,3,3,1.7,1958|2551|5465,EGR1|GABPA|PPARA,-0.79,0
1,-2.6,C0263401,M1,1,0,DisGeNET,35,Cutis marmorata,,-2.6,11,5.3,30182,80,100,3,3,1.7,4088|8289|57492,SMAD3|ARID1A|ARID1B,-0.79,0
1,-2.6,C0600031,M1,1,0,DisGeNET,35,Congenital absence of spleen,,-2.6,11,5.3,30182,80,100,3,3,1.7,546|4613|7291,ATRX|MYCN|TWIST1,-0.79,0
1,-2.6,C4087124,M1,1,0,DisGeNET,35,Immunoglobulin G4-Related Disease,,-2.6,11,5.3,30182,80,100,3,3,1.7,60|238|4929,ACTB|ALK|NR4A2,-0.79,0
1,-2.6,C2936719,M1,1,0,DisGeNET,35,Mechanical Allodynia,,-2.6,4.4,4,30182,408,100,6,6,2.4,1523|3663|4988|6667|6869|6902,CUX1|IRF5|OPRM1|SP1|TACR1|TBCA,-0.79,0
1,-2.6,C1867441,M1,1,0,DisGeNET,35,Pterygium Of Conjunctiva And Cornea,,-2.6,7.1,4.6,30182,169,100,4,4,2,60|546|2551|7291,ACTB|ATRX|GABPA|TWIST1,-0.78,0
1,-2.6,C4520843,M1,1,0,DisGeNET,35,Pterygium of eye,,-2.6,7.1,4.6,30182,169,100,4,4,2,60|546|2551|7291,ACTB|ATRX|GABPA|TWIST1,-0.78,0
1,-2.6,C1720830,M1,1,0,DisGeNET,35,Painful Bladder Syndrome,,-2.6,11,5.3,30182,81,100,3,3,1.7,860|4988|6855,RUNX2|OPRM1|SYP,-0.78,0
1,-2.6,C0028945,M1,1,0,DisGeNET,35,oligodendroglioma,,-2.6,5.4,4.2,30182,282,100,5,5,2.2,60|546|4853|6855|79139,ACTB|ATRX|NOTCH2|SYP|DERL1,-0.77,0
1,-2.6,C0006413,M1,1,0,DisGeNET,35,Burkitt Lymphoma,,-2.6,3.8,3.8,30182,556,100,7,7,2.6,604|3663|4613|4773|4853|8289|51564,BCL6|IRF5|MYCN|NFATC2|NOTCH2|ARID1A|HDAC7,-0.77,0
1,-2.6,C0205698,M1,1,0,DisGeNET,35,Undifferentiated carcinoma,,-2.6,5.3,4.2,30182,283,100,5,5,2.2,60|1958|5465|8289|57492,ACTB|EGR1|PPARA|ARID1A|ARID1B,-0.77,0
1,-2.6,C0349788,M1,1,0,DisGeNET,35,Arrhythmogenic Right Ventricular Dysplasia,,-2.6,11,5.3,30182,82,100,3,3,1.7,3784|5465|29119,KCNQ1|PPARA|CTNNA3,-0.77,0
1,-2.6,C0033975,M1,1,0,DisGeNET,35,Psychotic Disorders,,-2.6,3.8,3.8,30182,560,100,7,7,2.6,1523|1958|4853|4988|6667|6902|90993,CUX1|EGR1|NOTCH2|OPRM1|SP1|TBCA|CREB3L1,-0.76,0
1,-2.6,C0346629,M1,1,0,DisGeNET,35,Malignant neoplasm of large intestine,,-2.6,7,4.5,30182,173,100,4,4,2,4088|9372|23007|92521,SMAD3|ZFYVE9|PLCH1|SPECC1,-0.76,0
1,-2.6,C0014772,M1,1,0,DisGeNET,35,Red Blood Cell Count measurement,,-2.6,3.4,3.7,30182,717,100,8,8,2.7,4088|4602|4773|6095|6667|57492|64799|92521,SMAD3|MYB|NFATC2|RORA|SP1|ARID1B|IQCH|SPECC1,-0.76,0
1,-2.6,C0033770,M1,1,0,DisGeNET,35,Prune Belly Syndrome,,-2.6,11,5.2,30182,83,100,3,3,1.7,860|4988|6855,RUNX2|OPRM1|SYP,-0.76,0
1,-2.6,C0162316,M1,1,0,DisGeNET,35,Iron deficiency anemia,,-2.6,11,5.2,30182,83,100,3,3,1.7,238|546|3784,ALK|ATRX|KCNQ1,-0.76,0
1,-2.6,C1306759,M1,1,0,DisGeNET,35,Eosinophilic disorder,,-2.6,5.2,4.2,30182,288,100,5,5,2.2,604|4602|4773|7291|79139,BCL6|MYB|NFATC2|TWIST1|DERL1,-0.75,0
1,-2.6,C0079218,M1,1,0,DisGeNET,35,"Fibromatosis, Aggressive",,-2.6,11,5.2,30182,84,100,3,3,1.7,604|7291|29119,BCL6|TWIST1|CTNNA3,-0.74,0
1,-2.6,C0497552,M1,1,0,DisGeNET,35,Congenital neurologic anomalies,,-2.6,11,5.2,30182,84,100,3,3,1.7,60|257|5077,ACTB|ALX3|PAX3,-0.74,0
1,-2.6,C0205682,M1,1,0,DisGeNET,35,Waist-Hip Ratio,,-2.6,3.7,3.8,30182,565,100,7,7,2.6,1523|1607|4088|6095|64799|128553|222255,CUX1|DGKB|SMAD3|RORA|IQCH|TSHZ2|ATXN7L1,-0.74,0
1,-2.5,C0011195,M1,1,0,DisGeNET,35,Dejerine-Sottas Disease (disorder),,-2.5,6.9,4.5,30182,176,100,4,4,2,860|1523|2551|23175,RUNX2|CUX1|GABPA|LPIN1,-0.74,0
1,-2.5,C0431478,M1,1,0,DisGeNET,35,Posteriorly rotated ear,,-2.5,6.9,4.5,30182,176,100,4,4,2,546|4613|7403|57492,ATRX|MYCN|KDM6A|ARID1B,-0.74,0
1,-2.5,C1839829,M1,1,0,DisGeNET,35,Short distal phalanx of finger,,-2.5,11,5.1,30182,85,100,3,3,1.7,4853|8289|57492,NOTCH2|ARID1A|ARID1B,-0.73,0
1,-2.5,C0151650,M1,1,0,DisGeNET,35,Renal fibrosis,,-2.5,3.7,3.8,30182,570,100,7,7,2.6,60|1958|2551|4088|4853|5465|7291,ACTB|EGR1|GABPA|SMAD3|NOTCH2|PPARA|TWIST1,-0.73,0
1,-2.5,C0009806,M1,1,0,DisGeNET,35,Constipation,,-2.5,4.3,3.9,30182,424,100,6,6,2.4,546|2534|2551|4929|4988|90993,ATRX|FYN|GABPA|NR4A2|OPRM1|CREB3L1,-0.73,0
1,-2.5,C0002312,M1,1,0,DisGeNET,35,alpha-Thalassemia,,-2.5,11,5.1,30182,86,100,3,3,1.7,60|546|4602,ACTB|ATRX|MYB,-0.73,0
1,-2.5,C0033581,M1,1,0,DisGeNET,35,prostatitis,,-2.5,11,5.1,30182,86,100,3,3,1.7,860|2551|6902,RUNX2|GABPA|TBCA,-0.73,0
1,-2.5,C0085605,M1,1,0,DisGeNET,35,Liver Failure,,-2.5,5.2,4.1,30182,293,100,5,5,2.2,546|2551|3663|3784|6095,ATRX|GABPA|IRF5|KCNQ1|RORA,-0.73,0
1,-2.5,C0426421,M1,1,0,DisGeNET,35,Wide nose,,-2.5,10,5.1,30182,87,100,3,3,1.7,60|4853|8289,ACTB|NOTCH2|ARID1A,-0.71,0
1,-2.5,C0334634,M1,1,0,DisGeNET,35,"Malignant lymphoma, lymphocytic, intermediate differentiation, diffuse",,-2.5,5.1,4.1,30182,296,100,5,5,2.2,604|860|4613|4853|8289,BCL6|RUNX2|MYCN|NOTCH2|ARID1A,-0.71,0
1,-2.5,C0001973,M1,1,0,DisGeNET,35,"Alcoholic Intoxication, Chronic",,-2.5,3.7,3.7,30182,577,100,7,7,2.6,238|2534|4929|4988|5465|6869|57502,ALK|FYN|NR4A2|OPRM1|PPARA|TACR1|NLGN4X,-0.71,0
1,-2.5,C0399526,M1,1,0,DisGeNET,35,Class III malocclusion,,-2.5,6.7,4.4,30182,181,100,4,4,2,60|546|860|5077,ACTB|ATRX|RUNX2|PAX3,-0.71,0
1,-2.5,C3553764,M1,1,0,DisGeNET,35,Joint hyperflexibility,,-2.5,6.7,4.4,30182,181,100,4,4,2,4853|7403|8289|57492,NOTCH2|KDM6A|ARID1A|ARID1B,-0.71,0
1,-2.5,C0019572,M1,1,0,DisGeNET,35,Hirsutism,,-2.5,10,5,30182,88,100,3,3,1.7,4853|7403|57477,NOTCH2|KDM6A|SHROOM4,-0.7,0
1,-2.5,C0024031,M1,1,0,DisGeNET,35,Low Back Pain,,-2.5,10,5,30182,88,100,3,3,1.7,4988|9372|92521,OPRM1|ZFYVE9|SPECC1,-0.7,0
1,-2.5,C0015469,M1,1,0,DisGeNET,35,Facial paralysis,,-2.5,6.6,4.4,30182,182,100,4,4,2,6855|9758|55906|84679,SYP|FRMPD4|ZC4H2|SLC9A7,-0.7,0
1,-2.5,C0206695,M1,1,0,DisGeNET,35,"Carcinoma, Neuroendocrine",,-2.5,6.6,4.4,30182,182,100,4,4,2,238|4602|4613|6855,ALK|MYB|MYCN|SYP,-0.7,0
1,-2.5,C1836047,M1,1,0,DisGeNET,35,Long face,,-2.5,6.6,4.4,30182,182,100,4,4,2,4088|84679|254065|374654,SMAD3|SLC9A7|BRWD3|KIF7,-0.7,0
1,-2.5,C1861324,M1,1,0,DisGeNET,35,Short philtrum,,-2.5,6.6,4.4,30182,182,100,4,4,2,860|7291|8289|57492,RUNX2|TWIST1|ARID1A|ARID1B,-0.7,0
1,-2.5,C4529962,M1,1,0,DisGeNET,35,Fatty Liver Disease,,-2.5,3.3,3.6,30182,741,100,8,8,2.7,60|1523|2551|5465|6095|8289|23175|55906,ACTB|CUX1|GABPA|PPARA|RORA|ARID1A|LPIN1|ZC4H2,-0.7,0
1,-2.5,C0015923,M1,1,0,DisGeNET,35,Fetal Alcohol Syndrome,,-2.5,10,5,30182,89,100,3,3,1.7,60|604|2551,ACTB|BCL6|GABPA,-0.7,0
1,-2.5,C0796074,M1,1,0,DisGeNET,35,MOHR-TRANEBJAERG SYNDROME,,-2.5,10,5,30182,89,100,3,3,1.7,60|1523|4853,ACTB|CUX1|NOTCH2,-0.7,0
1,-2.5,C1266025,M1,1,0,DisGeNET,35,Traditional Serrated Adenoma,,-2.5,10,5,30182,90,100,3,3,1.7,60|6667|51564,ACTB|SP1|HDAC7,-0.69,0
1,-2.5,C0023440,M1,1,0,DisGeNET,35,Acute Erythroblastic Leukemia,,-2.5,5,4,30182,302,100,5,5,2.2,60|238|1958|4602|79139,ACTB|ALK|EGR1|MYB|DERL1,-0.69,0
1,-2.5,C3811653,M1,1,0,DisGeNET,35,Experimental Organism Basal Cell Carcinoma,,-2.5,4.1,3.8,30182,437,100,6,6,2.4,60|238|860|4602|4613|7291,ACTB|ALK|RUNX2|MYB|MYCN|TWIST1,-0.68,0
1,-2.5,C0026277,M1,1,0,DisGeNET,35,Mixed Salivary Gland Tumor,,-2.5,6.5,4.3,30182,185,100,4,4,2,238|2551|4602|4603,ALK|GABPA|MYB|MYBL1,-0.68,0
1,-2.5,C0162871,M1,1,0,DisGeNET,35,"Aortic Aneurysm, Abdominal",,-2.5,3.6,3.7,30182,586,100,7,7,2.6,60|860|1958|2551|4088|5465|7291,ACTB|RUNX2|EGR1|GABPA|SMAD3|PPARA|TWIST1,-0.68,0
1,-2.5,C0264408,M1,1,0,DisGeNET,35,Childhood asthma,,-2.5,5,4,30182,303,100,5,5,2.2,1395|4088|4602|6095|29119,CRHR2|SMAD3|MYB|RORA|CTNNA3,-0.68,0
1,-2.5,C0020474,M1,1,0,DisGeNET,35,"Hyperlipidemia, Familial Combined",,-2.5,10,4.9,30182,91,100,3,3,1.7,1523|1958|5465,CUX1|EGR1|PPARA,-0.68,0
1,-2.5,C0426886,M1,1,0,DisGeNET,35,Tapering fingers (finding),,-2.5,10,4.9,30182,91,100,3,3,1.7,546|860|9949,ATRX|RUNX2|AMMECR1,-0.68,0
1,-2.5,C1265996,M1,1,0,DisGeNET,35,Large cell neuroendocrine carcinoma,,-2.5,10,4.9,30182,91,100,3,3,1.7,238|2534|6855,ALK|FYN|SYP,-0.68,0
1,-2.5,C2674608,M1,1,0,DisGeNET,35,Feeding difficulties in infancy,,-2.5,4.9,4,30182,305,100,5,5,2.2,546|7403|8289|57492|374654,ATRX|KDM6A|ARID1A|ARID1B|KIF7,-0.67,0
1,-2.4,C0431904,M1,1,0,DisGeNET,35,Ulnar polydactyly of fingers,,-2.4,9.8,4.9,30182,92,100,3,3,1.7,257|546|374654,ALX3|ATRX|KIF7,-0.67,0
1,-2.4,C1184923,M1,1,0,DisGeNET,35,Lumbar hyperlordosis,,-2.4,9.8,4.9,30182,92,100,3,3,1.7,257|55906|57492,ALX3|ZC4H2|ARID1B,-0.67,0
1,-2.4,C1456873,M1,1,0,DisGeNET,35,alpha^+^ Thalassemia,,-2.4,9.8,4.9,30182,92,100,3,3,1.7,60|546|4602,ACTB|ATRX|MYB,-0.67,0
1,-2.4,C0152427,M1,1,0,DisGeNET,35,Polydactyly,,-2.4,6.4,4.3,30182,188,100,4,4,2,257|7291|23062|374654,ALX3|TWIST1|GGA2|KIF7,-0.67,0
1,-2.4,C0162635,M1,1,0,DisGeNET,35,Angelman Syndrome,,-2.4,9.7,4.9,30182,93,100,3,3,1.7,60|4929|79139,ACTB|NR4A2|DERL1,-0.66,0
1,-2.4,C0079774,M1,1,0,DisGeNET,35,Peripheral T-Cell Lymphoma,,-2.4,6.4,4.3,30182,190,100,4,4,2,238|604|1958|2534,ALK|BCL6|EGR1|FYN,-0.66,0
1,-2.4,C4722099,M1,1,0,DisGeNET,35,High grade glioma,,-2.4,6.4,4.3,30182,190,100,4,4,2,604|1523|1958|90993,BCL6|CUX1|EGR1|CREB3L1,-0.66,0
1,-2.4,C0017168,M1,1,0,DisGeNET,35,Gastroesophageal reflux disease,,-2.4,4.1,3.8,30182,446,100,6,6,2.4,546|2551|2741|3663|7291|57477,ATRX|GABPA|GLRA1|IRF5|TWIST1|SHROOM4,-0.66,0
1,-2.4,C0007140,M1,1,0,DisGeNET,35,Carcinosarcoma,,-2.4,9.6,4.8,30182,94,100,3,3,1.7,60|238|6855,ACTB|ALK|SYP,-0.65,0
1,-2.4,C0010308,M1,1,0,DisGeNET,35,Congenital Hypothyroidism,,-2.4,9.6,4.8,30182,94,100,3,3,1.7,860|1958|7403,RUNX2|EGR1|KDM6A,-0.65,0
1,-2.4,C1708349,M1,1,0,DisGeNET,35,Hereditary Diffuse Gastric Cancer,,-2.4,4.8,3.9,30182,312,100,5,5,2.2,2534|4853|6095|7291|8289,FYN|NOTCH2|RORA|TWIST1|ARID1A,-0.64,0
1,-2.4,C0149939,M1,1,0,DisGeNET,35,Obstructive nephropathy,,-2.4,9.5,4.8,30182,95,100,3,3,1.7,2551|4088|5465,GABPA|SMAD3|PPARA,-0.64,0
1,-2.4,C3536893,M1,1,0,DisGeNET,35,Ewing Sarcoma/Peripheral Primitive Neuroectodermal Tumor,,-2.4,9.5,4.8,30182,95,100,3,3,1.7,238|4613|5077,ALK|MYCN|PAX3,-0.64,0
1,-2.4,C0030297,M1,1,0,DisGeNET,35,Pancreatic Neoplasm,,-2.4,3.2,3.5,30182,764,100,8,8,2.7,60|238|546|2551|7291|8289|9500|51564,ACTB|ALK|ATRX|GABPA|TWIST1|ARID1A|MAGED1|HDAC7,-0.64,0
1,-2.4,C0027626,M1,1,0,DisGeNET,35,Neoplasm Invasiveness,,-2.4,6.3,4.2,30182,193,100,4,4,2,60|4853|6667|7291,ACTB|NOTCH2|SP1|TWIST1,-0.64,0
1,-2.4,C0013421,M1,1,0,DisGeNET,35,Dystonia,,-2.4,4,3.7,30182,453,100,6,6,2.4,60|4929|4988|9372|55145|55906,ACTB|NR4A2|OPRM1|ZFYVE9|THAP1|ZC4H2,-0.63,0
1,-2.4,C1510885,M1,1,0,DisGeNET,35,Angiogenic Switch,,-2.4,9.4,4.8,30182,96,100,3,3,1.7,1958|8490|51564,EGR1|RGS5|HDAC7,-0.63,0
1,-2.4,C0235946,M1,1,0,DisGeNET,35,Cerebral atrophy,,-2.4,4,3.7,30182,454,100,6,6,2.4,546|2534|5521|6855|55906|374654,ATRX|FYN|PPP2R2B|SYP|ZC4H2|KIF7,-0.63,0
1,-2.4,C1449563,M1,1,0,DisGeNET,35,"Cardiomyopathy, Familial Idiopathic",,-2.4,3.1,3.5,30182,772,100,8,8,2.7,60|604|2551|3663|4088|5465|7291|29119,ACTB|BCL6|GABPA|IRF5|SMAD3|PPARA|TWIST1|CTNNA3,-0.62,0
1,-2.4,C0032580,M1,1,0,DisGeNET,35,Adenomatous Polyposis Coli,,-2.4,3.5,3.5,30182,609,100,7,7,2.6,60|238|321|860|4088|6667|8289,ACTB|ALK|APBA2|RUNX2|SMAD3|SP1|ARID1A,-0.62,0
1,-2.4,C3806482,M1,1,0,DisGeNET,35,Recurrent respiratory infections,,-2.4,4.7,3.9,30182,318,100,5,5,2.2,860|4853|8289|57477|57492,RUNX2|NOTCH2|ARID1A|SHROOM4|ARID1B,-0.62,0
1,-2.4,C0200638,M1,1,0,DisGeNET,35,Eosinophil count procedure,,-2.4,3.5,3.5,30182,610,100,7,7,2.6,860|1523|4088|4773|5465|6095|222255,RUNX2|CUX1|SMAD3|NFATC2|PPARA|RORA|ATXN7L1,-0.62,0
1,-2.4,C0023290,M1,1,0,DisGeNET,35,"Leishmaniasis, Visceral",,-2.4,6.1,4.2,30182,197,100,4,4,2,60|2551|3663|5465,ACTB|GABPA|IRF5|PPARA,-0.62,0
1,-2.4,C0007682,M1,1,0,DisGeNET,35,CNS disorder,,-2.4,4.7,3.9,30182,319,100,5,5,2.2,60|238|2551|5465|6869,ACTB|ALK|GABPA|PPARA|TACR1,-0.62,0
1,-2.4,C0011119,M1,1,0,DisGeNET,35,Decompression Sickness,,-2.4,9.2,4.7,30182,98,100,3,3,1.7,60|860|1958,ACTB|RUNX2|EGR1,-0.62,0
1,-2.4,C0024899,M1,1,0,DisGeNET,35,Mastocytosis,,-2.4,9.2,4.7,30182,98,100,3,3,1.7,238|860|6869,ALK|RUNX2|TACR1,-0.62,0
1,-2.4,C0699949,M1,1,0,DisGeNET,35,airway disease,,-2.4,6.1,4.1,30182,198,100,4,4,2,60|2551|4088|4853,ACTB|GABPA|SMAD3|NOTCH2,-0.61,0
1,-2.4,C4049446,M1,1,0,DisGeNET,35,Neointimal hyperplasia,,-2.4,6.1,4.1,30182,198,100,4,4,2,60|1794|2551|4088,ACTB|DOCK2|GABPA|SMAD3,-0.61,0
1,-2.4,C0221354,M1,1,0,DisGeNET,35,Frontal bossing,,-2.4,4.7,3.8,30182,321,100,5,5,2.2,860|7291|57492|254065|374654,RUNX2|TWIST1|ARID1B|BRWD3|KIF7,-0.61,0
1,-2.4,C0038443,M1,1,0,DisGeNET,35,"Stress, Psychological",,-2.4,6.1,4.1,30182,199,100,4,4,2,1395|2551|4988|10488,CRHR2|GABPA|OPRM1|CREB3,-0.61,0
1,-2.4,C1565489,M1,1,0,DisGeNET,35,Renal Insufficiency,,-2.4,3.4,3.5,30182,615,100,7,7,2.6,238|2551|3663|3784|4853|5465|9949,ALK|GABPA|IRF5|KCNQ1|NOTCH2|PPARA|AMMECR1,-0.61,0
1,-2.3,C0019337,M1,1,0,DisGeNET,35,Heroin Dependence,,-2.3,9.1,4.7,30182,100,100,3,3,1.7,1395|2741|4988,CRHR2|GLRA1|OPRM1,-0.6,0
1,-2.3,C0340629,M1,1,0,DisGeNET,35,Aortic aneurysm without mention of rupture NOS,,-2.3,9.1,4.7,30182,100,100,3,3,1.7,60|1958|4088,ACTB|EGR1|SMAD3,-0.6,0
1,-2.3,C0745103,M1,1,0,DisGeNET,35,Hyperlipoproteinemia Type IIa,,-2.3,6,4.1,30182,201,100,4,4,2,60|1523|4613|6667,ACTB|CUX1|MYCN|SP1,-0.6,0
1,-2.3,C0334579,M1,1,0,DisGeNET,35,Anaplastic astrocytoma,,-2.3,6,4.1,30182,202,100,4,4,2,546|604|4613|4853,ATRX|BCL6|MYCN|NOTCH2,-0.59,0
1,-2.3,C0021368,M1,1,0,DisGeNET,35,Inflammation,,-2.3,3.9,3.6,30182,467,100,6,6,2.4,1395|1958|4088|4988|5465|6869,CRHR2|EGR1|SMAD3|OPRM1|PPARA|TACR1,-0.59,0
1,-2.3,C1969372,M1,1,0,DisGeNET,35,Tubulointerstitial fibrosis,,-2.3,4.6,3.8,30182,327,100,5,5,2.2,60|1958|2551|4088|5465,ACTB|EGR1|GABPA|SMAD3|PPARA,-0.58,0
1,-2.3,C0004936,M1,1,0,DisGeNET,35,Mental disorders,,-2.3,3.1,3.4,30182,789,100,8,8,2.7,60|1958|4929|4988|5521|6869|54207|57502,ACTB|EGR1|NR4A2|OPRM1|PPP2R2B|TACR1|KCNK10|NLGN4X,-0.58,0
1,-2.3,C0013295,M1,1,0,DisGeNET,35,Duodenal Ulcer,,-2.3,8.9,4.6,30182,102,100,3,3,1.7,1958|2551|57492,EGR1|GABPA|ARID1B,-0.58,0
1,-2.3,C0563625,M1,1,0,DisGeNET,35,Agnosia for Pain,,-2.3,5.9,4.1,30182,204,100,4,4,2,2741|4988|5465|6902,GLRA1|OPRM1|PPARA|TBCA,-0.58,0
1,-2.3,C4316903,M1,1,0,DisGeNET,35,Absence Seizures,,-2.3,5.9,4.1,30182,204,100,4,4,2,4988|6855|9758|84679,OPRM1|SYP|FRMPD4|SLC9A7,-0.58,0
1,-2.3,C0030521,M1,1,0,DisGeNET,35,Parathyroid Neoplasms,,-2.3,8.7,4.5,30182,104,100,3,3,1.7,546|4088|8490,ATRX|SMAD3|RGS5,-0.56,0
1,-2.3,C0009447,M1,1,0,DisGeNET,35,Common Variable Immunodeficiency,,-2.3,5.8,4,30182,207,100,4,4,2,60|604|4088|5218,ACTB|BCL6|SMAD3|CDK14,-0.56,0
1,-2.3,C0020224,M1,1,0,DisGeNET,35,Polyhydramnios,,-2.3,5.8,4,30182,208,100,4,4,2,3784|4613|4853|374654,KCNQ1|MYCN|NOTCH2|KIF7,-0.56,0
1,-2.3,C0278879,M1,1,0,DisGeNET,35,Childhood Burkitt Lymphoma,,-2.3,3.8,3.5,30182,477,100,6,6,2.4,604|4613|4773|4853|8289|51564,BCL6|MYCN|NFATC2|NOTCH2|ARID1A|HDAC7,-0.55,0
1,-2.3,C1142533,M1,1,0,DisGeNET,35,Smooth philtrum,,-2.3,8.6,4.5,30182,105,100,3,3,1.7,4094|5077|55906,MAF|PAX3|ZC4H2,-0.55,0
1,-2.3,C0025286,M1,1,0,DisGeNET,35,Meningioma,,-2.3,3.3,3.4,30182,634,100,7,7,2.6,60|604|2551|4613|4853|5465|8289,ACTB|BCL6|GABPA|MYCN|NOTCH2|PPARA|ARID1A,-0.55,0
1,-2.3,C1292769,M1,1,0,DisGeNET,35,Precursor B-cell lymphoblastic leukemia,,-2.3,3.8,3.5,30182,478,100,6,6,2.4,238|604|4088|4613|6869|171017,ALK|BCL6|SMAD3|MYCN|TACR1|ZNF384,-0.55,0
1,-2.3,C0021831,M1,1,0,DisGeNET,35,Intestinal Diseases,,-2.3,5.8,4,30182,209,100,4,4,2,238|4088|4988|5465,ALK|SMAD3|OPRM1|PPARA,-0.55,0
1,-2.3,C0005744,M1,1,0,DisGeNET,35,Blepharophimosis,,-2.3,8.5,4.5,30182,106,100,3,3,1.7,4613|5077|57492,MYCN|PAX3|ARID1B,-0.55,0
1,-2.3,C0339143,M1,1,0,DisGeNET,35,Thyroid associated opthalmopathies,,-2.3,5.7,4,30182,211,100,4,4,2,60|2551|4853|5465,ACTB|GABPA|NOTCH2|PPARA,-0.54,0
1,-2.3,C1843367,M1,1,0,DisGeNET,35,Poor school performance,,-2.3,5.7,4,30182,211,100,4,4,2,60|546|57492|374654,ACTB|ATRX|ARID1B|KIF7,-0.54,0
1,-2.3,C0085669,M1,1,0,DisGeNET,35,Acute leukemia,,-2.3,3.3,3.4,30182,639,100,7,7,2.6,60|238|546|1523|4602|6869|171017,ACTB|ALK|ATRX|CUX1|MYB|TACR1|ZNF384,-0.54,0
1,-2.3,C0009777,M1,1,0,DisGeNET,35,Conn Adenoma,,-2.3,8.5,4.5,30182,107,100,3,3,1.7,60|4929|7291,ACTB|NR4A2|TWIST1,-0.54,0
1,-2.3,C0011269,M1,1,0,DisGeNET,35,"Dementia, Vascular",,-2.3,5.7,4,30182,212,100,4,4,2,60|2534|2551|6855,ACTB|FYN|GABPA|SYP,-0.54,0
1,-2.3,C0041696,M1,1,0,DisGeNET,35,Unipolar Depression,,-2.3,3.3,3.4,30182,641,100,7,7,2.6,1395|1523|2551|4929|4988|6869|54207,CRHR2|CUX1|GABPA|NR4A2|OPRM1|TACR1|KCNK10,-0.54,0
1,-2.3,C0278484,M1,1,0,DisGeNET,35,Malignant neoplasm of colon stage IV,,-2.3,8.4,4.4,30182,108,100,3,3,1.7,1523|4613|4988,CUX1|MYCN|OPRM1,-0.53,0
1,-2.2,C0020981,M1,1,0,DisGeNET,35,Angioimmunoblastic Lymphadenopathy,,-2.2,8.3,4.4,30182,109,100,3,3,1.7,238|604|2534,ALK|BCL6|FYN,-0.52,0
1,-2.2,C0423109,M1,1,0,DisGeNET,35,Upward slant of palpebral fissure,,-2.2,5.6,3.9,30182,216,100,4,4,2,546|4613|55906|57492,ATRX|MYCN|ZC4H2|ARID1B,-0.51,0
1,-2.2,C0006111,M1,1,0,DisGeNET,35,Brain Diseases,,-2.2,4.4,3.6,30182,345,100,5,5,2.2,238|1523|1958|4929|57502,ALK|CUX1|EGR1|NR4A2|NLGN4X,-0.51,0
1,-2.2,C0206701,M1,1,0,DisGeNET,35,"Cystadenocarcinoma, Serous",,-2.2,8.2,4.4,30182,110,100,3,3,1.7,238|6855|51564,ALK|SYP|HDAC7,-0.51,0
1,-2.2,C1609433,M1,1,0,DisGeNET,35,Congenital absence of kidneys syndrome,,-2.2,8.2,4.4,30182,110,100,3,3,1.7,546|30812|374654,ATRX|SOX8|KIF7,-0.51,0
1,-2.2,C1318485,M1,1,0,DisGeNET,35,Liver regeneration disorder,,-2.2,4.4,3.6,30182,346,100,5,5,2.2,60|1958|2551|5465|8289,ACTB|EGR1|GABPA|PPARA|ARID1A,-0.51,0
1,-2.2,C1853237,M1,1,0,DisGeNET,35,Isolated cases,,-2.2,8.2,4.4,30182,111,100,3,3,1.7,257|4929|57502,ALX3|NR4A2|NLGN4X,-0.5,0
1,-2.2,C0035369,M1,1,0,DisGeNET,35,Retroviridae Infections,,-2.2,8.1,4.3,30182,112,100,3,3,1.7,60|238|604,ACTB|ALK|BCL6,-0.49,0
1,-2.2,C0333516,M1,1,0,DisGeNET,35,Tumor necrosis,,-2.2,4.3,3.6,30182,350,100,5,5,2.2,860|2551|4613|4773|6855,RUNX2|GABPA|MYCN|NFATC2|SYP,-0.49,0
1,-2.2,C1868683,M1,1,0,DisGeNET,35,"B-CELL MALIGNANCY, LOW-GRADE",,-2.2,4.3,3.6,30182,350,100,5,5,2.2,604|1039|1523|2551|4853,BCL6|CDR2|CUX1|GABPA|NOTCH2,-0.49,0
1,-2.2,C0031117,M1,1,0,DisGeNET,35,Peripheral Neuropathy,,-2.2,4.3,3.6,30182,351,100,5,5,2.2,60|2551|4088|6869|30812,ACTB|GABPA|SMAD3|TACR1|SOX8,-0.49,0
1,-2.2,C0235782,M1,1,0,DisGeNET,35,Gallbladder Carcinoma,,-2.2,3.6,3.4,30182,498,100,6,6,2.4,60|604|2551|4088|4605|6869,ACTB|BCL6|GABPA|SMAD3|MYBL2|TACR1,-0.49,0
1,-2.2,C0268731,M1,1,0,DisGeNET,35,Renal glomerular disease,,-2.2,5.5,3.8,30182,221,100,4,4,2,60|2551|7403|9949,ACTB|GABPA|KDM6A|AMMECR1,-0.49,0
1,-2.2,C0206638,M1,1,0,DisGeNET,35,Giant Cell Tumor of Bone,,-2.2,8,4.3,30182,113,100,3,3,1.7,860|4088|7291,RUNX2|SMAD3|TWIST1,-0.49,0
1,-2.2,C0206669,M1,1,0,DisGeNET,35,Hepatocellular Adenoma,,-2.2,7.9,4.3,30182,114,100,3,3,1.7,60|2551|4853,ACTB|GABPA|NOTCH2,-0.48,0
1,-2.2,C1306837,M1,1,0,DisGeNET,35,Papillary Renal Cell Carcinoma,,-2.2,5.4,3.8,30182,223,100,4,4,2,238|1039|2551|6855,ALK|CDR2|GABPA|SYP,-0.48,0
1,-2.2,C1857486,M1,1,0,DisGeNET,35,"Low-set, posteriorly rotated ears",,-2.2,5.4,3.8,30182,223,100,4,4,2,257|546|57492|374654,ALX3|ATRX|ARID1B|KIF7,-0.48,0
1,-2.2,C0206655,M1,1,0,DisGeNET,35,Alveolar rhabdomyosarcoma,,-2.2,7.9,4.3,30182,115,100,3,3,1.7,238|4613|5077,ALK|MYCN|PAX3,-0.47,0
1,-2.2,C0221406,M1,1,0,DisGeNET,35,Pituitary-dependent Cushing's disease,,-2.2,7.9,4.3,30182,115,100,3,3,1.7,5465|6667|55906,PPARA|SP1|ZC4H2,-0.47,0
1,-2.2,C1332201,M1,1,0,DisGeNET,35,Adult Diffuse Large B-Cell Lymphoma,,-2.2,3.6,3.4,30182,504,100,6,6,2.4,60|238|604|1794|2551|4853,ACTB|ALK|BCL6|DOCK2|GABPA|NOTCH2,-0.47,0
1,-2.2,C4733092,M1,1,0,DisGeNET,35,estrogen receptor-negative breast cancer,,-2.2,4.2,3.5,30182,356,100,5,5,2.2,60|1395|2534|6667|7291,ACTB|CRHR2|FYN|SP1|TWIST1,-0.47,0
1,-2.2,C3279222,M1,1,0,DisGeNET,35,Aplasia/Hypoplasia of the cerebellum,,-2.2,7.8,4.2,30182,116,100,3,3,1.7,8289|57492|374654,ARID1A|ARID1B|KIF7,-0.46,0
1,-2.2,C0007129,M1,1,0,DisGeNET,35,Merkel cell carcinoma,,-2.2,5.3,3.8,30182,226,100,4,4,2,238|4853|6855|7291,ALK|NOTCH2|SYP|TWIST1,-0.46,0
1,-2.2,C0007786,M1,1,0,DisGeNET,35,Brain Ischemia,,-2.2,4.2,3.5,30182,358,100,5,5,2.2,60|1958|4988|5465|54207,ACTB|EGR1|OPRM1|PPARA|KCNK10,-0.46,0
1,-2.2,C0041956,M1,1,0,DisGeNET,35,Ureteral obstruction,,-2.2,4.2,3.5,30182,359,100,5,5,2.2,60|2551|4088|4853|7291,ACTB|GABPA|SMAD3|NOTCH2|TWIST1,-0.46,0
1,-2.2,C0032227,M1,1,0,DisGeNET,35,Pleural effusion disorder,,-2.2,5.3,3.8,30182,227,100,4,4,2,60|238|604|1523,ACTB|ALK|BCL6|CUX1,-0.46,0
1,-2.2,C0024291,M1,1,0,DisGeNET,35,"Lymphohistiocytosis, Hemophagocytic",,-2.2,7.7,4.2,30182,117,100,3,3,1.7,60|238|3663,ACTB|ALK|IRF5,-0.46,0
1,-2.1,C2931689,M1,1,0,DisGeNET,35,Dystrophia myotonica 2,,-2.1,7.7,4.2,30182,118,100,3,3,1.7,60|5465|5521,ACTB|PPARA|PPP2R2B,-0.45,0
1,-2.1,C0205696,M1,1,0,DisGeNET,35,Anaplastic carcinoma,,-2.1,5.2,3.7,30182,232,100,4,4,2,60|238|5465|6855,ACTB|ALK|PPARA|SYP,-0.43,0
1,-2.1,C4525297,M1,1,0,DisGeNET,35,Stage 0 Gallbladder Cancer AJCC v8,,-2.1,4.1,3.5,30182,367,100,5,5,2.2,60|2551|4088|4605|6869,ACTB|GABPA|SMAD3|MYBL2|TACR1,-0.43,0
1,-2.1,C4525300,M1,1,0,DisGeNET,35,Stage IIA Gallbladder Cancer AJCC v8,,-2.1,4.1,3.5,30182,367,100,5,5,2.2,60|2551|4088|4605|6869,ACTB|GABPA|SMAD3|MYBL2|TACR1,-0.43,0
1,-2.1,C4525301,M1,1,0,DisGeNET,35,Stage IIB Gallbladder Cancer AJCC v8,,-2.1,4.1,3.5,30182,367,100,5,5,2.2,60|2551|4088|4605|6869,ACTB|GABPA|SMAD3|MYBL2|TACR1,-0.43,0
1,-2.1,C4525302,M1,1,0,DisGeNET,35,Stage III Gallbladder Cancer AJCC v8,,-2.1,4.1,3.5,30182,367,100,5,5,2.2,60|2551|4088|4605|6869,ACTB|GABPA|SMAD3|MYBL2|TACR1,-0.43,0
1,-2.1,C4525305,M1,1,0,DisGeNET,35,Stage IV Gallbladder Cancer AJCC v8,,-2.1,4.1,3.5,30182,367,100,5,5,2.2,60|2551|4088|4605|6869,ACTB|GABPA|SMAD3|MYBL2|TACR1,-0.43,0
1,-2.1,C0034194,M1,1,0,DisGeNET,35,Pyloric Stenosis,,-2.1,7.5,4.1,30182,121,100,3,3,1.7,6855|9758|84679,SYP|FRMPD4|SLC9A7,-0.43,0
1,-2.1,C1850900,M1,1,0,DisGeNET,35,Familial primary gastric lymphoma,,-2.1,7.5,4.1,30182,121,100,3,3,1.7,60|238|604,ACTB|ALK|BCL6,-0.43,0
1,-2.1,C0334299,M1,1,0,DisGeNET,35,Carcinoid tumor no ICD-O subtype,,-2.1,7.4,4.1,30182,122,100,3,3,1.7,60|2551|6855,ACTB|GABPA|SYP,-0.42,0
1,-2.1,C0086692,M1,1,0,DisGeNET,35,Benign Neoplasm,,-2.1,4.1,3.4,30182,371,100,5,5,2.2,2551|5077|5465|7403|8490,GABPA|PAX3|PPARA|KDM6A|RGS5,-0.41,0
1,-2.1,C0155877,M1,1,0,DisGeNET,35,Allergic asthma,,-2.1,4.1,3.4,30182,371,100,5,5,2.2,604|2534|4088|4602|6095,BCL6|FYN|SMAD3|MYB|RORA,-0.41,0
1,-2.1,C0042373,M1,1,0,DisGeNET,35,Vascular Diseases,,-2.1,3.1,3.2,30182,688,100,7,7,2.6,60|604|1958|2551|4088|4853|5465,ACTB|BCL6|EGR1|GABPA|SMAD3|NOTCH2|PPARA,-0.41,0
1,-2.1,C0205641,M1,1,0,DisGeNET,35,"Adenocarcinoma, Basal Cell",,-2.1,7.4,4.1,30182,123,100,3,3,1.7,3784|4602|8289,KCNQ1|MYB|ARID1A,-0.41,0
1,-2.1,C0242422,M1,1,0,DisGeNET,35,Parkinsonian Disorders,,-2.1,4,3.4,30182,373,100,5,5,2.2,2534|4088|4929|5521|6855,FYN|SMAD3|NR4A2|PPP2R2B|SYP,-0.41,0
1,-2.1,C0040822,M1,1,0,DisGeNET,35,Tremor,,-2.1,3.4,3.2,30182,528,100,6,6,2.4,4929|5521|6095|9372|9758|374654,NR4A2|PPP2R2B|RORA|ZFYVE9|FRMPD4|KIF7,-0.4,0
1,-2.1,C0020649,M1,1,0,DisGeNET,35,Hypotension,,-2.1,7.2,4,30182,125,100,3,3,1.7,546|1395|6869,ATRX|CRHR2|TACR1,-0.4,0
1,-2.1,C0003504,M1,1,0,DisGeNET,35,Aortic Valve Insufficiency,,-2.1,4,3.4,30182,377,100,5,5,2.2,860|1958|4088|7291|55906,RUNX2|EGR1|SMAD3|TWIST1|ZC4H2,-0.39,0
1,-2.1,C3714636,M1,1,0,DisGeNET,35,Pneumonitis,,-2.1,3,3.1,30182,696,100,7,7,2.6,238|604|1523|1958|2551|4773|6095,ALK|BCL6|CUX1|EGR1|GABPA|NFATC2|RORA,-0.39,0
1,-2.1,C0867389,M1,1,0,DisGeNET,35,Chronic graft-versus-host disease,,-2.1,5,3.6,30182,241,100,4,4,2,604|4853|4988|7403,BCL6|NOTCH2|OPRM1|KDM6A,-0.39,0
1,-2.1,C0023891,M1,1,0,DisGeNET,35,"Liver Cirrhosis, Alcoholic",,-2.1,7.2,4,30182,126,100,3,3,1.7,60|2551|4088,ACTB|GABPA|SMAD3,-0.39,0
1,-2.1,C0087169,M1,1,0,DisGeNET,35,Withdrawal Symptoms,,-2.1,7.2,4,30182,126,100,3,3,1.7,860|4988|6869,RUNX2|OPRM1|TACR1,-0.39,0
1,-2.1,C4554344,M1,1,0,DisGeNET,35,IgE-mediated food allergy,,-2.1,7.2,4,30182,126,100,3,3,1.7,1523|7291|29119,CUX1|TWIST1|CTNNA3,-0.39,0
1,-2.1,C0149521,M1,1,0,DisGeNET,35,"Pancreatitis, Chronic",,-2.1,4,3.4,30182,379,100,5,5,2.2,60|1523|2551|4088|6869,ACTB|CUX1|GABPA|SMAD3|TACR1,-0.39,0
1,-2.1,C0039075,M1,1,0,DisGeNET,35,Syndactyly,,-2.1,7.1,4,30182,127,100,3,3,1.7,4613|7291|374654,MYCN|TWIST1|KIF7,-0.38,0
1,-2.1,C0001175,M1,1,0,DisGeNET,35,Acquired Immunodeficiency Syndrome,,-2.1,5,3.6,30182,243,100,4,4,2,604|4088|4988|6667,BCL6|SMAD3|OPRM1|SP1,-0.38,0
1,-2,C0035235,M1,1,0,DisGeNET,35,Respiratory Syncytial Virus Infections,,-2,4.9,3.6,30182,244,100,4,4,2,60|2551|6855|6869,ACTB|GABPA|SYP|TACR1,-0.38,0
1,-2,C0456070,M1,1,0,DisGeNET,35,Growth delay,,-2,4.9,3.6,30182,244,100,4,4,2,60|546|57492|374654,ACTB|ATRX|ARID1B|KIF7,-0.38,0
1,-2,C0339573,M1,1,0,DisGeNET,35,"Glaucoma, Primary Open Angle",,-2,3.9,3.3,30182,383,100,5,5,2.2,60|1523|1958|5737|11218,ACTB|CUX1|EGR1|PTGFR|DDX20,-0.37,0
1,-2,C0266544,M1,1,0,DisGeNET,35,Microcornea,,-2,7,3.9,30182,129,100,3,3,1.7,60|4094|7403,ACTB|MAF|KDM6A,-0.37,0
1,-2,C0276138,M1,1,0,DisGeNET,35,Viral myocarditis,,-2,7,3.9,30182,129,100,3,3,1.7,2551|4088|6667,GABPA|SMAD3|SP1,-0.37,0
1,-2,C1851841,M1,1,0,DisGeNET,35,"ECTRODACTYLY, ECTODERMAL DYSPLASIA, AND CLEFT LIP/PALATE SYNDROME 1",,-2,7,3.9,30182,129,100,3,3,1.7,321|2551|8289,APBA2|GABPA|ARID1A,-0.37,0
1,-2,C0024796,M1,1,0,DisGeNET,35,Marfan Syndrome,,-2,7,3.9,30182,130,100,3,3,1.7,60|3784|4088,ACTB|KCNQ1|SMAD3,-0.37,0
1,-2,C1569637,M1,1,0,DisGeNET,35,"Adenocarcinoma, Endometrioid",,-2,7,3.9,30182,130,100,3,3,1.7,4853|7291|8289,NOTCH2|TWIST1|ARID1A,-0.37,0
1,-2,C1837397,M1,1,0,DisGeNET,35,Severe global developmental delay,,-2,7,3.9,30182,130,100,3,3,1.7,546|8289|57492,ATRX|ARID1A|ARID1B,-0.37,0
1,-2,C0278595,M1,1,0,DisGeNET,35,Adult Fibrosarcoma,,-2,3.9,3.3,30182,387,100,5,5,2.2,60|1523|1958|6667|90993,ACTB|CUX1|EGR1|SP1|CREB3L1,-0.36,0
1,-2,C4552091,M1,1,0,DisGeNET,35,"Polyarthritis, Juvenile, Rheumatoid Factor Negative",,-2,6.9,3.9,30182,131,100,3,3,1.7,1958|4088|4929,EGR1|SMAD3|NR4A2,-0.36,0
1,-2,C4704862,M1,1,0,DisGeNET,35,"Polyarthritis, Juvenile, Rheumatoid Factor Positive",,-2,6.9,3.9,30182,131,100,3,3,1.7,1958|4088|4929,EGR1|SMAD3|NR4A2,-0.36,0
1,-2,C0333463,M1,1,0,DisGeNET,35,Senile Plaques,,-2,4.8,3.5,30182,249,100,4,4,2,60|321|5465|6855,ACTB|APBA2|PPARA|SYP,-0.36,0
1,-2,C4317109,M1,1,0,DisGeNET,35,Epileptic Seizures,,-2,4.8,3.5,30182,250,100,4,4,2,860|1958|2551|4988,RUNX2|EGR1|GABPA|OPRM1,-0.35,0
1,-2,C0017658,M1,1,0,DisGeNET,35,Glomerulonephritis,,-2,3.9,3.3,30182,391,100,5,5,2.2,1523|3663|4052|4088|5465,CUX1|IRF5|LTBP1|SMAD3|PPARA,-0.35,0
1,-2,C0015230,M1,1,0,DisGeNET,35,Exanthema,,-2,4.8,3.5,30182,251,100,4,4,2,60|604|860|6855,ACTB|BCL6|RUNX2|SYP,-0.35,0
1,-2,C0013473,M1,1,0,DisGeNET,35,Eating Disorders,,-2,6.8,3.9,30182,133,100,3,3,1.7,1395|1523|5465,CRHR2|CUX1|PPARA,-0.35,0
1,-2,C1827849,M1,1,0,DisGeNET,35,IgE-mediated allergic asthma,,-2,6.8,3.9,30182,133,100,3,3,1.7,4088|4602|6095,SMAD3|MYB|RORA,-0.35,0
1,-2,C4721453,M1,1,0,DisGeNET,35,Peripheral Nervous System Diseases,,-2,3.3,3.1,30182,549,100,6,6,2.4,60|2551|4088|4853|6869|30812,ACTB|GABPA|SMAD3|NOTCH2|TACR1|SOX8,-0.35,0
