_MEMBER_MyList,_LogP_MyList,GO,_PATTERN_,_RANK_,GiniIndex,Category,CategoryID,Description,PARENT_GO,LogP,Enrichment,Z-score,#TotalGeneInLibrary,#GeneInGO,#GeneInHitList,#GeneInGOAndHitList,%InGO,STDV %InGO,GeneID,Hits,Log(q-value),EvidenceCutoff
1,-5.9,TRR01277,M1,1,0,TRRUST,34,Regulated by: STAT3,,-5.9,13,8.9,30182,161,100,7,7,2.6,604|4052|4988|5077|5465|6095|7291,BCL6|LTBP1|OPRM1|PAX3|PPARA|RORA|TWIST1,-2.9,0
1,-4.2,TRR01256,M1,1,0,TRRUST,34,Regulated by: SP1,,-4.2,5.2,5.6,30182,524,100,9,9,2.9,1958|3663|4603|4605|4613|4988|5521|6095|6855,EGR1|IRF5|MYBL1|MYBL2|MYCN|OPRM1|PPP2R2B|RORA|SYP,-1.8,0
1,-3.7,TRR00469,M1,1,0,TRRUST,34,Regulated by: HDAC2,,-3.7,27,8.8,30182,33,100,3,3,1.7,4613|6667|7291,MYCN|SP1|TWIST1,-1.5,0
1,-3.1,TRR01158,M1,1,0,TRRUST,34,Regulated by: RELA,,-3.1,5.4,4.7,30182,333,100,6,6,2.4,1958|5465|5737|7291|10488|51564,EGR1|PPARA|PTGFR|TWIST1|CREB3|HDAC7,-1.1,0
1,-2.9,TRR00230,M1,1,0,TRRUST,34,Regulated by: E2F1,,-2.9,8.5,5.2,30182,142,100,4,4,2,1523|4602|4605|4613,CUX1|MYB|MYBL2|MYCN,-0.96,0
1,-2.8,TRR01529,M1,1,0,TRRUST,34,Regulated by: WT1,,-2.8,13,5.9,30182,68,100,3,3,1.7,4088|4602|4613,SMAD3|MYB|MYCN,-0.93,0
1,-2.6,TRR00645,M1,1,0,TRRUST,34,Regulated by: JUN,,-2.6,7.1,4.6,30182,171,100,4,4,2,860|4602|4988|5465,RUNX2|MYB|OPRM1|PPARA,-0.77,0
1,-2.4,TRR00484,M1,1,0,TRRUST,34,Regulated by: HIF1A,,-2.4,9.1,4.7,30182,99,100,3,3,1.7,5465|6095|7291,PPARA|RORA|TWIST1,-0.61,0
1,-2.3,TRR00875,M1,1,0,TRRUST,34,Regulated by: NFKB1,,-2.3,4.5,3.7,30182,339,100,5,5,2.2,1958|4988|5737|10488|51564,EGR1|OPRM1|PTGFR|CREB3|HDAC7,-0.54,0
1,-2.1,TRR01259,M1,1,0,TRRUST,34,Regulated by: SP3,,-2.1,7.2,4,30182,126,100,3,3,1.7,4613|4988|6095,MYCN|OPRM1|RORA,-0.39,0
