Category,CategoryID,GO,Description,PARENT_GO,LogP,Enrichment,Z-score,#TotalGeneInLibrary,#GeneInGO,#GeneInHitList,#GeneInGOAndHitList,%InGO,STDV %InGO,GeneID,Hits,Log(q-value),GeneList
Transcription Factor Targets,16,M14626,GFI1 01,,-10,14,12,30182,265,100,12,12,3.2,1641|1879|2113|5087|5132|5813|6659|7026|8292|9586|50937|133522,DCX|EBF1|ETS1|PBX1|PDC|PURA|SOX4|NR2F2|COLQ|CREB5|CDON|PPARGC1B,-5.5,MyList
Transcription Factor Targets,16,M4764,TGTTTGY HNF3 Q6,,-8.5,6.5,8.7,30182,748,100,16,16,3.7,90|2099|4257|5523|5727|5813|5992|6659|6840|7026|7328|8427|9459|9586|29841|84623,ACVR1|ESR1|MGST1|PPP2R3A|PTCH1|PURA|RFX4|SOX4|SVIL|NR2F2|UBE2H|ZNF282|ARHGEF6|CREB5|GRHL1|KIRREL3,-4.3,MyList
Transcription Factor Targets,16,M6052,YCATTAA UNKNOWN,,-8.2,7.5,8.9,30182,567,100,14,14,3.5,90|320|862|1641|2313|4223|5727|5813|6096|6659|6792|7026|8292|9586,ACVR1|APBA1|RUNX1T1|DCX|FLI1|MEOX2|PTCH1|PURA|RORB|SOX4|CDKL5|NR2F2|COLQ|CREB5,-4.3,MyList
Transcription Factor Targets,16,M13849,TGACATY UNKNOWN,,-8.2,6.7,8.6,30182,676,100,15,15,3.6,320|862|1641|4223|5789|5813|5992|6096|6334|7026|9459|50650|55884|64579|149111,APBA1|RUNX1T1|DCX|MEOX2|PTPRD|PURA|RFX4|RORB|SCN8A|NR2F2|ARHGEF6|ARHGEF3|WSB2|NDST4|CNIH3,-4.3,MyList
Transcription Factor Targets,16,M15185,GATA1 02,,-6.8,11,9.1,30182,249,100,9,9,2.9,320|831|862|2313|5132|5992|7328|9586|50937,APBA1|CAST|RUNX1T1|FLI1|PDC|RFX4|UBE2H|CREB5|CDON,-3,MyList
Transcription Factor Targets,16,M16280,PITX2 Q2,,-6.6,10,8.7,30182,264,100,9,9,2.9,90|4223|5087|5813|5992|6096|6659|9586|64579,ACVR1|MEOX2|PBX1|PURA|RFX4|RORB|SOX4|CREB5|NDST4,-2.9,MyList
Transcription Factor Targets,16,M18920,GATA C,,-6.5,10,8.7,30182,268,100,9,9,2.9,90|831|862|1641|5357|6096|7328|8292|10814,ACVR1|CAST|RUNX1T1|DCX|PLS1|RORB|UBE2H|COLQ|CPLX2,-2.9,MyList
DisGeNET,35,C0454644,Delayed speech and language development,,-6.5,6.5,7.5,30182,560,100,12,12,3.2,2334|5087|5813|6096|6334|6772|6792|9459|10075|26999|55074|55149,AFF2|PBX1|PURA|RORB|SCN8A|STAT1|CDKL5|ARHGEF6|HUWE1|CYFIP2|OXR1|MTPAP,-2.8,MyList
Transcription Factor Targets,16,M4372,STAT5A 04,,-6.2,11,8.7,30182,214,100,8,8,2.7,2113|2313|5087|5727|5789|6096|55884|128338,ETS1|FLI1|PBX1|PTCH1|PTPRD|RORB|WSB2|DRAM2,-2.7,MyList
DisGeNET,35,C4086152,Childhood Astrocytoma,,-6,5.9,7.1,30182,615,100,12,12,3.2,90|429|1641|2002|2099|2113|2313|3417|3727|6659|6863|7026,ACVR1|ASCL1|DCX|ELK1|ESR1|ETS1|FLI1|IDH1|JUND|SOX4|TAC1|NR2F2,-2.5,MyList
Transcription Factor Targets,16,M11968,NKX61 01,,-5.9,10,8.2,30182,235,100,8,8,2.7,862|2313|5396|5789|5813|6659|6792|9586,RUNX1T1|FLI1|PRRX1|PTPRD|PURA|SOX4|CDKL5|CREB5,-2.4,MyList
Transcription Factor Targets,16,M30363,ZNF596 TARGET GENES,,-5.7,5.5,6.8,30182,656,100,12,12,3.2,90|1879|2313|3727|5396|5727|6840|7026|9425|9586|10814|56341,ACVR1|EBF1|FLI1|JUND|PRRX1|PTCH1|SVIL|NR2F2|CDYL|CREB5|CPLX2|PRMT8,-2.3,MyList
DisGeNET,35,C4022919,Appendicular hypotonia,,-5.7,1.1e+02,18,30182,8,100,3,3,1.7,5727|6334|6792,PTCH1|SCN8A|CDKL5,-2.3,MyList
Transcription Factor Targets,16,M7355,HLF 01,,-5.6,9.3,7.8,30182,259,100,8,8,2.7,2309|4223|6792|6863|7026|9425|9586|79977,FOXO3|MEOX2|CDKL5|TAC1|NR2F2|CDYL|CREB5|GRHL2,-2.3,MyList
Cell Type Signatures,7,M39175,MURARO PANCREAS MESENCHYMAL STROMAL CELL,,-5.6,5.3,6.6,30182,680,100,12,12,3.2,90|468|1879|2113|3098|4257|5396|5791|6840|7026|11228|23180,ACVR1|ATF4|EBF1|ETS1|HK1|MGST1|PRRX1|PTPRE|SVIL|NR2F2|RASSF8|RFTN1,-2.3,MyList
Transcription Factor Targets,16,M19671,TEF Q6,,-5.6,9.2,7.7,30182,262,100,8,8,2.7,831|5087|5813|6659|7328|9425|9586|29841,CAST|PBX1|PURA|SOX4|UBE2H|CDYL|CREB5|GRHL1,-2.3,MyList
Transcription Factor Targets,16,M3437,STAT Q6,,-5.5,9.1,7.7,30182,264,100,8,8,2.7,320|444|5523|7328|9459|50650|79977|133522,APBA1|ASPH|PPP2R3A|UBE2H|ARHGEF6|ARHGEF3|GRHL2|PPARGC1B,-2.3,MyList
Transcription Factor Targets,16,M14351,AFP1 Q6,,-5.5,9,7.6,30182,268,100,8,8,2.7,1641|2099|2313|5396|6659|9586|51642|84623,DCX|ESR1|FLI1|PRRX1|SOX4|CREB5|MRPL48|KIRREL3,-2.3,MyList
Transcription Factor Targets,16,M13052,GATA6 01,,-5.5,9,7.6,30182,268,100,8,8,2.7,862|1641|5396|6096|7026|7328|9586|50937,RUNX1T1|DCX|PRRX1|RORB|NR2F2|UBE2H|CREB5|CDON,-2.3,MyList
Cell Type Signatures,7,M41699,TRAVAGLINI LUNG CLASSICAL MONOCYTE CELL,,-5.5,8.9,7.6,30182,270,100,8,8,2.7,831|1052|4257|5187|5791|8650|9586|51422,CAST|CEBPD|MGST1|PER1|PTPRE|NUMB|CREB5|PRKAG2,-2.3,MyList
Transcription Factor Targets,16,M8634,HNF4 Q6,,-5.5,8.9,7.5,30182,271,100,8,8,2.7,468|5357|5813|6792|8650|10814|79977|84623,ATF4|PLS1|PURA|CDKL5|NUMB|CPLX2|GRHL2|KIRREL3,-2.3,MyList
Cell Type Signatures,7,M39055,MANNO MIDBRAIN NEUROTYPES HRGL2A,,-5.3,5.5,6.5,30182,600,100,11,11,3.1,831|2334|4257|5187|5727|5992|8292|9459|9586|84623|219670,CAST|AFF2|MGST1|PER1|PTCH1|RFX4|COLQ|ARHGEF6|CREB5|KIRREL3|ENKUR,-2.2,MyList
Transcription Factor Targets,16,M14357,TATA C,,-5.3,8.5,7.3,30182,285,100,8,8,2.7,3727|5087|5813|5992|6840|55884|56660|133522,JUND|PBX1|PURA|RFX4|SVIL|WSB2|KCNK12|PPARGC1B,-2.2,MyList
DisGeNET,35,C0334579,Anaplastic astrocytoma,,-5.3,10,7.8,30182,202,100,7,7,2.6,90|429|1641|2099|2113|2346|3417,ACVR1|ASCL1|DCX|ESR1|ETS1|FOLH1|IDH1,-2.2,MyList
Transcription Factor Targets,16,M435,YATTNATC UNKNOWN,,-5.3,7.1,6.9,30182,382,100,9,9,2.9,1641|2334|4223|5992|6863|8292|9586|9867|10814,DCX|AFF2|MEOX2|RFX4|TAC1|COLQ|CREB5|PJA2|CPLX2,-2.2,MyList
Transcription Factor Targets,16,M1830,YKACATTT UNKNOWN,,-5.2,8.3,7.2,30182,290,100,8,8,2.7,320|862|1879|5789|5813|7026|55884|149111,APBA1|RUNX1T1|EBF1|PTPRD|PURA|NR2F2|WSB2|CNIH3,-2.1,MyList
Transcription Factor Targets,16,M4121,TCF11MAFG 01,,-5.2,10,7.7,30182,206,100,7,7,2.6,2313|4257|5727|6096|6863|84623|114879,FLI1|MGST1|PTCH1|RORB|TAC1|KIRREL3|OSBPL5,-2.1,MyList
DisGeNET,35,C0423110,Downward slant of palpebral fissure,,-5.2,6.9,6.8,30182,391,100,9,9,2.9,429|444|2313|5396|5727|6334|9459|10075|26999,ASCL1|ASPH|FLI1|PRRX1|PTCH1|SCN8A|ARHGEF6|HUWE1|CYFIP2,-2.1,MyList
DisGeNET,35,C0175754,Agenesis of corpus callosum,,-5.2,5.4,6.4,30182,615,100,11,11,3.1,1641|2099|2309|2313|2346|3727|5396|5727|6659|50937|79633,DCX|ESR1|FOXO3|FLI1|FOLH1|JUND|PRRX1|PTCH1|SOX4|CDON|FAT4,-2.1,MyList
DisGeNET,35,C1839767,Tented upper lip vermilion,,-5.2,19,9.3,30182,79,100,5,5,2.2,5727|6792|10075|50937|79633,PTCH1|CDKL5|HUWE1|CDON|FAT4,-2.1,MyList
Cell Type Signatures,7,M39067,MANNO MIDBRAIN NEUROTYPES HDA,,-5.1,6,6.5,30182,506,100,10,10,3,1641|1879|5087|5523|6457|6863|8292|50650|55022|56977,DCX|EBF1|PBX1|PPP2R3A|SH3GL3|TAC1|COLQ|ARHGEF3|PID1|STOX2,-2.1,MyList
DisGeNET,35,C1136249,"Mental Retardation, X-Linked",,-5.1,13,8.1,30182,141,100,6,6,2.4,2002|2334|5132|6792|9459|10075,ELK1|AFF2|PDC|CDKL5|ARHGEF6|HUWE1,-2.1,MyList
Cell Type Signatures,7,M39069,MANNO MIDBRAIN NEUROTYPES HDA2,,-5.1,5.9,6.4,30182,513,100,10,10,3,320|1641|5087|6334|6457|6863|50650|50937|55022|55884,APBA1|DCX|PBX1|SCN8A|SH3GL3|TAC1|ARHGEF3|CDON|PID1|WSB2,-2.1,MyList
DisGeNET,35,C4551570,2-3 toe syndactyly,,-5,18,8.9,30182,85,100,5,5,2.2,5727|6334|6792|9459|10075,PTCH1|SCN8A|CDKL5|ARHGEF6|HUWE1,-2,MyList
DisGeNET,35,C4688316,Refractory Breast Carcinoma,,-5,70,14,30182,13,100,3,3,1.7,2099|6772|114879,ESR1|STAT1|OSBPL5,-2,MyList
Transcription Factor Targets,16,M9769,CTGCAGY UNKNOWN,,-5,4.6,5.9,30182,779,100,12,12,3.2,90|468|1641|2309|2313|5727|5813|6334|6659|6792|55022|133522,ACVR1|ATF4|DCX|FOXO3|FLI1|PTCH1|PURA|SCN8A|SOX4|CDKL5|PID1|PPARGC1B,-2,MyList
Transcription Factor Targets,16,M15595,CART1 01,,-4.9,9.2,7.2,30182,229,100,7,7,2.6,862|5087|5396|5727|6659|6792|9586,RUNX1T1|PBX1|PRRX1|PTCH1|SOX4|CDKL5|CREB5,-2,MyList
DisGeNET,35,C1840309,Short 4th metacarpal,,-4.9,65,14,30182,14,100,3,3,1.7,5727|10075|79633,PTCH1|HUWE1|FAT4,-2,MyList
Cell Type Signatures,7,M39050,MANNO MIDBRAIN NEUROTYPES HPERIC,,-4.9,4.6,5.9,30182,795,100,12,12,3.2,831|1052|1879|2113|5187|6840|7026|9459|23180|55022|56341|133522,CAST|CEBPD|EBF1|ETS1|PER1|SVIL|NR2F2|ARHGEF6|RFTN1|PID1|PRMT8|PPARGC1B,-2,MyList
DisGeNET,35,C0036857,Severe intellectual disability,,-4.9,6.3,6.4,30182,429,100,9,9,2.9,1641|5727|6334|6792|9459|10075|26999|79633|84623,DCX|PTCH1|SCN8A|CDKL5|ARHGEF6|HUWE1|CYFIP2|FAT4|KIRREL3,-2,MyList
Transcription Factor Targets,16,M12520,SOX9 B1,,-4.8,8.9,7,30182,238,100,7,7,2.6,320|1641|1879|5087|5187|6659|50937,APBA1|DCX|EBF1|PBX1|PER1|SOX4|CDON,-1.9,MyList
Transcription Factor Targets,16,M12298,CEBP Q2,,-4.8,8.9,7,30182,238,100,7,7,2.6,2334|4223|5187|5813|6863|7026|9459,AFF2|MEOX2|PER1|PURA|TAC1|NR2F2|ARHGEF6,-1.9,MyList
Transcription Factor Targets,16,M9852,CHOP 01,,-4.8,8.8,7,30182,239,100,7,7,2.6,831|862|5187|5727|6659|9459|55022,CAST|RUNX1T1|PER1|PTCH1|SOX4|ARHGEF6|PID1,-1.9,MyList
Transcription Factor Targets,16,M17361,MEF2 03,,-4.8,8.8,7,30182,240,100,7,7,2.6,2099|4223|5396|5523|5727|5813|5992,ESR1|MEOX2|PRRX1|PPP2R3A|PTCH1|PURA|RFX4,-1.9,MyList
Transcription Factor Targets,16,M3902,POU1F1 Q6,,-4.8,8.8,7,30182,240,100,7,7,2.6,1641|5789|5813|6096|6659|9586|26999,DCX|PTPRD|PURA|RORB|SOX4|CREB5|CYFIP2,-1.9,MyList
Cell Type Signatures,7,M39054,MANNO MIDBRAIN NEUROTYPES HRGL2B,,-4.8,6.2,6.3,30182,440,100,9,9,2.9,429|2334|4257|5727|5992|8292|9459|9586|84623,ASCL1|AFF2|MGST1|PTCH1|RFX4|COLQ|ARHGEF6|CREB5|KIRREL3,-1.9,MyList
Cell Type Signatures,7,M39211,ZHENG CORD BLOOD C2 PUTATIVE BASOPHIL EOSINOPHIL MAST CELL PROGENITOR,,-4.8,16,8.3,30182,96,100,5,5,2.2,468|2334|3727|6659|56259,ATF4|AFF2|JUND|SOX4|CTNNBL1,-1.9,MyList
Transcription Factor Targets,16,M40745,ZNF140 TARGET GENES,,-4.7,5.4,6,30182,562,100,10,10,3,444|862|5087|5357|5813|6840|10814|23180|50650|64579,ASPH|RUNX1T1|PBX1|PLS1|PURA|SVIL|CPLX2|RFTN1|ARHGEF3|NDST4,-1.9,MyList
Transcription Factor Targets,16,M14012,GATA1 04,,-4.7,8.6,6.9,30182,247,100,7,7,2.6,831|862|2313|5523|7328|9586|10814,CAST|RUNX1T1|FLI1|PPP2R3A|UBE2H|CREB5|CPLX2,-1.9,MyList
Cell Type Signatures,7,M39068,MANNO MIDBRAIN NEUROTYPES HDA1,,-4.6,5.2,5.9,30182,584,100,10,10,3,320|1641|5087|6334|6863|50650|51422|55022|79633|282973,APBA1|DCX|PBX1|SCN8A|TAC1|ARHGEF3|PRKAG2|PID1|FAT4|JAKMIP3,-1.8,MyList
Transcription Factor Targets,16,M12258,IRF7 01,,-4.6,8.2,6.7,30182,258,100,7,7,2.6,862|2099|2313|5992|6659|9425|84623,RUNX1T1|ESR1|FLI1|RFX4|SOX4|CDYL|KIRREL3,-1.8,MyList
Transcription Factor Targets,16,M6490,IPF1 Q4,,-4.6,8.2,6.7,30182,258,100,7,7,2.6,2309|2313|5523|5813|6659|7026|10814,FOXO3|FLI1|PPP2R3A|PURA|SOX4|NR2F2|CPLX2,-1.8,MyList
Transcription Factor Targets,16,M822,YTATTTTNR MEF2 02,,-4.6,4.6,5.7,30182,715,100,11,11,3.1,444|831|1879|2113|4223|5396|5523|5992|6659|6792|9586,ASPH|CAST|EBF1|ETS1|MEOX2|PRRX1|PPP2R3A|RFX4|SOX4|CDKL5|CREB5,-1.8,MyList
Transcription Factor Targets,16,M3741,CEBPGAMMA Q6,,-4.6,8.2,6.7,30182,259,100,7,7,2.6,862|2313|5813|6096|6792|9586|56259,RUNX1T1|FLI1|PURA|RORB|CDKL5|CREB5|CTNNBL1,-1.8,MyList
DisGeNET,35,C0011265,Presenile dementia,,-4.6,4.6,5.7,30182,718,100,11,11,3.1,862|2099|2309|2346|3417|5132|5187|6772|7328|8292|26999,RUNX1T1|ESR1|FOXO3|FOLH1|IDH1|PDC|PER1|STAT1|UBE2H|COLQ|CYFIP2,-1.8,MyList
DisGeNET,35,C0265535,Trigonocephaly,,-4.6,23,9.2,30182,52,100,4,4,2,2313|5727|10075|50937,FLI1|PTCH1|HUWE1|CDON,-1.8,MyList
Transcription Factor Targets,16,M16417,FOXO4 02,,-4.5,8,6.6,30182,263,100,7,7,2.6,862|1641|4223|5727|5813|6457|7328,RUNX1T1|DCX|MEOX2|PTCH1|PURA|SH3GL3|UBE2H,-1.8,MyList
Transcription Factor Targets,16,M946,GGATTA PITX2 Q2,,-4.5,5.1,5.8,30182,594,100,10,10,3,90|862|1641|3727|4223|5087|5396|5992|6792|9586,ACVR1|RUNX1T1|DCX|JUND|MEOX2|PBX1|PRRX1|RFX4|CDKL5|CREB5,-1.8,MyList
DisGeNET,35,C0080178,Spina Bifida,,-4.5,10,7.1,30182,179,100,6,6,2.4,2313|2346|3098|3727|5727|79977,FLI1|FOLH1|HK1|JUND|PTCH1|GRHL2,-1.8,MyList
DisGeNET,35,C0079541,Holoprosencephaly,,-4.5,14,7.7,30182,109,100,5,5,2.2,5396|5727|5992|10075|50937,PRRX1|PTCH1|RFX4|HUWE1|CDON,-1.8,MyList
Transcription Factor Targets,16,M12818,AML Q6,,-4.5,7.9,6.5,30182,269,100,7,7,2.6,2313|4223|5087|5187|5727|9425|9586,FLI1|MEOX2|PBX1|PER1|PTCH1|CDYL|CREB5,-1.8,MyList
Transcription Factor Targets,16,M16722,MYB Q5 01,,-4.5,7.9,6.5,30182,269,100,7,7,2.6,862|2313|5992|7328|9459|9586|133522,RUNX1T1|FLI1|RFX4|UBE2H|ARHGEF6|CREB5|PPARGC1B,-1.8,MyList
Transcription Factor Targets,16,M1532,EGR1 01,,-4.5,7.9,6.5,30182,269,100,7,7,2.6,164|5087|5727|5992|6334|6457|133522,AP1G1|PBX1|PTCH1|RFX4|SCN8A|SH3GL3|PPARGC1B,-1.8,MyList
Transcription Factor Targets,16,M4134,AP2REP 01,,-4.5,10,7,30182,182,100,6,6,2.4,90|862|5087|7328|10814|22844,ACVR1|RUNX1T1|PBX1|UBE2H|CPLX2|FRMPD1,-1.8,MyList
DisGeNET,35,C1861324,Short philtrum,,-4.5,10,7,30182,182,100,6,6,2.4,5727|6659|6792|10075|50937|79633,PTCH1|SOX4|CDKL5|HUWE1|CDON|FAT4,-1.8,MyList
DisGeNET,35,C0677936,Refractory cancer,,-4.5,9.8,6.9,30182,184,100,6,6,2.4,468|2099|2113|2309|3417|5727,ATF4|ESR1|ETS1|FOXO3|IDH1|PTCH1,-1.8,MyList
Transcription Factor Targets,16,M19101,MMEF2 Q6,,-4.4,7.7,6.4,30182,274,100,7,7,2.6,444|862|2099|5396|6792|8292|84623,ASPH|RUNX1T1|ESR1|PRRX1|CDKL5|COLQ|KIRREL3,-1.7,MyList
Transcription Factor Targets,16,M40775,ZNF318 TARGET GENES,,-4.4,5.5,5.8,30182,495,100,9,9,2.9,164|862|3098|5187|5727|6772|9425|9586|51642,AP1G1|RUNX1T1|HK1|PER1|PTCH1|STAT1|CDYL|CREB5|MRPL48,-1.7,MyList
Transcription Factor Targets,16,M19434,ER Q6 01,,-4.4,7.5,6.3,30182,280,100,7,7,2.6,862|1641|5813|6792|9586|84623|221458,RUNX1T1|DCX|PURA|CDKL5|CREB5|KIRREL3|KIF6,-1.7,MyList
DisGeNET,35,C0023470,Myeloid Leukemia,,-4.4,6.3,6,30182,385,100,8,8,2.7,862|2099|3417|3727|5087|5396|6659|6772,RUNX1T1|ESR1|IDH1|JUND|PBX1|PRRX1|SOX4|STAT1,-1.7,MyList
Cell Type Signatures,7,M39264,HU FETAL RETINA FIBROBLAST,,-4.4,6.3,6,30182,385,100,8,8,2.7,831|1052|2113|5396|5727|6840|7026|9586,CAST|CEBPD|ETS1|PRRX1|PTCH1|SVIL|NR2F2|CREB5,-1.7,MyList
Transcription Factor Targets,16,M829,YTAATTAA LHX3 01,,-4.4,9.4,6.8,30182,192,100,6,6,2.4,862|5396|5813|6096|9425|64579,RUNX1T1|PRRX1|PURA|RORB|CDYL|NDST4,-1.7,MyList
DisGeNET,35,C0278595,Adult Fibrosarcoma,,-4.3,6.2,6,30182,387,100,8,8,2.7,468|2002|2313|3098|3417|3727|6772|8292,ATF4|ELK1|FLI1|HK1|IDH1|JUND|STAT1|COLQ,-1.7,MyList
Transcription Factor Targets,16,M17420,WGGAATGY TEF1 Q6,,-4.3,6.2,6,30182,387,100,8,8,2.7,468|2099|2309|3727|5727|6334|10814|64579,ATF4|ESR1|FOXO3|JUND|PTCH1|SCN8A|CPLX2|NDST4,-1.7,MyList
Transcription Factor Targets,16,M3994,COMP1 01,,-4.3,13,7.4,30182,118,100,5,5,2.2,1641|2313|8650|9586|64579,DCX|FLI1|NUMB|CREB5|NDST4,-1.7,MyList
DisGeNET,35,C0011168,Deglutition Disorders,,-4.3,6.2,6,30182,389,100,8,8,2.7,3417|5727|6334|6659|6863|8292|10075|255928,IDH1|PTCH1|SCN8A|SOX4|TAC1|COLQ|HUWE1|SYT14,-1.7,MyList
Cell Type Signatures,7,M39200,HAY BONE MARROW IMMATURE NEUTROPHIL,,-4.3,9.3,6.7,30182,194,100,6,6,2.4,1052|2309|8650|51422|55022|55041,CEBPD|FOXO3|NUMB|PRKAG2|PID1|PLEKHB2,-1.7,MyList
Cell Type Signatures,7,M40007,BUSSLINGER GASTRIC PREZYMOGENIC CELLS,,-4.3,20,8.5,30182,60,100,4,4,2,444|468|6659|7026,ASPH|ATF4|SOX4|NR2F2,-1.7,MyList
DisGeNET,35,C0085669,Acute leukemia,,-4.3,4.7,5.5,30182,639,100,10,10,3,862|1879|2113|2334|3417|5087|6659|6772|6863|7026,RUNX1T1|EBF1|ETS1|AFF2|IDH1|PBX1|SOX4|STAT1|TAC1|NR2F2,-1.7,MyList
Transcription Factor Targets,16,M17392,AGCYRWTTC UNKNOWN,,-4.3,12,7.3,30182,121,100,5,5,2.2,90|4223|5132|64579|84623,ACVR1|MEOX2|PDC|NDST4|KIRREL3,-1.7,MyList
DisGeNET,35,C0153633,Malignant neoplasm of brain,,-4.2,7.2,6.1,30182,294,100,7,7,2.6,429|2313|3098|3417|5132|5727|6772,ASCL1|FLI1|HK1|IDH1|PDC|PTCH1|STAT1,-1.6,MyList
Transcription Factor Targets,16,M4815,WTTGKCTG UNKNOWN,,-4.2,5.2,5.6,30182,519,100,9,9,2.9,90|862|1879|6792|7026|8427|10814|64579|114879,ACVR1|RUNX1T1|EBF1|CDKL5|NR2F2|ZNF282|CPLX2|NDST4|OSBPL5,-1.6,MyList
Transcription Factor Targets,16,M10112,RNGTGGGC UNKNOWN,,-4.2,4.2,5.3,30182,784,100,11,11,3.1,320|2002|3417|5087|5396|5727|5791|6457|6659|6792|8292,APBA1|ELK1|IDH1|PBX1|PRRX1|PTCH1|PTPRE|SH3GL3|SOX4|CDKL5|COLQ,-1.6,MyList
Transcription Factor Targets,16,M19368,TGATTTRY GFI1 01,,-4.2,7.1,6.1,30182,296,100,7,7,2.6,862|1879|2099|6659|9586|22844|50937,RUNX1T1|EBF1|ESR1|SOX4|CREB5|FRMPD1|CDON,-1.6,MyList
Transcription Factor Targets,16,M958,CEBP C,,-4.2,8.7,6.4,30182,207,100,6,6,2.4,90|2309|5187|5992|6659|9586,ACVR1|FOXO3|PER1|RFX4|SOX4|CREB5,-1.6,MyList
DisGeNET,35,C0016057,Fibrosarcoma,,-4.1,5.8,5.7,30182,413,100,8,8,2.7,468|2002|2313|3098|3417|3727|6772|8292,ATF4|ELK1|FLI1|HK1|IDH1|JUND|STAT1|COLQ,-1.6,MyList
DisGeNET,35,C1535926,Neurodevelopmental Disorders,,-4.1,5.1,5.5,30182,534,100,9,9,2.9,5813|6096|6334|6659|6792|9425|10075|26999|84623,PURA|RORB|SCN8A|SOX4|CDKL5|CDYL|HUWE1|CYFIP2|KIRREL3,-1.6,MyList
DisGeNET,35,C1850456,Progressive microcephaly,,-4.1,18,8,30182,67,100,4,4,2,6334|6659|6792|26999,SCN8A|SOX4|CDKL5|CYFIP2,-1.6,MyList
DisGeNET,35,C0151888,Hyporeflexia,,-4.1,6.8,5.9,30182,312,100,7,7,2.6,2313|3098|6334|8292|26999|55149|79784,FLI1|HK1|SCN8A|COLQ|CYFIP2|MTPAP|MYH14,-1.5,MyList
Transcription Factor Targets,16,M17712,WGTTNNNNNAAA UNKNOWN,,-4,4.9,5.3,30182,554,100,9,9,2.9,862|2313|5523|6792|7026|9459|9586|55074|133522,RUNX1T1|FLI1|PPP2R3A|CDKL5|NR2F2|ARHGEF6|CREB5|OXR1|PPARGC1B,-1.5,MyList
Transcription Factor Targets,16,M4215,PAX4 04,,-4,8.1,6.2,30182,223,100,6,6,2.4,1879|2002|4223|5813|6659|51642,EBF1|ELK1|MEOX2|PURA|SOX4|MRPL48,-1.4,MyList
Transcription Factor Targets,16,M11934,SRF Q5 01,,-4,8,6.1,30182,225,100,6,6,2.4,468|5523|5727|6840|7026|7328,ATF4|PPP2R3A|PTCH1|SVIL|NR2F2|UBE2H,-1.4,MyList
DisGeNET,35,C0795841,Jacobsen Distal 11q Deletion Syndrome,,-4,32,9.6,30182,28,100,3,3,1.7,2113|2313|84623,ETS1|FLI1|KIRREL3,-1.4,MyList
DisGeNET,35,C1860819,Metopic synostosis,,-4,32,9.6,30182,28,100,3,3,1.7,5727|10075|50937,PTCH1|HUWE1|CDON,-1.4,MyList
Cell Type Signatures,7,M39064,MANNO MIDBRAIN NEUROTYPES HNBML1,,-3.9,6.4,5.7,30182,328,100,7,7,2.6,1641|1879|5187|6196|6334|6659|6863,DCX|EBF1|PER1|RPS6KA2|SCN8A|SOX4|TAC1,-1.4,MyList
Transcription Factor Targets,16,M11587,CHX10 01,,-3.9,7.9,6.1,30182,228,100,6,6,2.4,5132|5396|5813|26999|29841|64579,PDC|PRRX1|PURA|CYFIP2|GRHL1|NDST4,-1.4,MyList
Cell Type Signatures,7,M41713,FAN OVARY CL11 MURAL GRANULOSA CELL,,-3.9,5.5,5.4,30182,443,100,8,8,2.7,468|1052|2002|3098|6659|7328|10075|26973,ATF4|CEBPD|ELK1|HK1|SOX4|UBE2H|HUWE1|CHORDC1,-1.4,MyList
Cell Type Signatures,7,M39070,MANNO MIDBRAIN NEUROTYPES HNBGABA,,-3.9,4.3,5.1,30182,703,100,10,10,3,862|1641|6334|6457|6792|6863|26999|84623|133522|282973,RUNX1T1|DCX|SCN8A|SH3GL3|CDKL5|TAC1|CYFIP2|KIRREL3|PPARGC1B|JAKMIP3,-1.4,MyList
DisGeNET,35,C0011334,Dental caries,,-3.9,6.4,5.7,30182,330,100,7,7,2.6,831|2099|2309|5727|6196|6863|255928,CAST|ESR1|FOXO3|PTCH1|RPS6KA2|TAC1|SYT14,-1.4,MyList
Transcription Factor Targets,16,M14782,VDR Q3,,-3.9,7.8,6,30182,232,100,6,6,2.4,1879|2313|3727|5087|5727|282973,EBF1|FLI1|JUND|PBX1|PTCH1|JAKMIP3,-1.4,MyList
DisGeNET,35,C0547065,Mixed oligoastrocytoma,,-3.9,30,9.2,30182,30,100,3,3,1.7,90|2099|3417,ACVR1|ESR1|IDH1,-1.4,MyList
DisGeNET,35,C0026106,Mild Mental Retardation,,-3.8,6.2,5.6,30182,340,100,7,7,2.6,1641|2334|5727|6096|6792|10075|79633,DCX|AFF2|PTCH1|RORB|CDKL5|HUWE1|FAT4,-1.3,MyList
DisGeNET,35,C0280785,Diffuse Astrocytoma,,-3.8,15,7.2,30182,81,100,4,4,2,90|2099|2113|3417,ACVR1|ESR1|ETS1|IDH1,-1.3,MyList
Transcription Factor Targets,16,M8816,PAX4 02,,-3.8,7.5,5.9,30182,241,100,6,6,2.4,164|831|1641|4223|6659|26999,AP1G1|CAST|DCX|MEOX2|SOX4|CYFIP2,-1.3,MyList
Cell Type Signatures,7,M39066,MANNO MIDBRAIN NEUROTYPES HNBML5,,-3.8,5.2,5.3,30182,465,100,8,8,2.7,862|1641|2334|5523|6334|6659|6863|84623,RUNX1T1|DCX|AFF2|PPP2R3A|SCN8A|SOX4|TAC1|KIRREL3,-1.3,MyList
DisGeNET,35,C0334582,Fibrillary Astrocytoma,,-3.8,28,8.9,30182,32,100,3,3,1.7,90|2099|3417,ACVR1|ESR1|IDH1,-1.3,MyList
Transcription Factor Targets,16,M14066,IRF Q6,,-3.8,7.4,5.8,30182,244,100,6,6,2.4,862|2099|2313|5813|6096|9459,RUNX1T1|ESR1|FLI1|PURA|RORB|ARHGEF6,-1.3,MyList
DisGeNET,35,C1384666,hearing impairment,,-3.8,4.1,4.9,30182,740,100,10,10,3,90|2113|2309|2313|5357|6659|6772|6792|79784|79977,ACVR1|ETS1|FOXO3|FLI1|PLS1|SOX4|STAT1|CDKL5|MYH14|GRHL2,-1.3,MyList
Transcription Factor Targets,16,M2528,S8 01,,-3.8,7.3,5.8,30182,247,100,6,6,2.4,862|5396|5813|6096|6863|26999,RUNX1T1|PRRX1|PURA|RORB|TAC1|CYFIP2,-1.3,MyList
DisGeNET,35,C0232466,Feeding difficulties,,-3.7,5.1,5.2,30182,473,100,8,8,2.7,429|1641|5087|5727|5813|6334|26999|79633,ASCL1|DCX|PBX1|PTCH1|PURA|SCN8A|CYFIP2|FAT4,-1.3,MyList
Transcription Factor Targets,16,M9364,SRF Q6,,-3.7,7.3,5.7,30182,248,100,6,6,2.4,444|468|5523|5727|6840|7026,ASPH|ATF4|PPP2R3A|PTCH1|SVIL|NR2F2,-1.3,MyList
Transcription Factor Targets,16,M7689,MEIS1 01,,-3.7,7.3,5.7,30182,249,100,6,6,2.4,862|2113|4223|9586|84623|133522,RUNX1T1|ETS1|MEOX2|CREB5|KIRREL3|PPARGC1B,-1.3,MyList
DisGeNET,35,C0026351,Moderate intellectual disability,,-3.7,7.2,5.7,30182,251,100,6,6,2.4,862|2334|5813|9459|10075|79633,RUNX1T1|AFF2|PURA|ARHGEF6|HUWE1|FAT4,-1.2,MyList
Transcription Factor Targets,16,M16396,AP2GAMMA 01,,-3.7,7.2,5.7,30182,252,100,6,6,2.4,3727|7328|22844|50937|56660|79977,JUND|UBE2H|FRMPD1|CDON|KCNK12|GRHL2,-1.2,MyList
DisGeNET,35,C0520679,"Sleep Apnea, Obstructive",,-3.7,5,5.1,30182,480,100,8,8,2.7,2099|2309|4223|5187|6334|6863|55149|133522,ESR1|FOXO3|MEOX2|PER1|SCN8A|TAC1|MTPAP|PPARGC1B,-1.2,MyList
Transcription Factor Targets,16,M3799,CIZ 01,,-3.7,7.1,5.7,30182,254,100,6,6,2.4,831|2313|5396|5813|5992|7026,CAST|FLI1|PRRX1|PURA|RFX4|NR2F2,-1.2,MyList
Transcription Factor Targets,16,M5708,OCT1 05,,-3.7,7.1,5.6,30182,255,100,6,6,2.4,1879|5396|5523|5813|6457|6840,EBF1|PRRX1|PPP2R3A|PURA|SH3GL3|SVIL,-1.2,MyList
DisGeNET,35,C0086237,"Epilepsy, Cryptogenic",,-3.7,14,6.9,30182,88,100,4,4,2,1641|5813|6334|6792,DCX|PURA|SCN8A|CDKL5,-1.2,MyList
DisGeNET,35,C1704230,Grade I Astrocytoma,,-3.7,26,8.5,30182,35,100,3,3,1.7,90|2099|3417,ACVR1|ESR1|IDH1,-1.2,MyList
DisGeNET,35,C0266667,Cyclocephaly,,-3.7,26,8.5,30182,35,100,3,3,1.7,5396|5727|50937,PRRX1|PTCH1|CDON,-1.2,MyList
Transcription Factor Targets,16,M4896,CEBPA 01,,-3.7,7.1,5.6,30182,256,100,6,6,2.4,2099|2334|6792|7026|9459|11228,ESR1|AFF2|CDKL5|NR2F2|ARHGEF6|RASSF8,-1.2,MyList
DisGeNET,35,C0018916,Hemangioma,,-3.7,7.1,5.6,30182,256,100,6,6,2.4,468|2346|3417|5727|6863|50937,ATF4|FOLH1|IDH1|PTCH1|TAC1|CDON,-1.2,MyList
Transcription Factor Targets,16,M16022,CTAWWWATA RSRFC4 Q2,,-3.7,5.8,5.3,30182,366,100,7,7,2.6,444|2099|4223|5187|5396|5727|5813,ASPH|ESR1|MEOX2|PER1|PRRX1|PTCH1|PURA,-1.2,MyList
Transcription Factor Targets,16,M5,STAT 01,,-3.6,7,5.6,30182,258,100,6,6,2.4,320|444|5523|5992|8292|133522,APBA1|ASPH|PPP2R3A|RFX4|COLQ|PPARGC1B,-1.2,MyList
DisGeNET,35,C4551548,Grade III Childhood Astrocytoma,,-3.6,13,6.8,30182,90,100,4,4,2,429|1641|2346|3417,ASCL1|DCX|FOLH1|IDH1,-1.2,MyList
DisGeNET,35,C0280483,Adult Anaplastic Astrocytoma,,-3.6,13,6.8,30182,90,100,4,4,2,429|1641|2346|3417,ASCL1|DCX|FOLH1|IDH1,-1.2,MyList
DisGeNET,35,C4722172,Primary differentiated carcinoma of thyroid gland,,-3.6,9,6,30182,167,100,5,5,2.2,2113|2309|2346|5727|9867,ETS1|FOXO3|FOLH1|PTCH1|PJA2,-1.2,MyList
Transcription Factor Targets,16,M6517,AAAYWAACM HFH4 01,,-3.6,6.9,5.5,30182,262,100,6,6,2.4,831|3417|5087|5813|7026|29841,CAST|IDH1|PBX1|PURA|NR2F2|GRHL1,-1.2,MyList
Transcription Factor Targets,16,M17588,RFX1 01,,-3.6,6.9,5.5,30182,263,100,6,6,2.4,5396|5727|5813|6457|25904|116966,PRRX1|PTCH1|PURA|SH3GL3|CNOT10|WDR17,-1.2,MyList
DisGeNET,35,C0021361,Female infertility,,-3.6,24,8.2,30182,37,100,3,3,1.7,2099|7026|10075,ESR1|NR2F2|HUWE1,-1.2,MyList
Transcription Factor Targets,16,M17944,MYCMAX 03,,-3.6,6.9,5.5,30182,264,100,6,6,2.4,468|2309|4223|5187|5727|6863,ATF4|FOXO3|MEOX2|PER1|PTCH1|TAC1,-1.2,MyList
Cell Type Signatures,7,M39230,LAKE ADULT KIDNEY C11 THIN ASCENDING LIMB,,-3.6,8.9,6,30182,169,100,5,5,2.2,5523|6840|7328|11228|50650,PPP2R3A|SVIL|UBE2H|RASSF8|ARHGEF3,-1.2,MyList
Transcription Factor Targets,16,M3489,AMEF2 Q6,,-3.6,6.8,5.5,30182,265,100,6,6,2.4,3727|5396|5813|6096|6792|9586,JUND|PRRX1|PURA|RORB|CDKL5|CREB5,-1.2,MyList
Transcription Factor Targets,16,M15349,DBP Q6,,-3.6,6.8,5.5,30182,265,100,6,6,2.4,5727|5813|6659|6840|7328|8427,PTCH1|PURA|SOX4|SVIL|UBE2H|ZNF282,-1.2,MyList
DisGeNET,35,C0027066,Myoclonus,,-3.6,6.8,5.5,30182,265,100,6,6,2.4,1641|5813|6334|6792|26999|55149,DCX|PURA|SCN8A|CDKL5|CYFIP2|MTPAP,-1.2,MyList
Transcription Factor Targets,16,M16291,YNGTTNNNATT UNKNOWN,,-3.6,5.6,5.2,30182,376,100,7,7,2.6,90|862|5087|5789|6096|8650|79977,ACVR1|RUNX1T1|PBX1|PTPRD|RORB|NUMB|GRHL2,-1.2,MyList
Transcription Factor Targets,16,M19588,CEBPB 02,,-3.6,6.8,5.5,30182,266,100,6,6,2.4,2099|4223|5187|5992|6792|6863,ESR1|MEOX2|PER1|RFX4|CDKL5|TAC1,-1.2,MyList
Transcription Factor Targets,16,M19327,CDC5 01,,-3.6,6.8,5.5,30182,266,100,6,6,2.4,5087|5396|5813|6096|9586|56660,PBX1|PRRX1|PURA|RORB|CREB5|KCNK12,-1.2,MyList
Transcription Factor Targets,16,M18576,HEB Q6,,-3.6,6.8,5.5,30182,268,100,6,6,2.4,90|862|5523|6840|11228|64579,ACVR1|RUNX1T1|PPP2R3A|SVIL|RASSF8|NDST4,-1.2,MyList
DisGeNET,35,C0023015,Language Disorders,,-3.6,13,6.6,30182,94,100,4,4,2,1052|2820|64579|152518,CEBPD|GPD2|NDST4|NFXL1,-1.2,MyList
Transcription Factor Targets,16,M6568,TAAWWATAG RSRFC4 Q2,,-3.6,8.8,5.9,30182,172,100,5,5,2.2,2099|5187|5523|5727|5813,ESR1|PER1|PPP2R3A|PTCH1|PURA,-1.2,MyList
Transcription Factor Targets,16,M15558,OCT1 B,,-3.6,6.7,5.4,30182,269,100,6,6,2.4,1879|3727|5396|5523|6457|133522,EBF1|JUND|PRRX1|PPP2R3A|SH3GL3|PPARGC1B,-1.2,MyList
DisGeNET,35,C0025362,Mental Retardation,,-3.6,4.8,4.9,30182,505,100,8,8,2.7,862|1641|2334|2820|6334|6792|9459|10075,RUNX1T1|DCX|AFF2|GPD2|SCN8A|CDKL5|ARHGEF6|HUWE1,-1.2,MyList
DisGeNET,35,C0013132,Drooling,,-3.5,13,6.6,30182,95,100,4,4,2,5727|6334|6863|9459,PTCH1|SCN8A|TAC1|ARHGEF6,-1.2,MyList
DisGeNET,35,C0266174,Duodenal atresia,,-3.5,23,8,30182,39,100,3,3,1.7,2313|5727|50937,FLI1|PTCH1|CDON,-1.2,MyList
DisGeNET,35,C0266295,Congenital hypoplasia of kidney,,-3.5,13,6.5,30182,96,100,4,4,2,1879|5087|5727|79633,EBF1|PBX1|PTCH1|FAT4,-1.2,MyList
Cell Type Signatures,7,M39223,LAKE ADULT KIDNEY C4 PROXIMAL TUBULE EPITHELIAL CELLS S2,,-3.5,8.6,5.8,30182,176,100,5,5,2.2,5789|6840|9586|55074|56977,PTPRD|SVIL|CREB5|OXR1|STOX2,-1.2,MyList
Transcription Factor Targets,16,M13127,KMCATNNWGGA UNKNOWN,,-3.5,12,6.5,30182,97,100,4,4,2,164|862|5727|7026,AP1G1|RUNX1T1|PTCH1|NR2F2,-1.2,MyList
DisGeNET,35,C0553580,Ewings sarcoma,,-3.5,4.7,4.9,30182,517,100,8,8,2.7,2113|2313|2346|3727|4257|5727|5789|56341,ETS1|FLI1|FOLH1|JUND|MGST1|PTCH1|PTPRD|PRMT8,-1.1,MyList
DisGeNET,35,C1883008,Serum Alanine Aminotransferase Measurement,,-3.5,22,7.8,30182,41,100,3,3,1.7,831|5727|9586,CAST|PTCH1|CREB5,-1.1,MyList
DisGeNET,35,C0238207,Ectopic kidney,,-3.5,22,7.8,30182,41,100,3,3,1.7,5087|6659|79633,PBX1|SOX4|FAT4,-1.1,MyList
DisGeNET,35,C0201836,Alanine aminotransferase measurement,,-3.5,22,7.8,30182,41,100,3,3,1.7,831|5727|9586,CAST|PTCH1|CREB5,-1.1,MyList
Cell Type Signatures,7,M39225,LAKE ADULT KIDNEY C6 PROXIMAL TUBULE EPITHELIAL CELLS FIBRINOGEN POS S3,,-3.5,8.3,5.7,30182,181,100,5,5,2.2,4257|6772|6840|23007|50650,MGST1|STAT1|SVIL|PLCH1|ARHGEF3,-1.1,MyList
DisGeNET,35,C1850049,Clinodactyly of the 5th finger,,-3.4,6.4,5.2,30182,284,100,6,6,2.4,90|2334|5727|6659|6792|10075,ACVR1|AFF2|PTCH1|SOX4|CDKL5|HUWE1,-1.1,MyList
Transcription Factor Targets,16,M2958,GATA1 05,,-3.4,6.4,5.2,30182,284,100,6,6,2.4,831|862|2313|6096|7026|9586,CAST|RUNX1T1|FLI1|RORB|NR2F2|CREB5,-1.1,MyList
DisGeNET,35,C0598935,Tumor Initiation,,-3.4,4.5,4.7,30182,533,100,8,8,2.7,90|2099|2113|2309|2313|3417|5727|6659,ACVR1|ESR1|ETS1|FOXO3|FLI1|IDH1|PTCH1|SOX4,-1.1,MyList
Cell Type Signatures,7,M41750,RUBENSTEIN SKELETAL MUSCLE FBN1 FAP CELLS,,-3.4,6.3,5.2,30182,289,100,6,6,2.4,831|1879|3727|4257|5396|9586,CAST|EBF1|JUND|MGST1|PRRX1|CREB5,-1.1,MyList
DisGeNET,35,C0205768,Subependymal Giant Cell Astrocytoma,,-3.4,21,7.5,30182,44,100,3,3,1.7,90|1641|2099,ACVR1|DCX|ESR1,-1.1,MyList
DisGeNET,35,C0333519,Caries (morphologic abnormality),,-3.4,11,6.2,30182,106,100,4,4,2,831|2099|2309|6863,CAST|ESR1|FOXO3|TAC1,-1,MyList
DisGeNET,35,C0334581,Gemistocytic astrocytoma,,-3.3,20,7.4,30182,45,100,3,3,1.7,90|2099|3417,ACVR1|ESR1|IDH1,-1,MyList
DisGeNET,35,C2931498,"Mental Retardation, X-Linked 1",,-3.3,20,7.4,30182,45,100,3,3,1.7,2002|2334|9459,ELK1|AFF2|ARHGEF6,-1,MyList
DisGeNET,35,C4551683,Adrenal Gland Pheochromocytoma,,-3.3,5.1,4.8,30182,416,100,7,7,2.6,90|429|468|2113|3417|5132|56259,ACVR1|ASCL1|ATF4|ETS1|IDH1|PDC|CTNNBL1,-1,MyList
DisGeNET,35,C0678230,Congenital Epicanthus,,-3.3,5.1,4.8,30182,417,100,7,7,2.6,2313|2334|5087|5727|6659|10075|79633,FLI1|AFF2|PBX1|PTCH1|SOX4|HUWE1|FAT4,-1,MyList
Transcription Factor Targets,16,M30176,SOX3 TARGET GENES,,-3.3,4.4,4.6,30182,550,100,8,8,2.7,164|5727|5992|23120|29841|55074|56977|64579,AP1G1|PTCH1|RFX4|ATP10B|GRHL1|OXR1|STOX2|NDST4,-1,MyList
DisGeNET,35,C3161330,Profound intellectual disabilities,,-3.3,11,6,30182,112,100,4,4,2,6334|6792|9459|10075,SCN8A|CDKL5|ARHGEF6|HUWE1,-0.97,MyList
DisGeNET,35,C0409974,Lupus Erythematosus,,-3.3,4.3,4.6,30182,558,100,8,8,2.7,831|862|2099|2113|2313|3727|5087|6772,CAST|RUNX1T1|ESR1|ETS1|FLI1|JUND|PBX1|STAT1,-0.97,MyList
DisGeNET,35,C0947751,Vascular inflammations,,-3.3,5.9,5,30182,305,100,6,6,2.4,2099|2113|2309|3727|6863|133522,ESR1|ETS1|FOXO3|JUND|TAC1|PPARGC1B,-0.97,MyList
Transcription Factor Targets,16,M16459,GATA Q6,,-3.3,7.5,5.3,30182,201,100,5,5,2.2,862|1641|2313|5523|9586,RUNX1T1|DCX|FLI1|PPP2R3A|CREB5,-0.96,MyList
DisGeNET,35,C0019340,Herpes NOS,,-3.2,11,5.9,30182,114,100,4,4,2,2099|2313|2346|6772,ESR1|FLI1|FOLH1|STAT1,-0.96,MyList
DisGeNET,35,C1849367,Nasal bridge wide,,-3.2,4.9,4.7,30182,429,100,7,7,2.6,2313|5087|5727|6334|6659|10075|79633,FLI1|PBX1|PTCH1|SCN8A|SOX4|HUWE1|FAT4,-0.96,MyList
DisGeNET,35,C0542476,Forgetful,,-3.2,4.9,4.7,30182,429,100,7,7,2.6,468|2099|6334|6772|6792|6863|10814,ATF4|ESR1|SCN8A|STAT1|CDKL5|TAC1|CPLX2,-0.96,MyList
Transcription Factor Targets,16,M1341,HFH4 01,,-3.2,7.4,5.3,30182,205,100,5,5,2.2,862|7328|9586|22844|84623,RUNX1T1|UBE2H|CREB5|FRMPD1|KIRREL3,-0.93,MyList
DisGeNET,35,C0040420,Tonometry,,-3.2,7.3,5.3,30182,206,100,5,5,2.2,2113|2346|5523|51422|56977,ETS1|FOLH1|PPP2R3A|PRKAG2|STOX2,-0.92,MyList
DisGeNET,35,C0038379,Strabismus,,-3.2,3.8,4.4,30182,716,100,9,9,2.9,429|2313|5087|5727|5813|6659|6792|10075|50937,ASCL1|FLI1|PBX1|PTCH1|PURA|SOX4|CDKL5|HUWE1|CDON,-0.92,MyList
Transcription Factor Targets,16,M7338,TFIII Q6,,-3.2,7.3,5.2,30182,207,100,5,5,2.2,429|2313|5087|5396|7026,ASCL1|FLI1|PBX1|PRRX1|NR2F2,-0.92,MyList
Cell Type Signatures,7,M39056,MANNO MIDBRAIN NEUROTYPES HRGL3,,-3.2,4.2,4.5,30182,574,100,8,8,2.7,90|831|2334|4257|5992|9586|84623|219670,ACVR1|CAST|AFF2|MGST1|RFX4|CREB5|KIRREL3|ENKUR,-0.91,MyList
DisGeNET,35,C0011644,Scleroderma,,-3.2,5.7,4.9,30182,316,100,6,6,2.4,2099|2113|2309|2313|6863|55149,ESR1|ETS1|FOXO3|FLI1|TAC1|MTPAP,-0.91,MyList
Transcription Factor Targets,16,M7806,HSF Q6,,-3.2,7.2,5.2,30182,209,100,5,5,2.2,5813|5992|7328|10814|79784,PURA|RFX4|UBE2H|CPLX2|MYH14,-0.91,MyList
DisGeNET,35,C0555198,Malignant Glioma,,-3.2,3.8,4.3,30182,724,100,9,9,2.9,90|831|2309|2346|3098|3417|6457|8650|55022,ACVR1|CAST|FOXO3|FOLH1|HK1|IDH1|SH3GL3|NUMB|PID1,-0.9,MyList
DisGeNET,35,C0700292,Hypoxemia,,-3.2,17,6.8,30182,52,100,3,3,1.7,429|468|6334,ASCL1|ATF4|SCN8A,-0.9,MyList
DisGeNET,35,C0029443,Osteomyelitis,,-3.1,10,5.7,30182,121,100,4,4,2,831|2113|5727|6772,CAST|ETS1|PTCH1|STAT1,-0.88,MyList
Cell Type Signatures,7,M39174,MURARO PANCREAS ACINAR CELL,,-3.1,3.7,4.3,30182,731,100,9,9,2.9,468|1052|3417|4257|6196|6659|7328|9586|23120,ATF4|CEBPD|IDH1|MGST1|RPS6KA2|SOX4|UBE2H|CREB5|ATP10B,-0.88,MyList
TRRUST,34,TRR00908,Regulated by: NR3C1,,-3.1,17,6.8,30182,53,100,3,3,1.7,2002|2113|6772,ELK1|ETS1|STAT1,-0.88,MyList
DisGeNET,35,C4552072,X-linked infantile spasms,,-3.1,17,6.8,30182,53,100,3,3,1.7,6334|6792|26999,SCN8A|CDKL5|CYFIP2,-0.88,MyList
DisGeNET,35,C0334299,Carcinoid tumor no ICD-O subtype,,-3.1,9.9,5.7,30182,122,100,4,4,2,429|2113|3727|6863,ASCL1|ETS1|JUND|TAC1,-0.88,MyList
Transcription Factor Targets,16,M13773,ARGGGTTAA UNKNOWN,,-3.1,9.9,5.7,30182,122,100,4,4,2,862|2099|2313|8650,RUNX1T1|ESR1|FLI1|NUMB,-0.88,MyList
DisGeNET,35,C0010606,Adenoid Cystic Carcinoma,,-3.1,5.6,4.8,30182,325,100,6,6,2.4,2309|2346|3417|5396|5727|6659,FOXO3|FOLH1|IDH1|PRRX1|PTCH1|SOX4,-0.88,MyList
DisGeNET,35,C0521158,Recurrent tumor,,-3.1,3.7,4.3,30182,735,100,9,9,2.9,444|2099|2346|3098|3417|5727|6772|6863|8650,ASPH|ESR1|FOLH1|HK1|IDH1|PTCH1|STAT1|TAC1|NUMB,-0.88,MyList
Cell Type Signatures,7,M39053,MANNO MIDBRAIN NEUROTYPES HRGL2C,,-3.1,5.6,4.8,30182,326,100,6,6,2.4,320|4257|5727|5791|9459|9586,APBA1|MGST1|PTCH1|PTPRE|ARHGEF6|CREB5,-0.87,MyList
Transcription Factor Targets,16,M17342,YGCGYRCGC UNKNOWN,,-3.1,5.6,4.8,30182,326,100,6,6,2.4,429|862|7026|50937|51422|133522,ASCL1|RUNX1T1|NR2F2|CDON|PRKAG2|PPARGC1B,-0.87,MyList
DisGeNET,35,C0751291,Desmoplastic Medulloblastoma,,-3.1,17,6.7,30182,54,100,3,3,1.7,2313|5727|6659,FLI1|PTCH1|SOX4,-0.87,MyList
DisGeNET,35,C0278701,Gastric Adenocarcinoma,,-3.1,4.7,4.5,30182,453,100,7,7,2.6,90|2113|2309|5789|6863|8292|79633,ACVR1|ETS1|FOXO3|PTPRD|TAC1|COLQ|FAT4,-0.87,MyList
DisGeNET,35,C1387005,Penis agenesis,,-3.1,7,5.1,30182,217,100,5,5,2.2,1641|5087|6792|10075|79633,DCX|PBX1|CDKL5|HUWE1|FAT4,-0.87,MyList
DisGeNET,35,C0238462,Medullary carcinoma of thyroid,,-3.1,5.5,4.7,30182,330,100,6,6,2.4,429|468|2099|2346|3727|5727,ASCL1|ATF4|ESR1|FOLH1|JUND|PTCH1,-0.86,MyList
Cell Type Signatures,7,M39111,AIZARANI LIVER C7 EPCAM POS BILE DUCT CELLS 2,,-3.1,6.9,5,30182,219,100,5,5,2.2,5087|5789|6659|7026|9586,PBX1|PTPRD|SOX4|NR2F2|CREB5,-0.85,MyList
DisGeNET,35,C1332182,Adult Anaplastic Large Cell Lymphoma,,-3.1,9.4,5.5,30182,128,100,4,4,2,2113|2309|3727|6772,ETS1|FOXO3|JUND|STAT1,-0.83,MyList
DisGeNET,35,C0011615,"Dermatitis, Atopic",,-3.1,3.6,4.2,30182,751,100,9,9,2.9,2099|2113|3727|5132|5789|6772|6863|8292|51422,ESR1|ETS1|JUND|PDC|PTPRD|STAT1|TAC1|COLQ|PRKAG2,-0.83,MyList
DisGeNET,35,C0266483,Pachygyria,,-3,9.4,5.5,30182,129,100,4,4,2,1641|2313|6792|79633,DCX|FLI1|CDKL5|FAT4,-0.82,MyList
DisGeNET,35,C0009241,Cognition Disorders,,-3,4,4.3,30182,606,100,8,8,2.7,831|862|1641|2099|2309|2334|6334|6659,CAST|RUNX1T1|DCX|ESR1|FOXO3|AFF2|SCN8A|SOX4,-0.81,MyList
DisGeNET,35,C1332942,Childhood Anaplastic Large Cell Lymphoma,,-3,9.3,5.5,30182,130,100,4,4,2,2113|2309|3727|6772,ETS1|FOXO3|JUND|STAT1,-0.81,MyList
Transcription Factor Targets,16,M402,TTCYRGAA UNKNOWN,,-3,5.3,4.6,30182,340,100,6,6,2.4,90|862|2099|3417|26973|29841,ACVR1|RUNX1T1|ESR1|IDH1|CHORDC1|GRHL1,-0.8,MyList
DisGeNET,35,C0278876,Adult Medulloblastoma,,-3,3.6,4.1,30182,762,100,9,9,2.9,1641|2099|2313|3417|5727|6334|6659|10075|55022,DCX|ESR1|FLI1|IDH1|PTCH1|SCN8A|SOX4|HUWE1|PID1,-0.8,MyList
DisGeNET,35,C0233794,Memory impairment,,-3,3.6,4.1,30182,763,100,9,9,2.9,468|1641|2099|2346|6334|6772|6792|6863|10814,ATF4|DCX|ESR1|FOLH1|SCN8A|STAT1|CDKL5|TAC1|CPLX2,-0.8,MyList
COVID,200,COVID373,Interactome_Laurent_HEK293_24h_NSP2,,-3,6.6,4.9,30182,228,100,5,5,2.2,5523|6772|23007|25904|55074,PPP2R3A|STAT1|PLCH1|CNOT10|OXR1,-0.8,MyList
Transcription Factor Targets,16,M15551,IK3 01,,-3,6.6,4.9,30182,229,100,5,5,2.2,320|1641|5396|5813|55884,APBA1|DCX|PRRX1|PURA|WSB2,-0.79,MyList
DisGeNET,35,C0031511,Pheochromocytoma,,-3,5.3,4.6,30182,344,100,6,6,2.4,90|429|2113|3417|5132|56259,ACVR1|ASCL1|ETS1|IDH1|PDC|CTNNBL1,-0.79,MyList
Transcription Factor Targets,16,M15966,TTTNNANAGCYR UNKNOWN,,-3,9.1,5.4,30182,133,100,4,4,2,831|862|2113|56660,CAST|RUNX1T1|ETS1|KCNK12,-0.79,MyList
Transcription Factor Targets,16,M5479,SRF Q4,,-3,6.6,4.9,30182,230,100,5,5,2.2,444|5523|5727|6840|7026,ASPH|PPP2R3A|PTCH1|SVIL|NR2F2,-0.79,MyList
DisGeNET,35,C0278510,Childhood Medulloblastoma,,-3,3.5,4.1,30182,771,100,9,9,2.9,1641|2099|2313|3417|5727|6334|6659|10075|55022,DCX|ESR1|FLI1|IDH1|PTCH1|SCN8A|SOX4|HUWE1|PID1,-0.78,MyList
Transcription Factor Targets,16,M11495,LHX3 01,,-3,6.5,4.9,30182,232,100,5,5,2.2,1641|5396|6096|6792|6863,DCX|PRRX1|RORB|CDKL5|TAC1,-0.78,MyList
DisGeNET,35,C2347747,Adult Classical Hodgkin Lymphoma,,-3,6.5,4.8,30182,233,100,5,5,2.2,1052|1879|2309|3727|6772,CEBPD|EBF1|FOXO3|JUND|STAT1,-0.77,MyList
Transcription Factor Targets,16,M13584,HP1SITEFACTOR Q6,,-2.9,6.4,4.8,30182,235,100,5,5,2.2,164|6659|6792|26999|55149,AP1G1|SOX4|CDKL5|CYFIP2|MTPAP,-0.76,MyList
Transcription Factor Targets,16,M1328,WTGAAAT UNKNOWN,,-2.9,3.9,4.2,30182,625,100,8,8,2.7,164|862|5789|5813|6096|6334|64579|116966,AP1G1|RUNX1T1|PTPRD|PURA|RORB|SCN8A|NDST4|WDR17,-0.76,MyList
Cell Type Signatures,7,M39241,LAKE ADULT KIDNEY C22 ENDOTHELIAL CELLS GLOMERULAR CAPILLARIES,,-2.9,8.8,5.3,30182,137,100,4,4,2,1879|5087|6840|50650,EBF1|PBX1|SVIL|ARHGEF3,-0.76,MyList
Transcription Factor Targets,16,M13016,OCT1 03,,-2.9,6.4,4.8,30182,236,100,5,5,2.2,164|862|2309|9586|22844,AP1G1|RUNX1T1|FOXO3|CREB5|FRMPD1,-0.75,MyList
Transcription Factor Targets,16,M11407,MEF2 02,,-2.9,6.4,4.8,30182,236,100,5,5,2.2,2099|4223|5523|5727|5992,ESR1|MEOX2|PPP2R3A|PTCH1|RFX4,-0.75,MyList
DisGeNET,35,C0026998,"Acute Myeloid Leukemia, M1",,-2.9,8.7,5.3,30182,138,100,4,4,2,862|1052|3417|6840,RUNX1T1|CEBPD|IDH1|SVIL,-0.75,MyList
Transcription Factor Targets,16,M12826,ATF1 Q6,,-2.9,6.4,4.8,30182,237,100,5,5,2.2,2334|3727|5187|7328|133522,AFF2|JUND|PER1|UBE2H|PPARGC1B,-0.75,MyList
DisGeNET,35,C0014556,"Epilepsy, Temporal Lobe",,-2.9,5.1,4.5,30182,354,100,6,6,2.4,831|1641|2099|2309|6334|9425,CAST|DCX|ESR1|FOXO3|SCN8A|CDYL,-0.75,MyList
DisGeNET,35,C0008073,Developmental Disabilities,,-2.9,5.1,4.5,30182,355,100,6,6,2.4,90|2334|5132|5727|6792|145282,ACVR1|AFF2|PDC|PTCH1|CDKL5|MIPOL1,-0.75,MyList
DisGeNET,35,C0034013,Precocious Puberty,,-2.9,8.7,5.2,30182,139,100,4,4,2,2099|2313|3417|6792,ESR1|FLI1|IDH1|CDKL5,-0.75,MyList
DisGeNET,35,C0206754,Neuroendocrine Tumors,,-2.9,4.3,4.3,30182,491,100,7,7,2.6,429|2099|2313|2346|6659|6863|56259,ASCL1|ESR1|FLI1|FOLH1|SOX4|TAC1|CTNNBL1,-0.73,MyList
Transcription Factor Targets,16,M16585,EVI1 04,,-2.9,6.3,4.7,30182,241,100,5,5,2.2,1879|5727|6096|7026|84623,EBF1|PTCH1|RORB|NR2F2|KIRREL3,-0.73,MyList
Cell Type Signatures,7,M39261,HU FETAL RETINA AMACRINE,,-2.9,14,6.1,30182,64,100,3,3,1.7,862|6096|6659,RUNX1T1|RORB|SOX4,-0.73,MyList
DisGeNET,35,C0010276,Craniopharyngioma,,-2.9,14,6.1,30182,64,100,3,3,1.7,2099|3417|5727,ESR1|IDH1|PTCH1,-0.73,MyList
DisGeNET,35,C0392525,Nephrolithiasis,,-2.9,6.2,4.7,30182,242,100,5,5,2.2,5087|6792|26999|51422|133522,PBX1|CDKL5|CYFIP2|PRKAG2|PPARGC1B,-0.73,MyList
Transcription Factor Targets,16,M6325,SMAD3 Q6,,-2.9,6.2,4.7,30182,242,100,5,5,2.2,90|1879|5813|5992|7026,ACVR1|EBF1|PURA|RFX4|NR2F2,-0.73,MyList
Transcription Factor Targets,16,M15440,FOXJ2 02,,-2.9,6.2,4.7,30182,243,100,5,5,2.2,831|5087|5813|6096|84623,CAST|PBX1|PURA|RORB|KIRREL3,-0.72,MyList
Transcription Factor Targets,16,M40758,MEF2C TARGET GENES,,-2.9,3.4,4,30182,795,100,9,9,2.9,831|2313|6334|6772|8650|9586|89781|152518|221458,CAST|FLI1|SCN8A|STAT1|NUMB|CREB5|HPS4|NFXL1|KIF6,-0.72,MyList
DisGeNET,35,C0376705,Viral Load result,,-2.9,14,6,30182,65,100,3,3,1.7,5087|6196|9586,PBX1|RPS6KA2|CREB5,-0.72,MyList
DisGeNET,35,C1879321,Acute Myeloid Leukemia (AML-M2),,-2.9,8.4,5.1,30182,143,100,4,4,2,862|1052|3417|6840,RUNX1T1|CEBPD|IDH1|SVIL,-0.72,MyList
DisGeNET,35,C1337013,Differentiated Thyroid Gland Carcinoma,,-2.9,6.2,4.7,30182,245,100,5,5,2.2,2113|2309|2346|5727|9867,ETS1|FOXO3|FOLH1|PTCH1|PJA2,-0.72,MyList
DisGeNET,35,C0027022,Myeloproliferative disease,,-2.9,5,4.4,30182,365,100,6,6,2.4,90|862|2309|3417|6863|26973,ACVR1|RUNX1T1|FOXO3|IDH1|TAC1|CHORDC1,-0.72,MyList
Cell Type Signatures,7,M39018,FAN EMBRYONIC CTX BIG GROUPS BRAIN ENDOTHELIAL,,-2.9,5,4.4,30182,365,100,6,6,2.4,831|1879|2113|2313|6772|7026,CAST|EBF1|ETS1|FLI1|STAT1|NR2F2,-0.72,MyList
Transcription Factor Targets,16,M11461,FOXO4 01,,-2.9,6.1,4.7,30182,246,100,5,5,2.2,5727|5813|6457|7328|64579,PTCH1|PURA|SH3GL3|UBE2H|NDST4,-0.72,MyList
Transcription Factor Targets,16,M30020,HSF2 TARGET GENES,,-2.9,6.1,4.7,30182,246,100,5,5,2.2,7026|23366|26973|219670|653479,NR2F2|MATCAP2|CHORDC1|ENKUR|MRPL45P2,-0.72,MyList
PaGenBase,36,PGB:00057,Tissue-specific: ovary,,-2.9,6.1,4.7,30182,246,100,5,5,2.2,2099|6659|7026|50937|79104,ESR1|SOX4|NR2F2|CDON|MEG8,-0.72,MyList
DisGeNET,35,C0016506,Foot Deformities,,-2.9,14,6,30182,66,100,3,3,1.7,3098|79633|79784,HK1|FAT4|MYH14,-0.72,MyList
DisGeNET,35,C0221355,Macrocephaly,,-2.9,4.9,4.4,30182,366,100,6,6,2.4,2313|2334|5727|6792|9459|10075,FLI1|AFF2|PTCH1|CDKL5|ARHGEF6|HUWE1,-0.72,MyList
Transcription Factor Targets,16,M8474,CEBPDELTA Q6,,-2.9,6.1,4.6,30182,247,100,5,5,2.2,2309|2313|5727|6863|9586,FOXO3|FLI1|PTCH1|TAC1|CREB5,-0.71,MyList
DisGeNET,35,C0038525,Subarachnoid Hemorrhage,,-2.8,4.2,4.2,30182,501,100,7,7,2.6,468|831|1641|2099|2309|5396|5727,ATF4|CAST|DCX|ESR1|FOXO3|PRRX1|PTCH1,-0.71,MyList
Transcription Factor Targets,16,M4468,FOXM1 01,,-2.8,6.1,4.6,30182,248,100,5,5,2.2,862|1879|4223|6792|9586,RUNX1T1|EBF1|MEOX2|CDKL5|CREB5,-0.71,MyList
DisGeNET,35,C1858430,Death in infancy,,-2.8,8.3,5.1,30182,146,100,4,4,2,429|1641|2313|50937,ASCL1|DCX|FLI1|CDON,-0.71,MyList
DisGeNET,35,C0333463,Senile Plaques,,-2.8,6.1,4.6,30182,249,100,5,5,2.2,831|862|1052|2346|5132,CAST|RUNX1T1|CEBPD|FOLH1|PDC,-0.71,MyList
DisGeNET,35,C0489786,Height,,-2.8,6.1,4.6,30182,249,100,5,5,2.2,2099|2313|2346|5727|6457,ESR1|FLI1|FOLH1|PTCH1|SH3GL3,-0.71,MyList
Transcription Factor Targets,16,M574,RSRFC4 01,,-2.8,6.1,4.6,30182,249,100,5,5,2.2,2099|4223|5523|5727|55884,ESR1|MEOX2|PPP2R3A|PTCH1|WSB2,-0.71,MyList
DisGeNET,35,C0278883,Metastatic melanoma,,-2.8,4.2,4.2,30182,504,100,7,7,2.6,2113|2309|2313|3417|6196|6659|6792,ETS1|FOXO3|FLI1|IDH1|RPS6KA2|SOX4|CDKL5,-0.71,MyList
DisGeNET,35,C1836233,"AIDS, PROGRESSION TO",,-2.8,8.2,5.1,30182,147,100,4,4,2,5087|6196|9586|22844,PBX1|RPS6KA2|CREB5|FRMPD1,-0.71,MyList
DisGeNET,35,C1836231,"HIV-1, RESISTANCE TO",,-2.8,8.2,5.1,30182,147,100,4,4,2,5087|6196|9586|22844,PBX1|RPS6KA2|CREB5|FRMPD1,-0.71,MyList
DisGeNET,35,C1836232,"ACQUIRED IMMUNODEFICIENCY SYNDROME, PROGRESSION TO",,-2.8,8.2,5.1,30182,147,100,4,4,2,5087|6196|9586|22844,PBX1|RPS6KA2|CREB5|FRMPD1,-0.71,MyList
DisGeNET,35,C0234632,Reduced visual acuity,,-2.8,8.2,5.1,30182,147,100,4,4,2,3098|79977|89781|128338,HK1|GRHL2|HPS4|DRAM2,-0.71,MyList
DisGeNET,35,C0037315,Sleep Apnea Syndromes,,-2.8,8.2,5,30182,148,100,4,4,2,5727|6792|8292|55149,PTCH1|CDKL5|COLQ|MTPAP,-0.71,MyList
DisGeNET,35,C0562350,Hip circumference,,-2.8,13,5.9,30182,68,100,3,3,1.7,1879|2309|84623,EBF1|FOXO3|KIRREL3,-0.71,MyList
Transcription Factor Targets,16,M40824,ZNF622 TARGET GENES,,-2.8,13,5.9,30182,68,100,3,3,1.7,6792|8650|55074,CDKL5|NUMB|OXR1,-0.71,MyList
Transcription Factor Targets,16,M14230,HFH1 01,,-2.8,6,4.6,30182,251,100,5,5,2.2,862|5523|5813|7328|9586,RUNX1T1|PPP2R3A|PURA|UBE2H|CREB5,-0.71,MyList
DisGeNET,35,C0410702,Adolescent idiopathic scoliosis,,-2.8,3.7,4,30182,656,100,8,8,2.7,320|2099|4257|5789|8650|9586|23007|50650,APBA1|ESR1|MGST1|PTPRD|NUMB|CREB5|PLCH1|ARHGEF3,-0.7,MyList
DisGeNET,35,C1836230,"HUMAN IMMUNODEFICIENCY VIRUS TYPE 1, SUSCEPTIBILITY TO",,-2.8,8.1,5,30182,149,100,4,4,2,5087|6196|9586|22844,PBX1|RPS6KA2|CREB5|FRMPD1,-0.7,MyList
Transcription Factor Targets,16,M15522,GATA4 Q3,,-2.8,6,4.6,30182,253,100,5,5,2.2,862|1879|2113|5813|7026,RUNX1T1|EBF1|ETS1|PURA|NR2F2,-0.7,MyList
Transcription Factor Targets,16,M13967,ATF3 Q6,,-2.8,6,4.6,30182,253,100,5,5,2.2,3727|5187|7328|9586|64579,JUND|PER1|UBE2H|CREB5|NDST4,-0.7,MyList
Transcription Factor Targets,16,M14466,MYB Q3,,-2.8,6,4.6,30182,253,100,5,5,2.2,862|2313|7328|9459|133522,RUNX1T1|FLI1|UBE2H|ARHGEF6|PPARGC1B,-0.7,MyList
Transcription Factor Targets,16,M10817,CMYB 01,,-2.8,5.9,4.5,30182,255,100,5,5,2.2,3727|5087|5187|5813|7328,JUND|PBX1|PER1|PURA|UBE2H,-0.69,MyList
Transcription Factor Targets,16,M16414,TAL1BETAE47 01,,-2.8,5.9,4.5,30182,255,100,5,5,2.2,862|1641|6096|6863|84623,RUNX1T1|DCX|RORB|TAC1|KIRREL3,-0.69,MyList
DisGeNET,35,C0005967,Bone neoplasms,,-2.8,8,5,30182,151,100,4,4,2,2099|2313|2346|3417,ESR1|FLI1|FOLH1|IDH1,-0.69,MyList
Transcription Factor Targets,16,M11442,HNF1 Q6,,-2.8,5.9,4.5,30182,256,100,5,5,2.2,2313|5813|6096|9586|26999,FLI1|PURA|RORB|CREB5|CYFIP2,-0.69,MyList
Transcription Factor Targets,16,M1779,GCCNNNWTAAR UNKNOWN,,-2.8,7.9,4.9,30182,152,100,4,4,2,862|5727|5992|6659,RUNX1T1|PTCH1|RFX4|SOX4,-0.69,MyList
Transcription Factor Targets,16,M18645,MYB Q6,,-2.8,5.9,4.5,30182,257,100,5,5,2.2,862|2313|5992|7328|9459,RUNX1T1|FLI1|RFX4|UBE2H|ARHGEF6,-0.69,MyList
Transcription Factor Targets,16,M12874,MYCMAX 01,,-2.8,5.9,4.5,30182,257,100,5,5,2.2,2309|4223|5187|5992|133522,FOXO3|MEOX2|PER1|RFX4|PPARGC1B,-0.69,MyList
Transcription Factor Targets,16,M12637,FREAC3 01,,-2.8,5.9,4.5,30182,257,100,5,5,2.2,862|1641|3417|5813|6457,RUNX1T1|DCX|IDH1|PURA|SH3GL3,-0.69,MyList
Transcription Factor Targets,16,M14649,FREAC4 01,,-2.8,7.9,4.9,30182,153,100,4,4,2,862|5523|5813|7328,RUNX1T1|PPP2R3A|PURA|UBE2H,-0.68,MyList
Transcription Factor Targets,16,M133,TCF11 01,,-2.8,5.8,4.5,30182,258,100,5,5,2.2,1879|5727|9586|56660|64579,EBF1|PTCH1|CREB5|KCNK12|NDST4,-0.68,MyList
DisGeNET,35,C0343284,Chondrodysplasia,,-2.8,13,5.7,30182,71,100,3,3,1.7,468|6334|6772,ATF4|SCN8A|STAT1,-0.68,MyList
Transcription Factor Targets,16,M9300,SP1 Q4 01,,-2.8,5.8,4.5,30182,259,100,5,5,2.2,2002|5187|6792|8427|133522,ELK1|PER1|CDKL5|ZNF282|PPARGC1B,-0.68,MyList
Transcription Factor Targets,16,M17883,STAT5A 01,,-2.8,5.8,4.5,30182,259,100,5,5,2.2,320|5813|5992|8292|133522,APBA1|PURA|RFX4|COLQ|PPARGC1B,-0.68,MyList
DisGeNET,35,C3539781,Progressive cGVHD,,-2.8,4.7,4.2,30182,383,100,6,6,2.4,1052|1641|2099|2346|3417|6863,CEBPD|DCX|ESR1|FOLH1|IDH1|TAC1,-0.68,MyList
DisGeNET,35,C0677932,Progressive Neoplastic Disease,,-2.8,4.7,4.2,30182,383,100,6,6,2.4,1052|1641|2099|2346|3417|6863,CEBPD|DCX|ESR1|FOLH1|IDH1|TAC1,-0.68,MyList
Transcription Factor Targets,16,M9525,SP1 Q6,,-2.8,5.8,4.5,30182,260,100,5,5,2.2,2002|5187|6792|8427|133522,ELK1|PER1|CDKL5|ZNF282|PPARGC1B,-0.68,MyList
DisGeNET,35,C0024809,Marijuana Abuse,,-2.7,7.7,4.9,30182,156,100,4,4,2,1641|2099|5187|6863,DCX|ESR1|PER1|TAC1,-0.66,MyList
DisGeNET,35,C1853743,Muscular hypotonia of the trunk,,-2.7,7.7,4.9,30182,156,100,4,4,2,1641|5727|6334|26999,DCX|PTCH1|SCN8A|CYFIP2,-0.66,MyList
DisGeNET,35,C0024131,Lupus Vulgaris,,-2.7,4,4,30182,526,100,7,7,2.6,831|862|2099|2113|2313|5087|6772,CAST|RUNX1T1|ESR1|ETS1|FLI1|PBX1|STAT1,-0.66,MyList
Transcription Factor Targets,16,M9426,PAX Q6,,-2.7,5.7,4.4,30182,264,100,5,5,2.2,1879|5396|5992|7328|133522,EBF1|PRRX1|RFX4|UBE2H|PPARGC1B,-0.65,MyList
DisGeNET,35,C0949690,Spondylarthritis,,-2.7,7.6,4.8,30182,158,100,4,4,2,90|2099|6772|6863,ACVR1|ESR1|STAT1|TAC1,-0.65,MyList
Transcription Factor Targets,16,M19088,TST1 01,,-2.7,5.7,4.4,30182,265,100,5,5,2.2,1641|5813|7026|64579|79977,DCX|PURA|NR2F2|NDST4|GRHL2,-0.65,MyList
Transcription Factor Targets,16,M11913,COUP 01,,-2.7,5.7,4.4,30182,265,100,5,5,2.2,468|5523|5813|7026|221458,ATF4|PPP2R3A|PURA|NR2F2|KIF6,-0.65,MyList
DisGeNET,35,C1314691,Age at menarche,,-2.7,5.7,4.4,30182,267,100,5,5,2.2,2309|5789|6096|26999|64579,FOXO3|PTPRD|RORB|CYFIP2|NDST4,-0.64,MyList
Transcription Factor Targets,16,M8280,NFAT Q4 01,,-2.7,5.7,4.4,30182,267,100,5,5,2.2,1879|2313|5523|9586|84623,EBF1|FLI1|PPP2R3A|CREB5|KIRREL3,-0.64,MyList
Transcription Factor Targets,16,M2211,OCT Q6,,-2.7,5.7,4.4,30182,267,100,5,5,2.2,1879|3727|5396|5523|6457,EBF1|JUND|PRRX1|PPP2R3A|SH3GL3,-0.64,MyList
DisGeNET,35,C0020796,Profound Mental Retardation,,-2.7,7.5,4.8,30182,160,100,4,4,2,429|5727|6334|6792,ASCL1|PTCH1|SCN8A|CDKL5,-0.64,MyList
Transcription Factor Targets,16,M6422,TTAYRTAA E4BP4 01,,-2.7,5.6,4.4,30182,268,100,5,5,2.2,5813|7328|9586|29841|255928,PURA|UBE2H|CREB5|GRHL1|SYT14,-0.64,MyList
Transcription Factor Targets,16,M15623,SOX5 01,,-2.7,5.6,4.4,30182,268,100,5,5,2.2,320|1879|5727|5813|79977,APBA1|EBF1|PTCH1|PURA|GRHL2,-0.64,MyList
DisGeNET,35,C0024713,Manic Disorder,,-2.7,12,5.5,30182,76,100,3,3,1.7,6196|6863|10814,RPS6KA2|TAC1|CPLX2,-0.63,MyList
Transcription Factor Targets,16,M4238,OCT C,,-2.7,5.6,4.4,30182,270,100,5,5,2.2,1879|3727|5396|5523|6457,EBF1|JUND|PRRX1|PPP2R3A|SH3GL3,-0.63,MyList
DisGeNET,35,C1836038,Poor head control,,-2.7,7.5,4.7,30182,162,100,4,4,2,6334|6792|8292|26999,SCN8A|CDKL5|COLQ|CYFIP2,-0.63,MyList
DisGeNET,35,C0238198,Gastrointestinal Stromal Tumors,,-2.7,3.9,3.9,30182,538,100,7,7,2.6,320|2113|2313|2346|5727|50937|84623,APBA1|ETS1|FLI1|FOLH1|PTCH1|CDON|KIRREL3,-0.63,MyList
Transcription Factor Targets,16,M18844,HNF4ALPHA Q6,,-2.7,5.6,4.4,30182,271,100,5,5,2.2,5132|5813|6792|7026|55022,PDC|PURA|CDKL5|NR2F2|PID1,-0.63,MyList
DisGeNET,35,C0334583,Pilocytic Astrocytoma,,-2.7,7.4,4.7,30182,163,100,4,4,2,90|1641|2099|3417,ACVR1|DCX|ESR1|IDH1,-0.62,MyList
Transcription Factor Targets,16,M6170,OCT1 Q6,,-2.7,5.5,4.3,30182,272,100,5,5,2.2,1879|3727|5396|5523|6457,EBF1|JUND|PRRX1|PPP2R3A|SH3GL3,-0.62,MyList
Transcription Factor Targets,16,M16178,HOXA4 Q2,,-2.7,5.5,4.3,30182,272,100,5,5,2.2,2313|5187|5396|5992|9586,FLI1|PER1|PRRX1|RFX4|CREB5,-0.62,MyList
DisGeNET,35,C0016529,Forced expiratory volume function,,-2.7,5.5,4.3,30182,272,100,5,5,2.2,164|1879|5727|5789|6457,AP1G1|EBF1|PTCH1|PTPRD|SH3GL3,-0.62,MyList
DisGeNET,35,C0017654,Glomerular Filtration Rate,,-2.7,4.5,4.1,30182,399,100,6,6,2.4,5396|6792|6840|7328|51422|145282,PRRX1|CDKL5|SVIL|UBE2H|PRKAG2|MIPOL1,-0.62,MyList
Transcription Factor Targets,16,M5164,MYCMAX B,,-2.7,5.5,4.3,30182,273,100,5,5,2.2,429|5187|6659|51422|133522,ASCL1|PER1|SOX4|PRKAG2|PPARGC1B,-0.62,MyList
Transcription Factor Targets,16,M7023,CRX Q4,,-2.7,5.5,4.3,30182,274,100,5,5,2.2,4223|5396|5813|9586|26973,MEOX2|PRRX1|PURA|CREB5|CHORDC1,-0.61,MyList
DisGeNET,35,C0270823,Petit mal status,,-2.6,12,5.4,30182,78,100,3,3,1.7,3417|3727|6334,IDH1|JUND|SCN8A,-0.61,MyList
DisGeNET,35,C0264490,Acute respiratory failure,,-2.6,12,5.4,30182,78,100,3,3,1.7,862|3417|10075,RUNX1T1|IDH1|HUWE1,-0.61,MyList
Transcription Factor Targets,16,M1181,EFC Q6,,-2.6,5.5,4.3,30182,275,100,5,5,2.2,862|5396|5727|5992|219670,RUNX1T1|PRRX1|PTCH1|RFX4|ENKUR,-0.61,MyList
Transcription Factor Targets,16,M9638,OCT1 Q5 01,,-2.6,5.5,4.3,30182,275,100,5,5,2.2,1879|3727|5396|5523|6457,EBF1|JUND|PRRX1|PPP2R3A|SH3GL3,-0.61,MyList
DisGeNET,35,C4551686,Malignant neoplasm of soft tissue,,-2.6,3.5,3.8,30182,699,100,8,8,2.7,2099|2313|2346|3417|6334|6772|26999|79977,ESR1|FLI1|FOLH1|IDH1|SCN8A|STAT1|CYFIP2|GRHL2,-0.61,MyList
DisGeNET,35,C0497156,Lymphadenopathy,,-2.6,5.4,4.3,30182,277,100,5,5,2.2,2099|2346|5087|6772|79633,ESR1|FOLH1|PBX1|STAT1|FAT4,-0.6,MyList
DisGeNET,35,C0750952,Biliary Tract Cancer,,-2.6,7.2,4.7,30182,167,100,4,4,2,2099|3417|5727|133522,ESR1|IDH1|PTCH1|PPARGC1B,-0.6,MyList
DisGeNET,35,C1840077,Anteverted nostril,,-2.6,4.4,4,30182,407,100,6,6,2.4,2313|5087|5727|6659|6792|50937,FLI1|PBX1|PTCH1|SOX4|CDKL5|CDON,-0.6,MyList
DisGeNET,35,C0269102,Endometrioma,,-2.6,5.4,4.3,30182,279,100,5,5,2.2,2099|2113|6096|7026|149111,ESR1|ETS1|RORB|NR2F2|CNIH3,-0.59,MyList
DisGeNET,35,C0024138,"Lupus Erythematosus, Discoid",,-2.6,3.8,3.9,30182,552,100,7,7,2.6,831|862|2099|2113|2313|5087|6772,CAST|RUNX1T1|ESR1|ETS1|FLI1|PBX1|STAT1,-0.59,MyList
Transcription Factor Targets,16,M3956,ETS2 B,,-2.6,5.4,4.2,30182,281,100,5,5,2.2,320|831|2309|2313|9459,APBA1|CAST|FOXO3|FLI1|ARHGEF6,-0.58,MyList
Transcription Factor Targets,16,M3647,GR Q6 01,,-2.6,5.4,4.2,30182,281,100,5,5,2.2,320|862|2113|5523|7572,APBA1|RUNX1T1|ETS1|PPP2R3A|ZNF24,-0.58,MyList
Cell Type Signatures,7,M39253,MENON FETAL KIDNEY 3 STROMAL CELLS,,-2.6,11,5.3,30182,81,100,3,3,1.7,5087|6659|7026,PBX1|SOX4|NR2F2,-0.58,MyList
DisGeNET,35,C1519689,Tumor Promotion,,-2.6,7.1,4.6,30182,170,100,4,4,2,429|2099|3727|6772,ASCL1|ESR1|JUND|STAT1,-0.58,MyList
DisGeNET,35,C0162557,"Liver Failure, Acute",,-2.6,5.4,4.2,30182,282,100,5,5,2.2,831|2099|2309|6772|133522,CAST|ESR1|FOXO3|STAT1|PPARGC1B,-0.58,MyList
DisGeNET,35,C1865014,Long philtrum,,-2.6,5.4,4.2,30182,282,100,5,5,2.2,2313|5727|6792|9459|10075,FLI1|PTCH1|CDKL5|ARHGEF6|HUWE1,-0.58,MyList
Transcription Factor Targets,16,M5959,IK1 01,,-2.6,5.4,4.2,30182,282,100,5,5,2.2,320|4223|5727|5992|7328,APBA1|MEOX2|PTCH1|RFX4|UBE2H,-0.58,MyList
DisGeNET,35,C0029458,"Osteoporosis, Postmenopausal",,-2.6,7.1,4.6,30182,171,100,4,4,2,2099|2113|6863|50650,ESR1|ETS1|TAC1|ARHGEF3,-0.58,MyList
DisGeNET,35,C0023267,Fibroid Tumor,,-2.6,4.4,4,30182,413,100,6,6,2.4,2099|2113|2309|5727|6863|23180,ESR1|ETS1|FOXO3|PTCH1|TAC1|RFTN1,-0.58,MyList
DisGeNET,35,C4721806,"Carcinoma, Basal Cell",,-2.6,3.8,3.8,30182,557,100,7,7,2.6,468|1052|2099|5727|6772|6863|7572,ATF4|CEBPD|ESR1|PTCH1|STAT1|TAC1|ZNF24,-0.58,MyList
Transcription Factor Targets,16,M30274,ZNF202 TARGET GENES,,-2.6,11,5.3,30182,82,100,3,3,1.7,1879|5992|51422,EBF1|RFX4|PRKAG2,-0.58,MyList
Transcription Factor Targets,16,M15061,HAND1E47 01,,-2.6,5.3,4.2,30182,284,100,5,5,2.2,862|1641|5813|7026|9586,RUNX1T1|DCX|PURA|NR2F2|CREB5,-0.58,MyList
DisGeNET,35,C0026034,Microstomia,,-2.6,7,4.6,30182,172,100,4,4,2,5396|5727|10075|79633,PRRX1|PTCH1|HUWE1|FAT4,-0.58,MyList
DisGeNET,35,C0220668,Congenital contractural arachnodactyly,,-2.6,3.8,3.8,30182,559,100,7,7,2.6,444|1879|2002|3417|6659|6772|6863,ASPH|EBF1|ELK1|IDH1|SOX4|STAT1|TAC1,-0.58,MyList
DisGeNET,35,C1333064,Classical Hodgkin's Lymphoma,,-2.6,5.3,4.2,30182,285,100,5,5,2.2,1052|1879|2309|3727|6772,CEBPD|EBF1|FOXO3|JUND|STAT1,-0.58,MyList
DisGeNET,35,C0016202,Flatfoot,,-2.6,5.3,4.2,30182,285,100,5,5,2.2,2313|5727|5813|9459|10075,FLI1|PTCH1|PURA|ARHGEF6|HUWE1,-0.58,MyList
DisGeNET,35,C0751111,Awakening Epilepsy,,-2.6,11,5.2,30182,83,100,3,3,1.7,5813|6334|6792,PURA|SCN8A|CDKL5,-0.57,MyList
DisGeNET,35,C0236018,Aura,,-2.6,11,5.2,30182,83,100,3,3,1.7,5813|6334|6792,PURA|SCN8A|CDKL5,-0.57,MyList
Transcription Factor Targets,16,M6093,TAAYNRNNTCC UNKNOWN,,-2.6,6.9,4.5,30182,174,100,4,4,2,2309|5523|5813|6659,FOXO3|PPP2R3A|PURA|SOX4,-0.57,MyList
TRRUST,34,TRR01419,Regulated by: TP53,,-2.6,6.9,4.5,30182,175,100,4,4,2,2099|2309|6772|26999,ESR1|FOXO3|STAT1|CYFIP2,-0.56,MyList
DisGeNET,35,C0010417,Cryptorchidism,,-2.5,3.3,3.7,30182,725,100,8,8,2.7,2099|2313|5087|5727|6659|10075|50937|79633,ESR1|FLI1|PBX1|PTCH1|SOX4|HUWE1|CDON|FAT4,-0.55,MyList
Cell Type Signatures,7,M40021,BUSSLINGER GASTRIC OXYNTIC ENTEROCHROMAFFIN LIKE CELLS,,-2.5,11,5.1,30182,85,100,3,3,1.7,862|6659|10814,RUNX1T1|SOX4|CPLX2,-0.55,MyList
DisGeNET,35,C0042133,Uterine Fibroids,,-2.5,3.7,3.8,30182,569,100,7,7,2.6,2099|2309|5187|5727|6863|7026|23180,ESR1|FOXO3|PER1|PTCH1|TAC1|NR2F2|RFTN1,-0.55,MyList
Transcription Factor Targets,16,M572,TGCCAAR NF1 Q6,,-2.5,3.3,3.7,30182,727,100,8,8,2.7,90|862|2099|5727|6659|7328|9459|55022,ACVR1|RUNX1T1|ESR1|PTCH1|SOX4|UBE2H|ARHGEF6|PID1,-0.54,MyList
DisGeNET,35,C0206682,Follicular thyroid carcinoma,,-2.5,5.2,4.1,30182,293,100,5,5,2.2,2113|2309|2346|3417|5727,ETS1|FOXO3|FOLH1|IDH1|PTCH1,-0.54,MyList
DisGeNET,35,C1837218,"Cleft palate, isolated",,-2.5,5.1,4.1,30182,295,100,5,5,2.2,2099|2113|4223|5727|10075,ESR1|ETS1|MEOX2|PTCH1|HUWE1,-0.53,MyList
DisGeNET,35,C0001973,"Alcoholic Intoxication, Chronic",,-2.5,3.7,3.7,30182,577,100,7,7,2.6,2099|5187|5727|5992|6863|114879|149111,ESR1|PER1|PTCH1|RFX4|TAC1|OSBPL5|CNIH3,-0.52,MyList
Cell Type Signatures,7,M39051,MANNO MIDBRAIN NEUROTYPES HMGL,,-2.5,3.7,3.7,30182,577,100,7,7,2.6,1052|2309|2313|5791|6772|9459|128338,CEBPD|FOXO3|FLI1|PTPRE|STAT1|ARHGEF6|DRAM2,-0.52,MyList
DisGeNET,35,C0042834,Vital capacity,,-2.5,4.2,3.9,30182,430,100,6,6,2.4,1879|2113|2309|5727|9586|255928,EBF1|ETS1|FOXO3|PTCH1|CREB5|SYT14,-0.52,MyList
DisGeNET,35,C1270972,Mild cognitive disorder,,-2.5,4.2,3.9,30182,430,100,6,6,2.4,862|2099|2309|5187|6334|221458,RUNX1T1|ESR1|FOXO3|PER1|SCN8A|KIF6,-0.52,MyList
DisGeNET,35,C1837461,"SCOLIOSIS, ISOLATED, SUSCEPTIBILITY TO, 3",,-2.5,3.7,3.7,30182,578,100,7,7,2.6,320|4257|5789|8650|9586|23007|50650,APBA1|MGST1|PTPRD|NUMB|CREB5|PLCH1|ARHGEF3,-0.52,MyList
DisGeNET,35,C0017075,Ganglioneuroma,,-2.5,10,5,30182,88,100,3,3,1.7,429|1641|5087,ASCL1|DCX|PBX1,-0.52,MyList
DisGeNET,35,C0014553,Absence Epilepsy,,-2.5,10,5,30182,88,100,3,3,1.7,2099|6096|6334,ESR1|RORB|SCN8A,-0.52,MyList
Cell Type Signatures,7,M41697,TRAVAGLINI LUNG EREG DENDRITIC CELL,,-2.5,3.6,3.7,30182,579,100,7,7,2.6,444|468|1052|3727|5791|55022|55041,ASPH|ATF4|CEBPD|JUND|PTPRE|PID1|PLEKHB2,-0.52,MyList
DisGeNET,35,C0206695,"Carcinoma, Neuroendocrine",,-2.5,6.6,4.4,30182,182,100,4,4,2,429|2099|2113|2313,ASCL1|ESR1|ETS1|FLI1,-0.52,MyList
DisGeNET,35,C0005699,Blast Phase,,-2.5,5,4.1,30182,299,100,5,5,2.2,862|1052|2113|2309|3417,RUNX1T1|CEBPD|ETS1|FOXO3|IDH1,-0.51,MyList
Transcription Factor Targets,16,M7093,GATAAGR GATA C,,-2.5,5,4.1,30182,299,100,5,5,2.2,862|2313|5523|9586|79977,RUNX1T1|FLI1|PPP2R3A|CREB5|GRHL2,-0.51,MyList
DisGeNET,35,C0025312,Meningomyelocele,,-2.5,10,5,30182,89,100,3,3,1.7,1641|2346|4223,DCX|FOLH1|MEOX2,-0.51,MyList
DisGeNET,35,C0424711,Orbital separation diminished,,-2.5,10,5,30182,89,100,3,3,1.7,5727|10075|50937,PTCH1|HUWE1|CDON,-0.51,MyList
COVID,200,COVID016,RNA_Blanco-Melo_Calu-3_Up,,-2.5,5,4,30182,300,100,5,5,2.2,2113|2309|5187|6772|9586,ETS1|FOXO3|PER1|STAT1|CREB5,-0.51,MyList
COVID,200,COVID060,Phosphoproteome_Bouhaddou_Vero_E6_24h_Up,,-2.5,5,4,30182,300,100,5,5,2.2,6772|9425|10075|55022|55074,STAT1|CDYL|HUWE1|PID1|OXR1,-0.51,MyList
COVID,200,COVID243,RNA_Riva_Vero-E6_24h_Up,,-2.5,5,4,30182,300,100,5,5,2.2,90|5187|5727|5789|9586,ACVR1|PER1|PTCH1|PTPRD|CREB5,-0.51,MyList
DisGeNET,35,C0206663,"Neuroectodermal Tumor, Primitive",,-2.5,6.6,4.4,30182,184,100,4,4,2,429|444|2313|5727,ASCL1|ASPH|FLI1|PTCH1,-0.51,MyList
Cell Type Signatures,7,M39135,AIZARANI LIVER C39 EPCAM POS BILE DUCT CELLS 4,,-2.5,6.6,4.4,30182,184,100,4,4,2,468|6659|9586|11228,ATF4|SOX4|CREB5|RASSF8,-0.51,MyList
DisGeNET,35,C0424605,Developmental delay (disorder),,-2.5,3.6,3.7,30182,584,100,7,7,2.6,2334|2346|2820|5727|6334|6659|6792,AFF2|FOLH1|GPD2|PTCH1|SCN8A|SOX4|CDKL5,-0.51,MyList
DisGeNET,35,C0235950,Zinc deficiency,,-2.5,10,5,30182,90,100,3,3,1.7,3727|6772|56259,JUND|STAT1|CTNNBL1,-0.51,MyList
DisGeNET,35,C3811653,Experimental Organism Basal Cell Carcinoma,,-2.5,4.1,3.8,30182,437,100,6,6,2.4,468|2099|5727|6772|6863|7572,ATF4|ESR1|PTCH1|STAT1|TAC1|ZNF24,-0.51,MyList
Cell Type Signatures,7,M39040,FAN EMBRYONIC CTX BRAIN ENDOTHELIAL 2,,-2.5,5,4,30182,303,100,5,5,2.2,1879|7026|23180|55022|56259,EBF1|NR2F2|RFTN1|PID1|CTNNBL1,-0.5,MyList
Transcription Factor Targets,16,M7179,MIF1 01,,-2.5,6.5,4.3,30182,186,100,4,4,2,862|5727|6792|219670,RUNX1T1|PTCH1|CDKL5|ENKUR,-0.5,MyList
DisGeNET,35,C0410528,Skeletal dysplasia,,-2.5,6.5,4.3,30182,186,100,4,4,2,90|468|6772|79633,ACVR1|ATF4|STAT1|FAT4,-0.5,MyList
DisGeNET,35,C0432072,Dysmorphic features,,-2.5,4.1,3.8,30182,439,100,6,6,2.4,2313|5727|5813|6334|6792|7026,FLI1|PTCH1|PURA|SCN8A|CDKL5|NR2F2,-0.5,MyList
DisGeNET,35,C0027794,Neural Tube Defects,,-2.5,5,4,30182,304,100,5,5,2.2,429|2309|2346|5727|79977,ASCL1|FOXO3|FOLH1|PTCH1|GRHL2,-0.5,MyList
DisGeNET,35,C0740277,Bile duct carcinoma,,-2.5,10,4.9,30182,91,100,3,3,1.7,444|2099|2113,ASPH|ESR1|ETS1,-0.5,MyList
DisGeNET,35,C0221505,Lesion of brain,,-2.4,6.4,4.3,30182,188,100,4,4,2,2346|3417|10814|55022,FOLH1|IDH1|CPLX2|PID1,-0.49,MyList
DisGeNET,35,C0042345,Varicosity,,-2.4,6.4,4.3,30182,188,100,4,4,2,1879|2099|3727|6863,EBF1|ESR1|JUND|TAC1,-0.49,MyList
DisGeNET,35,C0005745,Blepharoptosis,,-2.4,3.6,3.6,30182,595,100,7,7,2.6,2313|6334|6659|8292|10075|26999|79633,FLI1|SCN8A|SOX4|COLQ|HUWE1|CYFIP2|FAT4,-0.48,MyList
DisGeNET,35,C0008626,Congenital chromosomal disease,,-2.4,3.2,3.5,30182,757,100,8,8,2.7,862|2113|2334|5087|5727|5789|26973|51422,RUNX1T1|ETS1|AFF2|PBX1|PTCH1|PTPRD|CHORDC1|PRKAG2,-0.48,MyList
DisGeNET,35,C1654637,androgen independent prostate cancer,,-2.4,6.4,4.3,30182,190,100,4,4,2,2099|2309|3727|5087,ESR1|FOXO3|JUND|PBX1,-0.48,MyList
DisGeNET,35,C0017168,Gastroesophageal reflux disease,,-2.4,4.1,3.8,30182,446,100,6,6,2.4,429|6334|6792|6863|26999|79104,ASCL1|SCN8A|CDKL5|TAC1|CYFIP2|MEG8,-0.48,MyList
DisGeNET,35,C0037317,Sleep disturbances,,-2.4,4.9,3.9,30182,310,100,5,5,2.2,2099|5187|6334|6792|26999,ESR1|PER1|SCN8A|CDKL5|CYFIP2,-0.48,MyList
Cell Type Signatures,7,M40019,BUSSLINGER GASTRIC X CELLS,,-2.4,6.3,4.3,30182,191,100,4,4,2,3727|5087|7026|10814,JUND|PBX1|NR2F2|CPLX2,-0.48,MyList
DisGeNET,35,C0085583,Choreoathetosis,,-2.4,9.6,4.8,30182,94,100,3,3,1.7,5813|6334|6792,PURA|SCN8A|CDKL5,-0.48,MyList
DisGeNET,35,C0600104,Obsessive compulsive behavior,,-2.4,9.6,4.8,30182,94,100,3,3,1.7,2099|2334|5187,ESR1|AFF2|PER1,-0.48,MyList
DisGeNET,35,C0035436,Rheumatic Fever,,-2.4,9.6,4.8,30182,94,100,3,3,1.7,862|3417|10075,RUNX1T1|IDH1|HUWE1,-0.48,MyList
DisGeNET,35,C0027831,Neurofibromatosis 1,,-2.4,4.9,3.9,30182,311,100,5,5,2.2,1052|2099|2346|3417|5727,CEBPD|ESR1|FOLH1|IDH1|PTCH1,-0.48,MyList
Cell Type Signatures,7,M39072,MANNO MIDBRAIN NEUROTYPES HSERT,,-2.4,4,3.7,30182,450,100,6,6,2.4,320|1641|2334|6457|6863|84623,APBA1|DCX|AFF2|SH3GL3|TAC1|KIRREL3,-0.47,MyList
Transcription Factor Targets,16,M12297,CDP 01,,-2.4,9.5,4.8,30182,95,100,3,3,1.7,831|6840|6863,CAST|SVIL|TAC1,-0.47,MyList
DisGeNET,35,C0030297,Pancreatic Neoplasm,,-2.4,3.2,3.5,30182,764,100,8,8,2.7,90|2099|2113|2309|2313|5187|5727|114879,ACVR1|ESR1|ETS1|FOXO3|FLI1|PER1|PTCH1|OSBPL5,-0.47,MyList
DisGeNET,35,C0021053,Immune System Diseases,,-2.4,4,3.7,30182,451,100,6,6,2.4,2099|2113|2313|3727|5187|6772,ESR1|ETS1|FLI1|JUND|PER1|STAT1,-0.47,MyList
DisGeNET,35,C0013080,Down Syndrome,,-2.4,3.2,3.5,30182,765,100,8,8,2.7,90|862|2002|2099|5396|5727|6772|6792,ACVR1|RUNX1T1|ELK1|ESR1|PRRX1|PTCH1|STAT1|CDKL5,-0.47,MyList
DisGeNET,35,C0240379,Open mouth (finding),,-2.4,9.4,4.8,30182,96,100,3,3,1.7,5727|5813|6334,PTCH1|PURA|SCN8A,-0.46,MyList
Transcription Factor Targets,16,M3128,AAANWWTGC UNKNOWN,,-2.4,6.2,4.2,30182,195,100,4,4,2,1879|2099|6659|7026,EBF1|ESR1|SOX4|NR2F2,-0.45,MyList
DisGeNET,35,C0033377,Ptosis,,-2.4,3.5,3.6,30182,607,100,7,7,2.6,2313|6334|6659|8292|10075|26999|79633,FLI1|SCN8A|SOX4|COLQ|HUWE1|CYFIP2|FAT4,-0.45,MyList
Cell Type Signatures,7,M39213,ZHENG CORD BLOOD C4 PUTATIVE EARLY ERYTHROID COMMITMENT,,-2.4,9.3,4.7,30182,97,100,3,3,1.7,2309|5087|56259,FOXO3|PBX1|CTNNBL1,-0.45,MyList
DisGeNET,35,C3806482,Recurrent respiratory infections,,-2.4,4.7,3.9,30182,318,100,5,5,2.2,2313|6659|6772|7026|79633,FLI1|SOX4|STAT1|NR2F2|FAT4,-0.45,MyList
Cell Type Signatures,7,M41707,FAN OVARY CL5 HEALTHY SELECTABLE FOLLICLE THECAL CELL,,-2.4,4.7,3.9,30182,318,100,5,5,2.2,5087|5727|6772|7026|26973,PBX1|PTCH1|STAT1|NR2F2|CHORDC1,-0.45,MyList
DisGeNET,35,C0008925,Cleft Palate,,-2.4,3.5,3.5,30182,611,100,7,7,2.6,2113|4223|5396|5727|6659|6792|50937,ETS1|MEOX2|PRRX1|PTCH1|SOX4|CDKL5|CDON,-0.44,MyList
DisGeNET,35,C3203102,Idiopathic pulmonary arterial hypertension,,-2.4,3.1,3.4,30182,776,100,8,8,2.7,468|2002|2099|2309|2313|6772|8292|55149,ATF4|ELK1|ESR1|FOXO3|FLI1|STAT1|COLQ|MTPAP,-0.44,MyList
DisGeNET,35,C4277682,Chemical and Drug Induced Liver Injury,,-2.4,3.9,3.7,30182,461,100,6,6,2.4,831|3727|5789|7026|152518|255928,CAST|JUND|PTPRD|NR2F2|NFXL1|SYT14,-0.43,MyList
DisGeNET,35,C0042341,Varicocele,,-2.4,9.1,4.7,30182,99,100,3,3,1.7,2099|6772|55149,ESR1|STAT1|MTPAP,-0.43,MyList
DisGeNET,35,C0376544,Hematopoietic Neoplasms,,-2.4,4.7,3.8,30182,322,100,5,5,2.2,2099|2113|2309|3417|5087,ESR1|ETS1|FOXO3|IDH1|PBX1,-0.43,MyList
DisGeNET,35,C0010823,Cytomegalovirus Infections,,-2.4,3.9,3.6,30182,462,100,6,6,2.4,320|468|2099|2309|3727|6772,APBA1|ATF4|ESR1|FOXO3|JUND|STAT1,-0.43,MyList
DisGeNET,35,C0220620,Gastrointestinal Carcinoid Tumor,,-2.3,4.7,3.8,30182,323,100,5,5,2.2,90|2099|2309|2313|6772,ACVR1|ESR1|FOXO3|FLI1|STAT1,-0.43,MyList
Cell Type Signatures,7,M39212,ZHENG CORD BLOOD C3 MEGAKARYOCYTE ERYTHROID PROGENITOR,,-2.3,9.1,4.7,30182,100,100,3,3,1.7,3727|6659|56259,JUND|SOX4|CTNNBL1,-0.42,MyList
DisGeNET,35,C0524528,Pervasive Development Disorder,,-2.3,4.6,3.8,30182,328,100,5,5,2.2,2099|2334|6334|50650|84623,ESR1|AFF2|SCN8A|ARHGEF3|KIRREL3,-0.4,MyList
Transcription Factor Targets,16,M17373,PAX6 01,,-2.3,8.9,4.6,30182,102,100,3,3,1.7,2313|6096|6659,FLI1|RORB|SOX4,-0.4,MyList
Transcription Factor Targets,16,M3720,POU3F2 01,,-2.3,8.9,4.6,30182,102,100,3,3,1.7,5396|5813|6659,PRRX1|PURA|SOX4,-0.4,MyList
DisGeNET,35,C4316903,Absence Seizures,,-2.3,5.9,4.1,30182,204,100,4,4,2,6096|6334|6792|9459,RORB|SCN8A|CDKL5|ARHGEF6,-0.4,MyList
DisGeNET,35,C0242596,"Neoplasm, Residual",,-2.3,4.6,3.8,30182,329,100,5,5,2.2,862|1641|2099|3417|5087,RUNX1T1|DCX|ESR1|IDH1|PBX1,-0.4,MyList
DisGeNET,35,C3900098,Adult Myelodysplastic Syndrome,,-2.3,4.5,3.7,30182,332,100,5,5,2.2,862|1879|2113|3417|5813,RUNX1T1|EBF1|ETS1|IDH1|PURA,-0.39,MyList
DisGeNET,35,C0205748,Dysplastic Nevus,,-2.3,8.7,4.5,30182,104,100,3,3,1.7,2113|6334|6659,ETS1|SCN8A|SOX4,-0.39,MyList
Transcription Factor Targets,16,M10288,YAATNRNNNYNATT UNKNOWN,,-2.3,8.7,4.5,30182,104,100,3,3,1.7,1641|9586|55884,DCX|CREB5|WSB2,-0.39,MyList
DisGeNET,35,C0040147,Thyroiditis,,-2.3,8.7,4.5,30182,104,100,3,3,1.7,2113|5727|6772,ETS1|PTCH1|STAT1,-0.39,MyList
DisGeNET,35,C0029422,Osteochondrodysplasias,,-2.3,5.8,4,30182,207,100,4,4,2,90|468|6772|79633,ACVR1|ATF4|STAT1|FAT4,-0.39,MyList
Transcription Factor Targets,16,M13279,HFH8 01,,-2.3,5.8,4,30182,208,100,4,4,2,2313|5813|7328|9586,FLI1|PURA|UBE2H|CREB5,-0.38,MyList
DisGeNET,35,C0677607,Hashimoto Disease,,-2.3,4.5,3.7,30182,335,100,5,5,2.2,2099|2113|2309|5727|6772,ESR1|ETS1|FOXO3|PTCH1|STAT1,-0.38,MyList
DisGeNET,35,C2347761,Childhood Myelodysplastic Syndrome,,-2.3,4.5,3.7,30182,335,100,5,5,2.2,862|1879|2113|3417|5813,RUNX1T1|EBF1|ETS1|IDH1|PURA,-0.38,MyList
Transcription Factor Targets,16,M2610,RREB1 01,,-2.3,5.8,4,30182,209,100,4,4,2,1879|2313|4223|5813,EBF1|FLI1|MEOX2|PURA,-0.38,MyList
Cell Type Signatures,7,M41670,TRAVAGLINI LUNG LYMPHATIC CELL,,-2.3,5.8,4,30182,209,100,4,4,2,4257|5791|7026|9586,MGST1|PTPRE|NR2F2|CREB5,-0.38,MyList
PaGenBase,36,PGB:00016,Tissue-specific: thymus,,-2.3,5.7,4,30182,210,100,4,4,2,2113|6659|6772|8292,ETS1|SOX4|STAT1|COLQ,-0.37,MyList
DisGeNET,35,C1258666,Myxoid cyst,,-2.3,8.5,4.5,30182,106,100,3,3,1.7,2099|2346|6863,ESR1|FOLH1|TAC1,-0.37,MyList
Transcription Factor Targets,16,M12142,PAX8 B,,-2.3,8.5,4.5,30182,106,100,3,3,1.7,5727|5813|6457,PTCH1|PURA|SH3GL3,-0.37,MyList
Transcription Factor Targets,16,M29988,HAND1 TARGET GENES,,-2.3,3.8,3.5,30182,481,100,6,6,2.4,164|862|5727|6334|6772|9425,AP1G1|RUNX1T1|PTCH1|SCN8A|STAT1|CDYL,-0.37,MyList
DisGeNET,35,C0239676,High forehead,,-2.3,5.7,4,30182,211,100,4,4,2,2313|6334|10075|26999,FLI1|SCN8A|HUWE1|CYFIP2,-0.37,MyList
DisGeNET,35,C1333015,Childhood Kidney Wilms Tumor,,-2.3,4.5,3.7,30182,338,100,5,5,2.2,862|2099|2313|5727|6772,RUNX1T1|ESR1|FLI1|PTCH1|STAT1,-0.37,MyList
Transcription Factor Targets,16,M329,ACAWYAAAG UNKNOWN,,-2.3,8.5,4.5,30182,107,100,3,3,1.7,1641|5087|8650,DCX|PBX1|NUMB,-0.37,MyList
Cell Type Signatures,7,M39221,LAKE ADULT KIDNEY C2 PODOCYTES,,-2.3,5.7,4,30182,212,100,4,4,2,831|5789|11228|50650,CAST|PTPRD|RASSF8|ARHGEF3,-0.36,MyList
Transcription Factor Targets,16,M1946,KCCGNSWTTT UNKNOWN,,-2.3,8.4,4.4,30182,108,100,3,3,1.7,164|429|2309,AP1G1|ASCL1|FOXO3,-0.36,MyList
DisGeNET,35,C0005612,Birth Weight,,-2.2,5.6,3.9,30182,214,100,4,4,2,1879|2099|5727|6772,EBF1|ESR1|PTCH1|STAT1,-0.35,MyList
Transcription Factor Targets,16,M7213,OCT1 02,,-2.2,5.6,3.9,30182,214,100,4,4,2,862|1641|5813|84623,RUNX1T1|DCX|PURA|KIRREL3,-0.35,MyList
DisGeNET,35,C0007112,Adenocarcinoma of prostate,,-2.2,4.4,3.7,30182,342,100,5,5,2.2,2099|2309|2346|3417|6863,ESR1|FOXO3|FOLH1|IDH1|TAC1,-0.35,MyList
DisGeNET,35,C0266362,Ambiguous Genitalia,,-2.2,8.3,4.4,30182,109,100,3,3,1.7,5087|5727|50937,PBX1|PTCH1|CDON,-0.35,MyList
Transcription Factor Targets,16,M12443,SRF C,,-2.2,5.6,3.9,30182,215,100,4,4,2,90|5523|5727|7026,ACVR1|PPP2R3A|PTCH1|NR2F2,-0.35,MyList
DisGeNET,35,C0239234,Low set ears,,-2.2,3.7,3.5,30182,489,100,6,6,2.4,429|5087|5727|6659|10075|79633,ASCL1|PBX1|PTCH1|SOX4|HUWE1|FAT4,-0.35,MyList
DisGeNET,35,C1609433,Congenital absence of kidneys syndrome,,-2.2,8.2,4.4,30182,110,100,3,3,1.7,5087|5727|50937,PBX1|PTCH1|CDON,-0.34,MyList
Transcription Factor Targets,16,M9937,RSRFC4 Q2,,-2.2,5.6,3.9,30182,217,100,4,4,2,444|2099|4223|5727,ASPH|ESR1|MEOX2|PTCH1,-0.34,MyList
Transcription Factor Targets,16,M7220,GTTGNYNNRGNAAC UNKNOWN,,-2.2,8.2,4.4,30182,111,100,3,3,1.7,5992|79977|219670,RFX4|GRHL2|ENKUR,-0.34,MyList
DisGeNET,35,C1402315,Vascular lesions,,-2.2,8.2,4.4,30182,111,100,3,3,1.7,1052|3417|5396,CEBPD|IDH1|PRRX1,-0.34,MyList
Transcription Factor Targets,16,M2852,CDP 02,,-2.2,8.2,4.4,30182,111,100,3,3,1.7,862|1641|64579,RUNX1T1|DCX|NDST4,-0.34,MyList
Transcription Factor Targets,16,M8413,EN1 01,,-2.2,8.2,4.4,30182,111,100,3,3,1.7,862|7328|79977,RUNX1T1|UBE2H|GRHL2,-0.34,MyList
DisGeNET,35,C0020608,Hypodontia,,-2.2,5.5,3.9,30182,218,100,4,4,2,6334|10075|26999|79977,SCN8A|HUWE1|CYFIP2|GRHL2,-0.34,MyList
DisGeNET,35,C3495676,Anorectal Malformations,,-2.2,8.1,4.3,30182,112,100,3,3,1.7,5727|6659|79784,PTCH1|SOX4|MYH14,-0.33,MyList
DisGeNET,35,C0002152,Alloxan Diabetes,,-2.2,8.1,4.3,30182,112,100,3,3,1.7,2309|2820|3098,FOXO3|GPD2|HK1,-0.33,MyList
DisGeNET,35,C0038433,Streptozotocin Diabetes,,-2.2,8.1,4.3,30182,112,100,3,3,1.7,2309|2820|3098,FOXO3|GPD2|HK1,-0.33,MyList
DisGeNET,35,C0040028,"Thrombocythemia, Essential",,-2.2,5.5,3.9,30182,220,100,4,4,2,862|2313|3417|6772,RUNX1T1|FLI1|IDH1|STAT1,-0.33,MyList
Transcription Factor Targets,16,M17378,AHR Q5,,-2.2,5.5,3.8,30182,221,100,4,4,2,429|444|2309|7026,ASCL1|ASPH|FOXO3|NR2F2,-0.32,MyList
Cell Type Signatures,7,M41678,TRAVAGLINI LUNG PERICYTE CELL,,-2.2,7.9,4.3,30182,114,100,3,3,1.7,1879|6196|23180,EBF1|RPS6KA2|RFTN1,-0.31,MyList
Transcription Factor Targets,16,M18078,E4BP4 01,,-2.2,5.4,3.8,30182,223,100,4,4,2,2309|9425|9586|29841,FOXO3|CDYL|CREB5|GRHL1,-0.31,MyList
DisGeNET,35,C0278504,Non-small cell lung cancer stage I,,-2.2,7.9,4.3,30182,115,100,3,3,1.7,1641|2099|5396,DCX|ESR1|PRRX1,-0.3,MyList
DisGeNET,35,C4021726,EMG: myopathic abnormalities,,-2.2,7.9,4.3,30182,115,100,3,3,1.7,5727|50937|79784,PTCH1|CDON|MYH14,-0.3,MyList
DisGeNET,35,C1332201,Adult Diffuse Large B-Cell Lymphoma,,-2.2,3.6,3.4,30182,504,100,6,6,2.4,2099|2113|2313|3417|5789|6772,ESR1|ETS1|FLI1|IDH1|PTPRD|STAT1,-0.3,MyList
DisGeNET,35,C4733092,estrogen receptor-negative breast cancer,,-2.2,4.2,3.5,30182,356,100,5,5,2.2,468|2099|2113|5087|6772,ATF4|ESR1|ETS1|PBX1|STAT1,-0.3,MyList
DisGeNET,35,C0015300,Exophthalmos,,-2.2,5.4,3.8,30182,225,100,4,4,2,862|2313|10075|50937,RUNX1T1|FLI1|HUWE1|CDON,-0.3,MyList
DisGeNET,35,C0005587,"Depression, Bipolar",,-2.2,7.8,4.2,30182,116,100,3,3,1.7,6196|6863|10814,RPS6KA2|TAC1|CPLX2,-0.3,MyList
DisGeNET,35,C3279222,Aplasia/Hypoplasia of the cerebellum,,-2.2,7.8,4.2,30182,116,100,3,3,1.7,5396|6659|6792,PRRX1|SOX4|CDKL5,-0.3,MyList
DisGeNET,35,C4521042,Complete Trisomy 21 Syndrome,,-2.2,3.2,3.3,30182,668,100,7,7,2.6,90|2002|2099|5396|5727|6772|6792,ACVR1|ELK1|ESR1|PRRX1|PTCH1|STAT1|CDKL5,-0.3,MyList
DisGeNET,35,C0235480,Paroxysmal atrial fibrillation,,-2.2,5.3,3.8,30182,226,100,4,4,2,5396|5523|9586|51422,PRRX1|PPP2R3A|CREB5|PRKAG2,-0.3,MyList
DisGeNET,35,C0151779,Cutaneous Melanoma,,-2.2,3.6,3.4,30182,507,100,6,6,2.4,2313|3417|5727|6659|11228|133522,FLI1|IDH1|PTCH1|SOX4|RASSF8|PPARGC1B,-0.3,MyList
DisGeNET,35,C0427065,Distal muscle weakness,,-2.2,7.7,4.2,30182,117,100,3,3,1.7,3098|8292|79784,HK1|COLQ|MYH14,-0.29,MyList
DisGeNET,35,C1511789,Desmoplastic,,-2.2,7.7,4.2,30182,117,100,3,3,1.7,2099|5727|79633,ESR1|PTCH1|FAT4,-0.29,MyList
DisGeNET,35,C2938924,Oestrogen receptor positive breast cancer,,-2.1,3.6,3.3,30182,510,100,6,6,2.4,444|2099|2113|5727|6772|133522,ASPH|ESR1|ETS1|PTCH1|STAT1|PPARGC1B,-0.29,MyList
DisGeNET,35,C0040128,Thyroid Diseases,,-2.1,5.2,3.7,30182,230,100,4,4,2,2309|2346|3727|5727,FOXO3|FOLH1|JUND|PTCH1,-0.28,MyList
DisGeNET,35,C3805278,Extrahepatic Cholangiocarcinoma,,-2.1,7.6,4.2,30182,119,100,3,3,1.7,2309|3417|6659,FOXO3|IDH1|SOX4,-0.28,MyList
DisGeNET,35,C0877015,Pelvic Organ Prolapse,,-2.1,7.6,4.2,30182,119,100,3,3,1.7,2099|5789|79104,ESR1|PTPRD|MEG8,-0.28,MyList
Cell Type Signatures,7,M39057,MANNO MIDBRAIN NEUROTYPES HRGL1,,-2.1,4.1,3.5,30182,364,100,5,5,2.2,4257|5992|9586|50937|219670,MGST1|RFX4|CREB5|CDON|ENKUR,-0.28,MyList
DisGeNET,35,C1854882,Absent speech,,-2.1,5.2,3.7,30182,232,100,4,4,2,5813|6334|10075|26999,PURA|SCN8A|HUWE1|CYFIP2,-0.27,MyList
Cell Type Signatures,7,M39052,MANNO MIDBRAIN NEUROTYPES HOPC,,-2.1,4.1,3.5,30182,366,100,5,5,2.2,429|3417|5791|9586|55022,ASCL1|IDH1|PTPRE|CREB5|PID1,-0.27,MyList
DisGeNET,35,C0034194,Pyloric Stenosis,,-2.1,7.5,4.1,30182,121,100,3,3,1.7,2313|9459|79633,FLI1|ARHGEF6|FAT4,-0.26,MyList
Transcription Factor Targets,16,M7691,CATTGTYY SOX9 B1,,-2.1,4.1,3.5,30182,368,100,5,5,2.2,1641|2113|2313|5087|64579,DCX|ETS1|FLI1|PBX1|NDST4,-0.26,MyList
Cell Type Signatures,7,M41688,TRAVAGLINI LUNG NEUTROPHIL CELL,,-2.1,4.1,3.5,30182,368,100,5,5,2.2,444|1052|3727|5187|9586,ASPH|CEBPD|JUND|PER1|CREB5,-0.26,MyList
DisGeNET,35,C0206161,Reticulocyte count (procedure),,-2.1,5.2,3.7,30182,234,100,4,4,2,2309|3098|5357|50650,FOXO3|HK1|PLS1|ARHGEF3,-0.26,MyList
DisGeNET,35,C0376634,Craniofacial Abnormalities,,-2.1,5.2,3.7,30182,234,100,4,4,2,2113|2313|5727|6659,ETS1|FLI1|PTCH1|SOX4,-0.26,MyList
DisGeNET,35,C0003507,Aortic Valve Stenosis,,-2.1,5.2,3.7,30182,234,100,4,4,2,2099|2313|3727|7026,ESR1|FLI1|JUND|NR2F2,-0.26,MyList
DisGeNET,35,C2937358,Cerebral Hemorrhage,,-2.1,7.4,4.1,30182,122,100,3,3,1.7,1641|2099|5727,DCX|ESR1|PTCH1,-0.26,MyList
DisGeNET,35,C0750974,"Brain Tumor, Primary",,-2.1,7.4,4.1,30182,122,100,3,3,1.7,468|3417|5727,ATF4|IDH1|PTCH1,-0.26,MyList
DisGeNET,35,C0011853,"Diabetes Mellitus, Experimental",,-2.1,3.5,3.3,30182,522,100,6,6,2.4,2099|2113|2309|2820|3098|6772,ESR1|ETS1|FOXO3|GPD2|HK1|STAT1,-0.25,MyList
Transcription Factor Targets,16,M11607,AAAYRNCTG UNKNOWN,,-2.1,4,3.4,30182,375,100,5,5,2.2,90|444|5523|6334|64579,ACVR1|ASPH|PPP2R3A|SCN8A|NDST4,-0.23,MyList
Transcription Factor Targets,16,M15591,PIT1 Q6,,-2.1,5.1,3.6,30182,239,100,4,4,2,90|831|5813|6659,ACVR1|CAST|PURA|SOX4,-0.23,MyList
DisGeNET,35,C0235833,Congenital diaphragmatic hernia,,-2.1,5.1,3.6,30182,239,100,4,4,2,2099|5087|6659|7026,ESR1|PBX1|SOX4|NR2F2,-0.23,MyList
DisGeNET,35,C2363741,HIV-1 infection,,-2.1,3,3.1,30182,695,100,7,7,2.6,468|2099|2113|2309|6772|6863|10075,ATF4|ESR1|ETS1|FOXO3|STAT1|TAC1|HUWE1,-0.23,MyList
DisGeNET,35,C3888194,MIXED LINEAGE LEUKEMIA,,-2.1,5,3.6,30182,240,100,4,4,2,862|2099|2309|5132,RUNX1T1|ESR1|FOXO3|PDC,-0.23,MyList
DisGeNET,35,C0003504,Aortic Valve Insufficiency,,-2.1,4,3.4,30182,377,100,5,5,2.2,429|2002|2099|3417|3727,ASCL1|ELK1|ESR1|IDH1|JUND,-0.23,MyList
Transcription Factor Targets,16,M7173,TCCATTKW UNKNOWN,,-2.1,5,3.6,30182,241,100,4,4,2,862|5187|6659|6792,RUNX1T1|PER1|SOX4|CDKL5,-0.23,MyList
Cell Type Signatures,7,M39132,AIZARANI LIVER C33 STELLATE CELLS 2,,-2.1,7.2,4,30182,126,100,3,3,1.7,1879|5087|7026,EBF1|PBX1|NR2F2,-0.23,MyList
Transcription Factor Targets,16,M19578,YGCANTGCR UNKNOWN,,-2.1,7.1,4,30182,127,100,3,3,1.7,429|831|5813,ASCL1|CAST|PURA,-0.22,MyList
DisGeNET,35,C1691215,Penile hypospadias,,-2.1,7.1,4,30182,127,100,3,3,1.7,2099|3727|10075,ESR1|JUND|HUWE1,-0.22,MyList
Transcription Factor Targets,16,M18732,AP2ALPHA 01,,-2.1,5,3.6,30182,243,100,4,4,2,3727|22844|56660|79977,JUND|FRMPD1|KCNK12|GRHL2,-0.22,MyList
Transcription Factor Targets,16,M9034,OCT1 04,,-2.1,5,3.6,30182,243,100,4,4,2,5087|5523|5789|5813,PBX1|PPP2R3A|PTPRD|PURA,-0.22,MyList
Transcription Factor Targets,16,M6359,ZF5 B,,-2.1,5,3.6,30182,243,100,4,4,2,5992|6196|50937|79977,RFX4|RPS6KA2|CDON|GRHL2,-0.22,MyList
Transcription Factor Targets,16,M18670,SMAD4 Q6,,-2,4.9,3.6,30182,244,100,4,4,2,2313|5813|8427|84623,FLI1|PURA|ZNF282|KIRREL3,-0.22,MyList
Transcription Factor Targets,16,M9264,LMO2COM 02,,-2,4.9,3.6,30182,244,100,4,4,2,831|862|5523|9586,CAST|RUNX1T1|PPP2R3A|CREB5,-0.22,MyList
DisGeNET,35,C0456070,Growth delay,,-2,4.9,3.6,30182,244,100,4,4,2,5087|6659|10075|79633,PBX1|SOX4|HUWE1|FAT4,-0.22,MyList
Transcription Factor Targets,16,M4580,TITF1 Q3,,-2,4.9,3.6,30182,244,100,4,4,2,4223|5357|5813|7328,MEOX2|PLS1|PURA|UBE2H,-0.22,MyList
Cell Type Signatures,7,M41658,TRAVAGLINI LUNG NEUROENDOCRINE CELL,,-2,7.1,4,30182,128,100,3,3,1.7,429|10814|56660,ASCL1|CPLX2|KCNK12,-0.22,MyList
DisGeNET,35,C0024636,Malocclusion,,-2,7.1,4,30182,128,100,3,3,1.7,444|56259|79633,ASPH|CTNNBL1|FAT4,-0.22,MyList
Transcription Factor Targets,16,M12580,GATA3 01,,-2,4.9,3.6,30182,245,100,4,4,2,2099|2313|5396|9586,ESR1|FLI1|PRRX1|CREB5,-0.22,MyList
Transcription Factor Targets,16,M29932,CSHL1 TARGET GENES,,-2,4.9,3.6,30182,245,100,4,4,2,51422|55041|55074|79977,PRKAG2|PLEKHB2|OXR1|GRHL2,-0.22,MyList
Transcription Factor Targets,16,M955,GCM Q2,,-2,4.9,3.6,30182,245,100,4,4,2,831|5813|8292|133522,CAST|PURA|COLQ|PPARGC1B,-0.22,MyList
Transcription Factor Targets,16,M17687,IRF2 01,,-2,7,3.9,30182,129,100,3,3,1.7,2099|5992|9459,ESR1|RFX4|ARHGEF6,-0.22,MyList
Transcription Factor Targets,16,M13457,GRE C,,-2,7,3.9,30182,129,100,3,3,1.7,1641|5396|6792,DCX|PRRX1|CDKL5,-0.22,MyList
DisGeNET,35,C0232939,Primary physiologic amenorrhea,,-2,7,3.9,30182,129,100,3,3,1.7,2099|2309|50937,ESR1|FOXO3|CDON,-0.22,MyList
DisGeNET,35,C0276138,Viral myocarditis,,-2,7,3.9,30182,129,100,3,3,1.7,2309|6772|133522,FOXO3|STAT1|PPARGC1B,-0.22,MyList
DisGeNET,35,C0019569,Hirschsprung Disease,,-2,3.9,3.3,30182,384,100,5,5,2.2,429|1641|2099|5727|6659,ASCL1|DCX|ESR1|PTCH1|SOX4,-0.22,MyList
DisGeNET,35,C1854301,Motor delay,,-2,3.9,3.3,30182,384,100,5,5,2.2,1641|5087|5727|6334|55149,DCX|PBX1|PTCH1|SCN8A|MTPAP,-0.22,MyList
Transcription Factor Targets,16,M15389,PTF1BETA Q6,,-2,4.9,3.5,30182,246,100,4,4,2,320|2309|5813|6659,APBA1|FOXO3|PURA|SOX4,-0.22,MyList
Transcription Factor Targets,16,M11512,FOXO1 01,,-2,4.9,3.5,30182,248,100,4,4,2,5789|5813|6457|7328,PTPRD|PURA|SH3GL3|UBE2H,-0.21,MyList
Transcription Factor Targets,16,M10652,RORA1 01,,-2,4.9,3.5,30182,248,100,4,4,2,444|2313|7026|8292,ASPH|FLI1|NR2F2|COLQ,-0.21,MyList
Transcription Factor Targets,16,M30110,PAX7 TARGET GENES,,-2,3,3.1,30182,711,100,7,7,2.6,3098|4257|5791|51422|56259|64579|89781,HK1|MGST1|PTPRE|PRKAG2|CTNNBL1|NDST4|HPS4,-0.21,MyList
PaGenBase,36,PGB:00034,Cell-specific: OVR278E,,-2,6.9,3.9,30182,131,100,3,3,1.7,5396|5523|6196,PRRX1|PPP2R3A|RPS6KA2,-0.21,MyList
Cell Type Signatures,7,M39232,LAKE ADULT KIDNEY C13 THICK ASCENDING LIMB,,-2,6.9,3.9,30182,131,100,3,3,1.7,5087|26999|55074,PBX1|CYFIP2|OXR1,-0.21,MyList
DisGeNET,35,C0027859,Acoustic Neuroma,,-2,6.9,3.9,30182,131,100,3,3,1.7,2099|2346|6772,ESR1|FOLH1|STAT1,-0.21,MyList
COVID,200,COVID135,Proteome_Stukalov_A549-ACE2_24h_Up,,-2,6.9,3.9,30182,131,100,3,3,1.7,4257|5813|6772,MGST1|PURA|STAT1,-0.21,MyList
Transcription Factor Targets,16,M4774,FOXO1 02,,-2,4.8,3.5,30182,249,100,4,4,2,5727|5813|6457|114879,PTCH1|PURA|SH3GL3|OSBPL5,-0.2,MyList
DisGeNET,35,C4317109,Epileptic Seizures,,-2,4.8,3.5,30182,250,100,4,4,2,2099|3417|6334|6792,ESR1|IDH1|SCN8A|CDKL5,-0.2,MyList
Transcription Factor Targets,16,M15929,MEF2 Q6 01,,-2,4.8,3.5,30182,250,100,4,4,2,444|2099|5187|8292,ASPH|ESR1|PER1|COLQ,-0.2,MyList
DisGeNET,35,C1853926,NONAKA MYOPATHY,,-2,6.9,3.9,30182,132,100,3,3,1.7,2099|2346|6863,ESR1|FOLH1|TAC1,-0.2,MyList
Transcription Factor Targets,16,M30115,PCGF1 TARGET GENES,,-2,3.3,3.1,30182,546,100,6,6,2.4,90|3727|5727|5813|9425|51422,ACVR1|JUND|PTCH1|PURA|CDYL|PRKAG2,-0.2,MyList
DisGeNET,35,C0017658,Glomerulonephritis,,-2,3.9,3.3,30182,391,100,5,5,2.2,831|2099|2313|3727|6772,CAST|ESR1|FLI1|JUND|STAT1,-0.2,MyList
Transcription Factor Targets,16,M19851,FOXO3 01,,-2,4.8,3.5,30182,251,100,4,4,2,5727|5813|7328|64579,PTCH1|PURA|UBE2H|NDST4,-0.2,MyList
Transcription Factor Targets,16,M10767,LFA1 Q6,,-2,4.8,3.5,30182,251,100,4,4,2,2313|5396|5992|282973,FLI1|PRRX1|RFX4|JAKMIP3,-0.2,MyList
Transcription Factor Targets,16,M498,AP3 Q6,,-2,4.8,3.5,30182,251,100,4,4,2,2313|3727|4223|55022,FLI1|JUND|MEOX2|PID1,-0.2,MyList
DisGeNET,35,C1849089,Broad forehead,,-2,6.8,3.9,30182,133,100,3,3,1.7,6334|6792|79633,SCN8A|CDKL5|FAT4,-0.2,MyList
DisGeNET,35,C0205645,"Adenocarcinoma, Tubular",,-2,6.8,3.9,30182,133,100,3,3,1.7,2099|5727|79633,ESR1|PTCH1|FAT4,-0.2,MyList
Transcription Factor Targets,16,M1517,YY1 01,,-2,4.8,3.5,30182,252,100,4,4,2,164|831|6792|23120,AP1G1|CAST|CDKL5|ATP10B,-0.2,MyList
