Category,CategoryID,GO,Description,PARENT_GO,LogP,Enrichment,Z-score,#TotalGeneInLibrary,#GeneInGO,#GeneInHitList,#GeneInGOAndHitList,%InGO,STDV %InGO,GeneID,Hits,Log(q-value),GeneList
KEGG Pathway,24,hsa04015,Rap1 signaling pathway,,-7.9,10,9.6,30169,210,155,11,7.1,2.1,1399|2324|2775|2846|3689|5578|5880|7410|7424|23683|55740,CRKL|FLT4|GNAO1|LPAR4|ITGB2|PRKCA|RAC2|VAV2|VEGFC|PRKD3|ENAH,-3.5,MyList
KEGG Pathway,24,hsa05417,Lipid and atherosclerosis,,-6.7,9.1,8.5,30169,215,155,10,6.5,2,19|815|1965|3949|4973|5468|5578|6348|7410|27035,ABCA1|CAMK2A|EIF2S1|LDLR|OLR1|PPARG|PRKCA|CCL3|VAV2|NOX1,-2.7,MyList
WikiPathways,27,WP4754,IL-18 signaling pathway,,-5.8,7.1,7.3,30169,273,155,10,6.5,2,860|2523|3757|3831|5546|5578|5806|6348|6385|27035,RUNX2|FUT1|KCNH2|KLC1|PRCC|PRKCA|PTX3|CCL3|SDC4|NOX1,-1.9,MyList
GO Biological Processes,19,GO:0071404,cellular response to low-density lipoprotein particle stimulus,19_GO:0050896 response to stimulus,-5.3,35,12,30169,22,155,4,2.6,1.3,19|3689|3949|5468,ABCA1|ITGB2|LDLR|PPARG,-1.6,MyList
GO Biological Processes,19,GO:0007167,enzyme-linked receptor protein signaling pathway,19_GO:0023052 signaling,-5.2,4.3,6,30169,636,155,14,9,2.3,657|860|1399|2064|2324|4035|5468|7410|7424|8997|9770|23064|59338|79987,BMPR1A|RUNX2|CRKL|ERBB2|FLT4|LRP1|PPARG|VAV2|VEGFC|KALRN|RASSF2|SETX|PLEKHA1|SVEP1,-1.6,MyList
Reactome Gene Sets,6,R-HSA-372790,Signaling by GPCR,,-4.7,3.8,5.5,30169,708,155,14,9,2.3,815|1241|1395|2846|5141|5576|5578|6348|7225|7410|7483|8997|10645|23370,CAMK2A|LTB4R|CRHR2|LPAR4|PDE4A|PRKAR2A|PRKCA|CCL3|TRPC6|VAV2|WNT9A|KALRN|CAMKK2|ARHGEF18,-1.3,MyList
WikiPathways,27,WP430,Statin inhibition of cholesterol production,,-4.7,25,9.7,30169,31,155,4,2.6,1.3,19|3931|3949|4035,ABCA1|LCAT|LDLR|LRP1,-1.3,MyList
GO Biological Processes,19,GO:0001944,vasculature development,19_GO:0032502 developmental process,-4.7,4.4,5.7,30169,528,155,12,7.7,2.1,657|1399|2324|3949|4035|5578|7342|7410|7424|9990|27035|79987,BMPR1A|CRKL|FLT4|LDLR|LRP1|PRKCA|UBP1|VAV2|VEGFC|SLC12A6|NOX1|SVEP1,-1.3,MyList
GO Biological Processes,19,GO:0055094,response to lipoprotein particle,19_GO:0050896 response to stimulus,-4.6,24,9.3,30169,33,155,4,2.6,1.3,19|3689|3949|5468,ABCA1|ITGB2|LDLR|PPARG,-1.2,MyList
GO Biological Processes,19,GO:0006909,phagocytosis,19_GO:0051179 localization,-4.5,6.6,6.2,30169,236,155,8,5.2,1.8,19|2213|3689|3949|4035|5880|7275|7410,ABCA1|FCGR2B|ITGB2|LDLR|LRP1|RAC2|TUB|VAV2,-1.2,MyList
Reactome Gene Sets,6,R-HSA-9006925,Intracellular signaling by second messengers,,-4.5,5.7,5.9,30169,309,155,9,5.8,1.9,815|2064|5468|5576|5578|5880|8975|10645|23112,CAMK2A|ERBB2|PPARG|PRKAR2A|PRKCA|RAC2|USP13|CAMKK2|TNRC6B,-1.2,MyList
GO Biological Processes,19,GO:0071402,cellular response to lipoprotein particle stimulus,19_GO:0050896 response to stimulus,-4.5,22,8.9,30169,36,155,4,2.6,1.3,19|3689|3949|5468,ABCA1|ITGB2|LDLR|PPARG,-1.2,MyList
WikiPathways,27,WP5110,Familial hyperlipidemia type 3,,-4.4,45,11,30169,13,155,3,1.9,1.1,3931|3949|4035,LCAT|LDLR|LRP1,-1.2,MyList
Reactome Gene Sets,6,R-HSA-111997,CaM pathway,,-4.4,21,8.8,30169,37,155,4,2.6,1.3,815|5576|5578|10645,CAMK2A|PRKAR2A|PRKCA|CAMKK2,-1.2,MyList
Reactome Gene Sets,6,R-HSA-111933,Calmodulin induced events,,-4.4,21,8.8,30169,37,155,4,2.6,1.3,815|5576|5578|10645,CAMK2A|PRKAR2A|PRKCA|CAMKK2,-1.2,MyList
Reactome Gene Sets,6,R-HSA-111996,Ca-dependent events,,-4.3,20,8.5,30169,39,155,4,2.6,1.3,815|5576|5578|10645,CAMK2A|PRKAR2A|PRKCA|CAMKK2,-1.2,MyList
WikiPathways,27,WP5112,Familial hyperlipidemia type 5,,-4.2,39,11,30169,15,155,3,1.9,1.1,3931|3949|4035,LCAT|LDLR|LRP1,-1.2,MyList
GO Biological Processes,19,GO:0050678,regulation of epithelial cell proliferation,19_GO:0050789 regulation of biological process,-4.2,4.7,5.4,30169,414,155,10,6.5,2,657|860|2064|2324|2523|5468|5578|7424|9104|64919,BMPR1A|RUNX2|ERBB2|FLT4|FUT1|PPARG|PRKCA|VEGFC|RGN|BCL11B,-1.2,MyList
KEGG Pathway,24,hsa05202,Transcriptional misregulation in cancer,,-4.2,7.1,6.1,30169,193,155,7,4.5,1.7,860|1848|5468|5546|7850|64919|79058,RUNX2|DUSP6|PPARG|PRCC|IL1R2|BCL11B|ASPSCR1,-1.2,MyList
GO Biological Processes,19,GO:0001568,blood vessel development,19_GO:0032502 developmental process,-4.2,4.2,5.3,30169,507,155,11,7.1,2.1,657|1399|2324|3949|4035|5578|7342|7410|7424|9990|27035,BMPR1A|CRKL|FLT4|LDLR|LRP1|PRKCA|UBP1|VAV2|VEGFC|SLC12A6|NOX1,-1.2,MyList
GO Biological Processes,19,GO:0007169,transmembrane receptor protein tyrosine kinase signaling pathway,19_GO:0023052 signaling,-4.2,4.6,5.4,30169,420,155,10,6.5,2,1399|2064|2324|7410|7424|8997|9770|23064|59338|79987,CRKL|ERBB2|FLT4|VAV2|VEGFC|KALRN|RASSF2|SETX|PLEKHA1|SVEP1,-1.2,MyList
GO Biological Processes,19,GO:0048514,blood vessel morphogenesis,19_GO:0032502 developmental process,-4.2,4.6,5.4,30169,421,155,10,6.5,2,657|2324|3949|4035|5578|7342|7410|7424|9990|27035,BMPR1A|FLT4|LDLR|LRP1|PRKCA|UBP1|VAV2|VEGFC|SLC12A6|NOX1,-1.2,MyList
Reactome Gene Sets,6,R-HSA-1489509,DAG and IP3 signaling,,-4.2,18,8.1,30169,43,155,4,2.6,1.3,815|5576|5578|10645,CAMK2A|PRKAR2A|PRKCA|CAMKK2,-1.2,MyList
GO Biological Processes,19,GO:0010942,positive regulation of cell death,19_GO:0048518 positive regulation of biological process,-4.1,3.8,5,30169,614,155,12,7.7,2.1,666|815|1848|1965|2213|3689|4035|5468|6348|9770|23429|27035,BOK|CAMK2A|DUSP6|EIF2S1|FCGR2B|ITGB2|LRP1|PPARG|CCL3|RASSF2|RYBP|NOX1,-1.1,MyList
KEGG Pathway,24,hsa04510,Focal adhesion,,-4.1,6.8,5.9,30169,201,155,7,4.5,1.7,1399|2064|2324|5578|5880|7410|7424,CRKL|ERBB2|FLT4|PRKCA|RAC2|VAV2|VEGFC,-1.1,MyList
WikiPathways,27,WP4522,"Metabolic pathway of LDL, HDL and TG, including diseases",,-4.1,34,9.9,30169,17,155,3,1.9,1.1,19|3931|3949,ABCA1|LCAT|LDLR,-1.1,MyList
GO Biological Processes,19,GO:0062197,cellular response to chemical stress,19_GO:0050896 response to stimulus,-4.1,5.7,5.6,30169,272,155,8,5.2,1.8,1965|4779|6780|9990|10645|23064|27035|59338,EIF2S1|NFE2L1|STAU1|SLC12A6|CAMKK2|SETX|NOX1|PLEKHA1,-1.1,MyList
GO Biological Processes,19,GO:0045596,negative regulation of cell differentiation,19_GO:0032502 developmental process,-4,3.5,4.9,30169,718,155,13,8.4,2.2,19|657|1745|1977|2064|2213|3949|5468|6348|7424|7483|9759|10736,ABCA1|BMPR1A|DLX1|EIF4E|ERBB2|FCGR2B|LDLR|PPARG|CCL3|VEGFC|WNT9A|HDAC4|SIX2,-1.1,MyList
WikiPathways,27,WP5108,Familial  hyperlipidemia type 1,,-4,32,9.6,30169,18,155,3,1.9,1.1,3931|3949|4035,LCAT|LDLR|LRP1,-1.1,MyList
WikiPathways,27,WP35,G protein signaling pathways,,-4,11,6.7,30169,91,155,5,3.2,1.4,2775|5141|5576|5578|23683,GNAO1|PDE4A|PRKAR2A|PRKCA|PRKD3,-1.1,MyList
Reactome Gene Sets,6,R-HSA-388396,GPCR downstream signalling,,-4,3.7,4.9,30169,633,155,12,7.7,2.1,815|1241|1395|2846|5141|5576|5578|7225|7410|8997|10645|23370,CAMK2A|LTB4R|CRHR2|LPAR4|PDE4A|PRKAR2A|PRKCA|TRPC6|VAV2|KALRN|CAMKK2|ARHGEF18,-1.1,MyList
Reactome Gene Sets,6,R-HSA-111885,Opioid Signalling,,-3.9,11,6.6,30169,92,155,5,3.2,1.4,815|5141|5576|5578|10645,CAMK2A|PDE4A|PRKAR2A|PRKCA|CAMKK2,-1.1,MyList
KEGG Pathway,24,hsa04979,Cholesterol metabolism,,-3.9,15,7.3,30169,51,155,4,2.6,1.3,19|3931|3949|4035,ABCA1|LCAT|LDLR|LRP1,-1,MyList
Reactome Gene Sets,6,R-HSA-112043,PLC beta mediated events,,-3.9,15,7.3,30169,51,155,4,2.6,1.3,815|5576|5578|10645,CAMK2A|PRKAR2A|PRKCA|CAMKK2,-1,MyList
KEGG Pathway,24,hsa04666,Fc gamma R-mediated phagocytosis,,-3.8,10,6.4,30169,97,155,5,3.2,1.4,1399|2213|5578|5880|7410,CRKL|FCGR2B|PRKCA|RAC2|VAV2,-1,MyList
GO Biological Processes,19,GO:0034599,cellular response to oxidative stress,19_GO:0050896 response to stimulus,-3.8,6.1,5.5,30169,222,155,7,4.5,1.7,1965|4779|6780|10645|23064|27035|59338,EIF2S1|NFE2L1|STAU1|CAMKK2|SETX|NOX1|PLEKHA1,-1,MyList
GO Biological Processes,19,GO:0032330,regulation of chondrocyte differentiation,19_GO:0032502 developmental process,-3.8,14,7.1,30169,54,155,4,2.6,1.3,860|5447|7483|10736,RUNX2|POR|WNT9A|SIX2,-0.98,MyList
GO Biological Processes,19,GO:0035239,tube morphogenesis,19_GO:0032502 developmental process,-3.7,3.5,4.7,30169,670,155,12,7.7,2.1,657|2324|3949|4035|5578|6385|7342|7410|7424|9990|10736|27035,BMPR1A|FLT4|LDLR|LRP1|PRKCA|SDC4|UBP1|VAV2|VEGFC|SLC12A6|SIX2|NOX1,-0.96,MyList
WikiPathways,27,WP5111,Familial hyperlipidemia type 4,,-3.7,27,8.6,30169,22,155,3,1.9,1.1,3931|3949|4035,LCAT|LDLR|LRP1,-0.96,MyList
Reactome Gene Sets,6,R-HSA-112040,G-protein mediated events,,-3.7,14,6.9,30169,56,155,4,2.6,1.3,815|5576|5578|10645,CAMK2A|PRKAR2A|PRKCA|CAMKK2,-0.95,MyList
GO Biological Processes,19,GO:0097242,amyloid-beta clearance,19_GO:0032501 multicellular organismal process,-3.7,25,8.4,30169,23,155,3,1.9,1.1,3689|3949|4035,ITGB2|LDLR|LRP1,-0.92,MyList
GO Biological Processes,19,GO:0045730,respiratory burst,19_GO:0008152 metabolic process,-3.6,24,8.2,30169,24,155,3,1.9,1.1,5880|27035|654817,RAC2|NOX1|NCF1C,-0.89,MyList
Reactome Gene Sets,6,R-HSA-5668599,RHO GTPases Activate NADPH Oxidases,,-3.6,24,8.2,30169,24,155,3,1.9,1.1,5578|5880|27035,PRKCA|RAC2|NOX1,-0.89,MyList
GO Biological Processes,19,GO:0055080,cation homeostasis,19_GO:0065007 biological regulation,-3.6,3.9,4.7,30169,497,155,10,6.5,2,666|2495|3757|4502|6348|7225|9104|9900|9990|27035,BOK|FTH1|KCNH2|MT2A|CCL3|TRPC6|RGN|SV2A|SLC12A6|NOX1,-0.87,MyList
Reactome Gene Sets,6,R-HSA-112316,Neuronal System,,-3.5,4.3,4.8,30169,410,155,9,5.8,1.9,815|2566|3757|3773|5576|5578|6854|8514|10645,CAMK2A|GABRG2|KCNH2|KCNJ16|PRKAR2A|PRKCA|SYN2|KCNAB2|CAMKK2,-0.85,MyList
GO Biological Processes,19,GO:0055065,metal ion homeostasis,19_GO:0065007 biological regulation,-3.5,4.3,4.8,30169,412,155,9,5.8,1.9,666|2495|3757|4502|6348|7225|9104|9900|9990,BOK|FTH1|KCNH2|MT2A|CCL3|TRPC6|RGN|SV2A|SLC12A6,-0.85,MyList
Reactome Gene Sets,6,R-HSA-4086398,Ca2+ pathway,,-3.5,13,6.5,30169,62,155,4,2.6,1.3,815|2775|5578|23112,CAMK2A|GNAO1|PRKCA|TNRC6B,-0.85,MyList
GO Biological Processes,19,GO:0030301,cholesterol transport,19_GO:0051179 localization,-3.5,12,6.5,30169,63,155,4,2.6,1.3,19|3931|3949|23673,ABCA1|LCAT|LDLR|STX12,-0.83,MyList
GO Biological Processes,19,GO:0098771,inorganic ion homeostasis,19_GO:0065007 biological regulation,-3.5,3.8,4.6,30169,512,155,10,6.5,2,666|2495|3757|4502|6348|7225|9104|9900|9990|27035,BOK|FTH1|KCNH2|MT2A|CCL3|TRPC6|RGN|SV2A|SLC12A6|NOX1,-0.83,MyList
WikiPathways,27,WP3624,Lung fibrosis,,-3.5,12,6.4,30169,64,155,4,2.6,1.3,4502|5073|5806|6348,MT2A|PARN|PTX3|CCL3,-0.83,MyList
GO Biological Processes,19,GO:0010875,positive regulation of cholesterol efflux,19_GO:0051179 localization,-3.4,22,7.7,30169,27,155,3,1.9,1.1,19|4035|5468,ABCA1|LRP1|PPARG,-0.82,MyList
WikiPathways,27,WP5231,Hippocampal synaptogenesis and neurogenesis,,-3.4,22,7.7,30169,27,155,3,1.9,1.1,815|5578|10645,CAMK2A|PRKCA|CAMKK2,-0.82,MyList
GO Biological Processes,19,GO:0070848,response to growth factor,19_GO:0050896 response to stimulus,-3.4,3.8,4.5,30169,519,155,10,6.5,2,657|860|1399|1745|1848|2064|2324|5468|7424|23064,BMPR1A|RUNX2|CRKL|DLX1|DUSP6|ERBB2|FLT4|PPARG|VEGFC|SETX,-0.81,MyList
GO Biological Processes,19,GO:0071466,cellular response to xenobiotic stimulus,19_GO:0050896 response to stimulus,-3.4,6.4,5.2,30169,183,155,6,3.9,1.5,1399|3757|5141|5447|7410|9447,CRKL|KCNH2|PDE4A|POR|VAV2|AIM2,-0.81,MyList
WikiPathways,27,WP4787,Osteoblast differentiation and related diseases,,-3.4,8.2,5.6,30169,119,155,5,3.2,1.4,657|860|5468|5578|7483,BMPR1A|RUNX2|PPARG|PRKCA|WNT9A,-0.81,MyList
GO Biological Processes,19,GO:0050801,ion homeostasis,19_GO:0065007 biological regulation,-3.4,3.7,4.5,30169,525,155,10,6.5,2,666|2495|3757|4502|6348|7225|9104|9900|9990|27035,BOK|FTH1|KCNH2|MT2A|CCL3|TRPC6|RGN|SV2A|SLC12A6|NOX1,-0.79,MyList
KEGG Pathway,24,hsa05200,Pathways in cancer,,-3.4,3.7,4.5,30169,531,155,10,6.5,2,815|1399|2064|2324|2846|5468|5578|5880|7424|7483,CAMK2A|CRKL|ERBB2|FLT4|LPAR4|PPARG|PRKCA|RAC2|VEGFC|WNT9A,-0.76,MyList
GO Biological Processes,19,GO:0006954,inflammatory response,19_GO:0050896 response to stimulus,-3.3,3.6,4.4,30169,537,155,10,6.5,2,1241|2213|3689|4035|4973|5806|6348|9447|9759|27035,LTB4R|FCGR2B|ITGB2|LRP1|OLR1|PTX3|CCL3|AIM2|HDAC4|NOX1,-0.73,MyList
Reactome Gene Sets,6,R-HSA-112315,Transmission across Chemical Synapses,,-3.3,5,4.8,30169,270,155,7,4.5,1.7,815|2566|3773|5576|5578|6854|10645,CAMK2A|GABRG2|KCNJ16|PRKAR2A|PRKCA|SYN2|CAMKK2,-0.71,MyList
GO Biological Processes,19,GO:0060390,regulation of SMAD protein signal transduction,19_GO:0023052 signaling,-3.3,19,7.1,30169,31,155,3,1.9,1.1,657|4035|5468,BMPR1A|LRP1|PPARG,-0.7,MyList
GO Biological Processes,19,GO:0061035,regulation of cartilage development,19_GO:0032502 developmental process,-3.3,11,5.9,30169,73,155,4,2.6,1.3,860|5447|7483|10736,RUNX2|POR|WNT9A|SIX2,-0.69,MyList
GO Biological Processes,19,GO:0010324,membrane invagination,19_GO:0009987 cellular process,-3.2,7.5,5.3,30169,130,155,5,3.2,1.4,19|2213|3689|5880|54874,ABCA1|FCGR2B|ITGB2|RAC2|FNBP1L,-0.69,MyList
WikiPathways,27,WP306,Focal adhesion,,-3.2,5.9,5,30169,198,155,6,3.9,1.5,1399|2064|5578|5880|7410|7424,CRKL|ERBB2|PRKCA|RAC2|VAV2|VEGFC,-0.69,MyList
GO Biological Processes,19,GO:0070227,lymphocyte apoptotic process,19_GO:0009987 cellular process,-3.2,18,7,30169,32,155,3,1.9,1.1,602|1399|64919,BCL3|CRKL|BCL11B,-0.69,MyList
GO Biological Processes,19,GO:0010595,positive regulation of endothelial cell migration,19_GO:0040011 locomotion,-3.2,7.4,5.3,30169,131,155,5,3.2,1.4,2324|2523|2821|5578|7424,FLT4|FUT1|GPI|PRKCA|VEGFC,-0.69,MyList
GO Biological Processes,19,GO:0006979,response to oxidative stress,19_GO:0050896 response to stimulus,-3.2,4.3,4.5,30169,366,155,8,5.2,1.8,761|1965|4779|6780|10645|23064|27035|59338,CA3|EIF2S1|NFE2L1|STAU1|CAMKK2|SETX|NOX1|PLEKHA1,-0.67,MyList
Canonical Pathways,11,M233,PID EPO PATHWAY,,-3.2,18,6.9,30169,33,155,3,1.9,1.1,1399|7225|7410,CRKL|TRPC6|VAV2,-0.67,MyList
GO Biological Processes,19,GO:0048010,vascular endothelial growth factor receptor signaling pathway,19_GO:0023052 signaling,-3.2,18,6.9,30169,33,155,3,1.9,1.1,2324|7410|7424,FLT4|VAV2|VEGFC,-0.67,MyList
Reactome Gene Sets,6,R-HSA-112314,Neurotransmitter receptors and postsynaptic signal transmission,,-3.2,5.7,4.8,30169,205,155,6,3.9,1.5,815|2566|3773|5576|5578|10645,CAMK2A|GABRG2|KCNJ16|PRKAR2A|PRKCA|CAMKK2,-0.66,MyList
KEGG Pathway,24,hsa05205,Proteoglycans in cancer,,-3.2,5.7,4.8,30169,205,155,6,3.9,1.5,815|2064|5578|6385|7410|7483,CAMK2A|ERBB2|PRKCA|SDC4|VAV2|WNT9A,-0.66,MyList
GO Biological Processes,19,GO:1905898,positive regulation of response to endoplasmic reticulum stress,19_GO:0048518 positive regulation of biological process,-3.1,17,6.7,30169,35,155,3,1.9,1.1,666|2213|8975,BOK|FCGR2B|USP13,-0.63,MyList
KEGG Pathway,24,hsa05418,Fluid shear stress and atherosclerosis,,-3.1,7,5.1,30169,139,155,5,3.2,1.4,657|5880|6385|7850|27035,BMPR1A|RAC2|SDC4|IL1R2|NOX1,-0.63,MyList
GO Biological Processes,19,GO:0015918,sterol transport,19_GO:0051179 localization,-3.1,9.7,5.6,30169,80,155,4,2.6,1.3,19|3931|3949|23673,ABCA1|LCAT|LDLR|STX12,-0.63,MyList
GO Biological Processes,19,GO:0043549,regulation of kinase activity,19_GO:0008152 metabolic process,-3.1,3,4,30169,786,155,12,7.7,2.1,657|2064|2324|5468|5576|6385|7410|7424|9104|9770|10645|83707,BMPR1A|ERBB2|FLT4|PPARG|PRKAR2A|SDC4|VAV2|VEGFC|RGN|RASSF2|CAMKK2|TRPT1,-0.63,MyList
GO Biological Processes,19,GO:0042326,negative regulation of phosphorylation,19_GO:0048519 negative regulation of biological process,-3.1,4.1,4.4,30169,381,155,8,5.2,1.8,1399|1848|4035|5468|5576|9104|9759|9770,CRKL|DUSP6|LRP1|PPARG|PRKAR2A|RGN|HDAC4|RASSF2,-0.61,MyList
GO Biological Processes,19,GO:0045667,regulation of osteoblast differentiation,19_GO:0032502 developmental process,-3.1,6.9,5,30169,141,155,5,3.2,1.4,657|860|5468|7424|9770,BMPR1A|RUNX2|PPARG|VEGFC|RASSF2,-0.61,MyList
KEGG Pathway,24,hsa04010,MAPK signaling pathway,,-3.1,4.6,4.5,30169,294,155,7,4.5,1.7,1399|1848|2064|2324|5578|5880|7424,CRKL|DUSP6|ERBB2|FLT4|PRKCA|RAC2|VEGFC,-0.61,MyList
GO Biological Processes,19,GO:0042475,odontogenesis of dentin-containing tooth,19_GO:0032502 developmental process,-3.1,9.5,5.5,30169,82,155,4,2.6,1.3,657|860|1745|64919,BMPR1A|RUNX2|DLX1|BCL11B,-0.61,MyList
GO Biological Processes,19,GO:0000165,MAPK cascade,19_GO:0023052 signaling,-3,5.4,4.7,30169,217,155,6,3.9,1.5,1399|1848|6348|10645|23064|27035,CRKL|DUSP6|CCL3|CAMKK2|SETX|NOX1,-0.58,MyList
WikiPathways,27,WP5224,2q37 copy number variation syndrome,,-3,6.7,5,30169,145,155,5,3.2,1.4,19|666|9759|27128|377007,ABCA1|BOK|HDAC4|CYTH4|KLHL30,-0.58,MyList
KEGG Pathway,24,hsa04810,Regulation of actin cytoskeleton,,-3,5.4,4.6,30169,218,155,6,3.9,1.5,1399|2846|3689|5880|7410|55740,CRKL|LPAR4|ITGB2|RAC2|VAV2|ENAH,-0.58,MyList
Reactome Gene Sets,6,R-HSA-3858494,Beta-catenin independent WNT signaling,,-3,6.7,4.9,30169,146,155,5,3.2,1.4,815|2775|5578|5880|23112,CAMK2A|GNAO1|PRKCA|RAC2|TNRC6B,-0.58,MyList
KEGG Pathway,24,hsa04012,ErbB signaling pathway,,-3,9.2,5.4,30169,85,155,4,2.6,1.3,815|1399|2064|5578,CAMK2A|CRKL|ERBB2|PRKCA,-0.58,MyList
GO Biological Processes,19,GO:0071363,cellular response to growth factor stimulus,19_GO:0050896 response to stimulus,-3,3.6,4.1,30169,488,155,9,5.8,1.9,657|860|1399|1745|2064|2324|5468|7424|23064,BMPR1A|RUNX2|CRKL|DLX1|ERBB2|FLT4|PPARG|VEGFC|SETX,-0.58,MyList
GO Biological Processes,19,GO:0098660,inorganic ion transmembrane transport,19_GO:0051179 localization,-3,3.1,4,30169,697,155,11,7.1,2.1,1497|2566|3757|3773|6348|6834|7225|8514|9990|27039|29927,CTNS|GABRG2|KCNH2|KCNJ16|CCL3|SURF1|TRPC6|KCNAB2|SLC12A6|PKD2L2|SEC61A1,-0.58,MyList
GO Biological Processes,19,GO:0048534,hematopoietic or lymphoid organ development,19_GO:0002376 immune system process,-3,3.1,4,30169,699,155,11,7.1,2.1,602|860|1399|2064|2213|2324|5468|9759|50604|64919|90338,BCL3|RUNX2|CRKL|ERBB2|FCGR2B|FLT4|PPARG|HDAC4|IL20|BCL11B|ZNF160,-0.58,MyList
GO Biological Processes,19,GO:0002521,leukocyte differentiation,19_GO:0002376 immune system process,-3,4,4.2,30169,394,155,8,5.2,1.8,602|860|2064|2213|5468|9759|50604|64919,BCL3|RUNX2|ERBB2|FCGR2B|PPARG|HDAC4|IL20|BCL11B,-0.58,MyList
GO Biological Processes,19,GO:0051056,regulation of small GTPase mediated signal transduction,19_GO:0023052 signaling,-3,4.5,4.4,30169,305,155,7,4.5,1.7,19|2846|7410|8997|23268|23370|27128,ABCA1|LPAR4|VAV2|KALRN|DNMBP|ARHGEF18|CYTH4,-0.58,MyList
GO Biological Processes,19,GO:0032376,positive regulation of cholesterol transport,19_GO:0051179 localization,-3,15,6.3,30169,39,155,3,1.9,1.1,19|4035|5468,ABCA1|LRP1|PPARG,-0.58,MyList
KEGG Pathway,24,hsa00513,Various types of N-glycan biosynthesis,,-3,15,6.3,30169,39,155,3,1.9,1.1,10905|64377|440138,MAN1A2|CHST8|ALG11,-0.58,MyList
GO Biological Processes,19,GO:0032373,positive regulation of sterol transport,19_GO:0051179 localization,-3,15,6.3,30169,39,155,3,1.9,1.1,19|4035|5468,ABCA1|LRP1|PPARG,-0.58,MyList
GO Biological Processes,19,GO:0050679,positive regulation of epithelial cell proliferation,19_GO:0048518 positive regulation of biological process,-3,5.2,4.5,30169,224,155,6,3.9,1.5,657|860|2064|2324|5578|7424,BMPR1A|RUNX2|ERBB2|FLT4|PRKCA|VEGFC,-0.58,MyList
GO Biological Processes,19,GO:1901653,cellular response to peptide,19_GO:0050896 response to stimulus,-3,4.4,4.3,30169,308,155,7,4.5,1.7,815|1395|2213|4035|5447|5468|57085,CAMK2A|CRHR2|FCGR2B|LRP1|POR|PPARG|AGTRAP,-0.57,MyList
WikiPathways,27,WP3937,Microglia pathogen phagocytosis pathway,,-2.9,15,6.2,30169,40,155,3,1.9,1.1,3689|5880|7410,ITGB2|RAC2|VAV2,-0.57,MyList
GO Biological Processes,19,GO:0072503,cellular divalent inorganic cation homeostasis,19_GO:0065007 biological regulation,-2.9,5.2,4.5,30169,226,155,6,3.9,1.5,666|4502|6348|7225|9104|9900,BOK|MT2A|CCL3|TRPC6|RGN|SV2A,-0.57,MyList
KEGG Pathway,24,hsa04145,Phagosome,,-2.9,6.4,4.8,30169,152,155,5,3.2,1.4,2213|3689|4973|23673|29927,FCGR2B|ITGB2|OLR1|STX12|SEC61A1,-0.57,MyList
GO Biological Processes,19,GO:0098662,inorganic cation transmembrane transport,19_GO:0051179 localization,-2.9,3.2,4,30169,603,155,10,6.5,2,1497|3757|3773|6348|6834|7225|8514|9990|27039|29927,CTNS|KCNH2|KCNJ16|CCL3|SURF1|TRPC6|KCNAB2|SLC12A6|PKD2L2|SEC61A1,-0.57,MyList
GO Biological Processes,19,GO:0030003,cellular cation homeostasis,19_GO:0065007 biological regulation,-2.9,3.9,4.2,30169,403,155,8,5.2,1.8,666|2495|4502|6348|7225|9104|9900|27035,BOK|FTH1|MT2A|CCL3|TRPC6|RGN|SV2A|NOX1,-0.57,MyList
GO Biological Processes,19,GO:0045834,positive regulation of lipid metabolic process,19_GO:0048518 positive regulation of biological process,-2.9,6.3,4.8,30169,154,155,5,3.2,1.4,3949|5447|5468|7410|9104,LDLR|POR|PPARG|VAV2|RGN,-0.56,MyList
GO Biological Processes,19,GO:0008360,regulation of cell shape,19_GO:0032502 developmental process,-2.9,6.3,4.8,30169,154,155,5,3.2,1.4,3689|5880|6348|23268|23370,ITGB2|RAC2|CCL3|DNMBP|ARHGEF18,-0.56,MyList
GO Biological Processes,19,GO:0010594,regulation of endothelial cell migration,19_GO:0040011 locomotion,-2.9,5.1,4.5,30169,230,155,6,3.9,1.5,2324|2523|2821|5468|5578|7424,FLT4|FUT1|GPI|PPARG|PRKCA|VEGFC,-0.56,MyList
KEGG Pathway,24,hsa05032,Morphine addiction,,-2.9,8.6,5.2,30169,91,155,4,2.6,1.3,2566|2775|5141|5578,GABRG2|GNAO1|PDE4A|PRKCA,-0.56,MyList
GO Biological Processes,19,GO:1901216,positive regulation of neuron death,19_GO:0048518 positive regulation of biological process,-2.9,8.6,5.2,30169,91,155,4,2.6,1.3,1965|2213|3689|6348,EIF2S1|FCGR2B|ITGB2|CCL3,-0.56,MyList
GO Biological Processes,19,GO:0006897,endocytosis,19_GO:0051179 localization,-2.9,3.5,4,30169,506,155,9,5.8,1.9,19|2213|3689|3949|4035|4973|5880|7275|54874,ABCA1|FCGR2B|ITGB2|LDLR|LRP1|OLR1|RAC2|TUB|FNBP1L,-0.56,MyList
GO Biological Processes,19,GO:0071887,leukocyte apoptotic process,19_GO:0009987 cellular process,-2.9,14,6,30169,42,155,3,1.9,1.1,602|1399|64919,BCL3|CRKL|BCL11B,-0.56,MyList
WikiPathways,27,WP2355,Corticotropin-releasing hormone signaling pathway,,-2.9,8.5,5.2,30169,92,155,4,2.6,1.3,815|1395|2775|5578,CAMK2A|CRHR2|GNAO1|PRKCA,-0.56,MyList
WikiPathways,27,WP673,ErbB signaling pathway,,-2.9,8.5,5.2,30169,92,155,4,2.6,1.3,815|1399|2064|5578,CAMK2A|CRKL|ERBB2|PRKCA,-0.56,MyList
GO Biological Processes,19,GO:0006935,chemotaxis,19_GO:0040011 locomotion,-2.9,3.4,4,30169,510,155,9,5.8,1.9,1399|2064|3689|5880|6348|7424|8997|55740|64919,CRKL|ERBB2|ITGB2|RAC2|CCL3|VEGFC|KALRN|ENAH|BCL11B,-0.56,MyList
Reactome Gene Sets,6,R-HSA-1280215,Cytokine Signaling in Immune system,,-2.9,3,3.8,30169,725,155,11,7.1,2.1,815|1399|1848|1977|3689|3839|4502|6348|7850|25820|50604,CAMK2A|CRKL|DUSP6|EIF4E|ITGB2|KPNA3|MT2A|CCL3|IL1R2|ARIH1|IL20,-0.56,MyList
GO Biological Processes,19,GO:0042330,taxis,19_GO:0040011 locomotion,-2.9,3.4,4,30169,512,155,9,5.8,1.9,1399|2064|3689|5880|6348|7424|8997|55740|64919,CRKL|ERBB2|ITGB2|RAC2|CCL3|VEGFC|KALRN|ENAH|BCL11B,-0.56,MyList
GO Biological Processes,19,GO:1903131,mononuclear cell differentiation,19_GO:0002376 immune system process,-2.9,4.2,4.2,30169,321,155,7,4.5,1.7,602|860|2064|2213|5468|9759|64919,BCL3|RUNX2|ERBB2|FCGR2B|PPARG|HDAC4|BCL11B,-0.56,MyList
GO Biological Processes,19,GO:0071548,response to dexamethasone,19_GO:0050896 response to stimulus,-2.9,14,5.9,30169,43,155,3,1.9,1.1,1977|5447|114907,EIF4E|POR|FBXO32,-0.56,MyList
Canonical Pathways,11,M238,PID THROMBIN PAR1 PATHWAY,,-2.9,14,5.9,30169,43,155,3,1.9,1.1,2775|5578|7225,GNAO1|PRKCA|TRPC6,-0.56,MyList
Reactome Gene Sets,6,R-HSA-382551,Transport of small molecules,,-2.8,2.9,3.8,30169,729,155,11,7.1,2.1,19|815|1497|1965|2495|3931|3949|5576|7225|9990|23568,ABCA1|CAMK2A|CTNS|EIF2S1|FTH1|LCAT|LDLR|PRKAR2A|TRPC6|SLC12A6|ARL2BP,-0.56,MyList
Reactome Gene Sets,6,R-HSA-109582,Hemostasis,,-2.8,3.1,3.9,30169,621,155,10,6.5,2,3689|3831|4973|5576|5578|5880|6385|7225|7410|7424,ITGB2|KLC1|OLR1|PRKAR2A|PRKCA|RAC2|SDC4|TRPC6|VAV2|VEGFC,-0.56,MyList
GO Biological Processes,19,GO:0006875,cellular metal ion homeostasis,19_GO:0065007 biological regulation,-2.8,4.2,4.2,30169,323,155,7,4.5,1.7,666|2495|4502|6348|7225|9104|9900,BOK|FTH1|MT2A|CCL3|TRPC6|RGN|SV2A,-0.56,MyList
GO Biological Processes,19,GO:0009410,response to xenobiotic stimulus,19_GO:0050896 response to stimulus,-2.8,3.7,4,30169,418,155,8,5.2,1.8,1399|1848|3757|5141|5447|7410|7424|9447,CRKL|DUSP6|KCNH2|PDE4A|POR|VAV2|VEGFC|AIM2,-0.56,MyList
GO Biological Processes,19,GO:1901214,regulation of neuron death,19_GO:0050789 regulation of biological process,-2.8,4.2,4.2,30169,325,155,7,4.5,1.7,666|1745|1965|2213|2821|3689|6348,BOK|DLX1|EIF2S1|FCGR2B|GPI|ITGB2|CCL3,-0.56,MyList
GO Biological Processes,19,GO:0001525,angiogenesis,19_GO:0032502 developmental process,-2.8,4.2,4.2,30169,325,155,7,4.5,1.7,2324|5578|7342|7410|7424|9990|27035,FLT4|PRKCA|UBP1|VAV2|VEGFC|SLC12A6|NOX1,-0.56,MyList
GO Biological Processes,19,GO:1990573,potassium ion import across plasma membrane,19_GO:0051179 localization,-2.8,13,5.9,30169,44,155,3,1.9,1.1,3757|3773|9990,KCNH2|KCNJ16|SLC12A6,-0.56,MyList
Reactome Gene Sets,6,R-HSA-975634,Retinoid metabolism and transport,,-2.8,13,5.9,30169,44,155,3,1.9,1.1,3949|4035|6385,LDLR|LRP1|SDC4,-0.56,MyList
GO Biological Processes,19,GO:0042063,gliogenesis,19_GO:0032502 developmental process,-2.8,4.9,4.3,30169,239,155,6,3.9,1.5,666|1745|2064|4035|6348|7424,BOK|DLX1|ERBB2|LRP1|CCL3|VEGFC,-0.56,MyList
WikiPathways,27,WP437,EGF/EGFR signaling pathway,,-2.8,6,4.6,30169,162,155,5,3.2,1.4,815|1399|2064|5578|7410,CAMK2A|CRKL|ERBB2|PRKCA|VAV2,-0.56,MyList
GO Biological Processes,19,GO:0006873,cellular ion homeostasis,19_GO:0065007 biological regulation,-2.8,3.7,4,30169,420,155,8,5.2,1.8,666|2495|4502|6348|7225|9104|9900|27035,BOK|FTH1|MT2A|CCL3|TRPC6|RGN|SV2A|NOX1,-0.56,MyList
GO Biological Processes,19,GO:0046330,positive regulation of JNK cascade,19_GO:0023052 signaling,-2.8,8.1,5,30169,96,155,4,2.6,1.3,2213|2324|9770|27035,FCGR2B|FLT4|RASSF2|NOX1,-0.56,MyList
GO Biological Processes,19,GO:0030001,metal ion transport,19_GO:0051179 localization,-2.8,3.1,3.8,30169,628,155,10,6.5,2,815|2495|3757|3773|6348|7225|8514|9990|27039|29927,CAMK2A|FTH1|KCNH2|KCNJ16|CCL3|TRPC6|KCNAB2|SLC12A6|PKD2L2|SEC61A1,-0.55,MyList
GO Biological Processes,19,GO:0043502,regulation of muscle adaptation,19_GO:0032501 multicellular organismal process,-2.8,8,5,30169,97,155,4,2.6,1.3,5468|5578|9759|114907,PPARG|PRKCA|HDAC4|FBXO32,-0.55,MyList
WikiPathways,27,WP23,B cell receptor signaling pathway,,-2.8,8,5,30169,97,155,4,2.6,1.3,815|1399|5880|7410,CAMK2A|CRKL|RAC2|VAV2,-0.55,MyList
KEGG Pathway,24,hsa04925,Aldosterone synthesis and secretion,,-2.8,7.9,4.9,30169,98,155,4,2.6,1.3,815|3949|5578|23683,CAMK2A|LDLR|PRKCA|PRKD3,-0.54,MyList
WikiPathways,27,WP4540,Hippo signaling regulation pathways,,-2.8,7.9,4.9,30169,98,155,4,2.6,1.3,2324|5576|5578|23683,FLT4|PRKAR2A|PRKCA|PRKD3,-0.54,MyList
GO Biological Processes,19,GO:0002520,immune system development,19_GO:0002376 immune system process,-2.8,2.9,3.7,30169,746,155,11,7.1,2.1,602|860|1399|2064|2213|2324|5468|9759|50604|64919|90338,BCL3|RUNX2|CRKL|ERBB2|FCGR2B|FLT4|PPARG|HDAC4|IL20|BCL11B|ZNF160,-0.54,MyList
GO Biological Processes,19,GO:0006898,receptor-mediated endocytosis,19_GO:0051179 localization,-2.8,5.9,4.5,30169,166,155,5,3.2,1.4,2213|3689|3949|4035|54874,FCGR2B|ITGB2|LDLR|LRP1|FNBP1L,-0.54,MyList
GO Biological Processes,19,GO:0040011,locomotion,19_GO:0040011 locomotion,-2.8,3.3,3.8,30169,530,155,9,5.8,1.9,1399|2064|3689|5880|6348|7424|8997|55740|64919,CRKL|ERBB2|ITGB2|RAC2|CCL3|VEGFC|KALRN|ENAH|BCL11B,-0.53,MyList
GO Biological Processes,19,GO:0001934,positive regulation of protein phosphorylation,19_GO:0048518 positive regulation of biological process,-2.8,2.9,3.7,30169,749,155,11,7.1,2.1,657|1399|2064|2324|5468|6385|7424|9770|10645|23568|50604,BMPR1A|CRKL|ERBB2|FLT4|PPARG|SDC4|VEGFC|RASSF2|CAMKK2|ARL2BP|IL20,-0.53,MyList
GO Biological Processes,19,GO:0030162,regulation of proteolysis,19_GO:0008152 metabolic process,-2.8,2.9,3.7,30169,750,155,11,7.1,2.1,666|2821|4035|5447|5468|7850|8975|9104|9447|23429|25820,BOK|GPI|LRP1|POR|PPARG|IL1R2|USP13|RGN|AIM2|RYBP|ARIH1,-0.53,MyList
GO Biological Processes,19,GO:0043065,positive regulation of apoptotic process,19_GO:0048518 positive regulation of biological process,-2.7,3.3,3.8,30169,532,155,9,5.8,1.9,666|815|1848|1965|5468|6348|9770|23429|27035,BOK|CAMK2A|DUSP6|EIF2S1|PPARG|CCL3|RASSF2|RYBP|NOX1,-0.53,MyList
KEGG Pathway,24,hsa04916,Melanogenesis,,-2.7,7.7,4.9,30169,101,155,4,2.6,1.3,815|2775|5578|7483,CAMK2A|GNAO1|PRKCA|WNT9A,-0.52,MyList
GO Biological Processes,19,GO:0001933,negative regulation of protein phosphorylation,19_GO:0048519 negative regulation of biological process,-2.7,4,4,30169,338,155,7,4.5,1.7,1399|1848|4035|5468|5576|9104|9770,CRKL|DUSP6|LRP1|PPARG|PRKAR2A|RGN|RASSF2,-0.52,MyList
GO Biological Processes,19,GO:0055082,cellular chemical homeostasis,19_GO:0065007 biological regulation,-2.7,3.3,3.8,30169,537,155,9,5.8,1.9,666|2495|4502|6348|7225|9104|9900|9990|27035,BOK|FTH1|MT2A|CCL3|TRPC6|RGN|SV2A|SLC12A6|NOX1,-0.52,MyList
GO Biological Processes,19,GO:0045165,cell fate commitment,19_GO:0032502 developmental process,-2.7,4.7,4.2,30169,250,155,6,3.9,1.5,860|1745|5468|7483|10736|64919,RUNX2|DLX1|PPARG|WNT9A|SIX2|BCL11B,-0.52,MyList
GO Biological Processes,19,GO:1901699,cellular response to nitrogen compound,19_GO:0050896 response to stimulus,-2.7,3,3.7,30169,646,155,10,6.5,2,815|1395|1399|2213|2566|2775|4035|5447|5468|57085,CAMK2A|CRHR2|CRKL|FCGR2B|GABRG2|GNAO1|LRP1|POR|PPARG|AGTRAP,-0.52,MyList
Reactome Gene Sets,6,R-HSA-6806667,Metabolism of fat-soluble vitamins,,-2.7,12,5.6,30169,48,155,3,1.9,1.1,3949|4035|6385,LDLR|LRP1|SDC4,-0.52,MyList
GO Biological Processes,19,GO:0030097,hemopoiesis,19_GO:0002376 immune system process,-2.7,3,3.7,30169,649,155,10,6.5,2,602|860|2064|2213|2324|5468|9759|50604|64919|90338,BCL3|RUNX2|ERBB2|FCGR2B|FLT4|PPARG|HDAC4|IL20|BCL11B|ZNF160,-0.51,MyList
GO Biological Processes,19,GO:0045936,negative regulation of phosphate metabolic process,19_GO:0048519 negative regulation of biological process,-2.7,3.5,3.9,30169,440,155,8,5.2,1.8,1399|1848|4035|5468|5576|9104|9759|9770,CRKL|DUSP6|LRP1|PPARG|PRKAR2A|RGN|HDAC4|RASSF2,-0.5,MyList
GO Biological Processes,19,GO:0043300,regulation of leukocyte degranulation,19_GO:0002376 immune system process,-2.7,12,5.5,30169,49,155,3,1.9,1.1,2213|3689|5880,FCGR2B|ITGB2|RAC2,-0.5,MyList
GO Biological Processes,19,GO:0010563,negative regulation of phosphorus metabolic process,19_GO:0048519 negative regulation of biological process,-2.7,3.5,3.8,30169,441,155,8,5.2,1.8,1399|1848|4035|5468|5576|9104|9759|9770,CRKL|DUSP6|LRP1|PPARG|PRKAR2A|RGN|HDAC4|RASSF2,-0.5,MyList
Reactome Gene Sets,6,R-HSA-2187338,Visual phototransduction,,-2.7,7.4,4.7,30169,105,155,4,2.6,1.3,3949|4035|5578|6385,LDLR|LRP1|PRKCA|SDC4,-0.49,MyList
GO Biological Processes,19,GO:0071772,response to BMP,19_GO:0050896 response to stimulus,-2.7,7.4,4.7,30169,105,155,4,2.6,1.3,657|860|1745|5468,BMPR1A|RUNX2|DLX1|PPARG,-0.49,MyList
GO Biological Processes,19,GO:0071773,cellular response to BMP stimulus,19_GO:0050896 response to stimulus,-2.7,7.4,4.7,30169,105,155,4,2.6,1.3,657|860|1745|5468,BMPR1A|RUNX2|DLX1|PPARG,-0.49,MyList
GO Biological Processes,19,GO:0043068,positive regulation of programmed cell death,19_GO:0048518 positive regulation of biological process,-2.7,3.2,3.7,30169,547,155,9,5.8,1.9,666|815|1848|1965|5468|6348|9770|23429|27035,BOK|CAMK2A|DUSP6|EIF2S1|PPARG|CCL3|RASSF2|RYBP|NOX1,-0.49,MyList
GO Biological Processes,19,GO:0019216,regulation of lipid metabolic process,19_GO:0008152 metabolic process,-2.7,3.9,3.9,30169,347,155,7,4.5,1.7,3949|5447|5468|7410|9104|51280|64919,LDLR|POR|PPARG|VAV2|RGN|GOLM1|BCL11B,-0.49,MyList
GO Biological Processes,19,GO:0010634,positive regulation of epithelial cell migration,19_GO:0040011 locomotion,-2.7,5.5,4.3,30169,176,155,5,3.2,1.4,2324|2523|2821|5578|7424,FLT4|FUT1|GPI|PRKCA|VEGFC,-0.49,MyList
Reactome Gene Sets,6,R-HSA-194138,Signaling by VEGF,,-2.6,7.2,4.6,30169,108,155,4,2.6,1.3,2324|5578|7410|7424,FLT4|PRKCA|VAV2|VEGFC,-0.46,MyList
GO Biological Processes,19,GO:0072507,divalent inorganic cation homeostasis,19_GO:0065007 biological regulation,-2.6,4.5,4,30169,262,155,6,3.9,1.5,666|4502|6348|7225|9104|9900,BOK|MT2A|CCL3|TRPC6|RGN|SV2A,-0.46,MyList
KEGG Pathway,24,hsa04066,HIF-1 signaling pathway,,-2.6,7.1,4.6,30169,109,155,4,2.6,1.3,815|1977|2064|5578,CAMK2A|EIF4E|ERBB2|PRKCA,-0.45,MyList
KEGG Pathway,24,hsa04360,Axon guidance,,-2.6,5.3,4.2,30169,182,155,5,3.2,1.4,815|5578|5880|7225|55740,CAMK2A|PRKCA|RAC2|TRPC6|ENAH,-0.44,MyList
GO Biological Processes,19,GO:0098655,cation transmembrane transport,19_GO:0051179 localization,-2.6,2.9,3.6,30169,672,155,10,6.5,2,1497|3757|3773|6348|6834|7225|8514|9990|27039|29927,CTNS|KCNH2|KCNJ16|CCL3|SURF1|TRPC6|KCNAB2|SLC12A6|PKD2L2|SEC61A1,-0.44,MyList
GO Biological Processes,19,GO:0045859,regulation of protein kinase activity,19_GO:0008152 metabolic process,-2.6,2.9,3.6,30169,672,155,10,6.5,2,657|2064|5468|5576|6385|7424|9104|9770|10645|83707,BMPR1A|ERBB2|PPARG|PRKAR2A|SDC4|VEGFC|RGN|RASSF2|CAMKK2|TRPT1,-0.44,MyList
GO Biological Processes,19,GO:0010874,regulation of cholesterol efflux,19_GO:0051179 localization,-2.6,11,5.2,30169,53,155,3,1.9,1.1,19|4035|5468,ABCA1|LRP1|PPARG,-0.44,MyList
GO Biological Processes,19,GO:0001936,regulation of endothelial cell proliferation,19_GO:0050789 regulation of biological process,-2.6,5.3,4.2,30169,183,155,5,3.2,1.4,2324|2523|5468|5578|7424,FLT4|FUT1|PPARG|PRKCA|VEGFC,-0.44,MyList
GO Biological Processes,19,GO:0046777,protein autophosphorylation,19_GO:0008152 metabolic process,-2.5,5.2,4.1,30169,187,155,5,3.2,1.4,815|1965|2064|2324|10645,CAMK2A|EIF2S1|ERBB2|FLT4|CAMKK2,-0.41,MyList
GO Biological Processes,19,GO:0097006,regulation of plasma lipoprotein particle levels,19_GO:0050789 regulation of biological process,-2.5,11,5.1,30169,55,155,3,1.9,1.1,19|3931|3949,ABCA1|LCAT|LDLR,-0.41,MyList
GO Biological Processes,19,GO:0007159,leukocyte cell-cell adhesion,19_GO:0009987 cellular process,-2.5,11,5.1,30169,55,155,3,1.9,1.1,3689|4973|5880,ITGB2|OLR1|RAC2,-0.41,MyList
GO Biological Processes,19,GO:0006911,"phagocytosis, engulfment",19_GO:0051179 localization,-2.5,6.8,4.5,30169,114,155,4,2.6,1.3,19|2213|3689|5880,ABCA1|FCGR2B|ITGB2|RAC2,-0.41,MyList
KEGG Pathway,24,hsa04670,Leukocyte transendothelial migration,,-2.5,6.8,4.5,30169,114,155,4,2.6,1.3,3689|5578|5880|7410,ITGB2|PRKCA|RAC2|VAV2,-0.41,MyList
KEGG Pathway,24,hsa04613,Neutrophil extracellular trap formation,,-2.5,5.1,4.1,30169,190,155,5,3.2,1.4,3689|5578|5880|9759|27180,ITGB2|PRKCA|RAC2|HDAC4|SIGLEC9,-0.39,MyList
GO Biological Processes,19,GO:0006874,cellular calcium ion homeostasis,19_GO:0065007 biological regulation,-2.5,5.1,4.1,30169,190,155,5,3.2,1.4,666|6348|7225|9104|9900,BOK|CCL3|TRPC6|RGN|SV2A,-0.39,MyList
GO Biological Processes,19,GO:0030098,lymphocyte differentiation,19_GO:0002376 immune system process,-2.5,4.2,3.9,30169,276,155,6,3.9,1.5,602|860|2064|2213|9759|64919,BCL3|RUNX2|ERBB2|FCGR2B|HDAC4|BCL11B,-0.38,MyList
GO Biological Processes,19,GO:0008203,cholesterol metabolic process,19_GO:0008152 metabolic process,-2.5,6.7,4.4,30169,117,155,4,2.6,1.3,19|3931|3949|4779,ABCA1|LCAT|LDLR|NFE2L1,-0.38,MyList
GO Biological Processes,19,GO:0043408,regulation of MAPK cascade,19_GO:0023052 signaling,-2.5,2.8,3.5,30169,694,155,10,6.5,2,1399|1848|2064|2213|2324|5468|5578|6348|9770|27035,CRKL|DUSP6|ERBB2|FCGR2B|FLT4|PPARG|PRKCA|CCL3|RASSF2|NOX1,-0.37,MyList
GO Biological Processes,19,GO:0001775,cell activation,19_GO:0009987 cellular process,-2.5,2.8,3.5,30169,695,155,10,6.5,2,602|860|2064|2213|3689|4035|6348|7410|9759|64919,BCL3|RUNX2|ERBB2|FCGR2B|ITGB2|LRP1|CCL3|VAV2|HDAC4|BCL11B,-0.37,MyList
GO Biological Processes,19,GO:0001704,formation of primary germ layer,19_GO:0032502 developmental process,-2.5,6.5,4.4,30169,119,155,4,2.6,1.3,657|2821|3689|10736,BMPR1A|GPI|ITGB2|SIX2,-0.36,MyList
GO Biological Processes,19,GO:0051347,positive regulation of transferase activity,19_GO:0065007 biological regulation,-2.5,3,3.5,30169,586,155,9,5.8,1.9,657|2064|2324|5073|6385|7410|7424|9770|10645,BMPR1A|ERBB2|FLT4|PARN|SDC4|VAV2|VEGFC|RASSF2|CAMKK2,-0.36,MyList
GO Biological Processes,19,GO:0006468,protein phosphorylation,19_GO:0008152 metabolic process,-2.5,2.8,3.4,30169,701,155,10,6.5,2,657|815|1965|2064|2324|5578|8997|9874|10645|23683,BMPR1A|CAMK2A|EIF2S1|ERBB2|FLT4|PRKCA|KALRN|TLK1|CAMKK2|PRKD3,-0.35,MyList
GO Biological Processes,19,GO:0071417,cellular response to organonitrogen compound,19_GO:0050896 response to stimulus,-2.5,3,3.5,30169,588,155,9,5.8,1.9,815|1395|2213|2566|2775|4035|5447|5468|57085,CAMK2A|CRHR2|FCGR2B|GABRG2|GNAO1|LRP1|POR|PPARG|AGTRAP,-0.35,MyList
WikiPathways,27,WP4205,MET in type 1 papillary renal cell carcinoma,,-2.5,9.9,4.9,30169,59,155,3,1.9,1.1,1399|5546|116328,CRKL|PRCC|C8orf34,-0.35,MyList
Reactome Gene Sets,6,R-HSA-193648,NRAGE signals death through JNK,,-2.5,9.9,4.9,30169,59,155,3,1.9,1.1,7410|8997|23370,VAV2|KALRN|ARHGEF18,-0.35,MyList
WikiPathways,27,WP4549,Fragile X syndrome,,-2.4,6.4,4.3,30169,121,155,4,2.6,1.3,815|1977|2566|5578,CAMK2A|EIF4E|GABRG2|PRKCA,-0.35,MyList
Reactome Gene Sets,6,R-HSA-6798695,Neutrophil degranulation,,-2.4,3.2,3.5,30169,482,155,8,5.2,1.8,2495|2821|3689|4973|5806|8514|8804|27180,FTH1|GPI|ITGB2|OLR1|PTX3|KCNAB2|CREG1|SIGLEC9,-0.35,MyList
GO Biological Processes,19,GO:2000147,positive regulation of cell motility,19_GO:0040011 locomotion,-2.4,3,3.5,30169,592,155,9,5.8,1.9,1399|2324|2523|2821|5578|5880|6348|7424|338879,CRKL|FLT4|FUT1|GPI|PRKCA|RAC2|CCL3|VEGFC|RNASE10,-0.35,MyList
GO Biological Processes,19,GO:0045785,positive regulation of cell adhesion,19_GO:0048518 positive regulation of biological process,-2.4,3.2,3.5,30169,484,155,8,5.2,1.8,1399|2064|2523|3689|5578|6385|10085|338879,CRKL|ERBB2|FUT1|ITGB2|PRKCA|SDC4|EDIL3|RNASE10,-0.35,MyList
GO Biological Processes,19,GO:0002886,regulation of myeloid leukocyte mediated immunity,19_GO:0002376 immune system process,-2.4,9.7,4.9,30169,60,155,3,1.9,1.1,2213|3689|5880,FCGR2B|ITGB2|RAC2,-0.35,MyList
GO Biological Processes,19,GO:0042157,lipoprotein metabolic process,19_GO:0008152 metabolic process,-2.4,6.4,4.3,30169,122,155,4,2.6,1.3,19|3931|3949|4973,ABCA1|LCAT|LDLR|OLR1,-0.35,MyList
GO Biological Processes,19,GO:0002761,regulation of myeloid leukocyte differentiation,19_GO:0002376 immune system process,-2.4,6.4,4.3,30169,122,155,4,2.6,1.3,5578|6348|9770|50604,PRKCA|CCL3|RASSF2|IL20,-0.35,MyList
GO Biological Processes,19,GO:0030278,regulation of ossification,19_GO:0032501 multicellular organismal process,-2.4,6.4,4.3,30169,122,155,4,2.6,1.3,657|860|6348|10736,BMPR1A|RUNX2|CCL3|SIX2,-0.35,MyList
Reactome Gene Sets,6,R-HSA-194315,Signaling by Rho GTPases,,-2.4,2.8,3.4,30169,707,155,10,6.5,2,3831|5578|5880|7410|8997|23268|23370|27035|54874|80152,KLC1|PRKCA|RAC2|VAV2|KALRN|DNMBP|ARHGEF18|NOX1|FNBP1L|CENPT,-0.35,MyList
GO Biological Processes,19,GO:0006417,regulation of translation,19_GO:0008152 metabolic process,-2.4,3.2,3.5,30169,486,155,8,5.2,1.8,602|1965|1977|2064|5073|23112|28969|143689,BCL3|EIF2S1|EIF4E|ERBB2|PARN|TNRC6B|BZW2|PIWIL4,-0.35,MyList
GO Biological Processes,19,GO:0099024,plasma membrane invagination,19_GO:0009987 cellular process,-2.4,6.3,4.3,30169,123,155,4,2.6,1.3,19|2213|3689|5880,ABCA1|FCGR2B|ITGB2|RAC2,-0.35,MyList
Reactome Gene Sets,6,R-HSA-913531,Interferon Signaling,,-2.4,4.9,3.9,30169,200,155,5,3.2,1.4,815|1977|3839|4502|25820,CAMK2A|EIF4E|KPNA3|MT2A|ARIH1,-0.35,MyList
GO Biological Processes,19,GO:0042476,odontogenesis,19_GO:0032502 developmental process,-2.4,6.3,4.2,30169,124,155,4,2.6,1.3,657|860|1745|64919,BMPR1A|RUNX2|DLX1|BCL11B,-0.34,MyList
GO Biological Processes,19,GO:0010811,positive regulation of cell-substrate adhesion,19_GO:0048518 positive regulation of biological process,-2.4,6.2,4.2,30169,125,155,4,2.6,1.3,1399|2523|6385|10085,CRKL|FUT1|SDC4|EDIL3,-0.33,MyList
GO Biological Processes,19,GO:0043030,regulation of macrophage activation,19_GO:0002376 immune system process,-2.4,9.4,4.8,30169,62,155,3,1.9,1.1,2213|3949|6348,FCGR2B|LDLR|CCL3,-0.33,MyList
Reactome Gene Sets,6,R-HSA-8986944,Transcriptional Regulation by MECP2,,-2.4,9.4,4.8,30169,62,155,3,1.9,1.1,815|5468|23112,CAMK2A|PPARG|TNRC6B,-0.33,MyList
GO Biological Processes,19,GO:0060393,regulation of pathway-restricted SMAD protein phosphorylation,19_GO:0023052 signaling,-2.4,9.4,4.8,30169,62,155,3,1.9,1.1,657|4035|5468,BMPR1A|LRP1|PPARG,-0.33,MyList
GO Biological Processes,19,GO:0010632,regulation of epithelial cell migration,19_GO:0040011 locomotion,-2.4,4,3.7,30169,292,155,6,3.9,1.5,2324|2523|2821|5468|5578|7424,FLT4|FUT1|GPI|PPARG|PRKCA|VEGFC,-0.33,MyList
GO Biological Processes,19,GO:0033674,positive regulation of kinase activity,19_GO:0048518 positive regulation of biological process,-2.4,3.2,3.5,30169,494,155,8,5.2,1.8,657|2064|2324|6385|7410|7424|9770|10645,BMPR1A|ERBB2|FLT4|SDC4|VAV2|VEGFC|RASSF2|CAMKK2,-0.33,MyList
WikiPathways,27,WP474,Endochondral ossification,,-2.4,9.3,4.7,30169,63,155,3,1.9,1.1,657|860|9759,BMPR1A|RUNX2|HDAC4,-0.33,MyList
Canonical Pathways,11,M8,PID ENDOTHELIN PATHWAY,,-2.4,9.3,4.7,30169,63,155,3,1.9,1.1,2775|5578|7225,GNAO1|PRKCA|TRPC6,-0.33,MyList
WikiPathways,27,WP4808,Endochondral ossification with skeletal dysplasias,,-2.4,9.3,4.7,30169,63,155,3,1.9,1.1,657|860|9759,BMPR1A|RUNX2|HDAC4,-0.33,MyList
GO Biological Processes,19,GO:0043410,positive regulation of MAPK cascade,19_GO:0023052 signaling,-2.4,3.1,3.5,30169,496,155,8,5.2,1.8,1399|2064|2213|2324|5578|6348|9770|27035,CRKL|ERBB2|FCGR2B|FLT4|PRKCA|CCL3|RASSF2|NOX1,-0.33,MyList
GO Biological Processes,19,GO:1902652,secondary alcohol metabolic process,19_GO:0008152 metabolic process,-2.4,6.1,4.2,30169,127,155,4,2.6,1.3,19|3931|3949|4779,ABCA1|LCAT|LDLR|NFE2L1,-0.33,MyList
GO Biological Processes,19,GO:0040017,positive regulation of locomotion,19_GO:0040011 locomotion,-2.4,2.9,3.4,30169,607,155,9,5.8,1.9,1399|2324|2523|2821|5578|5880|6348|7424|338879,CRKL|FLT4|FUT1|GPI|PRKCA|RAC2|CCL3|VEGFC|RNASE10,-0.33,MyList
Reactome Gene Sets,6,R-HSA-9716542,"Signaling by Rho GTPases, Miro GTPases and RHOBTB3",,-2.4,2.7,3.3,30169,723,155,10,6.5,2,3831|5578|5880|7410|8997|23268|23370|27035|54874|80152,KLC1|PRKCA|RAC2|VAV2|KALRN|DNMBP|ARHGEF18|NOX1|FNBP1L|CENPT,-0.32,MyList
GO Biological Processes,19,GO:0048706,embryonic skeletal system development,19_GO:0032502 developmental process,-2.4,6.1,4.1,30169,128,155,4,2.6,1.3,860|1745|7483|10736,RUNX2|DLX1|WNT9A|SIX2,-0.32,MyList
GO Biological Processes,19,GO:0051928,positive regulation of calcium ion transport,19_GO:0051179 localization,-2.3,6,4.1,30169,129,155,4,2.6,1.3,815|6348|7225|9104,CAMK2A|CCL3|TRPC6|RGN,-0.31,MyList
GO Biological Processes,19,GO:0003013,circulatory system process,19_GO:0032501 multicellular organismal process,-2.3,3.1,3.4,30169,502,155,8,5.2,1.8,3757|4035|4973|5468|7424|27035|57085|79987,KCNH2|LRP1|OLR1|PPARG|VEGFC|NOX1|AGTRAP|SVEP1,-0.31,MyList
WikiPathways,27,WP4313,Ferroptosis,,-2.3,9,4.6,30169,65,155,3,1.9,1.1,2495|5447|27035,FTH1|POR|NOX1,-0.31,MyList
GO Biological Processes,19,GO:0032874,positive regulation of stress-activated MAPK cascade,19_GO:0023052 signaling,-2.3,6,4.1,30169,130,155,4,2.6,1.3,2213|2324|9770|27035,FCGR2B|FLT4|RASSF2|NOX1,-0.31,MyList
GO Biological Processes,19,GO:0016051,carbohydrate biosynthetic process,19_GO:0008152 metabolic process,-2.3,6,4.1,30169,130,155,4,2.6,1.3,2523|2821|9104|64377,FUT1|GPI|RGN|CHST8,-0.31,MyList
KEGG Pathway,24,hsa04650,Natural killer cell mediated cytotoxicity,,-2.3,5.9,4.1,30169,131,155,4,2.6,1.3,3689|5578|5880|7410,ITGB2|PRKCA|RAC2|VAV2,-0.3,MyList
GO Biological Processes,19,GO:0071300,cellular response to retinoic acid,19_GO:0050896 response to stimulus,-2.3,8.8,4.6,30169,66,155,3,1.9,1.1,19|7483|23064,ABCA1|WNT9A|SETX,-0.29,MyList
GO Biological Processes,19,GO:0016125,sterol metabolic process,19_GO:0008152 metabolic process,-2.3,5.9,4.1,30169,132,155,4,2.6,1.3,19|3931|3949|4779,ABCA1|LCAT|LDLR|NFE2L1,-0.29,MyList
GO Biological Processes,19,GO:0070304,positive regulation of stress-activated protein kinase signaling cascade,19_GO:0023052 signaling,-2.3,5.9,4.1,30169,132,155,4,2.6,1.3,2213|2324|9770|27035,FCGR2B|FLT4|RASSF2|NOX1,-0.29,MyList
KEGG Pathway,24,hsa04664,Fc epsilon RI signaling pathway,,-2.3,8.6,4.5,30169,68,155,3,1.9,1.1,5578|5880|7410,PRKCA|RAC2|VAV2,-0.27,MyList
GO Biological Processes,19,GO:0045670,regulation of osteoclast differentiation,19_GO:0002376 immune system process,-2.3,8.6,4.5,30169,68,155,3,1.9,1.1,6348|9770|50604,CCL3|RASSF2|IL20,-0.27,MyList
Reactome Gene Sets,6,R-HSA-416476,G alpha (q) signalling events,,-2.3,4.5,3.7,30169,216,155,5,3.2,1.4,1241|2846|5578|7225|8997,LTB4R|LPAR4|PRKCA|TRPC6|KALRN,-0.26,MyList
GO Biological Processes,19,GO:0055074,calcium ion homeostasis,19_GO:0065007 biological regulation,-2.3,4.5,3.7,30169,217,155,5,3.2,1.4,666|6348|7225|9104|9900,BOK|CCL3|TRPC6|RGN|SV2A,-0.26,MyList
GO Biological Processes,19,GO:0048844,artery morphogenesis,19_GO:0032502 developmental process,-2.3,8.5,4.5,30169,69,155,3,1.9,1.1,657|3949|4035,BMPR1A|LDLR|LRP1,-0.25,MyList
GO Biological Processes,19,GO:0022604,regulation of cell morphogenesis,19_GO:0032502 developmental process,-2.2,3.7,3.5,30169,312,155,6,3.9,1.5,1399|3689|5880|6348|23268|23370,CRKL|ITGB2|RAC2|CCL3|DNMBP|ARHGEF18,-0.24,MyList
GO Biological Processes,19,GO:1903706,regulation of hemopoiesis,19_GO:0002376 immune system process,-2.2,3.3,3.4,30169,413,155,7,4.5,1.7,2064|2213|5578|6348|7862|9770|50604,ERBB2|FCGR2B|PRKCA|CCL3|BRPF1|RASSF2|IL20,-0.24,MyList
GO Biological Processes,19,GO:0001707,mesoderm formation,19_GO:0032502 developmental process,-2.2,8.3,4.4,30169,70,155,3,1.9,1.1,657|2821|10736,BMPR1A|GPI|SIX2,-0.24,MyList
Reactome Gene Sets,6,R-HSA-9006934,Signaling by Receptor Tyrosine Kinases,,-2.2,3,3.3,30169,521,155,8,5.2,1.8,1399|1848|2064|2324|2566|5578|7410|7424,CRKL|DUSP6|ERBB2|FLT4|GABRG2|PRKCA|VAV2|VEGFC,-0.24,MyList
GO Biological Processes,19,GO:0008277,regulation of G protein-coupled receptor signaling pathway,19_GO:0023052 signaling,-2.2,5.6,3.9,30169,138,155,4,2.6,1.3,815|5141|5578|7275,CAMK2A|PDE4A|PRKCA|TUB,-0.24,MyList
KEGG Pathway,24,hsa04024,cAMP signaling pathway,,-2.2,4.4,3.6,30169,221,155,5,3.2,1.4,815|1395|5141|5880|7410,CAMK2A|CRHR2|PDE4A|RAC2|VAV2,-0.24,MyList
GO Biological Processes,19,GO:0050866,negative regulation of cell activation,19_GO:0048519 negative regulation of biological process,-2.2,4.4,3.6,30169,221,155,5,3.2,1.4,2064|2213|3949|6385|170692,ERBB2|FCGR2B|LDLR|SDC4|ADAMTS18,-0.24,MyList
GO Biological Processes,19,GO:0070372,regulation of ERK1 and ERK2 cascade,19_GO:0023052 signaling,-2.2,3.7,3.5,30169,315,155,6,3.9,1.5,1399|1848|2064|2324|5578|6348,CRKL|DUSP6|ERBB2|FLT4|PRKCA|CCL3,-0.24,MyList
GO Biological Processes,19,GO:0010810,regulation of cell-substrate adhesion,19_GO:0050789 regulation of biological process,-2.2,4.4,3.6,30169,222,155,5,3.2,1.4,1399|2523|5880|6385|10085,CRKL|FUT1|RAC2|SDC4|EDIL3,-0.24,MyList
WikiPathways,27,WP5083,Neuroinflammation and glutamatergic signaling,,-2.2,5.6,3.9,30169,140,155,4,2.6,1.3,815|5578|7850|10645,CAMK2A|PRKCA|IL1R2|CAMKK2,-0.23,MyList
GO Biological Processes,19,GO:0019725,cellular homeostasis,19_GO:0065007 biological regulation,-2.2,2.7,3.2,30169,641,155,9,5.8,1.9,666|2495|4502|6348|7225|9104|9900|9990|27035,BOK|FTH1|MT2A|CCL3|TRPC6|RGN|SV2A|SLC12A6|NOX1,-0.23,MyList
GO Biological Processes,19,GO:1902105,regulation of leukocyte differentiation,19_GO:0002376 immune system process,-2.2,3.7,3.5,30169,317,155,6,3.9,1.5,2064|2213|5578|6348|9770|50604,ERBB2|FCGR2B|PRKCA|CCL3|RASSF2|IL20,-0.23,MyList
Reactome Gene Sets,6,R-HSA-1169408,ISG15 antiviral mechanism,,-2.2,8.1,4.3,30169,72,155,3,1.9,1.1,1977|3839|25820,EIF4E|KPNA3|ARIH1,-0.23,MyList
GO Biological Processes,19,GO:0048332,mesoderm morphogenesis,19_GO:0032502 developmental process,-2.2,8.1,4.3,30169,72,155,3,1.9,1.1,657|2821|10736,BMPR1A|GPI|SIX2,-0.23,MyList
GO Biological Processes,19,GO:0046328,regulation of JNK cascade,19_GO:0023052 signaling,-2.2,5.5,3.9,30169,141,155,4,2.6,1.3,2213|2324|9770|27035,FCGR2B|FLT4|RASSF2|NOX1,-0.23,MyList
GO Biological Processes,19,GO:0007420,brain development,19_GO:0032502 developmental process,-2.2,2.6,3.1,30169,762,155,10,6.5,2,657|666|1399|1497|1745|2213|2523|55201|64919|140733,BMPR1A|BOK|CRKL|CTNS|DLX1|FCGR2B|FUT1|MAP1S|BCL11B|MACROD2,-0.23,MyList
KEGG Pathway,24,hsa05163,Human cytomegalovirus infection,,-2.2,4.3,3.6,30169,225,155,5,3.2,1.4,1399|2775|5578|5880|6348,CRKL|GNAO1|PRKCA|RAC2|CCL3,-0.23,MyList
GO Biological Processes,19,GO:0051384,response to glucocorticoid,19_GO:0050896 response to stimulus,-2.2,5.5,3.8,30169,142,155,4,2.6,1.3,1977|3931|5447|114907,EIF4E|LCAT|POR|FBXO32,-0.23,MyList
GO Biological Processes,19,GO:1904888,cranial skeletal system development,19_GO:0032502 developmental process,-2.2,8,4.3,30169,73,155,3,1.9,1.1,860|1399|10736,RUNX2|CRKL|SIX2,-0.22,MyList
GO Biological Processes,19,GO:0007411,axon guidance,19_GO:0040011 locomotion,-2.2,4.3,3.6,30169,228,155,5,3.2,1.4,2064|5880|8997|55740|64919,ERBB2|RAC2|KALRN|ENAH|BCL11B,-0.22,MyList
WikiPathways,27,WP2380,Brain-derived neurotrophic factor (BDNF) signaling pathway,,-2.2,5.4,3.8,30169,144,155,4,2.6,1.3,815|1965|1977|7410,CAMK2A|EIF2S1|EIF4E|VAV2,-0.22,MyList
Reactome Gene Sets,6,R-HSA-174824,"Plasma lipoprotein assembly, remodeling, and clearance",,-2.2,7.9,4.3,30169,74,155,3,1.9,1.1,19|3931|3949,ABCA1|LCAT|LDLR,-0.22,MyList
GO Biological Processes,19,GO:0050688,regulation of defense response to virus,19_GO:0044419 biological process involved in interspecies interaction between organisms,-2.2,7.9,4.3,30169,74,155,3,1.9,1.1,9447|79132|80212,AIM2|DHX58|CCDC92,-0.22,MyList
GO Biological Processes,19,GO:0050766,positive regulation of phagocytosis,19_GO:0051179 localization,-2.2,7.9,4.3,30169,74,155,3,1.9,1.1,2213|5806|7275,FCGR2B|PTX3|TUB,-0.22,MyList
GO Biological Processes,19,GO:0097485,neuron projection guidance,19_GO:0040011 locomotion,-2.2,4.2,3.5,30169,229,155,5,3.2,1.4,2064|5880|8997|55740|64919,ERBB2|RAC2|KALRN|ENAH|BCL11B,-0.21,MyList
KEGG Pathway,24,hsa04971,Gastric acid secretion,,-2.1,7.7,4.2,30169,76,155,3,1.9,1.1,815|3773|5578,CAMK2A|KCNJ16|PRKCA,-0.19,MyList
Reactome Gene Sets,6,R-HSA-204998,"Cell death signalling via NRAGE, NRIF and NADE",,-2.1,7.7,4.2,30169,76,155,3,1.9,1.1,7410|8997|23370,VAV2|KALRN|ARHGEF18,-0.19,MyList
WikiPathways,27,WP3888,VEGFA-VEGFR2 signaling pathway,,-2.1,3.2,3.2,30169,432,155,7,4.5,1.7,1977|2523|5578|7410|9584|9759|10645,EIF4E|FUT1|PRKCA|VAV2|RBM39|HDAC4|CAMKK2,-0.19,MyList
Reactome Gene Sets,6,R-HSA-5663202,Diseases of signal transduction by growth factor receptors and second messengers,,-2.1,3.1,3.2,30169,433,155,7,4.5,1.7,815|1848|2064|3831|5880|9759|57085,CAMK2A|DUSP6|ERBB2|KLC1|RAC2|HDAC4|AGTRAP,-0.18,MyList
GO Biological Processes,19,GO:0031175,neuron projection development,19_GO:0032502 developmental process,-2.1,2.7,3.1,30169,661,155,9,5.8,1.9,815|1399|2064|5880|6385|8997|55201|55740|64919,CAMK2A|CRKL|ERBB2|RAC2|SDC4|KALRN|MAP1S|ENAH|BCL11B,-0.18,MyList
GO Biological Processes,19,GO:2000116,regulation of cysteine-type endopeptidase activity,19_GO:0008152 metabolic process,-2.1,4.1,3.5,30169,235,155,5,3.2,1.4,666|2821|5447|5468|9447,BOK|GPI|POR|PPARG|AIM2,-0.17,MyList
Reactome Gene Sets,6,R-HSA-195721,Signaling by WNT,,-2.1,3.5,3.3,30169,332,155,6,3.9,1.5,815|2775|5578|5880|7483|23112,CAMK2A|GNAO1|PRKCA|RAC2|WNT9A|TNRC6B,-0.17,MyList
GO Biological Processes,19,GO:0048709,oligodendrocyte differentiation,19_GO:0032502 developmental process,-2.1,7.5,4.1,30169,78,155,3,1.9,1.1,666|1745|2064,BOK|DLX1|ERBB2,-0.17,MyList
GO Biological Processes,19,GO:1903533,regulation of protein targeting,19_GO:0051179 localization,-2.1,7.5,4.1,30169,78,155,3,1.9,1.1,2064|3689|5880,ERBB2|ITGB2|RAC2,-0.17,MyList
GO Biological Processes,19,GO:0034248,regulation of cellular amide metabolic process,19_GO:0008152 metabolic process,-2.1,2.8,3.1,30169,551,155,8,5.2,1.8,602|1965|1977|2064|5073|23112|28969|143689,BCL3|EIF2S1|EIF4E|ERBB2|PARN|TNRC6B|BZW2|PIWIL4,-0.16,MyList
KEGG Pathway,24,hsa01521,EGFR tyrosine kinase inhibitor resistance,,-2.1,7.4,4.1,30169,79,155,3,1.9,1.1,1977|2064|5578,EIF4E|ERBB2|PRKCA,-0.16,MyList
WikiPathways,27,WP536,Calcium regulation in cardiac cells,,-2.1,5.1,3.7,30169,152,155,4,2.6,1.3,815|2775|5576|5578,CAMK2A|GNAO1|PRKAR2A|PRKCA,-0.16,MyList
KEGG Pathway,24,hsa04020,Calcium signaling pathway,,-2.1,4.1,3.4,30169,240,155,5,3.2,1.4,815|2064|2324|5578|7424,CAMK2A|ERBB2|FLT4|PRKCA|VEGFC,-0.15,MyList
Reactome Gene Sets,6,R-HSA-416482,G alpha (12/13) signalling events,,-2.1,7.3,4.1,30169,80,155,3,1.9,1.1,7410|8997|23370,VAV2|KALRN|ARHGEF18,-0.15,MyList
Reactome Gene Sets,6,R-HSA-1169410,Antiviral mechanism by IFN-stimulated genes,,-2.1,7.3,4.1,30169,80,155,3,1.9,1.1,1977|3839|25820,EIF4E|KPNA3|ARIH1,-0.15,MyList
Reactome Gene Sets,6,R-HSA-438064,Post NMDA receptor activation events,,-2.1,7.3,4.1,30169,80,155,3,1.9,1.1,815|5576|10645,CAMK2A|PRKAR2A|CAMKK2,-0.15,MyList
GO Biological Processes,19,GO:0048015,phosphatidylinositol-mediated signaling,19_GO:0023052 signaling,-2.1,7.3,4.1,30169,80,155,3,1.9,1.1,2064|5297|59338,ERBB2|PI4KA|PLEKHA1,-0.15,MyList
GO Biological Processes,19,GO:0071375,cellular response to peptide hormone stimulus,19_GO:0050896 response to stimulus,-2.1,4,3.4,30169,241,155,5,3.2,1.4,815|1395|5447|5468|57085,CAMK2A|CRHR2|POR|PPARG|AGTRAP,-0.15,MyList
KEGG Pathway,24,hsa04921,Oxytocin signaling pathway,,-2.1,5.1,3.6,30169,154,155,4,2.6,1.3,815|2775|5578|10645,CAMK2A|GNAO1|PRKCA|CAMKK2,-0.15,MyList
GO Biological Processes,19,GO:0031329,regulation of cellular catabolic process,19_GO:0008152 metabolic process,-2.1,2.4,3,30169,798,155,10,6.5,2,666|3949|5073|5578|8975|9104|10645|23112|23429|25820,BOK|LDLR|PARN|PRKCA|USP13|RGN|CAMKK2|TNRC6B|RYBP|ARIH1,-0.15,MyList
GO Biological Processes,19,GO:0002062,chondrocyte differentiation,19_GO:0032502 developmental process,-2.1,7.2,4,30169,81,155,3,1.9,1.1,657|860|10736,BMPR1A|RUNX2|SIX2,-0.15,MyList
GO Biological Processes,19,GO:0032374,regulation of cholesterol transport,19_GO:0051179 localization,-2.1,7.2,4,30169,81,155,3,1.9,1.1,19|4035|5468,ABCA1|LRP1|PPARG,-0.15,MyList
GO Biological Processes,19,GO:0032371,regulation of sterol transport,19_GO:0051179 localization,-2.1,7.2,4,30169,81,155,3,1.9,1.1,19|4035|5468,ABCA1|LRP1|PPARG,-0.15,MyList
KEGG Pathway,24,hsa04934,Cushing syndrome,,-2.1,5,3.6,30169,155,155,4,2.6,1.3,815|1395|3949|7483,CAMK2A|CRHR2|LDLR|WNT9A,-0.15,MyList
GO Biological Processes,19,GO:0006816,calcium ion transport,19_GO:0051179 localization,-2.1,4,3.4,30169,243,155,5,3.2,1.4,815|6348|7225|27039|29927,CAMK2A|CCL3|TRPC6|PKD2L2|SEC61A1,-0.15,MyList
GO Biological Processes,19,GO:0002683,negative regulation of immune system process,19_GO:0002376 immune system process,-2.1,3,3.1,30169,449,155,7,4.5,1.7,2064|2213|3949|5468|6348|6385|79132,ERBB2|FCGR2B|LDLR|PPARG|CCL3|SDC4|DHX58,-0.14,MyList
Reactome Gene Sets,6,R-HSA-9012999,RHO GTPase cycle,,-2.1,3,3.1,30169,449,155,7,4.5,1.7,5880|7410|8997|23268|23370|27035|54874,RAC2|VAV2|KALRN|DNMBP|ARHGEF18|NOX1|FNBP1L,-0.14,MyList
KEGG Pathway,24,hsa04662,B cell receptor signaling pathway,,-2.1,7.1,4,30169,82,155,3,1.9,1.1,2213|5880|7410,FCGR2B|RAC2|VAV2,-0.14,MyList
GO Biological Processes,19,GO:1905897,regulation of response to endoplasmic reticulum stress,19_GO:0050896 response to stimulus,-2.1,7.1,4,30169,82,155,3,1.9,1.1,666|2213|8975,BOK|FCGR2B|USP13,-0.14,MyList
GO Biological Processes,19,GO:1901652,response to peptide,19_GO:0050896 response to stimulus,-2,3,3.1,30169,451,155,7,4.5,1.7,815|1395|2213|4035|5447|5468|57085,CAMK2A|CRHR2|FCGR2B|LRP1|POR|PPARG|AGTRAP,-0.14,MyList
GO Biological Processes,19,GO:0030335,positive regulation of cell migration,19_GO:0040011 locomotion,-2,2.8,3,30169,566,155,8,5.2,1.8,1399|2324|2523|2821|5578|5880|6348|7424,CRKL|FLT4|FUT1|GPI|PRKCA|RAC2|CCL3|VEGFC,-0.13,MyList
WikiPathways,27,WP382,MAPK signaling pathway,,-2,3.9,3.3,30169,247,155,5,3.2,1.4,1399|1848|5578|5880|7850,CRKL|DUSP6|PRKCA|RAC2|IL1R2,-0.13,MyList
Reactome Gene Sets,6,R-HSA-6802957,Oncogenic MAPK signaling,,-2,7,3.9,30169,84,155,3,1.9,1.1,815|1848|57085,CAMK2A|DUSP6|AGTRAP,-0.13,MyList
WikiPathways,27,WP4806,EGFR tyrosine kinase inhibitor resistance,,-2,7,3.9,30169,84,155,3,1.9,1.1,1977|2064|5578,EIF4E|ERBB2|PRKCA,-0.13,MyList
GO Biological Processes,19,GO:0048017,inositol lipid-mediated signaling,19_GO:0023052 signaling,-2,7,3.9,30169,84,155,3,1.9,1.1,2064|5297|59338,ERBB2|PI4KA|PLEKHA1,-0.13,MyList
GO Biological Processes,19,GO:0051851,modulation by host of symbiont process,19_GO:0044419 biological process involved in interspecies interaction between organisms,-2,7,3.9,30169,84,155,3,1.9,1.1,5297|5806|6348,PI4KA|PTX3|CCL3,-0.13,MyList
GO Biological Processes,19,GO:0034103,regulation of tissue remodeling,19_GO:0032501 multicellular organismal process,-2,6.9,3.9,30169,85,155,3,1.9,1.1,2324|5468|5578,FLT4|PPARG|PRKCA,-0.11,MyList
GO Biological Processes,19,GO:0000082,G1/S transition of mitotic cell cycle,19_GO:0009987 cellular process,-2,6.9,3.9,30169,85,155,3,1.9,1.1,815|1977|5426,CAMK2A|EIF4E|POLE,-0.11,MyList
GO Biological Processes,19,GO:0015850,organic hydroxy compound transport,19_GO:0051179 localization,-2,4.8,3.5,30169,161,155,4,2.6,1.3,19|3931|3949|23673,ABCA1|LCAT|LDLR|STX12,-0.11,MyList
GO Biological Processes,19,GO:2000112,regulation of cellular macromolecule biosynthetic process,19_GO:0008152 metabolic process,-2,2.7,3,30169,574,155,8,5.2,1.8,602|1965|1977|2064|5073|23112|28969|143689,BCL3|EIF2S1|EIF4E|ERBB2|PARN|TNRC6B|BZW2|PIWIL4,-0.11,MyList
GO Biological Processes,19,GO:0045321,leukocyte activation,19_GO:0002376 immune system process,-2,2.7,3,30169,575,155,8,5.2,1.8,602|860|2064|2213|3689|6348|9759|64919,BCL3|RUNX2|ERBB2|FCGR2B|ITGB2|CCL3|HDAC4|BCL11B,-0.11,MyList
