_MEMBER_MyList,_LogP_MyList,GO,Description,_PATTERN_,_RANK_,CHILD_GO_MyList
1,-5.340886228835932,GO:0050896,response to stimulus,M1,1,GO:0071404 cellular response to low-density lipoprotein particle stimulus
1,-5.249955521593175,GO:0023052,signaling,M1,1,GO:0007167 enzyme-linked receptor protein signaling pathway
1,-4.706289504775737,GO:0032502,developmental process,M1,1,GO:0001944 vasculature development
1,-4.496024412432916,GO:0051179,localization,M1,1,GO:0006909 phagocytosis
1,-4.224704984641171,GO:0050789,regulation of biological process,M1,1,GO:0050678 regulation of epithelial cell proliferation
1,-4.075925348875329,GO:0048518,positive regulation of biological process,M1,1,GO:0010942 positive regulation of cell death
1,-3.660692747922299,GO:0032501,multicellular organismal process,M1,1,GO:0097242 amyloid-beta clearance
1,-3.6043376108213447,GO:0008152,metabolic process,M1,1,GO:0045730 respiratory burst
1,-3.58013038411669,GO:0065007,biological regulation,M1,1,GO:0055080 cation homeostasis
1,-3.2416575913158328,GO:0009987,cellular process,M1,1,GO:0010324 membrane invagination
1,-3.2265381921566862,GO:0040011,locomotion,M1,1,GO:0010595 positive regulation of endothelial cell migration
1,-3.0827407504386906,GO:0048519,negative regulation of biological process,M1,1,GO:0042326 negative regulation of phosphorylation
1,-2.99277063078299,GO:0002376,immune system process,M1,1,GO:0048534 hematopoietic or lymphoid organ development
1,-2.1801584539384202,GO:0044419,biological process involved in interspecies interaction between organisms,M1,1,GO:0050688 regulation of defense response to virus
