_MEMBER_MyList,_LogP_MyList,GO,Description,_PATTERN_,_RANK_,GiniIndex
1,-6.7,hsa05417,Lipid and atherosclerosis,M1,1,0
1,-2.1,GO:0048709,oligodendrocyte differentiation,M1,1,0
1,-2.1,GO:1905897,regulation of response to endoplasmic reticulum stress,M1,1,0
1,-3,GO:0071363,cellular response to growth factor stimulus,M1,1,0
1,-2.1,WP3888,VEGFA-VEGFR2 signaling pathway,M1,1,0
1,-2.1,hsa01521,EGFR tyrosine kinase inhibitor resistance,M1,1,0
1,-2.5,WP4205,MET in type 1 papillary renal cell carcinoma,M1,1,0
1,-2.8,GO:0030001,metal ion transport,M1,1,0
1,-4.4,WP5110,Familial hyperlipidemia type 3,M1,1,0
1,-3,GO:1901653,cellular response to peptide,M1,1,0
1,-4,GO:0045596,negative regulation of cell differentiation,M1,1,0
1,-2.2,GO:0050866,negative regulation of cell activation,M1,1,0
1,-2.2,hsa04024,cAMP signaling pathway,M1,1,0
1,-3.4,WP5231,Hippocampal synaptogenesis and neurogenesis,M1,1,0
1,-4.7,WP430,Statin inhibition of cholesterol production,M1,1,0
1,-2.7,R-HSA-6806667,Metabolism of fat-soluble vitamins,M1,1,0
1,-2.9,GO:1903131,mononuclear cell differentiation,M1,1,0
1,-2.1,GO:0031329,regulation of cellular catabolic process,M1,1,0
1,-3.3,GO:0060390,regulation of SMAD protein signal transduction,M1,1,0
1,-2.5,GO:0046777,protein autophosphorylation,M1,1,0
1,-2.4,R-HSA-6798695,Neutrophil degranulation,M1,1,0
1,-2.7,R-HSA-2187338,Visual phototransduction,M1,1,0
1,-4.4,R-HSA-111997,CaM pathway,M1,1,0
1,-2.7,GO:0055082,cellular chemical homeostasis,M1,1,0
1,-2.1,hsa04662,B cell receptor signaling pathway,M1,1,0
1,-2.2,GO:0022604,regulation of cell morphogenesis,M1,1,0
1,-2.4,GO:0042476,odontogenesis,M1,1,0
1,-2.6,R-HSA-194138,Signaling by VEGF,M1,1,0
1,-2.4,GO:0040017,positive regulation of locomotion,M1,1,0
1,-3.1,GO:0042475,odontogenesis of dentin-containing tooth,M1,1,0
1,-3.7,GO:0035239,tube morphogenesis,M1,1,0
1,-2.1,R-HSA-1169410,Antiviral mechanism by IFN-stimulated genes,M1,1,0
1,-2.9,WP2355,Corticotropin-releasing hormone signaling pathway,M1,1,0
1,-4.7,GO:0001944,vasculature development,M1,1,0
1,-2.9,GO:0071887,leukocyte apoptotic process,M1,1,0
1,-3.4,GO:0071466,cellular response to xenobiotic stimulus,M1,1,0
1,-2.8,GO:0006898,receptor-mediated endocytosis,M1,1,0
1,-2.8,GO:0043502,regulation of muscle adaptation,M1,1,0
1,-4.7,R-HSA-372790,Signaling by GPCR,M1,1,0
1,-2.1,R-HSA-9012999,RHO GTPase cycle,M1,1,0
1,-3,GO:0002521,leukocyte differentiation,M1,1,0
1,-2.3,GO:0003013,circulatory system process,M1,1,0
1,-2.2,GO:0019725,cellular homeostasis,M1,1,0
1,-2.9,GO:0072503,cellular divalent inorganic cation homeostasis,M1,1,0
1,-2.5,GO:0006911,"phagocytosis, engulfment",M1,1,0
1,-2.6,GO:0098655,cation transmembrane transport,M1,1,0
1,-3,GO:0032376,positive regulation of cholesterol transport,M1,1,0
1,-3.4,hsa05200,Pathways in cancer,M1,1,0
1,-2.9,GO:0042330,taxis,M1,1,0
1,-2.3,GO:0055074,calcium ion homeostasis,M1,1,0
1,-3.1,hsa05418,Fluid shear stress and atherosclerosis,M1,1,0
1,-2.3,hsa04650,Natural killer cell mediated cytotoxicity,M1,1,0
1,-3.9,R-HSA-111885,Opioid Signalling,M1,1,0
1,-2.1,GO:0032374,regulation of cholesterol transport,M1,1,0
1,-3,WP5224,2q37 copy number variation syndrome,M1,1,0
1,-2.4,WP4808,Endochondral ossification with skeletal dysplasias,M1,1,0
1,-2.2,GO:0070372,regulation of ERK1 and ERK2 cascade,M1,1,0
1,-2,GO:0045321,leukocyte activation,M1,1,0
1,-2.5,GO:0006874,cellular calcium ion homeostasis,M1,1,0
1,-2.1,GO:0071375,cellular response to peptide hormone stimulus,M1,1,0
1,-2.5,GO:0030098,lymphocyte differentiation,M1,1,0
1,-3,GO:0000165,MAPK cascade,M1,1,0
1,-2.8,GO:0001525,angiogenesis,M1,1,0
1,-3.7,GO:0097242,amyloid-beta clearance,M1,1,0
1,-3.6,GO:0045730,respiratory burst,M1,1,0
1,-3.2,hsa05205,Proteoglycans in cancer,M1,1,0
1,-2.5,GO:0001704,formation of primary germ layer,M1,1,0
1,-2.2,GO:1902105,regulation of leukocyte differentiation,M1,1,0
1,-4.1,hsa04510,Focal adhesion,M1,1,0
1,-4.6,GO:0055094,response to lipoprotein particle,M1,1,0
1,-2.4,GO:0043030,regulation of macrophage activation,M1,1,0
1,-5.3,GO:0071404,cellular response to low-density lipoprotein particle stimulus,M1,1,0
1,-2.7,GO:0001933,negative regulation of protein phosphorylation,M1,1,0
1,-2.9,WP3937,Microglia pathogen phagocytosis pathway,M1,1,0
1,-4,R-HSA-388396,GPCR downstream signalling,M1,1,0
1,-2.1,WP536,Calcium regulation in cardiac cells,M1,1,0
1,-2.2,GO:1903706,regulation of hemopoiesis,M1,1,0
1,-2.4,R-HSA-194315,Signaling by Rho GTPases,M1,1,0
1,-2.9,GO:0006935,chemotaxis,M1,1,0
1,-2.5,GO:0007159,leukocyte cell-cell adhesion,M1,1,0
1,-4.1,GO:0010942,positive regulation of cell death,M1,1,0
1,-2.2,GO:0050766,positive regulation of phagocytosis,M1,1,0
1,-2.3,GO:0071300,cellular response to retinoic acid,M1,1,0
1,-2.5,GO:0071417,cellular response to organonitrogen compound,M1,1,0
1,-2.1,GO:0002683,negative regulation of immune system process,M1,1,0
1,-2.8,GO:0006875,cellular metal ion homeostasis,M1,1,0
1,-2.1,GO:2000116,regulation of cysteine-type endopeptidase activity,M1,1,0
1,-4.2,GO:0048514,blood vessel morphogenesis,M1,1,0
1,-3.5,WP3624,Lung fibrosis,M1,1,0
1,-2.4,GO:1902652,secondary alcohol metabolic process,M1,1,0
1,-3.3,GO:0006954,inflammatory response,M1,1,0
1,-4.2,GO:0050678,regulation of epithelial cell proliferation,M1,1,0
1,-2,GO:0015850,organic hydroxy compound transport,M1,1,0
1,-3.5,GO:0098771,inorganic ion homeostasis,M1,1,0
1,-2.5,GO:0006468,protein phosphorylation,M1,1,0
1,-2.2,GO:0050688,regulation of defense response to virus,M1,1,0
1,-2.2,R-HSA-9006934,Signaling by Receptor Tyrosine Kinases,M1,1,0
1,-3.6,R-HSA-5668599,RHO GTPases Activate NADPH Oxidases,M1,1,0
1,-2.3,GO:0051928,positive regulation of calcium ion transport,M1,1,0
1,-3.2,GO:0070227,lymphocyte apoptotic process,M1,1,0
1,-2.5,GO:0097006,regulation of plasma lipoprotein particle levels,M1,1,0
1,-2.7,GO:0043300,regulation of leukocyte degranulation,M1,1,0
1,-2.8,WP437,EGF/EGFR signaling pathway,M1,1,0
1,-2.8,R-HSA-382551,Transport of small molecules,M1,1,0
1,-2.9,WP673,ErbB signaling pathway,M1,1,0
1,-2.5,hsa04670,Leukocyte transendothelial migration,M1,1,0
1,-3.9,hsa04979,Cholesterol metabolism,M1,1,0
1,-2.4,GO:0002761,regulation of myeloid leukocyte differentiation,M1,1,0
1,-4,WP35,G protein signaling pathways,M1,1,0
1,-2.7,GO:0010563,negative regulation of phosphorus metabolic process,M1,1,0
1,-2.2,WP2380,Brain-derived neurotrophic factor (BDNF) signaling pathway,M1,1,0
1,-2.4,GO:0010811,positive regulation of cell-substrate adhesion,M1,1,0
1,-3.2,R-HSA-112314,Neurotransmitter receptors and postsynaptic signal transmission,M1,1,0
1,-3.8,GO:0032330,regulation of chondrocyte differentiation,M1,1,0
1,-4.2,GO:0007169,transmembrane receptor protein tyrosine kinase signaling pathway,M1,1,0
1,-2.1,hsa04020,Calcium signaling pathway,M1,1,0
1,-4.1,GO:0062197,cellular response to chemical stress,M1,1,0
1,-3,GO:0098660,inorganic ion transmembrane transport,M1,1,0
1,-2.4,GO:0006417,regulation of translation,M1,1,0
1,-2.5,R-HSA-193648,NRAGE signals death through JNK,M1,1,0
1,-4,WP5108,Familial  hyperlipidemia type 1,M1,1,0
1,-3.8,hsa04666,Fc gamma R-mediated phagocytosis,M1,1,0
1,-2.5,GO:0043408,regulation of MAPK cascade,M1,1,0
1,-2.2,GO:0046328,regulation of JNK cascade,M1,1,0
1,-2.4,GO:0042157,lipoprotein metabolic process,M1,1,0
1,-3.5,R-HSA-4086398,Ca2+ pathway,M1,1,0
1,-3.4,GO:0070848,response to growth factor,M1,1,0
1,-3,GO:0051056,regulation of small GTPase mediated signal transduction,M1,1,0
1,-2.7,GO:0043065,positive regulation of apoptotic process,M1,1,0
1,-2.3,hsa04664,Fc epsilon RI signaling pathway,M1,1,0
1,-3.1,GO:0042326,negative regulation of phosphorylation,M1,1,0
1,-2.3,R-HSA-416476,G alpha (q) signalling events,M1,1,0
1,-3.1,hsa04010,MAPK signaling pathway,M1,1,0
1,-2,GO:0030335,positive regulation of cell migration,M1,1,0
1,-3,hsa04810,Regulation of actin cytoskeleton,M1,1,0
1,-3,GO:0032373,positive regulation of sterol transport,M1,1,0
1,-2.7,GO:0045165,cell fate commitment,M1,1,0
1,-2.4,GO:0060393,regulation of pathway-restricted SMAD protein phosphorylation,M1,1,0
1,-2.2,WP5083,Neuroinflammation and glutamatergic signaling,M1,1,0
1,-3.3,R-HSA-112315,Transmission across Chemical Synapses,M1,1,0
1,-2,GO:0051851,modulation by host of symbiont process,M1,1,0
1,-2.8,R-HSA-109582,Hemostasis,M1,1,0
1,-4.2,hsa05202,Transcriptional misregulation in cancer,M1,1,0
1,-2.4,WP4549,Fragile X syndrome,M1,1,0
1,-3.7,WP5111,Familial hyperlipidemia type 4,M1,1,0
1,-2.4,GO:0010632,regulation of epithelial cell migration,M1,1,0
1,-2.5,GO:0051347,positive regulation of transferase activity,M1,1,0
1,-4.3,R-HSA-111996,Ca-dependent events,M1,1,0
1,-3,GO:0048534,hematopoietic or lymphoid organ development,M1,1,0
1,-2.7,GO:0019216,regulation of lipid metabolic process,M1,1,0
1,-2.6,GO:0072507,divalent inorganic cation homeostasis,M1,1,0
1,-2.8,GO:0002520,immune system development,M1,1,0
1,-2.8,GO:0006873,cellular ion homeostasis,M1,1,0
1,-3.4,GO:0010875,positive regulation of cholesterol efflux,M1,1,0
1,-2,R-HSA-6802957,Oncogenic MAPK signaling,M1,1,0
1,-2,GO:1901652,response to peptide,M1,1,0
1,-3,R-HSA-3858494,Beta-catenin independent WNT signaling,M1,1,0
1,-2.4,GO:0048706,embryonic skeletal system development,M1,1,0
1,-2.3,GO:0048844,artery morphogenesis,M1,1,0
1,-3.4,GO:0050801,ion homeostasis,M1,1,0
1,-2.1,hsa04934,Cushing syndrome,M1,1,0
1,-2.1,GO:0034248,regulation of cellular amide metabolic process,M1,1,0
1,-3.2,WP306,Focal adhesion,M1,1,0
1,-3,hsa04012,ErbB signaling pathway,M1,1,0
1,-2.8,GO:0030162,regulation of proteolysis,M1,1,0
1,-2.1,hsa04971,Gastric acid secretion,M1,1,0
1,-2.1,hsa04921,Oxytocin signaling pathway,M1,1,0
1,-4.5,GO:0006909,phagocytosis,M1,1,0
1,-2.1,R-HSA-416482,G alpha (12/13) signalling events,M1,1,0
1,-3.5,R-HSA-112316,Neuronal System,M1,1,0
1,-2.6,GO:0010874,regulation of cholesterol efflux,M1,1,0
1,-2,GO:0048017,inositol lipid-mediated signaling,M1,1,0
1,-2,WP4806,EGFR tyrosine kinase inhibitor resistance,M1,1,0
1,-2.8,GO:1901214,regulation of neuron death,M1,1,0
1,-2.7,GO:0043068,positive regulation of programmed cell death,M1,1,0
1,-2.1,GO:0031175,neuron projection development,M1,1,0
1,-2.3,GO:0070304,positive regulation of stress-activated protein kinase signaling cascade,M1,1,0
1,-2,WP382,MAPK signaling pathway,M1,1,0
1,-2.9,GO:0008360,regulation of cell shape,M1,1,0
1,-2.1,GO:0002062,chondrocyte differentiation,M1,1,0
1,-3.3,GO:0061035,regulation of cartilage development,M1,1,0
1,-2.4,GO:0045785,positive regulation of cell adhesion,M1,1,0
1,-2.8,R-HSA-975634,Retinoid metabolism and transport,M1,1,0
1,-2.2,GO:0010810,regulation of cell-substrate adhesion,M1,1,0
1,-2.6,hsa04360,Axon guidance,M1,1,0
1,-2.8,WP4540,Hippo signaling regulation pathways,M1,1,0
1,-2.5,hsa04613,Neutrophil extracellular trap formation,M1,1,0
1,-2.2,GO:0048332,mesoderm morphogenesis,M1,1,0
1,-4.2,WP5112,Familial hyperlipidemia type 5,M1,1,0
1,-2.4,R-HSA-9716542,"Signaling by Rho GTPases, Miro GTPases and RHOBTB3",M1,1,0
1,-3.1,GO:0045667,regulation of osteoblast differentiation,M1,1,0
1,-2.4,GO:2000147,positive regulation of cell motility,M1,1,0
1,-2.8,GO:0001934,positive regulation of protein phosphorylation,M1,1,0
1,-3.9,R-HSA-112043,PLC beta mediated events,M1,1,0
1,-3.8,GO:0034599,cellular response to oxidative stress,M1,1,0
1,-2.7,GO:0045936,negative regulation of phosphate metabolic process,M1,1,0
1,-2.9,hsa04145,Phagosome,M1,1,0
1,-2.4,R-HSA-8986944,Transcriptional Regulation by MECP2,M1,1,0
1,-2.1,R-HSA-204998,"Cell death signalling via NRAGE, NRIF and NADE",M1,1,0
1,-2.1,GO:0032371,regulation of sterol transport,M1,1,0
1,-2.9,hsa05032,Morphine addiction,M1,1,0
1,-2.9,R-HSA-1280215,Cytokine Signaling in Immune system,M1,1,0
1,-3.2,GO:0010324,membrane invagination,M1,1,0
1,-2.4,GO:0033674,positive regulation of kinase activity,M1,1,0
1,-2,GO:2000112,regulation of cellular macromolecule biosynthetic process,M1,1,0
1,-2.2,hsa05163,Human cytomegalovirus infection,M1,1,0
1,-2.1,GO:0006816,calcium ion transport,M1,1,0
1,-2.7,GO:1901699,cellular response to nitrogen compound,M1,1,0
1,-7.9,hsa04015,Rap1 signaling pathway,M1,1,0
1,-5.8,WP4754,IL-18 signaling pathway,M1,1,0
1,-3.6,GO:0055080,cation homeostasis,M1,1,0
1,-3.2,M233,PID EPO PATHWAY,M1,1,0
1,-2.4,GO:0030278,regulation of ossification,M1,1,0
1,-2.4,GO:0002886,regulation of myeloid leukocyte mediated immunity,M1,1,0
1,-2.3,GO:0032874,positive regulation of stress-activated MAPK cascade,M1,1,0
1,-2.1,GO:0048015,phosphatidylinositol-mediated signaling,M1,1,0
1,-2.4,GO:0043410,positive regulation of MAPK cascade,M1,1,0
1,-2.1,R-HSA-195721,Signaling by WNT,M1,1,0
1,-4.4,R-HSA-111933,Calmodulin induced events,M1,1,0
1,-2.4,M8,PID ENDOTHELIN PATHWAY,M1,1,0
1,-5.2,GO:0007167,enzyme-linked receptor protein signaling pathway,M1,1,0
1,-2.9,GO:0098662,inorganic cation transmembrane transport,M1,1,0
1,-2.8,GO:1990573,potassium ion import across plasma membrane,M1,1,0
1,-2.2,GO:0097485,neuron projection guidance,M1,1,0
1,-2.2,GO:0001707,mesoderm formation,M1,1,0
1,-2.2,GO:1904888,cranial skeletal system development,M1,1,0
1,-2.2,GO:0007411,axon guidance,M1,1,0
1,-2.1,R-HSA-438064,Post NMDA receptor activation events,M1,1,0
1,-3.4,WP4787,Osteoblast differentiation and related diseases,M1,1,0
1,-2,GO:0000082,G1/S transition of mitotic cell cycle,M1,1,0
1,-2.8,GO:0040011,locomotion,M1,1,0
1,-2.8,GO:0009410,response to xenobiotic stimulus,M1,1,0
1,-2.1,R-HSA-5663202,Diseases of signal transduction by growth factor receptors and second messengers,M1,1,0
1,-2.7,GO:0030097,hemopoiesis,M1,1,0
1,-2.5,GO:0001775,cell activation,M1,1,0
1,-3.5,GO:0055065,metal ion homeostasis,M1,1,0
1,-3.1,GO:0015918,sterol transport,M1,1,0
1,-4.2,R-HSA-1489509,DAG and IP3 signaling,M1,1,0
1,-2.4,WP474,Endochondral ossification,M1,1,0
1,-3.1,GO:0043549,regulation of kinase activity,M1,1,0
1,-3.2,GO:0048010,vascular endothelial growth factor receptor signaling pathway,M1,1,0
1,-2,GO:0034103,regulation of tissue remodeling,M1,1,0
1,-2.4,R-HSA-913531,Interferon Signaling,M1,1,0
1,-2.9,GO:0071548,response to dexamethasone,M1,1,0
1,-2.3,GO:0016051,carbohydrate biosynthetic process,M1,1,0
1,-2.9,GO:0030003,cellular cation homeostasis,M1,1,0
1,-3,hsa00513,Various types of N-glycan biosynthesis,M1,1,0
1,-2.8,WP23,B cell receptor signaling pathway,M1,1,0
1,-3.2,GO:0010595,positive regulation of endothelial cell migration,M1,1,0
1,-2.7,hsa04916,Melanogenesis,M1,1,0
1,-2.3,WP4313,Ferroptosis,M1,1,0
1,-2.5,GO:0008203,cholesterol metabolic process,M1,1,0
1,-2.8,GO:0042063,gliogenesis,M1,1,0
1,-4.5,GO:0071402,cellular response to lipoprotein particle stimulus,M1,1,0
1,-2.2,GO:0051384,response to glucocorticoid,M1,1,0
1,-2.9,GO:0045834,positive regulation of lipid metabolic process,M1,1,0
1,-2.7,GO:0010634,positive regulation of epithelial cell migration,M1,1,0
1,-2.8,GO:0046330,positive regulation of JNK cascade,M1,1,0
1,-3.5,GO:0030301,cholesterol transport,M1,1,0
1,-3,GO:0050679,positive regulation of epithelial cell proliferation,M1,1,0
1,-2.8,hsa04925,Aldosterone synthesis and secretion,M1,1,0
1,-2.6,GO:0045859,regulation of protein kinase activity,M1,1,0
1,-2.1,GO:1903533,regulation of protein targeting,M1,1,0
1,-2.2,R-HSA-174824,"Plasma lipoprotein assembly, remodeling, and clearance",M1,1,0
1,-2.6,GO:0001936,regulation of endothelial cell proliferation,M1,1,0
1,-2.6,hsa04066,HIF-1 signaling pathway,M1,1,0
1,-2.4,GO:0099024,plasma membrane invagination,M1,1,0
1,-2.9,GO:0010594,regulation of endothelial cell migration,M1,1,0
1,-2.2,R-HSA-1169408,ISG15 antiviral mechanism,M1,1,0
1,-2.7,GO:0071773,cellular response to BMP stimulus,M1,1,0
1,-4.5,R-HSA-9006925,Intracellular signaling by second messengers,M1,1,0
1,-3.2,GO:0006979,response to oxidative stress,M1,1,0
1,-2.9,M238,PID THROMBIN PAR1 PATHWAY,M1,1,0
1,-3.7,R-HSA-112040,G-protein mediated events,M1,1,0
1,-2.2,GO:0008277,regulation of G protein-coupled receptor signaling pathway,M1,1,0
1,-2.9,GO:1901216,positive regulation of neuron death,M1,1,0
1,-2.2,GO:0007420,brain development,M1,1,0
1,-2.3,GO:0016125,sterol metabolic process,M1,1,0
1,-4.2,GO:0001568,blood vessel development,M1,1,0
1,-2.9,GO:0006897,endocytosis,M1,1,0
1,-3.1,GO:1905898,positive regulation of response to endoplasmic reticulum stress,M1,1,0
1,-4.1,WP4522,"Metabolic pathway of LDL, HDL and TG, including diseases",M1,1,0
1,-2.3,GO:0045670,regulation of osteoclast differentiation,M1,1,0
1,-2.7,GO:0071772,response to BMP,M1,1,0
