Name,Category,CategoryID,GO,Description,PARENT_GO,LogP,Enrichment,Z-score,#TotalGeneInLibrary,#GeneInGO,#GeneInHitList,#GeneInGOAndHitList,%InGO,STDV %InGO,GeneID,Hits,Log(q-value)
MyList,GO Biological Processes,19,GO:0006281,DNA repair,19_GO:0050896 response to stimulus,-5.7,6.9,7.2,30169,498,88,10,11,3.4,546|1663|2177|8208|8295|8451|8914|22890|51548|348654,ATRX|DDX11|FANCD2|CHAF1B|TRRAP|CUL4A|TIMELESS|ZBTB1|SIRT6|GEN1,-1.4
MyList,GO Biological Processes,19,GO:0072711,cellular response to hydroxyurea,19_GO:0050896 response to stimulus,-5.4,93,17,30169,11,88,3,3.4,1.9,546|1663|8914,ATRX|DDX11|TIMELESS,-1.4
MyList,GO Biological Processes,19,GO:0072710,response to hydroxyurea,19_GO:0050896 response to stimulus,-5.3,86,16,30169,12,88,3,3.4,1.9,546|1663|8914,ATRX|DDX11|TIMELESS,-1.4
MyList,GO Biological Processes,19,GO:0006974,cellular response to DNA damage stimulus,19_GO:0050896 response to stimulus,-5,5.1,6.1,30169,742,88,11,12,3.5,546|1663|2177|8208|8295|8451|8914|22890|51548|84259|348654,ATRX|DDX11|FANCD2|CHAF1B|TRRAP|CUL4A|TIMELESS|ZBTB1|SIRT6|DCUN1D5|GEN1,-1.4
MyList,GO Biological Processes,19,GO:0006412,translation,19_GO:0008152 metabolic process,-4.8,7.3,6.7,30169,375,88,8,9.1,3.1,1933|5610|6161|7884|51023|55278|56478|219927,EEF1B2|EIF2AK2|RPL32|SLBP|MRPS18C|QRSL1|EIF4ENIF1|MRPL21,-1.4
MyList,GO Biological Processes,19,GO:0003018,vascular process in circulatory system,19_GO:0032501 multicellular organismal process,-4.8,8.9,7,30169,270,88,7,8,2.9,148|489|613|1816|2150|7010|7082,ADRA1A|ATP2A3|BCR|DRD5|F2RL1|TEK|TJP1,-1.4
MyList,GO Biological Processes,19,GO:0048511,rhythmic process,19_GO:0048511 rhythmic process,-4.8,8.9,7,30169,270,88,7,8,2.9,4791|4804|8451|8914|9572|10891|51548,NFKB2|NGFR|CUL4A|TIMELESS|NR1D1|PPARGC1A|SIRT6,-1.4
MyList,GO Biological Processes,19,GO:0045217,cell-cell junction maintenance,19_GO:0009987 cellular process,-4.8,60,13,30169,17,88,3,3.4,1.9,2150|7082|8506,F2RL1|TJP1|CNTNAP1,-1.4
MyList,GO Biological Processes,19,GO:0003013,circulatory system process,19_GO:0032501 multicellular organismal process,-4.8,6.1,6.3,30169,502,88,9,10,3.2,148|489|613|1816|2150|4634|7010|7082|79924,ADRA1A|ATP2A3|BCR|DRD5|F2RL1|MYL3|TEK|TJP1|ADM2,-1.4
MyList,GO Biological Processes,19,GO:0006259,DNA metabolic process,19_GO:0008152 metabolic process,-4.8,4.8,5.9,30169,780,88,11,12,3.5,546|648|1663|2177|8208|8295|8451|8914|22890|51548|348654,ATRX|BMI1|DDX11|FANCD2|CHAF1B|TRRAP|CUL4A|TIMELESS|ZBTB1|SIRT6|GEN1,-1.4
MyList,GO Biological Processes,19,GO:0043604,amide biosynthetic process,19_GO:0008152 metabolic process,-4.7,5.9,6.1,30169,521,88,9,10,3.2,1933|5610|6161|7357|7884|51023|55278|56478|219927,EEF1B2|EIF2AK2|RPL32|UGCG|SLBP|MRPS18C|QRSL1|EIF4ENIF1|MRPL21,-1.4
MyList,GO Biological Processes,19,GO:0045005,DNA-templated DNA replication maintenance of fidelity,19_GO:0008152 metabolic process,-4.7,24,9.5,30169,56,88,4,4.5,2.2,546|1663|8914|348654,ATRX|DDX11|TIMELESS|GEN1,-1.4
MyList,GO Biological Processes,19,GO:0043954,cellular component maintenance,19_GO:0009987 cellular process,-4.6,24,9.4,30169,57,88,4,4.5,2.2,2150|7082|8506|93649,F2RL1|TJP1|CNTNAP1|MYOCD,-1.4
MyList,GO Biological Processes,19,GO:0043043,peptide biosynthetic process,19_GO:0008152 metabolic process,-4.6,6.8,6.3,30169,404,88,8,9.1,3.1,1933|5610|6161|7884|51023|55278|56478|219927,EEF1B2|EIF2AK2|RPL32|SLBP|MRPS18C|QRSL1|EIF4ENIF1|MRPL21,-1.4
MyList,GO Biological Processes,19,GO:0008015,blood circulation,19_GO:0032501 multicellular organismal process,-4.6,6.7,6.3,30169,411,88,8,9.1,3.1,148|613|1816|2150|4634|7010|7082|79924,ADRA1A|BCR|DRD5|F2RL1|MYL3|TEK|TJP1|ADM2,-1.4
MyList,GO Biological Processes,19,GO:0140747,regulation of ncRNA transcription,19_GO:0008152 metabolic process,-4.4,45,11,30169,23,88,3,3.4,1.9,546|1663|23211,ATRX|DDX11|ZC3H4,-1.2
MyList,GO Biological Processes,19,GO:0007623,circadian rhythm,19_GO:0048511 rhythmic process,-4.3,13,7.3,30169,136,88,5,5.7,2.5,4804|8914|9572|10891|51548,NGFR|TIMELESS|NR1D1|PPARGC1A|SIRT6,-1.2
MyList,GO Biological Processes,19,GO:0010564,regulation of cell cycle process,19_GO:0050789 regulation of biological process,-4.2,4.7,5.4,30169,735,88,10,11,3.4,546|1663|2177|8451|8914|9184|26060|54888|55958|348654,ATRX|DDX11|FANCD2|CUL4A|TIMELESS|BUB3|APPL1|NSUN2|KLHL9|GEN1,-1.2
MyList,GO Biological Processes,19,GO:0032922,circadian regulation of gene expression,19_GO:0048511 rhythmic process,-4.2,19,8.4,30169,71,88,4,4.5,2.2,4804|9572|10891|51548,NGFR|NR1D1|PPARGC1A|SIRT6,-1.2
MyList,GO Biological Processes,19,GO:0034143,regulation of toll-like receptor 4 signaling pathway,19_GO:0002376 immune system process,-4.2,38,10,30169,27,88,3,3.4,1.9,2150|9572|26060,F2RL1|NR1D1|APPL1,-1.1
MyList,GO Biological Processes,19,GO:0006325,chromatin organization,19_GO:0009987 cellular process,-4.1,5.1,5.5,30169,608,88,9,10,3.2,546|648|1663|8208|8295|11164|22890|51548|55689,ATRX|BMI1|DDX11|CHAF1B|TRRAP|NUDT5|ZBTB1|SIRT6|YEATS2,-1.1
MyList,GO Biological Processes,19,GO:0034645,cellular macromolecule biosynthetic process,19_GO:0008152 metabolic process,-4.1,4.5,5.3,30169,764,88,10,11,3.4,1933|5610|6161|7357|7884|9572|51023|55278|56478|219927,EEF1B2|EIF2AK2|RPL32|UGCG|SLBP|NR1D1|MRPS18C|QRSL1|EIF4ENIF1|MRPL21,-1.1
MyList,GO Biological Processes,19,GO:0032870,cellular response to hormone stimulus,19_GO:0050896 response to stimulus,-4.1,5.7,5.6,30169,484,88,8,9.1,3.1,648|2494|3815|4149|7357|8202|9572|26060,BMI1|NR5A2|KIT|MAX|UGCG|NCOA3|NR1D1|APPL1,-1.1
MyList,GO Biological Processes,19,GO:0045834,positive regulation of lipid metabolic process,19_GO:0048518 positive regulation of biological process,-4,11,6.8,30169,154,88,5,5.7,2.5,3815|7010|9572|9619|10891,KIT|TEK|NR1D1|ABCG1|PPARGC1A,-1.1
MyList,GO Biological Processes,19,GO:0016071,mRNA metabolic process,19_GO:0008152 metabolic process,-4,4.9,5.4,30169,627,88,9,10,3.2,7884|9652|10891|10949|22890|23091|29101|54888|79706,SLBP|SKIC3|PPARGC1A|HNRNPA0|ZBTB1|ZC3H13|SSU72|NSUN2|PRKRIP1,-1.1
MyList,GO Biological Processes,19,GO:0045987,positive regulation of smooth muscle contraction,19_GO:0048518 positive regulation of biological process,-4,33,9.7,30169,31,88,3,3.4,1.9,148|3815|93649,ADRA1A|KIT|MYOCD,-1.1
MyList,GO Biological Processes,19,GO:0043603,cellular amide metabolic process,19_GO:0008152 metabolic process,-4,4.3,5.1,30169,796,88,10,11,3.4,1933|2581|5610|6161|7357|7884|51023|55278|56478|219927,EEF1B2|GALC|EIF2AK2|RPL32|UGCG|SLBP|MRPS18C|QRSL1|EIF4ENIF1|MRPL21,-1.1
MyList,GO Biological Processes,19,GO:0018108,peptidyl-tyrosine phosphorylation,19_GO:0008152 metabolic process,-4,11,6.6,30169,161,88,5,5.7,2.5,613|3815|5610|6098|7010,BCR|KIT|EIF2AK2|ROS1|TEK,-1.1
MyList,GO Biological Processes,19,GO:0001659,temperature homeostasis,19_GO:0032501 multicellular organismal process,-4,32,9.5,30169,32,88,3,3.4,1.9,8878|9572|10891,SQSTM1|NR1D1|PPARGC1A,-1.1
MyList,GO Biological Processes,19,GO:0008306,associative learning,19_GO:0032501 multicellular organismal process,-3.9,16,7.6,30169,85,88,4,4.5,2.2,1816|3815|7162|23259,DRD5|KIT|TPBG|DDHD2,-1.1
MyList,GO Biological Processes,19,GO:0045786,negative regulation of cell cycle,19_GO:0048519 negative regulation of biological process,-3.9,6.4,5.7,30169,376,88,7,8,2.9,546|2177|8914|9184|54888|64848|93649,ATRX|FANCD2|TIMELESS|BUB3|NSUN2|YTHDC2|MYOCD,-1.1
MyList,GO Biological Processes,19,GO:0018212,peptidyl-tyrosine modification,19_GO:0008152 metabolic process,-3.9,11,6.6,30169,163,88,5,5.7,2.5,613|3815|5610|6098|7010,BCR|KIT|EIF2AK2|ROS1|TEK,-1.1
MyList,GO Biological Processes,19,GO:0010638,positive regulation of organelle organization,19_GO:0048518 positive regulation of biological process,-3.9,5.4,5.4,30169,508,88,8,9.1,3.1,546|1663|2150|7010|10891|23259|51548|57606,ATRX|DDX11|F2RL1|TEK|PPARGC1A|DDHD2|SIRT6|SLAIN2,-1.1
MyList,GO Biological Processes,19,GO:2000781,positive regulation of double-strand break repair,19_GO:0048518 positive regulation of biological process,-3.9,16,7.4,30169,88,88,4,4.5,2.2,1663|8295|8914|51548,DDX11|TRRAP|TIMELESS|SIRT6,-1.1
MyList,GO Biological Processes,19,GO:0006937,regulation of muscle contraction,19_GO:0032501 multicellular organismal process,-3.8,9.9,6.3,30169,174,88,5,5.7,2.5,148|309|3815|4634|93649,ADRA1A|ANXA6|KIT|MYL3|MYOCD,-0.99
MyList,GO Biological Processes,19,GO:0006518,peptide metabolic process,19_GO:0008152 metabolic process,-3.8,5.2,5.2,30169,532,88,8,9.1,3.1,1933|5610|6161|7884|51023|55278|56478|219927,EEF1B2|EIF2AK2|RPL32|SLBP|MRPS18C|QRSL1|EIF4ENIF1|MRPL21,-0.99
MyList,CORUM,33,CORUM:929,CEN complex,,-3.8,28,8.8,30169,37,88,3,3.4,1.9,648|8451|23091,BMI1|CUL4A|ZC3H13,-0.98
MyList,GO Biological Processes,19,GO:0003073,regulation of systemic arterial blood pressure,19_GO:0032501 multicellular organismal process,-3.7,14,7.1,30169,96,88,4,4.5,2.2,148|1816|2150|79924,ADRA1A|DRD5|F2RL1|ADM2,-0.97
MyList,Reactome Gene Sets,6,R-HSA-3108232,SUMO E3 ligases SUMOylate target proteins,,-3.7,9.4,6.2,30169,182,88,5,5.7,2.5,648|2494|4791|10891|55746,BMI1|NR5A2|NFKB2|PPARGC1A|NUP133,-0.95
MyList,KEGG Pathway,24,hsa04010,MAPK signaling pathway,,-3.6,7,5.6,30169,294,88,6,6.8,2.7,3815|4149|4791|4804|5801|7010,KIT|MAX|NFKB2|NGFR|PTPRR|TEK,-0.91
MyList,Reactome Gene Sets,6,R-HSA-2990846,SUMOylation,,-3.6,9.1,6,30169,188,88,5,5.7,2.5,648|2494|4791|10891|55746,BMI1|NR5A2|NFKB2|PPARGC1A|NUP133,-0.91
MyList,GO Biological Processes,19,GO:0002064,epithelial cell development,19_GO:0032502 developmental process,-3.6,9.1,6,30169,188,88,5,5.7,2.5,546|2150|6098|7082|80781,ATRX|F2RL1|ROS1|TJP1|COL18A1,-0.91
MyList,GO Biological Processes,19,GO:0034331,cell junction maintenance,19_GO:0009987 cellular process,-3.6,25,8.3,30169,41,88,3,3.4,1.9,2150|7082|8506,F2RL1|TJP1|CNTNAP1,-0.91
MyList,GO Biological Processes,19,GO:0051054,positive regulation of DNA metabolic process,19_GO:0048518 positive regulation of biological process,-3.6,6.8,5.5,30169,301,88,6,6.8,2.7,546|1663|8295|8914|10891|51548,ATRX|DDX11|TRRAP|TIMELESS|PPARGC1A|SIRT6,-0.89
MyList,GO Biological Processes,19,GO:0062207,regulation of pattern recognition receptor signaling pathway,19_GO:0002376 immune system process,-3.6,13,6.6,30169,107,88,4,4.5,2.2,2150|6397|9572|26060,F2RL1|SEC14L1|NR1D1|APPL1,-0.87
MyList,GO Biological Processes,19,GO:0070372,regulation of ERK1 and ERK2 cascade,19_GO:0023052 signaling,-3.5,6.5,5.3,30169,315,88,6,6.8,2.7,148|2150|5801|6098|7010|7162,ADRA1A|F2RL1|PTPRR|ROS1|TEK|TPBG,-0.87
MyList,GO Biological Processes,19,GO:0006260,DNA replication,19_GO:0008152 metabolic process,-3.5,8.4,5.8,30169,203,88,5,5.7,2.5,546|1663|8208|8914|348654,ATRX|DDX11|CHAF1B|TIMELESS|GEN1,-0.87
MyList,GO Biological Processes,19,GO:0051345,positive regulation of hydrolase activity,19_GO:0065007 biological regulation,-3.5,4.7,4.8,30169,589,88,8,9.1,3.1,148|489|613|1663|2150|3815|4804|9771,ADRA1A|ATP2A3|BCR|DDX11|F2RL1|KIT|NGFR|RAPGEF5,-0.87
MyList,Reactome Gene Sets,6,R-HSA-1660662,Glycosphingolipid metabolism,,-3.5,22,7.8,30169,46,88,3,3.4,1.9,410|2581|7357,ARSA|GALC|UGCG,-0.87
MyList,GO Biological Processes,19,GO:0044057,regulation of system process,19_GO:0032501 multicellular organismal process,-3.5,4.6,4.8,30169,590,88,8,9.1,3.1,148|309|489|2150|3815|4634|79924|93649,ADRA1A|ANXA6|ATP2A3|F2RL1|KIT|MYL3|ADM2|MYOCD,-0.87
MyList,GO Biological Processes,19,GO:1901888,regulation of cell junction assembly,19_GO:0050789 regulation of biological process,-3.5,8.4,5.7,30169,204,88,5,5.7,2.5,7010|7082|7162|7414|23122,TEK|TJP1|TPBG|VCL|CLASP2,-0.87
MyList,GO Biological Processes,19,GO:0006351,DNA-templated transcription,19_GO:0008152 metabolic process,-3.5,4.6,4.8,30169,595,88,8,9.1,3.1,546|8295|8878|10891|22890|23211|29101|93649,ATRX|TRRAP|SQSTM1|PPARGC1A|ZBTB1|ZC3H4|SSU72|MYOCD,-0.87
MyList,GO Biological Processes,19,GO:0019827,stem cell population maintenance,19_GO:0032502 developmental process,-3.5,12,6.4,30169,114,88,4,4.5,2.2,2177|3815|8451|56478,FANCD2|KIT|CUL4A|EIF4ENIF1,-0.87
MyList,GO Biological Processes,19,GO:0031297,replication fork processing,19_GO:0008152 metabolic process,-3.5,22,7.7,30169,47,88,3,3.4,1.9,546|1663|348654,ATRX|DDX11|GEN1,-0.87
MyList,GO Biological Processes,19,GO:0097659,nucleic acid-templated transcription,19_GO:0008152 metabolic process,-3.4,4.6,4.8,30169,597,88,8,9.1,3.1,546|8295|8878|10891|22890|23211|29101|93649,ATRX|TRRAP|SQSTM1|PPARGC1A|ZBTB1|ZC3H4|SSU72|MYOCD,-0.87
MyList,GO Biological Processes,19,GO:0006606,protein import into nucleus,19_GO:0051179 localization,-3.4,12,6.3,30169,115,88,4,4.5,2.2,8878|26060|55746|56478,SQSTM1|APPL1|NUP133|EIF4ENIF1,-0.87
MyList,GO Biological Processes,19,GO:1901987,regulation of cell cycle phase transition,19_GO:0050789 regulation of biological process,-3.4,5.3,5,30169,453,88,7,8,2.9,2177|8451|8914|9184|26060|54888|348654,FANCD2|CUL4A|TIMELESS|BUB3|APPL1|NSUN2|GEN1,-0.87
MyList,GO Biological Processes,19,GO:0045776,negative regulation of blood pressure,19_GO:0032501 multicellular organismal process,-3.4,21,7.7,30169,48,88,3,3.4,1.9,148|1816|79924,ADRA1A|DRD5|ADM2,-0.87
MyList,GO Biological Processes,19,GO:0003014,renal system process,19_GO:0032501 multicellular organismal process,-3.4,12,6.3,30169,116,88,4,4.5,2.2,148|613|2150|79706,ADRA1A|BCR|F2RL1|PRKRIP1,-0.87
MyList,GO Biological Processes,19,GO:0009725,response to hormone,19_GO:0050896 response to stimulus,-3.4,4,4.6,30169,764,88,9,10,3.2,148|648|2494|3815|4149|7357|8202|9572|26060,ADRA1A|BMI1|NR5A2|KIT|MAX|UGCG|NCOA3|NR1D1|APPL1,-0.87
MyList,GO Biological Processes,19,GO:0006282,regulation of DNA repair,19_GO:0050896 response to stimulus,-3.4,8.1,5.6,30169,212,88,5,5.7,2.5,1663|8295|8451|8914|51548,DDX11|TRRAP|CUL4A|TIMELESS|SIRT6,-0.87
MyList,GO Biological Processes,19,GO:0045933,positive regulation of muscle contraction,19_GO:0048518 positive regulation of biological process,-3.4,21,7.6,30169,49,88,3,3.4,1.9,148|3815|93649,ADRA1A|KIT|MYOCD,-0.87
MyList,GO Biological Processes,19,GO:0001885,endothelial cell development,19_GO:0032502 developmental process,-3.4,21,7.6,30169,49,88,3,3.4,1.9,2150|7082|80781,F2RL1|TJP1|COL18A1,-0.87
MyList,GO Biological Processes,19,GO:0043114,regulation of vascular permeability,19_GO:0032501 multicellular organismal process,-3.4,21,7.6,30169,49,88,3,3.4,1.9,613|7010|7082,BCR|TEK|TJP1,-0.87
MyList,GO Biological Processes,19,GO:0030855,epithelial cell differentiation,19_GO:0032502 developmental process,-3.4,4.5,4.7,30169,607,88,8,9.1,3.1,546|613|2150|2494|6098|7082|7357|80781,ATRX|BCR|F2RL1|NR5A2|ROS1|TJP1|UGCG|COL18A1,-0.87
MyList,GO Biological Processes,19,GO:0032774,RNA biosynthetic process,19_GO:0008152 metabolic process,-3.4,4.5,4.7,30169,607,88,8,9.1,3.1,546|8295|8878|10891|22890|23211|29101|93649,ATRX|TRRAP|SQSTM1|PPARGC1A|ZBTB1|ZC3H4|SSU72|MYOCD,-0.87
MyList,GO Biological Processes,19,GO:0098727,maintenance of cell number,19_GO:0032502 developmental process,-3.4,12,6.3,30169,118,88,4,4.5,2.2,2177|3815|8451|56478,FANCD2|KIT|CUL4A|EIF4ENIF1,-0.87
MyList,GO Biological Processes,19,GO:0051170,import into nucleus,19_GO:0051179 localization,-3.4,12,6.2,30169,119,88,4,4.5,2.2,8878|26060|55746|56478,SQSTM1|APPL1|NUP133|EIF4ENIF1,-0.87
MyList,GO Biological Processes,19,GO:0042752,regulation of circadian rhythm,19_GO:0048511 rhythmic process,-3.4,11,6.2,30169,120,88,4,4.5,2.2,8914|9572|10891|51548,TIMELESS|NR1D1|PPARGC1A|SIRT6,-0.86
MyList,WikiPathways,27,WP4541,Hippo-Merlin signaling dysregulation,,-3.4,11,6.2,30169,121,88,4,4.5,2.2,3815|4804|7010|8451,KIT|NGFR|TEK|CUL4A,-0.85
MyList,GO Biological Processes,19,GO:0062012,regulation of small molecule metabolic process,19_GO:0008152 metabolic process,-3.3,6.1,5.1,30169,339,88,6,6.8,2.7,3815|9572|9619|10891|51548|160760,KIT|NR1D1|ABCG1|PPARGC1A|SIRT6|PPTC7,-0.82
MyList,GO Biological Processes,19,GO:0006366,transcription by RNA polymerase II,19_GO:0008152 metabolic process,-3.3,6,5.1,30169,340,88,6,6.8,2.7,546|8878|10891|22890|29101|93649,ATRX|SQSTM1|PPARGC1A|ZBTB1|SSU72|MYOCD,-0.82
MyList,KEGG Pathway,24,hsa00600,Sphingolipid metabolism,,-3.3,19,7.3,30169,53,88,3,3.4,1.9,410|2581|7357,ARSA|GALC|UGCG,-0.82
MyList,GO Biological Processes,19,GO:0048146,positive regulation of fibroblast proliferation,19_GO:0048518 positive regulation of biological process,-3.3,19,7.3,30169,53,88,3,3.4,1.9,648|4804|51548,BMI1|NGFR|SIRT6,-0.82
MyList,GO Biological Processes,19,GO:0016573,histone acetylation,19_GO:0008152 metabolic process,-3.3,11,6,30169,127,88,4,4.5,2.2,648|8202|8295|55689,BMI1|NCOA3|TRRAP|YEATS2,-0.8
MyList,GO Biological Processes,19,GO:0019216,regulation of lipid metabolic process,19_GO:0008152 metabolic process,-3.3,5.9,5,30169,347,88,6,6.8,2.7,3815|7010|9572|9619|10891|51548,KIT|TEK|NR1D1|ABCG1|PPARGC1A|SIRT6,-0.8
MyList,GO Biological Processes,19,GO:0045739,positive regulation of DNA repair,19_GO:0048518 positive regulation of biological process,-3.3,11,6,30169,128,88,4,4.5,2.2,1663|8295|8914|51548,DDX11|TRRAP|TIMELESS|SIRT6,-0.8
MyList,GO Biological Processes,19,GO:0006338,chromatin remodeling,19_GO:0009987 cellular process,-3.3,5.9,5,30169,349,88,6,6.8,2.7,546|8208|11164|22890|51548|55689,ATRX|CHAF1B|NUDT5|ZBTB1|SIRT6|YEATS2,-0.8
MyList,GO Biological Processes,19,GO:0051438,regulation of ubiquitin-protein transferase activity,19_GO:0065007 biological regulation,-3.2,18,7,30169,56,88,3,3.4,1.9,648|9184|84259,BMI1|BUB3|DCUN1D5,-0.78
MyList,GO Biological Processes,19,GO:1901699,cellular response to nitrogen compound,19_GO:0050896 response to stimulus,-3.2,4.2,4.5,30169,646,88,8,9.1,3.1,546|1291|1663|1816|4149|4804|8914|26060,ATRX|COL6A1|DDX11|DRD5|MAX|NGFR|TIMELESS|APPL1,-0.77
MyList,KEGG Pathway,24,hsa04142,Lysosome,,-3.2,10,5.8,30169,132,88,4,4.5,2.2,410|2581|4074|9583,ARSA|GALC|M6PR|ENTPD4,-0.77
MyList,GO Biological Processes,19,GO:0018393,internal peptidyl-lysine acetylation,19_GO:0008152 metabolic process,-3.2,10,5.8,30169,133,88,4,4.5,2.2,648|8202|8295|55689,BMI1|NCOA3|TRRAP|YEATS2,-0.77
MyList,GO Biological Processes,19,GO:0006475,internal protein amino acid acetylation,19_GO:0008152 metabolic process,-3.2,10,5.8,30169,135,88,4,4.5,2.2,648|8202|8295|55689,BMI1|NCOA3|TRRAP|YEATS2,-0.75
MyList,GO Biological Processes,19,GO:2000779,regulation of double-strand break repair,19_GO:0050896 response to stimulus,-3.2,10,5.8,30169,135,88,4,4.5,2.2,1663|8295|8914|51548,DDX11|TRRAP|TIMELESS|SIRT6,-0.75
MyList,GO Biological Processes,19,GO:0018394,peptidyl-lysine acetylation,19_GO:0008152 metabolic process,-3.2,10,5.7,30169,136,88,4,4.5,2.2,648|8202|8295|55689,BMI1|NCOA3|TRRAP|YEATS2,-0.74
MyList,GO Biological Processes,19,GO:0006687,glycosphingolipid metabolic process,19_GO:0008152 metabolic process,-3.1,17,6.8,30169,60,88,3,3.4,1.9,2581|3815|7357,GALC|KIT|UGCG,-0.73
MyList,GO Biological Processes,19,GO:0051301,cell division,19_GO:0009987 cellular process,-3.1,4.7,4.6,30169,509,88,7,8,2.9,648|3815|8914|9184|23122|54888|55958,BMI1|KIT|TIMELESS|BUB3|CLASP2|NSUN2|KLHL9,-0.73
MyList,GO Biological Processes,19,GO:0030336,negative regulation of cell migration,19_GO:0040011 locomotion,-3.1,5.6,4.8,30169,368,88,6,6.8,2.7,613|4804|5801|7414|23122|93649,BCR|NGFR|PTPRR|VCL|CLASP2|MYOCD,-0.73
MyList,GO Biological Processes,19,GO:0006261,DNA-templated DNA replication,19_GO:0008152 metabolic process,-3.1,9.9,5.7,30169,139,88,4,4.5,2.2,546|1663|8914|348654,ATRX|DDX11|TIMELESS|GEN1,-0.73
MyList,GO Biological Processes,19,GO:0048871,multicellular organismal homeostasis,19_GO:0032501 multicellular organismal process,-3.1,5.5,4.8,30169,372,88,6,6.8,2.7,7082|7357|7414|8878|9572|10891,TJP1|UGCG|VCL|SQSTM1|NR1D1|PPARGC1A,-0.71
MyList,GO Biological Processes,19,GO:0051321,meiotic cell cycle,19_GO:0022414 reproductive process,-3.1,6.9,5,30169,249,88,5,5.7,2.5,546|2177|9184|54888|64848,ATRX|FANCD2|BUB3|NSUN2|YTHDC2,-0.69
MyList,GO Biological Processes,19,GO:0002697,regulation of immune effector process,19_GO:0002376 immune system process,-3.1,5.4,4.7,30169,379,88,6,6.8,2.7,613|966|2150|3815|22890|26060,BCR|CD59|F2RL1|KIT|ZBTB1|APPL1,-0.69
MyList,GO Biological Processes,19,GO:0033044,regulation of chromosome organization,19_GO:0050789 regulation of biological process,-3.1,6.8,5,30169,252,88,5,5.7,2.5,546|1663|9184|51548|348654,ATRX|DDX11|BUB3|SIRT6|GEN1,-0.69
MyList,GO Biological Processes,19,GO:0051893,regulation of focal adhesion assembly,19_GO:0050789 regulation of biological process,-3.1,16,6.5,30169,64,88,3,3.4,1.9,7010|7414|23122,TEK|VCL|CLASP2,-0.69
MyList,GO Biological Processes,19,GO:0090109,regulation of cell-substrate junction assembly,19_GO:0050789 regulation of biological process,-3.1,16,6.5,30169,64,88,3,3.4,1.9,7010|7414|23122,TEK|VCL|CLASP2,-0.69
MyList,GO Biological Processes,19,GO:0006886,intracellular protein transport,19_GO:0051179 localization,-3,4,4.3,30169,687,88,8,9.1,3.1,613|4074|4804|8878|10981|26060|55746|56478,BCR|M6PR|NGFR|SQSTM1|RAB32|APPL1|NUP133|EIF4ENIF1,-0.68
MyList,GO Biological Processes,19,GO:2000146,negative regulation of cell motility,19_GO:0040011 locomotion,-3,5.4,4.7,30169,383,88,6,6.8,2.7,613|4804|5801|7414|23122|93649,BCR|NGFR|PTPRR|VCL|CLASP2|MYOCD,-0.68
MyList,GO Biological Processes,19,GO:0006940,regulation of smooth muscle contraction,19_GO:0032501 multicellular organismal process,-3,16,6.5,30169,65,88,3,3.4,1.9,148|3815|93649,ADRA1A|KIT|MYOCD,-0.68
MyList,GO Biological Processes,19,GO:0090257,regulation of muscle system process,19_GO:0032501 multicellular organismal process,-3,6.7,5,30169,256,88,5,5.7,2.5,148|309|3815|4634|93649,ADRA1A|ANXA6|KIT|MYL3|MYOCD,-0.68
MyList,GO Biological Processes,19,GO:0043489,RNA stabilization,19_GO:0048519 negative regulation of biological process,-3,16,6.4,30169,66,88,3,3.4,1.9,10949|54888|56478,HNRNPA0|NSUN2|EIF4ENIF1,-0.67
MyList,GO Biological Processes,19,GO:0043408,regulation of MAPK cascade,19_GO:0023052 signaling,-3,4,4.3,30169,694,88,8,9.1,3.1,148|2150|3815|5610|5801|6098|7010|7162,ADRA1A|F2RL1|KIT|EIF2AK2|PTPRR|ROS1|TEK|TPBG,-0.67
MyList,GO Biological Processes,19,GO:0007612,learning,19_GO:0032501 multicellular organismal process,-3,9.1,5.4,30169,150,88,4,4.5,2.2,1816|3815|7162|23259,DRD5|KIT|TPBG|DDHD2,-0.67
MyList,GO Biological Processes,19,GO:0048534,hematopoietic or lymphoid organ development,19_GO:0002376 immune system process,-3,3.9,4.2,30169,699,88,8,9.1,3.1,613|648|2150|3815|4791|7010|8451|22890,BCR|BMI1|F2RL1|KIT|NFKB2|TEK|CUL4A|ZBTB1,-0.66
MyList,GO Biological Processes,19,GO:0051052,regulation of DNA metabolic process,19_GO:0008152 metabolic process,-3,4.4,4.4,30169,540,88,7,8,2.9,546|1663|8295|8451|8914|10891|51548,ATRX|DDX11|TRRAP|CUL4A|TIMELESS|PPARGC1A|SIRT6,-0.66
MyList,GO Biological Processes,19,GO:0000075,cell cycle checkpoint signaling,19_GO:0023052 signaling,-3,9,5.3,30169,153,88,4,4.5,2.2,2177|8914|9184|54888,FANCD2|TIMELESS|BUB3|NSUN2,-0.65
MyList,GO Biological Processes,19,GO:0150116,regulation of cell-substrate junction organization,19_GO:0050789 regulation of biological process,-3,15,6.3,30169,69,88,3,3.4,1.9,7010|7414|23122,TEK|VCL|CLASP2,-0.64
MyList,GO Biological Processes,19,GO:0006473,protein acetylation,19_GO:0008152 metabolic process,-2.9,8.8,5.3,30169,156,88,4,4.5,2.2,648|8202|8295|55689,BMI1|NCOA3|TRRAP|YEATS2,-0.62
MyList,GO Biological Processes,19,GO:0010569,regulation of double-strand break repair via homologous recombination,19_GO:0050896 response to stimulus,-2.9,14,6.1,30169,72,88,3,3.4,1.9,8295|8914|51548,TRRAP|TIMELESS|SIRT6,-0.6
MyList,GO Biological Processes,19,GO:0009185,ribonucleoside diphosphate metabolic process,19_GO:0008152 metabolic process,-2.9,14,6.1,30169,72,88,3,3.4,1.9,9583|11164|51727,ENTPD4|NUDT5|CMPK1,-0.6
MyList,GO Biological Processes,19,GO:1903530,regulation of secretion by cell,19_GO:0051179 localization,-2.9,4.2,4.2,30169,566,88,7,8,2.9,148|613|2150|9572|9619|23122|51548,ADRA1A|BCR|F2RL1|NR1D1|ABCG1|CLASP2|SIRT6,-0.56
MyList,GO Biological Processes,19,GO:0040013,negative regulation of locomotion,19_GO:0040011 locomotion,-2.8,4.9,4.4,30169,419,88,6,6.8,2.7,613|4804|5801|7414|23122|93649,BCR|NGFR|PTPRR|VCL|CLASP2|MYOCD,-0.54
MyList,GO Biological Processes,19,GO:2001022,positive regulation of response to DNA damage stimulus,19_GO:0048518 positive regulation of biological process,-2.8,8.3,5.1,30169,166,88,4,4.5,2.2,1663|8295|8914|51548,DDX11|TRRAP|TIMELESS|SIRT6,-0.54
MyList,GO Biological Processes,19,GO:0007169,transmembrane receptor protein tyrosine kinase signaling pathway,19_GO:0023052 signaling,-2.8,4.9,4.4,30169,420,88,6,6.8,2.7,3815|4804|5801|6098|7010|26060,KIT|NGFR|PTPRR|ROS1|TEK|APPL1,-0.54
MyList,GO Biological Processes,19,GO:0034121,regulation of toll-like receptor signaling pathway,19_GO:0002376 immune system process,-2.8,13,5.9,30169,77,88,3,3.4,1.9,2150|9572|26060,F2RL1|NR1D1|APPL1,-0.53
MyList,GO Biological Processes,19,GO:0002520,immune system development,19_GO:0002376 immune system process,-2.8,3.7,4,30169,746,88,8,9.1,3.1,613|648|2150|3815|4791|7010|8451|22890,BCR|BMI1|F2RL1|KIT|NFKB2|TEK|CUL4A|ZBTB1,-0.53
MyList,GO Biological Processes,19,GO:0010948,negative regulation of cell cycle process,19_GO:0048519 negative regulation of biological process,-2.8,6,4.6,30169,288,88,5,5.7,2.5,546|2177|8914|9184|54888,ATRX|FANCD2|TIMELESS|BUB3|NSUN2,-0.52
MyList,Canonical Pathways,11,M66,PID MYC ACTIV PATHWAY,,-2.8,13,5.8,30169,79,88,3,3.4,1.9,648|4149|8295,BMI1|MAX|TRRAP,-0.51
MyList,GO Biological Processes,19,GO:0014068,positive regulation of phosphatidylinositol 3-kinase signaling,19_GO:0023052 signaling,-2.8,13,5.7,30169,80,88,3,3.4,1.9,2150|3815|7010,F2RL1|KIT|TEK,-0.51
MyList,GO Biological Processes,19,GO:1902369,negative regulation of RNA catabolic process,19_GO:0048519 negative regulation of biological process,-2.8,13,5.7,30169,80,88,3,3.4,1.9,10949|54888|56478,HNRNPA0|NSUN2|EIF4ENIF1,-0.51
MyList,GO Biological Processes,19,GO:0071417,cellular response to organonitrogen compound,19_GO:0050896 response to stimulus,-2.8,4.1,4.1,30169,588,88,7,8,2.9,1291|1663|1816|4149|4804|8914|26060,COL6A1|DDX11|DRD5|MAX|NGFR|TIMELESS|APPL1,-0.51
MyList,GO Biological Processes,19,GO:0045216,cell-cell junction organization,19_GO:0009987 cellular process,-2.8,7.9,4.9,30169,174,88,4,4.5,2.2,2150|7082|7414|8506,F2RL1|TJP1|VCL|CNTNAP1,-0.5
MyList,GO Biological Processes,19,GO:0045446,endothelial cell differentiation,19_GO:0032502 developmental process,-2.8,13,5.7,30169,81,88,3,3.4,1.9,2150|7082|80781,F2RL1|TJP1|COL18A1,-0.5
MyList,GO Biological Processes,19,GO:0031056,regulation of histone modification,19_GO:0008152 metabolic process,-2.8,7.8,4.9,30169,175,88,4,4.5,2.2,546|10891|55689|93649,ATRX|PPARGC1A|YEATS2|MYOCD,-0.5
MyList,GO Biological Processes,19,GO:2000736,regulation of stem cell differentiation,19_GO:0032502 developmental process,-2.7,13,5.7,30169,82,88,3,3.4,1.9,5610|51548|54888,EIF2AK2|SIRT6|NSUN2,-0.49
MyList,WikiPathways,27,WP5087,Malignant pleural mesothelioma,,-2.7,4.7,4.2,30169,440,88,6,6.8,2.7,648|3815|4149|4804|7010|10891,BMI1|KIT|MAX|NGFR|TEK|PPARGC1A,-0.48
MyList,GO Biological Processes,19,GO:0009611,response to wounding,19_GO:0050896 response to stimulus,-2.7,4.6,4.2,30169,443,88,6,6.8,2.7,309|966|1816|2150|4149|7414,ANXA6|CD59|DRD5|F2RL1|MAX|VCL,-0.47
MyList,GO Biological Processes,19,GO:0009314,response to radiation,19_GO:0050896 response to stimulus,-2.7,4.6,4.2,30169,446,88,6,6.8,2.7,2177|3815|8451|22890|23259|51548,FANCD2|KIT|CUL4A|ZBTB1|DDHD2|SIRT6,-0.46
MyList,WikiPathways,27,WP4223,Ras signaling,,-2.7,7.5,4.7,30169,184,88,4,4.5,2.2,3815|4804|7010|9771,KIT|NGFR|TEK|RAPGEF5,-0.44
MyList,GO Biological Processes,19,GO:1901653,cellular response to peptide,19_GO:0050896 response to stimulus,-2.7,5.6,4.4,30169,308,88,5,5.7,2.5,1663|4149|4804|8914|26060,DDX11|MAX|NGFR|TIMELESS|APPL1,-0.44
MyList,GO Biological Processes,19,GO:0048145,regulation of fibroblast proliferation,19_GO:0050789 regulation of biological process,-2.7,12,5.5,30169,87,88,3,3.4,1.9,648|4804|51548,BMI1|NGFR|SIRT6,-0.44
MyList,GO Biological Processes,19,GO:0048738,cardiac muscle tissue development,19_GO:0032502 developmental process,-2.7,7.4,4.7,30169,185,88,4,4.5,2.2,148|4634|51548|93649,ADRA1A|MYL3|SIRT6|MYOCD,-0.44
MyList,GO Biological Processes,19,GO:0008285,negative regulation of cell population proliferation,19_GO:0048519 negative regulation of biological process,-2.7,3.5,3.8,30169,790,88,8,9.1,3.1,148|4804|5610|7162|10891|51548|80781|93649,ADRA1A|NGFR|EIF2AK2|TPBG|PPARGC1A|SIRT6|COL18A1|MYOCD,-0.44
MyList,GO Biological Processes,19,GO:0055007,cardiac muscle cell differentiation,19_GO:0032502 developmental process,-2.7,12,5.4,30169,88,88,3,3.4,1.9,148|51548|93649,ADRA1A|SIRT6|MYOCD,-0.44
MyList,GO Biological Processes,19,GO:0035023,regulation of Rho protein signal transduction,19_GO:0023052 signaling,-2.7,12,5.4,30169,88,88,3,3.4,1.9,148|613|2150,ADRA1A|BCR|F2RL1,-0.44
MyList,GO Biological Processes,19,GO:1904018,positive regulation of vasculature development,19_GO:0032502 developmental process,-2.7,7.3,4.7,30169,187,88,4,4.5,2.2,7010|7082|51548|79924,TEK|TJP1|SIRT6|ADM2,-0.44
MyList,GO Biological Processes,19,GO:0045766,positive regulation of angiogenesis,19_GO:0032502 developmental process,-2.7,7.3,4.7,30169,187,88,4,4.5,2.2,7010|7082|51548|79924,TEK|TJP1|SIRT6|ADM2,-0.44
MyList,GO Biological Processes,19,GO:2001020,regulation of response to DNA damage stimulus,19_GO:0050896 response to stimulus,-2.7,5.5,4.3,30169,312,88,5,5.7,2.5,1663|8295|8451|8914|51548,DDX11|TRRAP|CUL4A|TIMELESS|SIRT6,-0.44
MyList,WikiPathways,27,WP2882,Nuclear receptors meta-pathway,,-2.6,5.5,4.3,30169,314,88,5,5.7,2.5,4791|6397|8202|8878|10891,NFKB2|SEC14L1|NCOA3|SQSTM1|PPARGC1A,-0.43
MyList,GO Biological Processes,19,GO:0051046,regulation of secretion,19_GO:0051179 localization,-2.6,3.9,3.9,30169,623,88,7,8,2.9,148|613|2150|9572|9619|23122|51548,ADRA1A|BCR|F2RL1|NR1D1|ABCG1|CLASP2|SIRT6,-0.43
MyList,GO Biological Processes,19,GO:0009416,response to light stimulus,19_GO:0050896 response to stimulus,-2.6,5.4,4.3,30169,315,88,5,5.7,2.5,3815|8451|22890|23259|51548,KIT|CUL4A|ZBTB1|DDHD2|SIRT6,-0.43
MyList,GO Biological Processes,19,GO:0009132,nucleoside diphosphate metabolic process,19_GO:0008152 metabolic process,-2.6,11,5.4,30169,90,88,3,3.4,1.9,9583|11164|51727,ENTPD4|NUDT5|CMPK1,-0.43
MyList,Reactome Gene Sets,6,R-HSA-428157,Sphingolipid metabolism,,-2.6,11,5.4,30169,90,88,3,3.4,1.9,410|2581|7357,ARSA|GALC|UGCG,-0.43
MyList,GO Biological Processes,19,GO:0008217,regulation of blood pressure,19_GO:0032501 multicellular organismal process,-2.6,7.2,4.6,30169,191,88,4,4.5,2.2,148|1816|2150|79924,ADRA1A|DRD5|F2RL1|ADM2,-0.43
MyList,GO Biological Processes,19,GO:0014706,striated muscle tissue development,19_GO:0032502 developmental process,-2.6,7.2,4.6,30169,191,88,4,4.5,2.2,148|4634|51548|93649,ADRA1A|MYL3|SIRT6|MYOCD,-0.43
MyList,GO Biological Processes,19,GO:0051276,chromosome organization,19_GO:0009987 cellular process,-2.6,4.4,4,30169,464,88,6,6.8,2.7,546|1663|2177|9184|51548|55746,ATRX|DDX11|FANCD2|BUB3|SIRT6|NUP133,-0.43
MyList,GO Biological Processes,19,GO:0034504,protein localization to nucleus,19_GO:0051179 localization,-2.6,7.1,4.6,30169,192,88,4,4.5,2.2,8878|26060|55746|56478,SQSTM1|APPL1|NUP133|EIF4ENIF1,-0.43
MyList,GO Biological Processes,19,GO:0046578,regulation of Ras protein signal transduction,19_GO:0023052 signaling,-2.6,7.1,4.6,30169,193,88,4,4.5,2.2,148|613|2150|8878,ADRA1A|BCR|F2RL1|SQSTM1,-0.43
MyList,GO Biological Processes,19,GO:0051402,neuron apoptotic process,19_GO:0009987 cellular process,-2.6,11,5.3,30169,92,88,3,3.4,1.9,4149|4804|10891,MAX|NGFR|PPARGC1A,-0.43
MyList,GO Biological Processes,19,GO:0043543,protein acylation,19_GO:0008152 metabolic process,-2.6,7,4.6,30169,196,88,4,4.5,2.2,648|8202|8295|55689,BMI1|NCOA3|TRRAP|YEATS2,-0.4
MyList,GO Biological Processes,19,GO:0006397,mRNA processing,19_GO:0008152 metabolic process,-2.6,4.3,4,30169,474,88,6,6.8,2.7,7884|10891|10949|23091|29101|79706,SLBP|PPARGC1A|HNRNPA0|ZC3H13|SSU72|PRKRIP1,-0.4
MyList,GO Biological Processes,19,GO:0060537,muscle tissue development,19_GO:0032502 developmental process,-2.6,5.2,4.2,30169,329,88,5,5.7,2.5,148|4634|8506|51548|93649,ADRA1A|MYL3|CNTNAP1|SIRT6|MYOCD,-0.39
MyList,Reactome Gene Sets,6,R-HSA-141444,Amplification  of signal from unattached  kinetochores via a MAD2  inhibitory signal,,-2.6,11,5.2,30169,96,88,3,3.4,1.9,9184|23122|55746,BUB3|CLASP2|NUP133,-0.39
MyList,Reactome Gene Sets,6,R-HSA-141424,Amplification of signal from the kinetochores,,-2.6,11,5.2,30169,96,88,3,3.4,1.9,9184|23122|55746,BUB3|CLASP2|NUP133,-0.39
MyList,GO Biological Processes,19,GO:0009895,negative regulation of catabolic process,19_GO:0048519 negative regulation of biological process,-2.5,5.2,4.1,30169,330,88,5,5.7,2.5,148|10949|51548|54888|56478,ADRA1A|HNRNPA0|SIRT6|NSUN2|EIF4ENIF1,-0.39
MyList,WikiPathways,27,WP3594,Circadian rhythm genes,,-2.5,6.8,4.5,30169,201,88,4,4.5,2.2,4804|8914|9572|10891,NGFR|TIMELESS|NR1D1|PPARGC1A,-0.38
MyList,GO Biological Processes,19,GO:0003158,endothelium development,19_GO:0032502 developmental process,-2.5,11,5.1,30169,97,88,3,3.4,1.9,2150|7082|80781,F2RL1|TJP1|COL18A1,-0.38
MyList,GO Biological Processes,19,GO:0030097,hemopoiesis,19_GO:0002376 immune system process,-2.5,3.7,3.8,30169,649,88,7,8,2.9,613|648|2150|3815|7010|8451|22890,BCR|BMI1|F2RL1|KIT|TEK|CUL4A|ZBTB1,-0.38
MyList,WikiPathways,27,WP4540,Hippo signaling regulation pathways,,-2.5,10,5.1,30169,98,88,3,3.4,1.9,3815|4804|7010,KIT|NGFR|TEK,-0.38
MyList,GO Biological Processes,19,GO:0042060,wound healing,19_GO:0050896 response to stimulus,-2.5,5.1,4.1,30169,334,88,5,5.7,2.5,309|966|1816|2150|7414,ANXA6|CD59|DRD5|F2RL1|VCL,-0.38
MyList,Reactome Gene Sets,6,R-HSA-73894,DNA Repair,,-2.5,5.1,4.1,30169,336,88,5,5.7,2.5,2177|8451|8914|51548|348654,FANCD2|CUL4A|TIMELESS|SIRT6|GEN1,-0.37
MyList,Reactome Gene Sets,6,R-HSA-15869,Metabolism of nucleotides,,-2.5,10,5.1,30169,99,88,3,3.4,1.9,9583|11164|51727,ENTPD4|NUDT5|CMPK1,-0.37
MyList,Reactome Gene Sets,6,R-HSA-397014,Muscle contraction,,-2.5,6.7,4.4,30169,205,88,4,4.5,2.2,309|489|4634|7414,ANXA6|ATP2A3|MYL3|VCL,-0.37
MyList,GO Biological Processes,19,GO:0042632,cholesterol homeostasis,19_GO:0065007 biological regulation,-2.5,10,5,30169,100,88,3,3.4,1.9,2494|9572|9619,NR5A2|NR1D1|ABCG1,-0.37
MyList,GO Biological Processes,19,GO:0007200,phospholipase C-activating G protein-coupled receptor signaling pathway,19_GO:0023052 signaling,-2.5,10,5,30169,100,88,3,3.4,1.9,148|1816|2150,ADRA1A|DRD5|F2RL1,-0.37
MyList,GO Biological Processes,19,GO:0051146,striated muscle cell differentiation,19_GO:0032502 developmental process,-2.5,6.6,4.4,30169,207,88,4,4.5,2.2,148|8506|51548|93649,ADRA1A|CNTNAP1|SIRT6|MYOCD,-0.37
MyList,GO Biological Processes,19,GO:0055092,sterol homeostasis,19_GO:0065007 biological regulation,-2.5,10,5,30169,101,88,3,3.4,1.9,2494|9572|9619,NR5A2|NR1D1|ABCG1,-0.37
MyList,GO Biological Processes,19,GO:0072594,establishment of protein localization to organelle,19_GO:0051179 localization,-2.5,5,4,30169,341,88,5,5.7,2.5,4074|8878|26060|55746|56478,M6PR|SQSTM1|APPL1|NUP133|EIF4ENIF1,-0.37
MyList,GO Biological Processes,19,GO:0042593,glucose homeostasis,19_GO:0065007 biological regulation,-2.5,6.6,4.4,30169,209,88,4,4.5,2.2,4804|9572|10891|51548,NGFR|NR1D1|PPARGC1A|SIRT6,-0.37
MyList,GO Biological Processes,19,GO:0043410,positive regulation of MAPK cascade,19_GO:0023052 signaling,-2.5,4.1,3.8,30169,496,88,6,6.8,2.7,148|2150|3815|5610|7010|7162,ADRA1A|F2RL1|KIT|EIF2AK2|TEK|TPBG,-0.37
MyList,GO Biological Processes,19,GO:0019218,regulation of steroid metabolic process,19_GO:0008152 metabolic process,-2.5,10,5,30169,102,88,3,3.4,1.9,3815|9572|9619,KIT|NR1D1|ABCG1,-0.37
MyList,GO Biological Processes,19,GO:0070997,neuron death,19_GO:0009987 cellular process,-2.5,10,5,30169,102,88,3,3.4,1.9,4149|4804|10891,MAX|NGFR|PPARGC1A,-0.37
MyList,GO Biological Processes,19,GO:0033500,carbohydrate homeostasis,19_GO:0065007 biological regulation,-2.5,6.5,4.3,30169,210,88,4,4.5,2.2,4804|9572|10891|51548,NGFR|NR1D1|PPARGC1A|SIRT6,-0.37
MyList,GO Biological Processes,19,GO:0008016,regulation of heart contraction,19_GO:0032501 multicellular organismal process,-2.5,6.5,4.3,30169,210,88,4,4.5,2.2,148|489|4634|79924,ADRA1A|ATP2A3|MYL3|ADM2,-0.37
MyList,KEGG Pathway,24,hsa04015,Rap1 signaling pathway,,-2.5,6.5,4.3,30169,210,88,4,4.5,2.2,3815|4804|7010|9771,KIT|NGFR|TEK|RAPGEF5,-0.37
MyList,GO Biological Processes,19,GO:0031396,regulation of protein ubiquitination,19_GO:0008152 metabolic process,-2.5,6.5,4.3,30169,210,88,4,4.5,2.2,648|8878|9184|84259,BMI1|SQSTM1|BUB3|DCUN1D5,-0.37
MyList,GO Biological Processes,19,GO:0044089,positive regulation of cellular component biogenesis,19_GO:0048518 positive regulation of biological process,-2.5,4.1,3.8,30169,498,88,6,6.8,2.7,2150|3815|7010|7162|23122|57606,F2RL1|KIT|TEK|TPBG|CLASP2|SLAIN2,-0.37
MyList,GO Biological Processes,19,GO:0006664,glycolipid metabolic process,19_GO:0008152 metabolic process,-2.5,10,4.9,30169,103,88,3,3.4,1.9,2581|3815|7357,GALC|KIT|UGCG,-0.37
MyList,GO Biological Processes,19,GO:0050764,regulation of phagocytosis,19_GO:0051179 localization,-2.5,10,4.9,30169,103,88,3,3.4,1.9,613|2150|26060,BCR|F2RL1|APPL1,-0.37
MyList,GO Biological Processes,19,GO:1903509,liposaccharide metabolic process,19_GO:0008152 metabolic process,-2.5,9.9,4.9,30169,104,88,3,3.4,1.9,2581|3815|7357,GALC|KIT|UGCG,-0.36
MyList,GO Biological Processes,19,GO:0017157,regulation of exocytosis,19_GO:0051179 localization,-2.5,6.4,4.3,30169,213,88,4,4.5,2.2,148|613|2150|23122,ADRA1A|BCR|F2RL1|CLASP2,-0.36
MyList,GO Biological Processes,19,GO:2001252,positive regulation of chromosome organization,19_GO:0048518 positive regulation of biological process,-2.4,9.7,4.9,30169,106,88,3,3.4,1.9,546|1663|51548,ATRX|DDX11|SIRT6,-0.34
MyList,GO Biological Processes,19,GO:0031347,regulation of defense response,19_GO:0050896 response to stimulus,-2.4,3.5,3.6,30169,680,88,7,8,2.9,613|2150|2177|6397|7010|9572|26060,BCR|F2RL1|FANCD2|SEC14L1|TEK|NR1D1|APPL1,-0.34
MyList,GO Biological Processes,19,GO:0007586,digestion,19_GO:0032501 multicellular organismal process,-2.4,9.5,4.8,30169,108,88,3,3.4,1.9,7357|10891|79924,UGCG|PPARGC1A|ADM2,-0.32
MyList,GO Biological Processes,19,GO:0007346,regulation of mitotic cell cycle,19_GO:0050789 regulation of biological process,-2.4,4,3.7,30169,517,88,6,6.8,2.7,2177|8451|9184|26060|64848|348654,FANCD2|CUL4A|BUB3|APPL1|YTHDC2|GEN1,-0.31
MyList,GO Biological Processes,19,GO:0032543,mitochondrial translation,19_GO:0008152 metabolic process,-2.4,9.3,4.7,30169,110,88,3,3.4,1.9,51023|55278|219927,MRPS18C|QRSL1|MRPL21,-0.3
MyList,GO Biological Processes,19,GO:0070374,positive regulation of ERK1 and ERK2 cascade,19_GO:0023052 signaling,-2.4,6.1,4.2,30169,223,88,4,4.5,2.2,148|2150|7010|7162,ADRA1A|F2RL1|TEK|TPBG,-0.3
MyList,GO Biological Processes,19,GO:0045787,positive regulation of cell cycle,19_GO:0048518 positive regulation of biological process,-2.4,4.7,3.9,30169,362,88,5,5.7,2.5,546|1663|8451|64848|348654,ATRX|DDX11|CUL4A|YTHDC2|GEN1,-0.3
MyList,KEGG Pathway,24,hsa04080,Neuroactive ligand-receptor interaction,,-2.4,4.7,3.9,30169,362,88,5,5.7,2.5,148|1816|2150|79924|84109,ADRA1A|DRD5|F2RL1|ADM2|QRFPR,-0.3
MyList,GO Biological Processes,19,GO:0014066,regulation of phosphatidylinositol 3-kinase signaling,19_GO:0023052 signaling,-2.4,9.3,4.7,30169,111,88,3,3.4,1.9,2150|3815|7010,F2RL1|KIT|TEK,-0.3
MyList,GO Biological Processes,19,GO:0016570,histone modification,19_GO:0008152 metabolic process,-2.4,4.7,3.9,30169,364,88,5,5.7,2.5,648|8202|8295|51548|55689,BMI1|NCOA3|TRRAP|SIRT6|YEATS2,-0.3
MyList,GO Biological Processes,19,GO:0001678,cellular glucose homeostasis,19_GO:0065007 biological regulation,-2.4,9.2,4.7,30169,112,88,3,3.4,1.9,4804|9572|10891,NGFR|NR1D1|PPARGC1A,-0.3
MyList,GO Biological Processes,19,GO:0006468,protein phosphorylation,19_GO:0008152 metabolic process,-2.4,3.4,3.5,30169,701,88,7,8,2.9,613|3815|5610|6098|7010|8878|79924,BCR|KIT|EIF2AK2|ROS1|TEK|SQSTM1|ADM2,-0.29
MyList,Reactome Gene Sets,6,R-HSA-69618,Mitotic Spindle Checkpoint,,-2.4,9.1,4.7,30169,113,88,3,3.4,1.9,9184|23122|55746,BUB3|CLASP2|NUP133,-0.29
MyList,KEGG Pathway,24,hsa05200,Pathways in cancer,,-2.3,3.9,3.6,30169,531,88,6,6.8,2.7,613|3815|4149|4791|8202|26060,BCR|KIT|MAX|NFKB2|NCOA3|APPL1,-0.27
MyList,GO Biological Processes,19,GO:0033365,protein localization to organelle,19_GO:0051179 localization,-2.3,3.4,3.5,30169,709,88,7,8,2.9,546|4074|8878|9184|26060|55746|56478,ATRX|M6PR|SQSTM1|BUB3|APPL1|NUP133|EIF4ENIF1,-0.27
MyList,GO Biological Processes,19,GO:0055082,cellular chemical homeostasis,19_GO:0065007 biological regulation,-2.3,3.8,3.6,30169,537,88,6,6.8,2.7,309|489|1816|4804|9572|10891,ANXA6|ATP2A3|DRD5|NGFR|NR1D1|PPARGC1A,-0.26
MyList,Reactome Gene Sets,6,R-HSA-9648025,EML4 and NUDC in mitotic spindle formation,,-2.3,8.8,4.6,30169,117,88,3,3.4,1.9,9184|23122|55746,BUB3|CLASP2|NUP133,-0.26
MyList,Reactome Gene Sets,6,R-HSA-1989781,PPARA activates gene expression,,-2.3,8.8,4.6,30169,117,88,3,3.4,1.9,8202|9572|10891,NCOA3|NR1D1|PPARGC1A,-0.26
MyList,KEGG Pathway,24,hsa04014,Ras signaling pathway,,-2.3,5.8,4,30169,235,88,4,4.5,2.2,3815|4804|7010|9771,KIT|NGFR|TEK|RAPGEF5,-0.25
MyList,GO Biological Processes,19,GO:0035051,cardiocyte differentiation,19_GO:0032502 developmental process,-2.3,8.7,4.5,30169,118,88,3,3.4,1.9,148|51548|93649,ADRA1A|SIRT6|MYOCD,-0.25
MyList,Reactome Gene Sets,6,R-HSA-400206,Regulation of lipid metabolism by PPARalpha,,-2.3,8.6,4.5,30169,119,88,3,3.4,1.9,8202|9572|10891,NCOA3|NR1D1|PPARGC1A,-0.24
MyList,GO Biological Processes,19,GO:0000904,cell morphogenesis involved in differentiation,19_GO:0032502 developmental process,-2.3,3.8,3.5,30169,544,88,6,6.8,2.7,4804|7010|7162|7414|8506|80781,NGFR|TEK|TPBG|VCL|CNTNAP1|COL18A1,-0.24
MyList,GO Biological Processes,19,GO:1901988,negative regulation of cell cycle phase transition,19_GO:0048519 negative regulation of biological process,-2.3,5.7,4,30169,239,88,4,4.5,2.2,2177|8914|9184|54888,FANCD2|TIMELESS|BUB3|NSUN2,-0.23
MyList,GO Biological Processes,19,GO:0080135,regulation of cellular response to stress,19_GO:0050896 response to stimulus,-2.3,3.3,3.4,30169,726,88,7,8,2.9,1663|2150|5610|8295|8451|8914|51548,DDX11|F2RL1|EIF2AK2|TRRAP|CUL4A|TIMELESS|SIRT6,-0.23
MyList,Reactome Gene Sets,6,R-HSA-8951664,Neddylation,,-2.3,5.7,4,30169,240,88,4,4.5,2.2,8451|8878|55958|84259,CUL4A|SQSTM1|KLHL9|DCUN1D5,-0.23
MyList,GO Biological Processes,19,GO:0002703,regulation of leukocyte mediated immunity,19_GO:0002376 immune system process,-2.3,5.7,4,30169,241,88,4,4.5,2.2,613|2150|3815|22890,BCR|F2RL1|KIT|ZBTB1,-0.23
MyList,GO Biological Processes,19,GO:0002698,negative regulation of immune effector process,19_GO:0002376 immune system process,-2.3,8.4,4.4,30169,122,88,3,3.4,1.9,613|966|26060,BCR|CD59|APPL1,-0.23
MyList,GO Biological Processes,19,GO:0007043,cell-cell junction assembly,19_GO:0009987 cellular process,-2.2,8.3,4.4,30169,124,88,3,3.4,1.9,7082|7414|8506,TJP1|VCL|CNTNAP1,-0.21
MyList,GO Biological Processes,19,GO:0031330,negative regulation of cellular catabolic process,19_GO:0048519 negative regulation of biological process,-2.2,5.6,3.9,30169,245,88,4,4.5,2.2,148|10949|54888|56478,ADRA1A|HNRNPA0|NSUN2|EIF4ENIF1,-0.21
MyList,GO Biological Processes,19,GO:0006913,nucleocytoplasmic transport,19_GO:0051179 localization,-2.2,5.6,3.9,30169,246,88,4,4.5,2.2,8878|26060|55746|56478,SQSTM1|APPL1|NUP133|EIF4ENIF1,-0.21
MyList,GO Biological Processes,19,GO:0051169,nuclear transport,19_GO:0051179 localization,-2.2,5.6,3.9,30169,246,88,4,4.5,2.2,8878|26060|55746|56478,SQSTM1|APPL1|NUP133|EIF4ENIF1,-0.21
MyList,GO Biological Processes,19,GO:0001952,regulation of cell-matrix adhesion,19_GO:0050789 regulation of biological process,-2.2,8.2,4.4,30169,125,88,3,3.4,1.9,7010|7414|23122,TEK|VCL|CLASP2,-0.21
MyList,Reactome Gene Sets,6,R-HSA-2500257,Resolution of Sister Chromatid Cohesion,,-2.2,8.2,4.4,30169,126,88,3,3.4,1.9,9184|23122|55746,BUB3|CLASP2|NUP133,-0.2
MyList,Reactome Gene Sets,6,R-HSA-556833,Metabolism of lipids,,-2.2,3.2,3.3,30169,743,88,7,8,2.9,410|2581|7357|8202|9572|10891|23259,ARSA|GALC|UGCG|NCOA3|NR1D1|PPARGC1A|DDHD2,-0.2
MyList,GO Biological Processes,19,GO:0009755,hormone-mediated signaling pathway,19_GO:0023052 signaling,-2.2,8,4.3,30169,128,88,3,3.4,1.9,2494|9572|26060,NR5A2|NR1D1|APPL1,-0.19
MyList,GO Biological Processes,19,GO:1903320,regulation of protein modification by small protein conjugation or removal,19_GO:0008152 metabolic process,-2.2,5.4,3.8,30169,252,88,4,4.5,2.2,648|8878|9184|84259,BMI1|SQSTM1|BUB3|DCUN1D5,-0.18
MyList,GO Biological Processes,19,GO:0050714,positive regulation of protein secretion,19_GO:0051179 localization,-2.2,8,4.3,30169,129,88,3,3.4,1.9,2150|9619|51548,F2RL1|ABCG1|SIRT6,-0.18
MyList,Reactome Gene Sets,6,R-HSA-5693567,HDR through Homologous Recombination (HRR) or Single Strand Annealing (SSA),,-2.2,7.8,4.2,30169,132,88,3,3.4,1.9,8914|51548|348654,TIMELESS|SIRT6|GEN1,-0.16
MyList,GO Biological Processes,19,GO:0070555,response to interleukin-1,19_GO:0050896 response to stimulus,-2.2,7.8,4.2,30169,132,88,3,3.4,1.9,648|9572|64848,BMI1|NR1D1|YTHDC2,-0.16
MyList,GO Biological Processes,19,GO:0050708,regulation of protein secretion,19_GO:0051179 localization,-2.2,5.3,3.8,30169,257,88,4,4.5,2.2,2150|9572|9619|51548,F2RL1|NR1D1|ABCG1|SIRT6,-0.16
MyList,GO Biological Processes,19,GO:0000018,regulation of DNA recombination,19_GO:0008152 metabolic process,-2.2,7.7,4.2,30169,133,88,3,3.4,1.9,8295|8914|51548,TRRAP|TIMELESS|SIRT6,-0.15
MyList,GO Biological Processes,19,GO:1903522,regulation of blood circulation,19_GO:0032501 multicellular organismal process,-2.2,5.3,3.8,30169,259,88,4,4.5,2.2,148|489|4634|79924,ADRA1A|ATP2A3|MYL3|ADM2,-0.15
MyList,GO Biological Processes,19,GO:0090068,positive regulation of cell cycle process,19_GO:0048518 positive regulation of biological process,-2.1,5.3,3.7,30169,260,88,4,4.5,2.2,546|1663|8451|348654,ATRX|DDX11|CUL4A|GEN1,-0.15
MyList,GO Biological Processes,19,GO:0009582,detection of abiotic stimulus,19_GO:0050896 response to stimulus,-2.1,7.7,4.2,30169,134,88,3,3.4,1.9,3815|4804|8914,KIT|NGFR|TIMELESS,-0.15
MyList,GO Biological Processes,19,GO:0051347,positive regulation of transferase activity,19_GO:0065007 biological regulation,-2.1,3.5,3.3,30169,586,88,6,6.8,2.7,148|648|3815|6098|7010|84259,ADRA1A|BMI1|KIT|ROS1|TEK|DCUN1D5,-0.14
MyList,GO Biological Processes,19,GO:0043588,skin development,19_GO:0032502 developmental process,-2.1,5.2,3.7,30169,263,88,4,4.5,2.2,613|4804|7357|54888,BCR|NGFR|UGCG|NSUN2,-0.14
MyList,GO Biological Processes,19,GO:0010565,regulation of cellular ketone metabolic process,19_GO:0008152 metabolic process,-2.1,7.6,4.1,30169,136,88,3,3.4,1.9,9572|10891|160760,NR1D1|PPARGC1A|PPTC7,-0.14
MyList,GO Biological Processes,19,GO:0051091,positive regulation of DNA-binding transcription factor activity,19_GO:0008152 metabolic process,-2.1,5.2,3.7,30169,266,88,4,4.5,2.2,3815|5610|10891|93649,KIT|EIF2AK2|PPARGC1A|MYOCD,-0.12
MyList,Reactome Gene Sets,6,R-HSA-5693538,Homology Directed Repair,,-2.1,7.5,4.1,30169,138,88,3,3.4,1.9,8914|51548|348654,TIMELESS|SIRT6|GEN1,-0.12
MyList,Reactome Gene Sets,6,R-HSA-2262752,Cellular responses to stress,,-2.1,3.1,3.2,30169,784,88,7,8,2.9,648|1663|6161|8878|9572|10891|55746,BMI1|DDX11|RPL32|SQSTM1|NR1D1|PPARGC1A|NUP133,-0.11
MyList,GO Biological Processes,19,GO:0002705,positive regulation of leukocyte mediated immunity,19_GO:0002376 immune system process,-2.1,7.3,4.1,30169,140,88,3,3.4,1.9,2150|3815|22890,F2RL1|KIT|ZBTB1,-0.11
MyList,Reactome Gene Sets,6,R-HSA-5663220,RHO GTPases Activate Formins,,-2.1,7.3,4.1,30169,140,88,3,3.4,1.9,9184|23122|55746,BUB3|CLASP2|NUP133,-0.11
MyList,GO Biological Processes,19,GO:0034329,cell junction assembly,19_GO:0009987 cellular process,-2.1,5.1,3.6,30169,270,88,4,4.5,2.2,613|7082|7414|8506,BCR|TJP1|VCL|CNTNAP1,-0.11
MyList,GO Biological Processes,19,GO:0140053,mitochondrial gene expression,19_GO:0008152 metabolic process,-2.1,7.3,4.1,30169,141,88,3,3.4,1.9,51023|55278|219927,MRPS18C|QRSL1|MRPL21,-0.11
MyList,GO Biological Processes,19,GO:0031348,negative regulation of defense response,19_GO:0048519 negative regulation of biological process,-2.1,5,3.6,30169,272,88,4,4.5,2.2,613|6397|7010|9572,BCR|SEC14L1|TEK|NR1D1,-0.1
MyList,GO Biological Processes,19,GO:0007611,learning or memory,19_GO:0032501 multicellular organismal process,-2.1,5,3.6,30169,273,88,4,4.5,2.2,1816|3815|7162|23259,DRD5|KIT|TPBG|DDHD2,-0.099
MyList,GO Biological Processes,19,GO:0007189,adenylate cyclase-activating G protein-coupled receptor signaling pathway,19_GO:0023052 signaling,-2.1,7.2,4,30169,143,88,3,3.4,1.9,148|1816|79924,ADRA1A|DRD5|ADM2,-0.097
MyList,GO Biological Processes,19,GO:0042692,muscle cell differentiation,19_GO:0032502 developmental process,-2.1,5,3.6,30169,274,88,4,4.5,2.2,148|8506|51548|93649,ADRA1A|CNTNAP1|SIRT6|MYOCD,-0.097
MyList,GO Biological Processes,19,GO:0040017,positive regulation of locomotion,19_GO:0040011 locomotion,-2.1,3.4,3.2,30169,607,88,6,6.8,2.7,2150|3815|7010|7082|7162|23122,F2RL1|KIT|TEK|TJP1|TPBG|CLASP2,-0.09
MyList,Reactome Gene Sets,6,R-HSA-8953897,Cellular responses to stimuli,,-2.1,3,3.1,30169,798,88,7,8,2.9,648|1663|6161|8878|9572|10891|55746,BMI1|DDX11|RPL32|SQSTM1|NR1D1|PPARGC1A|NUP133,-0.09
MyList,GO Biological Processes,19,GO:0032102,negative regulation of response to external stimulus,19_GO:0048519 negative regulation of biological process,-2.1,4,3.4,30169,433,88,5,5.7,2.5,613|6397|7010|9572|23122,BCR|SEC14L1|TEK|NR1D1|CLASP2,-0.09
MyList,GO Biological Processes,19,GO:1903305,regulation of regulated secretory pathway,19_GO:0051179 localization,-2.1,7.1,4,30169,145,88,3,3.4,1.9,148|613|2150,ADRA1A|BCR|F2RL1,-0.09
MyList,GO Biological Processes,19,GO:0043414,macromolecule methylation,19_GO:0008152 metabolic process,-2.1,5,3.6,30169,277,88,4,4.5,2.2,546|648|23091|54888,ATRX|BMI1|ZC3H13|NSUN2,-0.09
MyList,GO Biological Processes,19,GO:1903532,positive regulation of secretion by cell,19_GO:0051179 localization,-2,4.9,3.6,30169,278,88,4,4.5,2.2,2150|9619|23122|51548,F2RL1|ABCG1|CLASP2|SIRT6,-0.086
MyList,GO Biological Processes,19,GO:0002274,myeloid leukocyte activation,19_GO:0002376 immune system process,-2,7,4,30169,146,88,3,3.4,1.9,613|2150|3815,BCR|F2RL1|KIT,-0.086
MyList,GO Biological Processes,19,GO:0097746,blood vessel diameter maintenance,19_GO:0032501 multicellular organismal process,-2,7,3.9,30169,147,88,3,3.4,1.9,148|1816|2150,ADRA1A|DRD5|F2RL1,-0.085
MyList,KEGG Pathway,24,hsa05224,Breast cancer,,-2,7,3.9,30169,147,88,3,3.4,1.9,3815|4791|8202,KIT|NFKB2|NCOA3,-0.085
MyList,GO Biological Processes,19,GO:0035296,regulation of tube diameter,19_GO:0065007 biological regulation,-2,7,3.9,30169,147,88,3,3.4,1.9,148|1816|2150,ADRA1A|DRD5|F2RL1,-0.085
MyList,GO Biological Processes,19,GO:0120161,regulation of cold-induced thermogenesis,19_GO:0032501 multicellular organismal process,-2,7,3.9,30169,147,88,3,3.4,1.9,9572|10891|51548,NR1D1|PPARGC1A|SIRT6,-0.085
MyList,GO Biological Processes,19,GO:0035150,regulation of tube size,19_GO:0065007 biological regulation,-2,6.9,3.9,30169,148,88,3,3.4,1.9,148|1816|2150,ADRA1A|DRD5|F2RL1,-0.079
MyList,GO Biological Processes,19,GO:0009411,response to UV,19_GO:0050896 response to stimulus,-2,6.9,3.9,30169,149,88,3,3.4,1.9,8451|22890|51548,CUL4A|ZBTB1|SIRT6,-0.074
MyList,GO Biological Processes,19,GO:0034655,nucleobase-containing compound catabolic process,19_GO:0008152 metabolic process,-2,4.8,3.5,30169,283,88,4,4.5,2.2,9583|9652|11164|23211,ENTPD4|SKIC3|NUDT5|ZC3H4,-0.074
MyList,GO Biological Processes,19,GO:0007005,mitochondrion organization,19_GO:0009987 cellular process,-2,3.9,3.3,30169,442,88,5,5.7,2.5,8506|8878|10891|10981|23259,CNTNAP1|SQSTM1|PPARGC1A|RAB32|DDHD2,-0.074
MyList,GO Biological Processes,19,GO:0010821,regulation of mitochondrion organization,19_GO:0050789 regulation of biological process,-2,6.9,3.9,30169,150,88,3,3.4,1.9,8878|10891|23259,SQSTM1|PPARGC1A|DDHD2,-0.071
MyList,KEGG Pathway,24,hsa04261,Adrenergic signaling in cardiomyocytes,,-2,6.9,3.9,30169,150,88,3,3.4,1.9,148|489|4634,ADRA1A|ATP2A3|MYL3,-0.071
