_MEMBER_MyList,_LogP_MyList,GO,_PATTERN_,_RANK_,GiniIndex,Category,CategoryID,Description,PARENT_GO,LogP,Enrichment,Z-score,#TotalGeneInLibrary,#GeneInGO,#GeneInHitList,#GeneInGOAndHitList,%InGO,STDV %InGO,GeneID,Hits,Log(q-value),EvidenceCutoff
1,-3.3,COVID017,M1,1,0,COVID,200,RNA_Blanco-Melo_Lung_Down,,-3.3,11,6.1,30182,259,42,4,9.5,4.5,2185|4599|8820|51347,PTK2B|MX1|HESX1|TAOK3,-0.67,0
1,-3.1,COVID050,M1,1,0,COVID,200,RNA_Wyler_Calu-3_24h_Up,,-3.1,9.6,5.6,30182,300,42,4,9.5,4.5,2887|4599|7098|10818,GRB10|MX1|TLR3|FRS2,-0.56,0
1,-2.4,COVID011,M1,1,0,COVID,200,RNA_Blanco-Melo_A549-ACE2-ruxolitinib_Down,,-2.4,9.3,4.7,30182,233,42,3,7.1,4,2185|4599|7098,PTK2B|MX1|TLR3,-0.15,0
1,-2.1,COVID008,M1,1,0,COVID,200,RNA_Blanco-Melo_A549_Up,,-2.1,7.2,4,30182,300,42,3,7.1,4,287|2887|89795,ANK2|GRB10|NAV3,-0.0028,0
1,-2.1,COVID040,M1,1,0,COVID,200,RNA_Sun_Calu-3_24h_Up,,-2.1,7.2,4,30182,300,42,3,7.1,4,2887|4599|10818,GRB10|MX1|FRS2,-0.0028,0
1,-2.1,COVID048,M1,1,0,COVID,200,RNA_Wyler_Calu-3_12h_Up,,-2.1,7.2,4,30182,300,42,3,7.1,4,4599|7098|10818,MX1|TLR3|FRS2,-0.0028,0
1,-2.1,COVID054,M1,1,0,COVID,200,RNA_Xiong_PBMC_Up,,-2.1,7.2,4,30182,300,42,3,7.1,4,2887|4605|5468,GRB10|MYBL2|PPARG,-0.0028,0
