_MEMBER_MyList,_LogP_MyList,GO,_PATTERN_,_RANK_,GiniIndex,Category,CategoryID,Description,PARENT_GO,LogP,Enrichment,Z-score,#TotalGeneInLibrary,#GeneInGO,#GeneInHitList,#GeneInGOAndHitList,%InGO,STDV %InGO,GeneID,Hits,Log(q-value),EvidenceCutoff,GROUP_ID,FirstInGroupByEnrichment,FirstInGroupByLogP,BestLogPInGroup,BestEnrichmentInGroup,URL
1,-5.229575095493695,GO:0010564,M1,1,0,GO Biological Processes,19,regulation of cell cycle process,19_GO:0050789 regulation of biological process,-5.229575095493695,3.9980121918897424,5.894091420234467,30169,735,154,15,9.74025974025974,2.3893069611634155,546|1663|2177|2273|5314|8451|8914|9184|26060|26073|54888|55872|55958|79187|348654,ATRX|DDX11|FANCD2|FHL1|PKHD1|CUL4A|TIMELESS|BUB3|APPL1|POLDIP2|NSUN2|PBK|KLHL9|FSD1|GEN1,-0.8818353775736429,0,1,1,1,-5.229575095493695,5.121636533401239,
1,-3.2534777082066015,GO:1901987,M1,1,0,GO Biological Processes,19,regulation of cell cycle phase transition,19_GO:0050789 regulation of biological process,-3.2534777082066015,3.8921045841575648,4.442550428427208,30169,453,154,9,5.8441558441558445,1.890271448391109,2177|2273|8451|8914|9184|26060|54888|55872|348654,FANCD2|FHL1|CUL4A|TIMELESS|BUB3|APPL1|NSUN2|PBK|GEN1,-0.35289602162876843,0,1,0,0,-5.229575095493695,5.121636533401239,
1,-3.138125750495703,GO:0045786,M1,1,0,GO Biological Processes,19,negative regulation of cell cycle,19_GO:0048519 negative regulation of biological process,-3.138125750495703,4.16814037026803,4.427980156684502,30169,376,154,8,5.194805194805195,1.7882998500508371,546|2177|2273|8914|9184|54888|64848|93649,ATRX|FANCD2|FHL1|TIMELESS|BUB3|NSUN2|YTHDC2|MYOCD,-0.3344540769259263,0,1,0,0,-5.229575095493695,5.121636533401239,
1,-2.8518260478992654,GO:0007346,M1,1,0,GO Biological Processes,19,regulation of mitotic cell cycle,19_GO:0050789 regulation of biological process,-2.8518260478992654,3.410296666582934,3.9596173835894293,30169,517,154,9,5.8441558441558445,1.890271448391109,2177|2273|8451|9184|26060|26073|55872|64848|348654,FANCD2|FHL1|CUL4A|BUB3|APPL1|POLDIP2|PBK|YTHDC2|GEN1,-0.25651946540118975,0,1,0,0,-5.229575095493695,5.121636533401239,
1,-2.4298763919190858,GO:0010948,M1,1,0,GO Biological Processes,19,negative regulation of cell cycle process,19_GO:0048519 negative regulation of biological process,-2.4298763919190858,4.081304112554112,3.7635499984385143,30169,288,154,6,3.896103896103896,1.5592846429275922,546|2177|2273|8914|9184|54888,ATRX|FANCD2|FHL1|TIMELESS|BUB3|NSUN2,-0.15032253574519522,0,1,0,0,-5.229575095493695,5.121636533401239,
1,-2.1083653514762397,GO:1901988,M1,1,0,GO Biological Processes,19,negative regulation of cell cycle phase transition,19_GO:0048519 negative regulation of biological process,-2.1083653514762397,4.098380698799109,3.4446477450558772,30169,239,154,5,3.2467532467532467,1.428226395414461,2177|2273|8914|9184|54888,FANCD2|FHL1|TIMELESS|BUB3|NSUN2,0.0,0,1,0,0,-5.229575095493695,5.121636533401239,
1,-2.098857097663302,GO:0000075,M1,1,0,GO Biological Processes,19,cell cycle checkpoint signaling,19_GO:0023052 signaling,-2.098857097663302,5.121636533401239,3.6610313193473836,30169,153,154,4,2.5974025974025974,1.281724081090459,2177|8914|9184|54888,FANCD2|TIMELESS|BUB3|NSUN2,0.0,0,1,0,0,-5.229575095493695,5.121636533401239,
1,-2.0360877958514267,GO:0051321,M1,1,0,GO Biological Processes,19,meiotic cell cycle,19_GO:0022414 reproductive process,-2.0360877958514267,3.933787096437699,3.3297522367335537,30169,249,154,5,3.2467532467532467,1.428226395414461,546|2177|9184|54888|64848,ATRX|FANCD2|BUB3|NSUN2|YTHDC2,0.0,0,1,0,0,-5.229575095493695,5.121636533401239,
1,-4.900028337853852,GO:0010638,M1,1,0,GO Biological Processes,19,positive regulation of organelle organization,19_GO:0048518 positive regulation of biological process,-4.900028337853852,4.627620411084978,5.906432495688684,30169,508,154,12,7.792207792207792,2.15999981503101,546|1663|2150|6101|7010|8100|10300|10891|23259|51548|57606|89848,ATRX|DDX11|F2RL1|RP1|TEK|IFT88|KATNB1|PPARGC1A|DDHD2|SIRT6|SLAIN2|FCHSD1,-0.8533186155977812,0,2,1,1,-4.900028337853852,10.494782003710574,
1,-3.5958470354448595,GO:0044089,M1,1,0,GO Biological Processes,19,positive regulation of cellular component biogenesis,19_GO:0048518 positive regulation of biological process,-3.5958470354448595,3.933787096437699,4.728698451243285,30169,498,154,10,6.4935064935064934,1.985638408198541,2150|3815|6101|7010|7162|8100|23122|26073|57606|89848,F2RL1|KIT|RP1|TEK|TPBG|IFT88|CLASP2|POLDIP2|SLAIN2|FCHSD1,-0.36231762228120706,0,2,0,0,-4.900028337853852,10.494782003710574,
1,-2.728608316645579,GO:0051493,M1,1,0,GO Biological Processes,19,regulation of cytoskeleton organization,19_GO:0050789 regulation of biological process,-2.728608316645579,3.271100884273426,3.8109164679507264,30169,539,154,9,5.8441558441558445,1.890271448391109,2150|7010|7082|10300|23122|57606|79187|89848|123016,F2RL1|TEK|TJP1|KATNB1|CLASP2|SLAIN2|FSD1|FCHSD1|TTC8,-0.25651946540118975,0,2,0,0,-4.900028337853852,10.494782003710574,
1,-2.717741259890343,GO:0000226,M1,1,0,GO Biological Processes,19,microtubule cytoskeleton organization,19_GO:0009987 cellular process,-2.717741259890343,3.259008089876852,3.7977790727971947,30169,541,154,9,5.8441558441558445,1.890271448391109,546|5314|6101|10300|23122|26073|54986|57606|79187,ATRX|PKHD1|RP1|KATNB1|CLASP2|POLDIP2|ULK4|SLAIN2|FSD1,-0.25651946540118975,0,2,0,0,-4.900028337853852,10.494782003710574,
1,-2.7164369396998747,GO:0032886,M1,1,0,GO Biological Processes,19,regulation of microtubule-based process,19_GO:0050789 regulation of biological process,-2.7164369396998747,4.6643475572046995,4.184102884210429,30169,252,154,6,3.896103896103896,1.5592846429275922,5314|10300|23122|57606|79187|348654,PKHD1|KATNB1|CLASP2|SLAIN2|FSD1|GEN1,-0.25651946540118975,0,2,0,0,-4.900028337853852,10.494782003710574,
1,-2.5278503979697566,GO:0031109,M1,1,0,GO Biological Processes,19,microtubule polymerization or depolymerization,19_GO:0009987 cellular process,-2.5278503979697566,10.494782003710574,5.0940880301219655,30169,56,154,3,1.948051948051948,1.1136994873553736,10300|23122|57606,KATNB1|CLASP2|SLAIN2,-0.19181305181949243,0,2,0,0,-4.900028337853852,10.494782003710574,
1,-2.4772286469289666,GO:0051495,M1,1,0,GO Biological Processes,19,positive regulation of cytoskeleton organization,19_GO:0048518 positive regulation of biological process,-2.4772286469289666,5.023143523143523,4.037150377513142,30169,195,154,5,3.2467532467532467,1.428226395414461,2150|7010|10300|57606|89848,F2RL1|TEK|KATNB1|SLAIN2|FCHSD1,-0.1711484939852563,0,2,0,0,-4.900028337853852,10.494782003710574,
1,-2.4336217190297345,GO:1902903,M1,1,0,GO Biological Processes,19,regulation of supramolecular fiber organization,19_GO:0050789 regulation of biological process,-2.4336217190297345,3.571141098484848,3.6320947271149744,30169,384,154,7,4.545454545454546,1.6785203315363553,2150|7082|10300|23122|57606|89848|123016,F2RL1|TJP1|KATNB1|CLASP2|SLAIN2|FCHSD1|TTC8,-0.1503399903366007,0,2,0,0,-4.900028337853852,10.494782003710574,
1,-2.4025970624917017,GO:0031122,M1,1,0,GO Biological Processes,19,cytoplasmic microtubule organization,19_GO:0009987 cellular process,-2.4025970624917017,9.479157938835359,4.787174677146322,30169,62,154,3,1.948051948051948,1.1136994873553736,10300|57606|79187,KATNB1|SLAIN2|FSD1,-0.1376427148880995,0,2,0,0,-4.900028337853852,10.494782003710574,
1,-2.079456603352229,GO:0070507,M1,1,0,GO Biological Processes,19,regulation of microtubule cytoskeleton organization,19_GO:0050789 regulation of biological process,-2.079456603352229,5.05555090071219,3.625919957709088,30169,155,154,4,2.5974025974025974,1.281724081090459,10300|23122|57606|79187,KATNB1|CLASP2|SLAIN2|FSD1,0.0,0,2,0,0,-4.900028337853852,10.494782003710574,
1,-4.68015761812037,GO:0072711,M1,1,0,GO Biological Processes,19,cellular response to hydroxyurea,19_GO:0050896 response to stimulus,-4.68015761812037,53.42798110979929,12.457263609290727,30169,11,154,3,1.948051948051948,1.1136994873553736,546|1663|8914,ATRX|DDX11|TIMELESS,-0.8111697095475872,0,3,1,1,-4.68015761812037,53.42798110979929,
1,-4.556849436139677,GO:0072710,M1,1,0,GO Biological Processes,19,response to hydroxyurea,19_GO:0050896 response to stimulus,-4.556849436139677,48.97564935064935,11.906438222048191,30169,12,154,3,1.948051948051948,1.1136994873553736,546|1663|8914,ATRX|DDX11|TIMELESS,-0.8111697095475872,0,3,0,0,-4.68015761812037,53.42798110979929,
1,-4.2708286314037345,GO:0006281,M1,1,0,GO Biological Processes,19,DNA repair,19_GO:0050896 response to stimulus,-4.2708286314037345,4.327165806081469,5.362748992028353,30169,498,154,11,7.142857142857143,2.075311439814202,546|1663|2177|8208|8295|8451|8914|22890|26073|51548|348654,ATRX|DDX11|FANCD2|CHAF1B|TRRAP|CUL4A|TIMELESS|ZBTB1|POLDIP2|SIRT6|GEN1,-0.622058917819701,0,3,0,0,-4.68015761812037,53.42798110979929,
1,-3.709808164356742,GO:0045005,M1,1,0,GO Biological Processes,19,DNA-templated DNA replication maintenance of fidelity,19_GO:0008152 metabolic process,-3.709808164356742,13.9930426716141,6.970955533520102,30169,56,154,4,2.5974025974025974,1.281724081090459,546|1663|8914|348654,ATRX|DDX11|TIMELESS|GEN1,-0.40040661354921836,0,3,0,0,-4.68015761812037,53.42798110979929,
1,-3.668965085421646,GO:0140747,M1,1,0,GO Biological Processes,19,regulation of ncRNA transcription,19_GO:0008152 metabolic process,-3.668965085421646,25.552512704686617,8.437415983278864,30169,23,154,3,1.948051948051948,1.1136994873553736,546|1663|23211,ATRX|DDX11|ZC3H4,-0.40040661354921836,0,3,0,0,-4.68015761812037,53.42798110979929,
1,-3.349826937585684,GO:0006974,M1,1,0,GO Biological Processes,19,cellular response to DNA damage stimulus,19_GO:0050896 response to stimulus,-3.349826937585684,3.168236076591872,4.283511828663977,30169,742,154,12,7.792207792207792,2.15999981503101,546|1663|2177|8208|8295|8451|8914|22890|26073|51548|84259|348654,ATRX|DDX11|FANCD2|CHAF1B|TRRAP|CUL4A|TIMELESS|ZBTB1|POLDIP2|SIRT6|DCUN1D5|GEN1,-0.36231762228120706,0,3,0,0,-4.68015761812037,53.42798110979929,
1,-3.159366654062988,GO:0006259,M1,1,0,GO Biological Processes,19,DNA metabolic process,19_GO:0008152 metabolic process,-3.159366654062988,3.0138861138861137,4.081823771334624,30169,780,154,12,7.792207792207792,2.15999981503101,546|648|1663|2177|8208|8295|8451|8914|22890|26073|51548|348654,ATRX|BMI1|DDX11|FANCD2|CHAF1B|TRRAP|CUL4A|TIMELESS|ZBTB1|POLDIP2|SIRT6|GEN1,-0.3344540769259263,0,3,0,0,-4.68015761812037,53.42798110979929,
1,-2.9619638147395384,GO:2000781,M1,1,0,GO Biological Processes,19,positive regulation of double-strand break repair,19_GO:0048518 positive regulation of biological process,-2.9619638147395384,8.904663518299882,5.319159770752332,30169,88,154,4,2.5974025974025974,1.281724081090459,1663|8295|8914|51548,DDX11|TRRAP|TIMELESS|SIRT6,-0.27498485501154846,0,3,0,0,-4.68015761812037,53.42798110979929,
1,-2.779779194071922,GO:2001022,M1,1,0,GO Biological Processes,19,positive regulation of response to DNA damage stimulus,19_GO:0048518 positive regulation of biological process,-2.779779194071922,5.900680644656548,4.535159354375474,30169,166,154,5,3.2467532467532467,1.428226395414461,1663|8295|8914|51548|55872,DDX11|TRRAP|TIMELESS|SIRT6|PBK,-0.25651946540118975,0,3,0,0,-4.68015761812037,53.42798110979929,
1,-2.7461880302635033,GO:0031297,M1,1,0,GO Biological Processes,19,replication fork processing,19_GO:0008152 metabolic process,-2.7461880302635033,12.504421110804088,5.653745349223129,30169,47,154,3,1.948051948051948,1.1136994873553736,546|1663|348654,ATRX|DDX11|GEN1,-0.25651946540118975,0,3,0,0,-4.68015761812037,53.42798110979929,
1,-2.4030803974026282,GO:0006260,M1,1,0,GO Biological Processes,19,DNA replication,19_GO:0008152 metabolic process,-2.4030803974026282,4.825187128142793,3.916974672135928,30169,203,154,5,3.2467532467532467,1.428226395414461,546|1663|8208|8914|348654,ATRX|DDX11|CHAF1B|TIMELESS|GEN1,-0.1376427148880995,0,3,0,0,-4.68015761812037,53.42798110979929,
1,-2.369774230206897,GO:0045739,M1,1,0,GO Biological Processes,19,positive regulation of DNA repair,19_GO:0048518 positive regulation of biological process,-2.369774230206897,6.1219561688311686,4.159566732322233,30169,128,154,4,2.5974025974025974,1.281724081090459,1663|8295|8914|51548,DDX11|TRRAP|TIMELESS|SIRT6,-0.11894452529490127,0,3,0,0,-4.68015761812037,53.42798110979929,
1,-2.337146143160191,GO:0051054,M1,1,0,GO Biological Processes,19,positive regulation of DNA metabolic process,19_GO:0048518 positive regulation of biological process,-2.337146143160191,3.9050351641713767,3.6282400792823783,30169,301,154,6,3.896103896103896,1.5592846429275922,546|1663|8295|8914|10891|51548,ATRX|DDX11|TRRAP|TIMELESS|PPARGC1A|SIRT6,-0.10507870317489791,0,3,0,0,-4.68015761812037,53.42798110979929,
1,-2.323750350826014,GO:0006282,M1,1,0,GO Biological Processes,19,regulation of DNA repair,19_GO:0050896 response to stimulus,-2.323750350826014,4.620344278363146,3.7890740166219867,30169,212,154,5,3.2467532467532467,1.428226395414461,1663|8295|8451|8914|51548,DDX11|TRRAP|CUL4A|TIMELESS|SIRT6,-0.10507870317489791,0,3,0,0,-4.68015761812037,53.42798110979929,
1,-2.2880917278095954,GO:2000779,M1,1,0,GO Biological Processes,19,regulation of double-strand break repair,19_GO:0050896 response to stimulus,-2.2880917278095954,5.804521404521404,4.00751240024357,30169,135,154,4,2.5974025974025974,1.281724081090459,1663|8295|8914|51548,DDX11|TRRAP|TIMELESS|SIRT6,-0.09264035427259956,0,3,0,0,-4.68015761812037,53.42798110979929,
1,-2.262542429246275,GO:2001020,M1,1,0,GO Biological Processes,19,regulation of response to DNA damage stimulus,19_GO:0050896 response to stimulus,-2.262542429246275,3.7673576423576423,3.519524141311104,30169,312,154,6,3.896103896103896,1.5592846429275922,1663|8295|8451|8914|51548|55872,DDX11|TRRAP|CUL4A|TIMELESS|SIRT6|PBK,-0.07915556711065966,0,3,0,0,-4.68015761812037,53.42798110979929,
1,-2.243589158317096,GO:0006261,M1,1,0,GO Biological Processes,19,DNA-templated DNA replication,19_GO:0008152 metabolic process,-2.243589158317096,5.637484817340932,3.9253345879903128,30169,139,154,4,2.5974025974025974,1.281724081090459,546|1663|8914|348654,ATRX|DDX11|TIMELESS|GEN1,-0.06316677514521983,0,3,0,0,-4.68015761812037,53.42798110979929,
1,-2.22087457691894,GO:0010569,M1,1,0,GO Biological Processes,19,regulation of double-strand break repair via homologous recombination,19_GO:0050896 response to stimulus,-2.22087457691894,8.162608225108224,4.358532487347426,30169,72,154,3,1.948051948051948,1.1136994873553736,8295|8914|51548,TRRAP|TIMELESS|SIRT6,-0.057826289816486506,0,3,0,0,-4.68015761812037,53.42798110979929,
1,-2.110833989160651,R-HSA-73894,M1,1,0,Reactome Gene Sets,6,DNA Repair,,-2.110833989160651,3.498260667903525,3.298552277881895,30169,336,154,6,3.896103896103896,1.5592846429275922,2177|8451|8914|23030|51548|348654,FANCD2|CUL4A|TIMELESS|KDM4B|SIRT6|GEN1,0.0,0,3,0,0,-4.68015761812037,53.42798110979929,
1,-2.0151080422130287,GO:0033044,M1,1,0,GO Biological Processes,19,regulation of chromosome organization,19_GO:0050789 regulation of biological process,-2.0151080422130287,3.8869562976705834,3.2964455426513912,30169,252,154,5,3.2467532467532467,1.428226395414461,546|1663|9184|51548|348654,ATRX|DDX11|BUB3|SIRT6|GEN1,0.0,0,3,0,0,-4.68015761812037,53.42798110979929,
1,-4.074910404876256,GO:0045217,M1,1,0,GO Biological Processes,19,cell-cell junction maintenance,19_GO:0009987 cellular process,-4.074910404876256,34.57104660045837,9.917351944201997,30169,17,154,3,1.948051948051948,1.1136994873553736,2150|7082|8506,F2RL1|TJP1|CNTNAP1,-0.5053219373398475,0,4,1,1,-4.074910404876256,34.57104660045837,
1,-3.6799273964172814,GO:0043954,M1,1,0,GO Biological Processes,19,cellular component maintenance,19_GO:0009987 cellular process,-3.6799273964172814,13.747550694919115,6.900154594476294,30169,57,154,4,2.5974025974025974,1.281724081090459,2150|7082|8506|93649,F2RL1|TJP1|CNTNAP1|MYOCD,-0.40040661354921836,0,4,0,0,-4.074910404876256,34.57104660045837,
1,-3.37341187008201,GO:0002064,M1,1,0,GO Biological Processes,19,epithelial cell development,19_GO:0032502 developmental process,-3.37341187008201,6.252210555402044,5.174429114708435,30169,188,154,6,3.896103896103896,1.5592846429275922,546|2150|5314|6098|7082|80781,ATRX|F2RL1|PKHD1|ROS1|TJP1|COL18A1,-0.36231762228120706,0,4,0,0,-4.074910404876256,34.57104660045837,
1,-2.933441776079255,GO:0030855,M1,1,0,GO Biological Processes,19,epithelial cell differentiation,19_GO:0032502 developmental process,-2.933441776079255,3.2273904020197266,3.9708934088469663,30169,607,154,10,6.4935064935064934,1.985638408198541,546|613|2150|2494|5314|6098|7082|7357|80781|123016,ATRX|BCR|F2RL1|NR5A2|PKHD1|ROS1|TJP1|UGCG|COL18A1|TTC8,-0.27498485501154846,0,4,0,0,-4.074910404876256,34.57104660045837,
1,-2.918638013259285,GO:0034331,M1,1,0,GO Biological Processes,19,cell junction maintenance,19_GO:0009987 cellular process,-2.918638013259285,14.334336395312004,6.119876110893285,30169,41,154,3,1.948051948051948,1.1136994873553736,2150|7082|8506,F2RL1|TJP1|CNTNAP1,-0.27498485501154846,0,4,0,0,-4.074910404876256,34.57104660045837,
1,-2.6939545718554676,GO:0001885,M1,1,0,GO Biological Processes,19,endothelial cell development,19_GO:0032502 developmental process,-2.6939545718554676,11.994036575669227,5.516862755019396,30169,49,154,3,1.948051948051948,1.1136994873553736,2150|7082|80781,F2RL1|TJP1|COL18A1,-0.25651946540118975,0,4,0,0,-4.074910404876256,34.57104660045837,
1,-2.6904453309375254,GO:0045216,M1,1,0,GO Biological Processes,19,cell-cell junction organization,19_GO:0009987 cellular process,-2.6904453309375254,5.629384982833258,4.386700011431301,30169,174,154,5,3.2467532467532467,1.428226395414461,2150|5314|7082|7414|8506,F2RL1|PKHD1|TJP1|VCL|CNTNAP1,-0.25651946540118975,0,4,0,0,-4.074910404876256,34.57104660045837,
1,-2.5672678215061584,GO:0034329,M1,1,0,GO Biological Processes,19,cell junction assembly,19_GO:0009987 cellular process,-2.5672678215061584,4.353391053391054,3.964625756712774,30169,270,154,6,3.896103896103896,1.5592846429275922,43|613|7082|7414|8506|56133,ACHE|BCR|TJP1|VCL|CNTNAP1|PCDHB2,-0.1972517088749539,0,4,0,0,-4.074910404876256,34.57104660045837,
1,-2.426072905772005,GO:0034330,M1,1,0,GO Biological Processes,19,cell junction organization,19_GO:0009987 cellular process,-2.426072905772005,3.2049504687541495,3.521160048063151,30169,489,154,8,5.194805194805195,1.7882998500508371,43|613|2150|5314|7082|7414|8506|56133,ACHE|BCR|F2RL1|PKHD1|TJP1|VCL|CNTNAP1|PCDHB2,-0.1502151951580781,0,4,0,0,-4.074910404876256,34.57104660045837,
1,-2.079811875178616,GO:0045446,M1,1,0,GO Biological Processes,19,endothelial cell differentiation,19_GO:0032502 developmental process,-2.079811875178616,7.255651755651756,4.038153835548825,30169,81,154,3,1.948051948051948,1.1136994873553736,2150|7082|80781,F2RL1|TJP1|COL18A1,0.0,0,4,0,0,-4.074910404876256,34.57104660045837,
1,-3.8394986270259923,GO:0045834,M1,1,0,GO Biological Processes,19,positive regulation of lipid metabolic process,19_GO:0048518 positive regulation of biological process,-3.8394986270259923,7.632568729971327,5.910679241990997,30169,154,154,6,3.896103896103896,1.5592846429275922,3815|7010|9572|9619|10891|84649,KIT|TEK|NR1D1|ABCG1|PPARGC1A|DGAT2,-0.40040661354921836,0,5,1,1,-3.8394986270259923,7.836103896103896,
1,-2.756751133348011,GO:0042632,M1,1,0,GO Biological Processes,19,cholesterol homeostasis,19_GO:0065007 biological regulation,-2.756751133348011,7.836103896103896,4.904713097664824,30169,100,154,4,2.5974025974025974,1.281724081090459,2494|9572|9619|84649,NR5A2|NR1D1|ABCG1|DGAT2,-0.25651946540118975,0,5,0,0,-3.8394986270259923,7.836103896103896,
1,-2.7409081729572775,GO:0055092,M1,1,0,GO Biological Processes,19,sterol homeostasis,19_GO:0065007 biological regulation,-2.7409081729572775,7.758518709013758,4.873313862500655,30169,101,154,4,2.5974025974025974,1.281724081090459,2494|9572|9619|84649,NR5A2|NR1D1|ABCG1|DGAT2,-0.25651946540118975,0,5,0,0,-3.8394986270259923,7.836103896103896,
1,-2.733699625617868,GO:0062012,M1,1,0,GO Biological Processes,19,regulation of small molecule metabolic process,19_GO:0008152 metabolic process,-2.733699625617868,4.045186377044784,4.038792554388455,30169,339,154,7,4.545454545454546,1.6785203315363553,3815|9572|9619|10891|51548|84649|160760,KIT|NR1D1|ABCG1|PPARGC1A|SIRT6|DGAT2|PPTC7,-0.25651946540118975,0,5,0,0,-3.8394986270259923,7.836103896103896,
1,-2.7252404870281657,GO:0019218,M1,1,0,GO Biological Processes,19,regulation of steroid metabolic process,19_GO:0008152 metabolic process,-2.7252404870281657,7.682454800101858,4.842342603709795,30169,102,154,4,2.5974025974025974,1.281724081090459,3815|9572|9619|84649,KIT|NR1D1|ABCG1|DGAT2,-0.25651946540118975,0,5,0,0,-3.8394986270259923,7.836103896103896,
1,-2.676764052228152,GO:0019216,M1,1,0,GO Biological Processes,19,regulation of lipid metabolic process,19_GO:0008152 metabolic process,-2.676764052228152,3.951925596017815,3.96155972254795,30169,347,154,7,4.545454545454546,1.6785203315363553,3815|7010|9572|9619|10891|51548|84649,KIT|TEK|NR1D1|ABCG1|PPARGC1A|SIRT6|DGAT2,-0.24810242668417365,0,5,0,0,-3.8394986270259923,7.836103896103896,
1,-2.2768238338423745,GO:0010565,M1,1,0,GO Biological Processes,19,regulation of cellular ketone metabolic process,19_GO:0008152 metabolic process,-2.2768238338423745,5.761841100076394,3.986662229485767,30169,136,154,4,2.5974025974025974,1.281724081090459,9572|10891|84649|160760,NR1D1|PPARGC1A|DGAT2|PPTC7,-0.09045211815729717,0,5,0,0,-3.8394986270259923,7.836103896103896,
1,-2.1086699733281633,GO:0062013,M1,1,0,GO Biological Processes,19,positive regulation of small molecule metabolic process,19_GO:0048518 positive regulation of biological process,-2.1086699733281633,5.155331510594668,3.6788177644887448,30169,152,154,4,2.5974025974025974,1.281724081090459,9572|9619|10891|84649,NR1D1|ABCG1|PPARGC1A|DGAT2,0.0,0,5,0,0,-3.8394986270259923,7.836103896103896,
1,-3.7344704699962246,GO:0018108,M1,1,0,GO Biological Processes,19,peptidyl-tyrosine phosphorylation,19_GO:0008152 metabolic process,-3.7344704699962246,7.300717915624747,5.741811031085344,30169,161,154,6,3.896103896103896,1.5592846429275922,613|3815|5610|6098|7010|55872,BCR|KIT|EIF2AK2|ROS1|TEK|PBK,-0.40040661354921836,0,6,1,1,-3.7344704699962246,7.300717915624747,
1,-3.7054154676550937,GO:0018212,M1,1,0,GO Biological Processes,19,peptidyl-tyrosine modification,19_GO:0008152 metabolic process,-3.7054154676550937,7.211138554696837,5.695415506952908,30169,163,154,6,3.896103896103896,1.5592846429275922,613|3815|5610|6098|7010|55872,BCR|KIT|EIF2AK2|ROS1|TEK|PBK,-0.40040661354921836,0,6,0,0,-3.7344704699962246,7.300717915624747,
1,-3.0409085932116495,GO:0043408,M1,1,0,GO Biological Processes,19,regulation of MAPK cascade,19_GO:0023052 signaling,-3.0409085932116495,3.1050843968711406,4.018711103654873,30169,694,154,11,7.142857142857143,2.075311439814202,148|2150|3815|5314|5610|5801|6098|7010|7162|54986|55872,ADRA1A|F2RL1|KIT|PKHD1|EIF2AK2|PTPRR|ROS1|TEK|TPBG|ULK4|PBK,-0.2842334823180965,0,6,0,0,-3.7344704699962246,7.300717915624747,
1,-2.9151543968336644,GO:0070372,M1,1,0,GO Biological Processes,19,regulation of ERK1 and ERK2 cascade,19_GO:0023052 signaling,-2.9151543968336644,4.353391053391054,4.285511454679317,30169,315,154,7,4.545454545454546,1.6785203315363553,148|2150|5314|5801|6098|7010|7162,ADRA1A|F2RL1|PKHD1|PTPRR|ROS1|TEK|TPBG,-0.27498485501154846,0,6,0,0,-3.7344704699962246,7.300717915624747,
1,-3.485525027058099,GO:0051893,M1,1,0,GO Biological Processes,19,regulation of focal adhesion assembly,19_GO:0050789 regulation of biological process,-3.485525027058099,12.243912337662337,6.44989386872807,30169,64,154,4,2.5974025974025974,1.281724081090459,7010|7414|23122|26073,TEK|VCL|CLASP2|POLDIP2,-0.36231762228120706,0,7,1,1,-3.485525027058099,12.243912337662337,
1,-3.485525027058099,GO:0090109,M1,1,0,GO Biological Processes,19,regulation of cell-substrate junction assembly,19_GO:0050789 regulation of biological process,-3.485525027058099,12.243912337662337,6.44989386872807,30169,64,154,4,2.5974025974025974,1.281724081090459,7010|7414|23122|26073,TEK|VCL|CLASP2|POLDIP2,-0.36231762228120706,0,7,0,0,-3.485525027058099,12.243912337662337,
1,-3.360368563158769,GO:0150116,M1,1,0,GO Biological Processes,19,regulation of cell-substrate junction organization,19_GO:0050789 regulation of biological process,-3.360368563158769,11.356672313194052,6.1691592207325145,30169,69,154,4,2.5974025974025974,1.281724081090459,7010|7414|23122|26073,TEK|VCL|CLASP2|POLDIP2,-0.36231762228120706,0,7,0,0,-3.485525027058099,12.243912337662337,
1,-3.33209712771472,GO:0001952,M1,1,0,GO Biological Processes,19,regulation of cell-matrix adhesion,19_GO:0050789 regulation of biological process,-3.33209712771472,7.836103896103896,5.4859169759452655,30169,125,154,5,3.2467532467532467,1.428226395414461,5314|7010|7414|23122|26073,PKHD1|TEK|VCL|CLASP2|POLDIP2,-0.36231762228120706,0,7,0,0,-3.485525027058099,12.243912337662337,
1,-3.186721279567351,GO:1901888,M1,1,0,GO Biological Processes,19,regulation of cell junction assembly,19_GO:0050789 regulation of biological process,-3.186721279567351,5.761841100076394,4.888181106839154,30169,204,154,6,3.896103896103896,1.5592846429275922,7010|7082|7162|7414|23122|26073,TEK|TJP1|TPBG|VCL|CLASP2|POLDIP2,-0.3344540769259263,0,7,0,0,-3.485525027058099,12.243912337662337,
1,-2.240254575621316,GO:0010810,M1,1,0,GO Biological Processes,19,regulation of cell-substrate adhesion,19_GO:0050789 regulation of biological process,-2.240254575621316,4.412220662220662,3.655117819772732,30169,222,154,5,3.2467532467532467,1.428226395414461,5314|7010|7414|23122|26073,PKHD1|TEK|VCL|CLASP2|POLDIP2,-0.06277657309622123,0,7,0,0,-3.485525027058099,12.243912337662337,
1,-3.4575598274748987,GO:0034143,M1,1,0,GO Biological Processes,19,regulation of toll-like receptor 4 signaling pathway,19_GO:0002376 immune system process,-3.4575598274748987,21.766955266955264,7.732734925285979,30169,27,154,3,1.948051948051948,1.1136994873553736,2150|9572|26060,F2RL1|NR1D1|APPL1,-0.36231762228120706,0,8,1,1,-3.4575598274748987,21.766955266955264,
1,-2.649412951011845,GO:0062207,M1,1,0,GO Biological Processes,19,regulation of pattern recognition receptor signaling pathway,19_GO:0002376 immune system process,-2.649412951011845,7.323461585143828,4.69355903195739,30169,107,154,4,2.5974025974025974,1.281724081090459,2150|6397|9572|26060,F2RL1|SEC14L1|NR1D1|APPL1,-0.24036008778215268,0,8,0,0,-3.4575598274748987,21.766955266955264,
1,-2.140229910108429,GO:0034121,M1,1,0,GO Biological Processes,19,regulation of toll-like receptor signaling pathway,19_GO:0002376 immune system process,-2.140229910108429,7.632568729971327,4.174130678902903,30169,77,154,3,1.948051948051948,1.1136994873553736,2150|9572|26060,F2RL1|NR1D1|APPL1,0.0,0,8,0,0,-3.4575598274748987,21.766955266955264,
1,-3.349081447888908,GO:0006874,M1,1,0,GO Biological Processes,19,cellular calcium ion homeostasis,19_GO:0065007 biological regulation,-3.349081447888908,6.186397812713602,5.136869125324996,30169,190,154,6,3.896103896103896,1.5592846429275922,309|489|1816|5314|57113|79054,ANXA6|ATP2A3|DRD5|PKHD1|TRPC7|TRPM8,-0.36231762228120706,0,9,1,1,-3.349081447888908,6.186397812713602,
1,-3.338678579023588,GO:0055082,M1,1,0,GO Biological Processes,19,cellular chemical homeostasis,19_GO:0065007 biological regulation,-3.338678579023588,3.6480930615008824,4.435109533130462,30169,537,154,10,6.4935064935064934,1.985638408198541,309|489|1816|4804|5314|9572|10891|57113|79054|84649,ANXA6|ATP2A3|DRD5|NGFR|PKHD1|NR1D1|PPARGC1A|TRPC7|TRPM8|DGAT2,-0.36231762228120706,0,9,0,0,-3.349081447888908,6.186397812713602,
1,-3.0472623075064935,GO:0055074,M1,1,0,GO Biological Processes,19,calcium ion homeostasis,19_GO:0065007 biological regulation,-3.0472623075064935,5.41666167933449,4.677087908674992,30169,217,154,6,3.896103896103896,1.5592846429275922,309|489|1816|5314|57113|79054,ANXA6|ATP2A3|DRD5|PKHD1|TRPC7|TRPM8,-0.2842334823180965,0,9,0,0,-3.349081447888908,6.186397812713602,
1,-2.9563856861506514,GO:0072503,M1,1,0,GO Biological Processes,19,cellular divalent inorganic cation homeostasis,19_GO:0065007 biological regulation,-2.9563856861506514,5.200953913343294,4.5406594168909695,30169,226,154,6,3.896103896103896,1.5592846429275922,309|489|1816|5314|57113|79054,ANXA6|ATP2A3|DRD5|PKHD1|TRPC7|TRPM8,-0.27498485501154846,0,9,0,0,-3.349081447888908,6.186397812713602,
1,-2.7586381643818374,GO:0019725,M1,1,0,GO Biological Processes,19,cellular homeostasis,19_GO:0065007 biological regulation,-2.7586381643818374,3.056202767591223,3.7691409999952343,30169,641,154,10,6.4935064935064934,1.985638408198541,309|489|1816|4804|5314|9572|10891|57113|79054|84649,ANXA6|ATP2A3|DRD5|NGFR|PKHD1|NR1D1|PPARGC1A|TRPC7|TRPM8|DGAT2,-0.25651946540118975,0,9,0,0,-3.349081447888908,6.186397812713602,
1,-2.632014265067394,GO:0072507,M1,1,0,GO Biological Processes,19,divalent inorganic cation homeostasis,19_GO:0065007 biological regulation,-2.632014265067394,4.4863190244869635,4.059717300195759,30169,262,154,6,3.896103896103896,1.5592846429275922,309|489|1816|5314|57113|79054,ANXA6|ATP2A3|DRD5|PKHD1|TRPC7|TRPM8,-0.22875721929751053,0,9,0,0,-3.349081447888908,6.186397812713602,
1,-2.496335042315126,GO:0070588,M1,1,0,GO Biological Processes,19,calcium ion transmembrane transport,19_GO:0051179 localization,-2.496335042315126,5.075196823901487,4.068223928135324,30169,193,154,5,3.2467532467532467,1.428226395414461,148|309|489|57113|79054,ADRA1A|ANXA6|ATP2A3|TRPC7|TRPM8,-0.1815232975546476,0,9,0,0,-3.349081447888908,6.186397812713602,
1,-2.40577036934734,GO:0098662,M1,1,0,GO Biological Processes,19,inorganic cation transmembrane transport,19_GO:0051179 localization,-2.40577036934734,2.923919364217872,3.4183276024522398,30169,603,154,9,5.8441558441558445,1.890271448391109,148|309|489|3772|3775|6539|57113|79054|219527,ADRA1A|ANXA6|ATP2A3|KCNJ15|KCNK1|SLC6A12|TRPC7|TRPM8|LRRC55,-0.1376427148880995,0,9,0,0,-3.349081447888908,6.186397812713602,
1,-2.3850899113467587,R-HSA-397014,M1,1,0,Reactome Gene Sets,6,Muscle contraction,,-2.3850899113467587,4.778112131770668,3.887911100350243,30169,205,154,5,3.2467532467532467,1.428226395414461,309|489|3775|4634|7414,ANXA6|ATP2A3|KCNK1|MYL3|VCL,-0.12754517232877816,0,9,0,0,-3.349081447888908,6.186397812713602,
1,-2.2922823454720915,GO:0030001,M1,1,0,GO Biological Processes,19,metal ion transport,19_GO:0051179 localization,-2.2922823454720915,2.8075213003556954,3.2788012778235127,30169,628,154,9,5.8441558441558445,1.890271448391109,148|309|489|3772|3775|6539|57113|79054|219527,ADRA1A|ANXA6|ATP2A3|KCNJ15|KCNK1|SLC6A12|TRPC7|TRPM8|LRRC55,-0.09264035427259956,0,9,0,0,-3.349081447888908,6.186397812713602,
1,-2.1912133029699294,GO:0006875,M1,1,0,GO Biological Processes,19,cellular metal ion homeostasis,19_GO:0065007 biological regulation,-2.1912133029699294,3.639057536890354,3.415635344695363,30169,323,154,6,3.896103896103896,1.5592846429275922,309|489|1816|5314|57113|79054,ANXA6|ATP2A3|DRD5|PKHD1|TRPC7|TRPM8,-0.030994305886340334,0,9,0,0,-3.349081447888908,6.186397812713602,
1,-2.107380269912448,GO:0098655,M1,1,0,GO Biological Processes,19,cation transmembrane transport,19_GO:0051179 localization,-2.107380269912448,2.623695500927644,3.049051402604062,30169,672,154,9,5.8441558441558445,1.890271448391109,148|309|489|3772|3775|6539|57113|79054|219527,ADRA1A|ANXA6|ATP2A3|KCNJ15|KCNK1|SLC6A12|TRPC7|TRPM8|LRRC55,0.0,0,9,0,0,-3.349081447888908,6.186397812713602,
1,-2.079010585796336,GO:0006816,M1,1,0,GO Biological Processes,19,calcium ion transport,19_GO:0051179 localization,-2.079010585796336,4.030917642028753,3.3979531205208424,30169,243,154,5,3.2467532467532467,1.428226395414461,148|309|489|57113|79054,ADRA1A|ANXA6|ATP2A3|TRPC7|TRPM8,0.0,0,9,0,0,-3.349081447888908,6.186397812713602,
1,-2.0099625174142997,GO:0098660,M1,1,0,GO Biological Processes,19,inorganic ion transmembrane transport,19_GO:0051179 localization,-2.0099625174142997,2.5295887756432953,2.9265147616699543,30169,697,154,9,5.8441558441558445,1.890271448391109,148|309|489|3772|3775|6539|57113|79054|219527,ADRA1A|ANXA6|ATP2A3|KCNJ15|KCNK1|SLC6A12|TRPC7|TRPM8|LRRC55,0.0,0,9,0,0,-3.349081447888908,6.186397812713602,
1,-3.3130603908612852,GO:0032922,M1,1,0,GO Biological Processes,19,circadian regulation of gene expression,19_GO:0048511 rhythmic process,-3.3130603908612852,11.036766050850558,6.064829595128525,30169,71,154,4,2.5974025974025974,1.281724081090459,4804|9572|10891|51548,NGFR|NR1D1|PPARGC1A|SIRT6,-0.36231762228120706,0,10,1,1,-3.3130603908612852,11.08882626807155,
1,-3.3062982623474504,GO:0048511,M1,1,0,GO Biological Processes,19,rhythmic process,19_GO:0048511 rhythmic process,-3.3062982623474504,5.078956228956229,4.822442318342418,30169,270,154,7,4.545454545454546,1.6785203315363553,4791|4804|8451|8914|9572|10891|51548,NFKB2|NGFR|CUL4A|TIMELESS|NR1D1|PPARGC1A|SIRT6,-0.36231762228120706,0,10,0,0,-3.3130603908612852,11.08882626807155,
1,-3.16554224059022,GO:0007623,M1,1,0,GO Biological Processes,19,circadian rhythm,19_GO:0048511 rhythmic process,-3.16554224059022,7.202301375095493,5.192630352067848,30169,136,154,5,3.2467532467532467,1.428226395414461,4804|8914|9572|10891|51548,NGFR|TIMELESS|NR1D1|PPARGC1A|SIRT6,-0.3344540769259263,0,10,0,0,-3.3130603908612852,11.08882626807155,
1,-3.0136518514631763,GO:0120161,M1,1,0,GO Biological Processes,19,regulation of cold-induced thermogenesis,19_GO:0032501 multicellular organismal process,-3.0136518514631763,6.663353653149572,4.930341318314926,30169,147,154,5,3.2467532467532467,1.428226395414461,43|9572|10891|51548|79054,ACHE|NR1D1|PPARGC1A|SIRT6|TRPM8,-0.2786959902628595,0,10,0,0,-3.3130603908612852,11.08882626807155,
1,-2.7889773255871146,GO:0120162,M1,1,0,GO Biological Processes,19,positive regulation of cold-induced thermogenesis,19_GO:0048518 positive regulation of biological process,-2.7889773255871146,7.996024383779486,4.9688382939992755,30169,98,154,4,2.5974025974025974,1.281724081090459,43|10891|51548|79054,ACHE|PPARGC1A|SIRT6|TRPM8,-0.25651946540118975,0,10,0,0,-3.3130603908612852,11.08882626807155,
1,-2.5961027534425227,GO:0006111,M1,1,0,GO Biological Processes,19,regulation of gluconeogenesis,19_GO:0008152 metabolic process,-2.5961027534425227,11.08882626807155,5.265557750362119,30169,53,154,3,1.948051948051948,1.1136994873553736,10891|51548|84649,PPARGC1A|SIRT6|DGAT2,-0.21232007692678742,0,10,0,0,-3.3130603908612852,11.08882626807155,
1,-2.5961027534425227,GO:0048146,M1,1,0,GO Biological Processes,19,positive regulation of fibroblast proliferation,19_GO:0048518 positive regulation of biological process,-2.5961027534425227,11.08882626807155,5.265557750362119,30169,53,154,3,1.948051948051948,1.1136994873553736,648|4804|51548,BMI1|NGFR|SIRT6,-0.21232007692678742,0,10,0,0,-3.3130603908612852,11.08882626807155,
1,-2.469670189235127,GO:0042752,M1,1,0,GO Biological Processes,19,regulation of circadian rhythm,19_GO:0048511 rhythmic process,-2.469670189235127,6.5300865800865795,4.347824327140275,30169,120,154,4,2.5974025974025974,1.281724081090459,8914|9572|10891|51548,TIMELESS|NR1D1|PPARGC1A|SIRT6,-0.1711484939852563,0,10,0,0,-3.3130603908612852,11.08882626807155,
1,-3.3062982623474504,GO:0003018,M1,1,0,GO Biological Processes,19,vascular process in circulatory system,19_GO:0032501 multicellular organismal process,-3.3062982623474504,5.078956228956229,4.822442318342418,30169,270,154,7,4.545454545454546,1.6785203315363553,148|489|613|1816|2150|7010|7082,ADRA1A|ATP2A3|BCR|DRD5|F2RL1|TEK|TJP1,-0.36231762228120706,0,11,1,1,-3.3062982623474504,12.243912337662337,
1,-2.9399067538555066,GO:0003013,M1,1,0,GO Biological Processes,19,circulatory system process,19_GO:0032501 multicellular organismal process,-2.9399067538555066,3.512197961401149,4.065681446643798,30169,502,154,9,5.8441558441558445,1.890271448391109,148|489|613|1816|2150|4634|7010|7082|79924,ADRA1A|ATP2A3|BCR|DRD5|F2RL1|MYL3|TEK|TJP1|ADM2,-0.27498485501154846,0,11,0,0,-3.3062982623474504,12.243912337662337,
1,-2.8907961678320993,GO:0008015,M1,1,0,GO Biological Processes,19,blood circulation,19_GO:0032501 multicellular organismal process,-2.8907961678320993,3.813189243846178,4.1132247060105005,30169,411,154,8,5.194805194805195,1.7882998500508371,148|613|1816|2150|4634|7010|7082|79924,ADRA1A|BCR|DRD5|F2RL1|MYL3|TEK|TJP1|ADM2,-0.2673323195128361,0,11,0,0,-3.3062982623474504,12.243912337662337,
1,-2.82194909700237,GO:0003073,M1,1,0,GO Biological Processes,19,regulation of systemic arterial blood pressure,19_GO:0032501 multicellular organismal process,-2.82194909700237,8.162608225108224,5.034807642394684,30169,96,154,4,2.5974025974025974,1.281724081090459,148|1816|2150|79924,ADRA1A|DRD5|F2RL1|ADM2,-0.25651946540118975,0,11,0,0,-3.3062982623474504,12.243912337662337,
1,-2.7197762560866683,GO:0045776,M1,1,0,GO Biological Processes,19,negative regulation of blood pressure,19_GO:0032501 multicellular organismal process,-2.7197762560866683,12.243912337662337,5.5842881894562275,30169,48,154,3,1.948051948051948,1.1136994873553736,148|1816|79924,ADRA1A|DRD5|ADM2,-0.25651946540118975,0,11,0,0,-3.3062982623474504,12.243912337662337,
1,-2.6939545718554676,GO:0043114,M1,1,0,GO Biological Processes,19,regulation of vascular permeability,19_GO:0032501 multicellular organismal process,-2.6939545718554676,11.994036575669227,5.516862755019396,30169,49,154,3,1.948051948051948,1.1136994873553736,613|7010|7082,BCR|TEK|TJP1,-0.25651946540118975,0,11,0,0,-3.3062982623474504,12.243912337662337,
1,-2.5225194304407643,GO:0003014,M1,1,0,GO Biological Processes,19,renal system process,19_GO:0032501 multicellular organismal process,-2.5225194304407643,6.7552619793999105,4.448510527726155,30169,116,154,4,2.5974025974025974,1.281724081090459,148|613|2150|79706,ADRA1A|BCR|F2RL1|PRKRIP1,-0.19181305181949243,0,11,0,0,-3.3062982623474504,12.243912337662337,
1,-2.4722425091136953,GO:0051345,M1,1,0,GO Biological Processes,19,positive regulation of hydrolase activity,19_GO:0065007 biological regulation,-2.4722425091136953,2.993418296474324,3.499624505376032,30169,589,154,9,5.8441558441558445,1.890271448391109,148|489|613|1663|2150|3815|4804|9771|27166,ADRA1A|ATP2A3|BCR|DDX11|F2RL1|KIT|NGFR|RAPGEF5|PRELID1,-0.1711484939852563,0,11,0,0,-3.3062982623474504,12.243912337662337,
1,-3.2950839922304413,GO:0000904,M1,1,0,GO Biological Processes,19,cell morphogenesis involved in differentiation,19_GO:0032502 developmental process,-3.2950839922304413,3.6011506875477464,4.385309287031374,30169,544,154,10,6.4935064935064934,1.985638408198541,4804|5314|7010|7162|7414|8506|25806|26033|80781|123016,NGFR|PKHD1|TEK|TPBG|VCL|CNTNAP1|VAX2|ATRNL1|COL18A1|TTC8,-0.36231762228120706,0,12,1,1,-3.2950839922304413,3.879259354506879,
1,-2.510313999865302,GO:0000902,M1,1,0,GO Biological Processes,19,cell morphogenesis,19_GO:0032502 developmental process,-2.510313999865302,2.822803997155582,3.479823742004598,30169,694,154,10,6.4935064935064934,1.985638408198541,4804|5314|7010|7162|7414|8506|25806|26033|80781|123016,NGFR|PKHD1|TEK|TPBG|VCL|CNTNAP1|VAX2|ATRNL1|COL18A1|TTC8,-0.18662849831127928,0,12,0,0,-3.2950839922304413,3.879259354506879,
1,-2.323327462881479,GO:0072001,M1,1,0,GO Biological Processes,19,renal system development,19_GO:0032502 developmental process,-2.323327462881479,3.879259354506879,3.608095438559226,30169,303,154,6,3.896103896103896,1.5592846429275922,5314|7010|8100|55746|93649|123016,PKHD1|TEK|IFT88|NUP133|MYOCD|TTC8,-0.10507870317489791,0,12,0,0,-3.2950839922304413,3.879259354506879,
1,-2.0575100813620586,GO:0001655,M1,1,0,GO Biological Processes,19,urogenital system development,19_GO:0032502 developmental process,-2.0575100813620586,3.4070016939582155,3.220827342345723,30169,345,154,6,3.896103896103896,1.5592846429275922,5314|7010|8100|55746|93649|123016,PKHD1|TEK|IFT88|NUP133|MYOCD|TTC8,0.0,0,12,0,0,-3.2950839922304413,3.879259354506879,
1,-3.2774520223264125,GO:0045987,M1,1,0,GO Biological Processes,19,positive regulation of smooth muscle contraction,19_GO:0048518 positive regulation of biological process,-3.2774520223264125,18.958315877670717,7.1656185456995045,30169,31,154,3,1.948051948051948,1.1136994873553736,148|3815|93649,ADRA1A|KIT|MYOCD,-0.3610760685653476,0,13,1,1,-3.2774520223264125,18.958315877670717,
1,-2.6939545718554676,GO:0045933,M1,1,0,GO Biological Processes,19,positive regulation of muscle contraction,19_GO:0048518 positive regulation of biological process,-2.6939545718554676,11.994036575669227,5.516862755019396,30169,49,154,3,1.948051948051948,1.1136994873553736,148|3815|93649,ADRA1A|KIT|MYOCD,-0.25651946540118975,0,13,0,0,-3.2774520223264125,18.958315877670717,
1,-2.6904453309375254,GO:0006937,M1,1,0,GO Biological Processes,19,regulation of muscle contraction,19_GO:0032501 multicellular organismal process,-2.6904453309375254,5.629384982833258,4.386700011431301,30169,174,154,5,3.2467532467532467,1.428226395414461,148|309|3815|4634|93649,ADRA1A|ANXA6|KIT|MYL3|MYOCD,-0.25651946540118975,0,13,0,0,-3.2774520223264125,18.958315877670717,
1,-2.3448681672453047,GO:0006940,M1,1,0,GO Biological Processes,19,regulation of smooth muscle contraction,19_GO:0032501 multicellular organismal process,-2.3448681672453047,9.04165834165834,4.648947477093588,30169,65,154,3,1.948051948051948,1.1136994873553736,148|3815|93649,ADRA1A|KIT|MYOCD,-0.10771815962450139,0,13,0,0,-3.2774520223264125,18.958315877670717,
1,-3.2363231017424785,GO:0001659,M1,1,0,GO Biological Processes,19,temperature homeostasis,19_GO:0032501 multicellular organismal process,-3.2363231017424785,18.365868506493506,7.040215201418859,30169,32,154,3,1.948051948051948,1.1136994873553736,8878|9572|10891,SQSTM1|NR1D1|PPARGC1A,-0.3509813817213824,0,14,1,1,-3.2363231017424785,18.365868506493506,
1,-2.5090623509665613,GO:0048871,M1,1,0,GO Biological Processes,19,multicellular organismal homeostasis,19_GO:0032501 multicellular organismal process,-2.5090623509665613,3.6863391984359724,3.734311095078755,30169,372,154,7,4.545454545454546,1.6785203315363553,6101|7082|7357|7414|8878|9572|10891,RP1|TJP1|UGCG|VCL|SQSTM1|NR1D1|PPARGC1A,-0.18662849831127928,0,14,0,0,-3.2363231017424785,18.365868506493506,
1,-2.128526031384291,GO:0010821,M1,1,0,GO Biological Processes,19,regulation of mitochondrion organization,19_GO:0050789 regulation of biological process,-2.128526031384291,5.224069264069263,3.714864661193213,30169,150,154,4,2.5974025974025974,1.281724081090459,8878|10891|23259|27166,SQSTM1|PPARGC1A|DDHD2|PRELID1,0.0,0,14,0,0,-3.2363231017424785,18.365868506493506,
1,-2.0869077765910986,GO:0006366,M1,1,0,GO Biological Processes,19,transcription by RNA polymerase II,19_GO:0008152 metabolic process,-2.0869077765910986,3.4571046600458364,3.2636848336671056,30169,340,154,6,3.896103896103896,1.5592846429275922,546|8878|10891|22890|29101|93649,ATRX|SQSTM1|PPARGC1A|ZBTB1|SSU72|MYOCD,0.0,0,14,0,0,-3.2363231017424785,18.365868506493506,
1,-3.1946626613647653,GO:0009582,M1,1,0,GO Biological Processes,19,detection of abiotic stimulus,19_GO:0050896 response to stimulus,-3.1946626613647653,7.309798410544679,5.243466668754664,30169,134,154,5,3.2467532467532467,1.428226395414461,3815|4804|6101|8914|79054,KIT|NGFR|RP1|TIMELESS|TRPM8,-0.3344540769259263,0,15,1,1,-3.1946626613647653,7.346347402597402,
1,-2.5915768462929045,GO:0120034,M1,1,0,GO Biological Processes,19,positive regulation of plasma membrane bounded cell projection assembly,19_GO:0048518 positive regulation of biological process,-2.5915768462929045,7.05955305955306,4.58127633265003,30169,111,154,4,2.5974025974025974,1.281724081090459,2150|3815|6101|8100,F2RL1|KIT|RP1|IFT88,-0.21232007692678742,0,15,0,0,-3.1946626613647653,7.346347402597402,
1,-2.4567719222224884,WP4541,M1,1,0,WikiPathways,27,Hippo-Merlin signaling dysregulation,,-2.4567719222224884,6.476118922399914,4.323368132749354,30169,121,154,4,2.5974025974025974,1.281724081090459,3815|4804|7010|8451,KIT|NGFR|TEK|CUL4A,-0.16211064778585582,0,15,0,0,-3.1946626613647653,7.346347402597402,
1,-2.3864383580844475,hsa04010,M1,1,0,KEGG Pathway,24,MAPK signaling pathway,,-2.3864383580844475,3.998012191889743,3.7001348252086816,30169,294,154,6,3.896103896103896,1.5592846429275922,3815|4149|4791|4804|5801|7010,KIT|MAX|NFKB2|NGFR|PTPRR|TEK,-0.12754517232877816,0,15,0,0,-3.1946626613647653,7.346347402597402,
1,-2.3341504152723553,GO:0009581,M1,1,0,GO Biological Processes,19,detection of external stimulus,19_GO:0050896 response to stimulus,-2.3341504152723553,5.981758699315951,4.093052125532009,30169,131,154,4,2.5974025974025974,1.281724081090459,3815|4804|6101|79054,KIT|NGFR|RP1|TRPM8,-0.10507870317489791,0,15,0,0,-3.1946626613647653,7.346347402597402,
1,-2.094598267783557,GO:0014068,M1,1,0,GO Biological Processes,19,positive regulation of phosphatidylinositol 3-kinase signaling,19_GO:0023052 signaling,-2.094598267783557,7.346347402597402,4.071265308169339,30169,80,154,3,1.948051948051948,1.1136994873553736,2150|3815|7010,F2RL1|KIT|TEK,0.0,0,15,0,0,-3.1946626613647653,7.346347402597402,
1,-3.1456159466200466,GO:0006412,M1,1,0,GO Biological Processes,19,translation,19_GO:0008152 metabolic process,-3.1456159466200466,4.1792554112554114,4.437527858793144,30169,375,154,8,5.194805194805195,1.7882998500508371,1933|5610|6161|7884|51023|55278|56478|219927,EEF1B2|EIF2AK2|RPL32|SLBP|MRPS18C|QRSL1|EIF4ENIF1|MRPL21,-0.3344540769259263,0,16,1,1,-3.1456159466200466,4.1792554112554114,
1,-3.082990397559914,GO:0043603,M1,1,0,GO Biological Processes,19,cellular amide metabolic process,19_GO:0008152 metabolic process,-3.082990397559914,2.9533054884813676,4.000525084059898,30169,796,154,12,7.792207792207792,2.15999981503101,1933|2581|5610|6161|7357|7884|28972|51023|55278|56478|84649|219927,EEF1B2|GALC|EIF2AK2|RPL32|UGCG|SLBP|SPCS1|MRPS18C|QRSL1|EIF4ENIF1|DGAT2|MRPL21,-0.29155318040714895,0,16,0,0,-3.1456159466200466,4.1792554112554114,
1,-2.9380686848917863,GO:0043043,M1,1,0,GO Biological Processes,19,peptide biosynthetic process,19_GO:0008152 metabolic process,-2.9380686848917863,3.879259354506879,4.17333235058136,30169,404,154,8,5.194805194805195,1.7882998500508371,1933|5610|6161|7884|51023|55278|56478|219927,EEF1B2|EIF2AK2|RPL32|SLBP|MRPS18C|QRSL1|EIF4ENIF1|MRPL21,-0.27498485501154846,0,16,0,0,-3.1456159466200466,4.1792554112554114,
1,-2.8289080303625607,GO:0043604,M1,1,0,GO Biological Processes,19,amide biosynthetic process,19_GO:0008152 metabolic process,-2.8289080303625607,3.3841139666475564,3.931991939504398,30169,521,154,9,5.8441558441558445,1.890271448391109,1933|5610|6161|7357|7884|51023|55278|56478|219927,EEF1B2|EIF2AK2|RPL32|UGCG|SLBP|MRPS18C|QRSL1|EIF4ENIF1|MRPL21,-0.25651946540118975,0,16,0,0,-3.1456159466200466,4.1792554112554114,
1,-2.767073746146217,GO:0006518,M1,1,0,GO Biological Processes,19,peptide metabolic process,19_GO:0008152 metabolic process,-2.767073746146217,3.314141685382287,3.85738589269977,30169,532,154,9,5.8441558441558445,1.890271448391109,1933|5610|6161|7884|28972|51023|55278|56478|219927,EEF1B2|EIF2AK2|RPL32|SLBP|SPCS1|MRPS18C|QRSL1|EIF4ENIF1|MRPL21,-0.25651946540118975,0,16,0,0,-3.1456159466200466,4.1792554112554114,
1,-2.2209301986045458,GO:0034645,M1,1,0,GO Biological Processes,19,cellular macromolecule biosynthetic process,19_GO:0008152 metabolic process,-2.2209301986045458,2.5641701230706464,3.1367833201814017,30169,764,154,10,6.4935064935064934,1.985638408198541,1933|5610|6161|7357|7884|9572|51023|55278|56478|219927,EEF1B2|EIF2AK2|RPL32|UGCG|SLBP|NR1D1|MRPS18C|QRSL1|EIF4ENIF1|MRPL21,-0.057826289816486506,0,16,0,0,-3.1456159466200466,4.1792554112554114,
1,-3.0494933670168507,CORUM:929,M1,1,0,CORUM,33,CEN complex,,-3.0494933670168507,15.883994383994382,6.4888961911660505,30169,37,154,3,1.948051948051948,1.1136994873553736,648|8451|23091,BMI1|CUL4A|ZC3H13,-0.2842334823180965,0,17,1,1,-3.0494933670168507,15.883994383994382,
1,-2.5278503979697566,GO:0051438,M1,1,0,GO Biological Processes,19,regulation of ubiquitin-protein transferase activity,19_GO:0065007 biological regulation,-2.5278503979697566,10.494782003710574,5.0940880301219655,30169,56,154,3,1.948051948051948,1.1136994873553736,648|9184|84259,BMI1|BUB3|DCUN1D5,-0.19181305181949243,0,17,0,0,-3.0494933670168507,15.883994383994382,
1,-3.018161719976244,GO:0008306,M1,1,0,GO Biological Processes,19,associative learning,19_GO:0032501 multicellular organismal process,-3.018161719976244,9.21894576012223,5.4352839010973755,30169,85,154,4,2.5974025974025974,1.281724081090459,1816|3815|7162|23259,DRD5|KIT|TPBG|DDHD2,-0.2786959902628595,0,18,1,1,-3.018161719976244,9.21894576012223,
1,-2.128526031384291,GO:0007612,M1,1,0,GO Biological Processes,19,learning,19_GO:0032501 multicellular organismal process,-2.128526031384291,5.224069264069263,3.714864661193213,30169,150,154,4,2.5974025974025974,1.281724081090459,1816|3815|7162|23259,DRD5|KIT|TPBG|DDHD2,0.0,0,18,0,0,-3.018161719976244,9.21894576012223,
1,-2.9281112574319605,GO:0006325,M1,1,0,GO Biological Processes,19,chromatin organization,19_GO:0009987 cellular process,-2.9281112574319605,3.2220821941216675,3.9647590079696644,30169,608,154,10,6.4935064935064934,1.985638408198541,546|648|1663|8208|8295|11164|22890|23030|51548|55689,ATRX|BMI1|DDX11|CHAF1B|TRRAP|NUDT5|ZBTB1|KDM4B|SIRT6|YEATS2,-0.27498485501154846,0,19,1,1,-2.9281112574319605,3.929278457931753,
1,-2.662788983213427,GO:0006338,M1,1,0,GO Biological Processes,19,chromatin remodeling,19_GO:0009987 cellular process,-2.662788983213427,3.929278457931753,3.942611623730326,30169,349,154,7,4.545454545454546,1.6785203315363553,546|8208|11164|22890|23030|51548|55689,ATRX|CHAF1B|NUDT5|ZBTB1|KDM4B|SIRT6|YEATS2,-0.24446819100766753,0,19,0,0,-2.9281112574319605,3.929278457931753,
1,-2.9236255855420072,GO:0060041,M1,1,0,GO Biological Processes,19,retina development in camera-type eye,19_GO:0032502 developmental process,-2.9236255855420072,6.3604739416427725,4.777039386102007,30169,154,154,5,3.2467532467532467,1.428226395414461,43|4149|6101|25806|123016,ACHE|MAX|RP1|VAX2|TTC8,-0.27498485501154846,0,20,1,1,-2.9236255855420072,6.3604739416427725,
1,-2.0690547432609527,GO:0007423,M1,1,0,GO Biological Processes,19,sensory organ development,19_GO:0032502 developmental process,-2.0690547432609527,2.7836958778344214,3.060198408452779,30169,563,154,8,5.194805194805195,1.7882998500508371,43|613|3815|4149|6101|8100|25806|123016,ACHE|BCR|KIT|MAX|RP1|IFT88|VAX2|TTC8,0.0,0,20,0,0,-2.9236255855420072,6.3604739416427725,
1,-2.9151543968336644,GO:0009416,M1,1,0,GO Biological Processes,19,response to light stimulus,19_GO:0050896 response to stimulus,-2.9151543968336644,4.353391053391054,4.285511454679317,30169,315,154,7,4.545454545454546,1.6785203315363553,3815|6101|8451|22890|23259|51548|55872,KIT|RP1|CUL4A|ZBTB1|DDHD2|SIRT6|PBK,-0.27498485501154846,0,21,1,1,-2.9151543968336644,12.243912337662337,
1,-2.7197762560866683,GO:1901976,M1,1,0,GO Biological Processes,19,regulation of cell cycle checkpoint,19_GO:0023052 signaling,-2.7197762560866683,12.243912337662337,5.5842881894562275,30169,48,154,3,1.948051948051948,1.1136994873553736,8451|55872|348654,CUL4A|PBK|GEN1,-0.25651946540118975,0,21,0,0,-2.9151543968336644,12.243912337662337,
1,-2.6690896439036447,GO:0009314,M1,1,0,GO Biological Processes,19,response to radiation,19_GO:0050896 response to stimulus,-2.6690896439036447,3.513947935472599,3.8312618398311753,30169,446,154,8,5.194805194805195,1.7882998500508371,2177|3815|6101|8451|22890|23259|51548|55872,FANCD2|KIT|RP1|CUL4A|ZBTB1|DDHD2|SIRT6|PBK,-0.245629212045474,0,21,0,0,-2.9151543968336644,12.243912337662337,
1,-2.6485805530835864,GO:0090068,M1,1,0,GO Biological Processes,19,positive regulation of cell cycle process,19_GO:0048518 positive regulation of biological process,-2.6485805530835864,4.52082917082917,4.084088342317406,30169,260,154,6,3.896103896103896,1.5592846429275922,546|1663|8451|26073|55872|348654,ATRX|DDX11|CUL4A|POLDIP2|PBK|GEN1,-0.24036008778215268,0,21,0,0,-2.9151543968336644,12.243912337662337,
1,-2.5743648799533445,GO:0045787,M1,1,0,GO Biological Processes,19,positive regulation of cell cycle,19_GO:0048518 positive regulation of biological process,-2.5743648799533445,3.788171772978403,3.8227784041430386,30169,362,154,7,4.545454545454546,1.6785203315363553,546|1663|8451|26073|55872|64848|348654,ATRX|DDX11|CUL4A|POLDIP2|PBK|YTHDC2|GEN1,-0.19975301563299092,0,21,0,0,-2.9151543968336644,12.243912337662337,
1,-2.536056784636676,GO:0071482,M1,1,0,GO Biological Processes,19,cellular response to light stimulus,19_GO:0050896 response to stimulus,-2.536056784636676,6.814003387916431,4.474427813180413,30169,115,154,4,2.5974025974025974,1.281724081090459,6101|8451|22890|55872,RP1|CUL4A|ZBTB1|PBK,-0.19181305181949243,0,21,0,0,-2.9151543968336644,12.243912337662337,
1,-2.138571295012659,GO:0009411,M1,1,0,GO Biological Processes,19,response to UV,19_GO:0050896 response to stimulus,-2.138571295012659,5.259130131613353,3.7331302774527417,30169,149,154,4,2.5974025974025974,1.281724081090459,8451|22890|51548|55872,CUL4A|ZBTB1|SIRT6|PBK,0.0,0,21,0,0,-2.9151543968336644,12.243912337662337,
1,-2.89837561607668,GO:0051301,M1,1,0,GO Biological Processes,19,cell division,19_GO:0009987 cellular process,-2.89837561607668,3.46389661419131,4.015690607782771,30169,509,154,9,5.8441558441558445,1.890271448391109,648|3815|8914|9184|10300|23122|54888|55958|79187,BMI1|KIT|TIMELESS|BUB3|KATNB1|CLASP2|NSUN2|KLHL9|FSD1,-0.2673323195128361,0,22,1,1,-2.89837561607668,3.46389661419131,
1,-2.3189320989826876,GO:0000278,M1,1,0,GO Biological Processes,19,mitotic cell cycle,19_GO:0009987 cellular process,-2.3189320989826876,2.8346034993944964,3.311655559296731,30169,622,154,9,5.8441558441558445,1.890271448391109,2177|5314|8451|8462|9184|10300|23122|26073|55872,FANCD2|PKHD1|CUL4A|KLF11|BUB3|KATNB1|CLASP2|POLDIP2|PBK,-0.10473128943285287,0,22,0,0,-2.89837561607668,3.46389661419131,
1,-2.224515027479529,GO:1903047,M1,1,0,GO Biological Processes,19,mitotic cell cycle process,19_GO:0009987 cellular process,-2.224515027479529,2.962610168659318,3.262024565736725,30169,529,154,8,5.194805194805195,1.7882998500508371,2177|5314|8451|8462|9184|10300|23122|26073,FANCD2|PKHD1|CUL4A|KLF11|BUB3|KATNB1|CLASP2|POLDIP2,-0.057826289816486506,0,22,0,0,-2.89837561607668,3.46389661419131,
1,-2.0575100813620586,GO:0010639,M1,1,0,GO Biological Processes,19,negative regulation of organelle organization,19_GO:0048519 negative regulation of biological process,-2.0575100813620586,3.4070016939582155,3.220827342345723,30169,345,154,6,3.896103896103896,1.5592846429275922,546|7082|9184|10300|23122|27166,ATRX|TJP1|BUB3|KATNB1|CLASP2|PRELID1,0.0,0,22,0,0,-2.89837561607668,3.46389661419131,
1,-2.0459062673690727,GO:0048285,M1,1,0,GO Biological Processes,19,organelle fission,19_GO:0009987 cellular process,-2.0459062673690727,3.3873647965866986,3.2039046763052856,30169,347,154,6,3.896103896103896,1.5592846429275922,2177|9184|10300|23122|23259|26073,FANCD2|BUB3|KATNB1|CLASP2|DDHD2|POLDIP2,0.0,0,22,0,0,-2.89837561607668,3.46389661419131,
1,-2.8290434920889473,GO:0016071,M1,1,0,GO Biological Processes,19,mRNA metabolic process,19_GO:0008152 metabolic process,-2.8290434920889473,3.1244433397543445,3.850555810124222,30169,627,154,10,6.4935064935064934,1.985638408198541,6433|7884|9652|10891|10949|22890|23091|29101|54888|79706,SFSWAP|SLBP|SKIC3|PPARGC1A|HNRNPA0|ZBTB1|ZC3H13|SSU72|NSUN2|PRKRIP1,-0.25651946540118975,0,23,1,1,-2.8290434920889473,3.1244433397543445,
1,-2.7998084030794175,GO:0009895,M1,1,0,GO Biological Processes,19,negative regulation of catabolic process,19_GO:0048519 negative regulation of biological process,-2.7998084030794175,4.155509641873278,4.128561853470572,30169,330,154,7,4.545454545454546,1.6785203315363553,148|10949|26073|51548|54888|55872|56478,ADRA1A|HNRNPA0|POLDIP2|SIRT6|NSUN2|PBK|EIF4ENIF1,-0.25651946540118975,0,24,1,1,-2.7998084030794175,8.904663518299882,
1,-2.7779965339079133,GO:0031330,M1,1,0,GO Biological Processes,19,negative regulation of cellular catabolic process,19_GO:0048519 negative regulation of biological process,-2.7779965339079133,4.797614630267692,4.275122437631833,30169,245,154,6,3.896103896103896,1.5592846429275922,148|10949|26073|54888|55872|56478,ADRA1A|HNRNPA0|POLDIP2|NSUN2|PBK|EIF4ENIF1,-0.25651946540118975,0,24,0,0,-2.7998084030794175,8.904663518299882,
1,-2.3262747341893926,GO:0043489,M1,1,0,GO Biological Processes,19,RNA stabilization,19_GO:0048519 negative regulation of biological process,-2.3262747341893926,8.904663518299882,4.604843899786824,30169,66,154,3,1.948051948051948,1.1136994873553736,10949|54888|56478,HNRNPA0|NSUN2|EIF4ENIF1,-0.10507870317489791,0,24,0,0,-2.7998084030794175,8.904663518299882,
1,-2.094598267783557,GO:1902369,M1,1,0,GO Biological Processes,19,negative regulation of RNA catabolic process,19_GO:0048519 negative regulation of biological process,-2.094598267783557,7.346347402597402,4.071265308169339,30169,80,154,3,1.948051948051948,1.1136994873553736,10949|54888|56478,HNRNPA0|NSUN2|EIF4ENIF1,0.0,0,24,0,0,-2.7998084030794175,8.904663518299882,
1,-2.77321587736096,R-HSA-1660662,M1,1,0,Reactome Gene Sets,6,Glycosphingolipid metabolism,,-2.77321587736096,12.776256352343308,5.725342898631758,30169,46,154,3,1.948051948051948,1.1136994873553736,410|2581|7357,ARSA|GALC|UGCG,-0.25651946540118975,0,25,1,1,-2.77321587736096,12.776256352343308,
1,-2.5961027534425227,hsa00600,M1,1,0,KEGG Pathway,24,Sphingolipid metabolism,,-2.5961027534425227,11.08882626807155,5.265557750362119,30169,53,154,3,1.948051948051948,1.1136994873553736,410|2581|7357,ARSA|GALC|UGCG,-0.21232007692678742,0,25,0,0,-2.77321587736096,12.776256352343308,
1,-2.4428151534140454,GO:0006687,M1,1,0,GO Biological Processes,19,glycosphingolipid metabolic process,19_GO:0008152 metabolic process,-2.4428151534140454,9.79512987012987,4.884658004356863,30169,60,154,3,1.948051948051948,1.1136994873553736,2581|3815|7357,GALC|KIT|UGCG,-0.15577327584760486,0,25,0,0,-2.77321587736096,12.776256352343308,
1,-2.322484652599944,hsa04142,M1,1,0,KEGG Pathway,24,Lysosome,,-2.322484652599944,5.936442345533254,4.071338421491865,30169,132,154,4,2.5974025974025974,1.281724081090459,410|2581|4074|9583,ARSA|GALC|M6PR|ENTPD4,-0.10507870317489791,0,25,0,0,-2.77321587736096,12.776256352343308,
1,-2.7690726582100007,GO:0006913,M1,1,0,GO Biological Processes,19,nucleocytoplasmic transport,19_GO:0051179 localization,-2.7690726582100007,4.778112131770668,4.261910024734646,30169,246,154,6,3.896103896103896,1.5592846429275922,8125|8878|26060|55746|56478|84248,ANP32A|SQSTM1|APPL1|NUP133|EIF4ENIF1|FYTTD1,-0.25651946540118975,0,26,1,1,-2.7690726582100007,6.814003387916431,
1,-2.7690726582100007,GO:0051169,M1,1,0,GO Biological Processes,19,nuclear transport,19_GO:0051179 localization,-2.7690726582100007,4.778112131770668,4.261910024734646,30169,246,154,6,3.896103896103896,1.5592846429275922,8125|8878|26060|55746|56478|84248,ANP32A|SQSTM1|APPL1|NUP133|EIF4ENIF1|FYTTD1,-0.25651946540118975,0,26,0,0,-2.7690726582100007,6.814003387916431,
1,-2.5415590512804953,GO:0006886,M1,1,0,GO Biological Processes,19,intracellular protein transport,19_GO:0051179 localization,-2.5415590512804953,2.851566192177546,3.51644303377872,30169,687,154,10,6.4935064935064934,1.985638408198541,613|4074|4804|8878|10300|10981|26060|28972|55746|56478,BCR|M6PR|NGFR|SQSTM1|KATNB1|RAB32|APPL1|SPCS1|NUP133|EIF4ENIF1,-0.19181305181949243,0,26,0,0,-2.7690726582100007,6.814003387916431,
1,-2.536056784636676,GO:0006606,M1,1,0,GO Biological Processes,19,protein import into nucleus,19_GO:0051179 localization,-2.536056784636676,6.814003387916431,4.474427813180413,30169,115,154,4,2.5974025974025974,1.281724081090459,8878|26060|55746|56478,SQSTM1|APPL1|NUP133|EIF4ENIF1,-0.19181305181949243,0,26,0,0,-2.7690726582100007,6.814003387916431,
1,-2.4826919297223125,GO:0051170,M1,1,0,GO Biological Processes,19,import into nucleus,19_GO:0051179 localization,-2.4826919297223125,6.584961257230164,4.37256076532007,30169,119,154,4,2.5974025974025974,1.281724081090459,8878|26060|55746|56478,SQSTM1|APPL1|NUP133|EIF4ENIF1,-0.17237870974288388,0,26,0,0,-2.7690726582100007,6.814003387916431,
1,-2.080983348632442,GO:0072594,M1,1,0,GO Biological Processes,19,establishment of protein localization to organelle,19_GO:0051179 localization,-2.080983348632442,3.4469665232128572,3.2550494929851963,30169,341,154,6,3.896103896103896,1.5592846429275922,4074|8878|26060|28972|55746|56478,M6PR|SQSTM1|APPL1|SPCS1|NUP133|EIF4ENIF1,0.0,0,26,0,0,-2.7690726582100007,6.814003387916431,
1,-2.7340050142750085,GO:1901699,M1,1,0,GO Biological Processes,19,cellular response to nitrogen compound,19_GO:0050896 response to stimulus,-2.7340050142750085,3.0325479474086285,3.7405999292894165,30169,646,154,10,6.4935064935064934,1.985638408198541,43|546|1291|1663|1816|4149|4804|8462|8914|26060,ACHE|ATRX|COL6A1|DDX11|DRD5|MAX|NGFR|KLF11|TIMELESS|APPL1,-0.25651946540118975,0,27,1,1,-2.7340050142750085,3.8162843649856635,
1,-2.289279723976888,GO:1901653,M1,1,0,GO Biological Processes,19,cellular response to peptide,19_GO:0050896 response to stimulus,-2.289279723976888,3.8162843649856635,3.5584767686534162,30169,308,154,6,3.896103896103896,1.5592846429275922,1663|4149|4804|8462|8914|26060,DDX11|MAX|NGFR|KLF11|TIMELESS|APPL1,-0.09264035427259956,0,27,0,0,-2.7340050142750085,3.8162843649856635,
1,-2.0628213914111426,GO:1901652,M1,1,0,GO Biological Processes,19,response to peptide,19_GO:0050896 response to stimulus,-2.0628213914111426,3.040616811126789,3.1275509125732084,30169,451,154,7,4.545454545454546,1.6785203315363553,1036|1663|4149|4804|8462|8914|26060,CDO1|DDX11|MAX|NGFR|KLF11|TIMELESS|APPL1,0.0,0,27,0,0,-2.7340050142750085,3.8162843649856635,
1,-2.605802477147333,R-HSA-3108232,M1,1,0,Reactome Gene Sets,6,SUMO E3 ligases SUMOylate target proteins,,-2.605802477147333,5.381939489082346,4.247173537868592,30169,182,154,5,3.2467532467532467,1.428226395414461,648|2494|4791|10891|55746,BMI1|NR5A2|NFKB2|PPARGC1A|NUP133,-0.21232007692678742,0,28,1,1,-2.605802477147333,5.381939489082346,
1,-2.545150516465479,R-HSA-2990846,M1,1,0,Reactome Gene Sets,6,SUMOylation,,-2.545150516465479,5.210175462835037,4.147825808414694,30169,188,154,5,3.2467532467532467,1.428226395414461,648|2494|4791|10891|55746,BMI1|NR5A2|NFKB2|PPARGC1A|NUP133,-0.19181305181949243,0,28,0,0,-2.605802477147333,5.381939489082346,
1,-2.549728760591219,GO:0019827,M1,1,0,GO Biological Processes,19,stem cell population maintenance,19_GO:0032502 developmental process,-2.549728760591219,6.873775347459557,4.50065618978815,30169,114,154,4,2.5974025974025974,1.281724081090459,2177|3815|8451|56478,FANCD2|KIT|CUL4A|EIF4ENIF1,-0.19181305181949243,0,29,1,1,-2.549728760591219,6.873775347459557,
1,-2.49583925998775,GO:0098727,M1,1,0,GO Biological Processes,19,maintenance of cell number,19_GO:0032502 developmental process,-2.49583925998775,6.64076601364737,4.397583259123467,30169,118,154,4,2.5974025974025974,1.281724081090459,2177|3815|8451|56478,FANCD2|KIT|CUL4A|EIF4ENIF1,-0.1815232975546476,0,29,0,0,-2.549728760591219,6.873775347459557,
1,-2.525441220966832,GO:0051302,M1,1,0,GO Biological Processes,19,regulation of cell division,19_GO:0050789 regulation of biological process,-2.525441220966832,5.155331510594668,4.115649225737968,30169,190,154,5,3.2467532467532467,1.428226395414461,8202|26073|55689|55958|79187,NCOA3|POLDIP2|YEATS2|KLHL9|FSD1,-0.19181305181949243,0,30,1,1,-2.525441220966832,7.4393391418707875,
1,-2.3818632050865953,GO:0016573,M1,1,0,GO Biological Processes,19,histone acetylation,19_GO:0008152 metabolic process,-2.3818632050865953,6.170160548113304,4.1822107618371085,30169,127,154,4,2.5974025974025974,1.281724081090459,648|8202|8295|55689,BMI1|NCOA3|TRRAP|YEATS2,-0.12754517232877816,0,30,0,0,-2.525441220966832,7.4393391418707875,
1,-2.310920642383147,GO:0018393,M1,1,0,GO Biological Processes,19,internal peptidyl-lysine acetylation,19_GO:0008152 metabolic process,-2.310920642383147,5.891807440679621,4.049846589636969,30169,133,154,4,2.5974025974025974,1.281724081090459,648|8202|8295|55689,BMI1|NCOA3|TRRAP|YEATS2,-0.0999014916195015,0,30,0,0,-2.525441220966832,7.4393391418707875,
1,-2.2880917278095954,GO:0006475,M1,1,0,GO Biological Processes,19,internal protein amino acid acetylation,19_GO:0008152 metabolic process,-2.2880917278095954,5.804521404521404,4.00751240024357,30169,135,154,4,2.5974025974025974,1.281724081090459,648|8202|8295|55689,BMI1|NCOA3|TRRAP|YEATS2,-0.09264035427259956,0,30,0,0,-2.525441220966832,7.4393391418707875,
1,-2.2768238338423745,GO:0018394,M1,1,0,GO Biological Processes,19,peptidyl-lysine acetylation,19_GO:0008152 metabolic process,-2.2768238338423745,5.761841100076394,3.986662229485767,30169,136,154,4,2.5974025974025974,1.281724081090459,648|8202|8295|55689,BMI1|NCOA3|TRRAP|YEATS2,-0.09045211815729717,0,30,0,0,-2.525441220966832,7.4393391418707875,
1,-2.109593107877621,M66,M1,1,0,Canonical Pathways,11,PID MYC ACTIV PATHWAY,,-2.109593107877621,7.4393391418707875,4.1049530738736495,30169,79,154,3,1.948051948051948,1.1136994873553736,648|4149|8295,BMI1|MAX|TRRAP,0.0,0,30,0,0,-2.525441220966832,7.4393391418707875,
1,-2.069867023917966,GO:0006473,M1,1,0,GO Biological Processes,19,protein acetylation,19_GO:0008152 metabolic process,-2.069867023917966,5.023143523143523,3.6085902167013533,30169,156,154,4,2.5974025974025974,1.281724081090459,648|8202|8295|55689,BMI1|NCOA3|TRRAP|YEATS2,0.0,0,30,0,0,-2.525441220966832,7.4393391418707875,
1,-2.452840130140162,GO:0032870,M1,1,0,GO Biological Processes,19,cellular response to hormone stimulus,19_GO:0050896 response to stimulus,-2.452840130140162,3.238059461199957,3.5554143523609945,30169,484,154,8,5.194805194805195,1.7882998500508371,648|2494|3815|4149|7357|8202|9572|26060,BMI1|NR5A2|KIT|MAX|UGCG|NCOA3|NR1D1|APPL1,-0.16200526355658224,0,31,1,1,-2.452840130140162,3.238059461199957,
1,-2.2209301986045458,GO:0009725,M1,1,0,GO Biological Processes,19,response to hormone,19_GO:0050896 response to stimulus,-2.2209301986045458,2.5641701230706464,3.1367833201814017,30169,764,154,10,6.4935064935064934,1.985638408198541,148|648|1036|2494|3815|4149|7357|8202|9572|26060,ADRA1A|BMI1|CDO1|NR5A2|KIT|MAX|UGCG|NCOA3|NR1D1|APPL1,-0.057826289816486506,0,31,0,0,-2.452840130140162,3.238059461199957,
1,-2.3637794893222073,M200,M1,1,0,Canonical Pathways,11,PID ERA GENOMIC PATHWAY,,-2.3637794893222073,9.182934253246753,4.69401182464165,30169,64,154,3,1.948051948051948,1.1136994873553736,8125|8202|80781,ANP32A|NCOA3|COL18A1,-0.11726381701169358,0,32,1,1,-2.3637794893222073,9.182934253246753,
1,-2.3577935652838775,R-HSA-1483206,M1,1,0,Reactome Gene Sets,6,Glycerophospholipid biosynthesis,,-2.3577935652838775,6.074499144266586,4.137161941352027,30169,129,154,4,2.5974025974025974,1.281724081090459,43|23259|84649|171586,ACHE|DDHD2|DGAT2|ABHD3,-0.11726381701169358,0,33,1,1,-2.3577935652838775,6.074499144266586,
1,-2.3035689938276405,R-HSA-556833,M1,1,0,Reactome Gene Sets,6,Metabolism of lipids,,-2.3035689938276405,2.6366433028613376,3.2355437421417506,30169,743,154,10,6.4935064935064934,1.985638408198541,43|410|2581|7357|8202|9572|10891|23259|84649|171586,ACHE|ARSA|GALC|UGCG|NCOA3|NR1D1|PPARGC1A|DDHD2|DGAT2|ABHD3,-0.09570836230882475,0,33,0,0,-2.3577935652838775,6.074499144266586,
1,-2.3577935652838775,GO:0050714,M1,1,0,GO Biological Processes,19,positive regulation of protein secretion,19_GO:0051179 localization,-2.3577935652838775,6.074499144266586,4.137161941352027,30169,129,154,4,2.5974025974025974,1.281724081090459,43|2150|9619|51548,ACHE|F2RL1|ABCG1|SIRT6,-0.11726381701169358,0,34,1,1,-2.3577935652838775,6.074499144266586,
1,-2.0559717910354314,GO:1903530,M1,1,0,GO Biological Processes,19,regulation of secretion by cell,19_GO:0051179 localization,-2.0559717910354314,2.7689413060437795,3.0431140026848844,30169,566,154,8,5.194805194805195,1.7882998500508371,43|148|613|2150|9572|9619|23122|51548,ACHE|ADRA1A|BCR|F2RL1|NR1D1|ABCG1|CLASP2|SIRT6,0.0,0,34,0,0,-2.3577935652838775,6.074499144266586,
1,-2.281417623668787,GO:0001505,M1,1,0,GO Biological Processes,19,regulation of neurotransmitter levels,19_GO:0065007 biological regulation,-2.281417623668787,4.513884732778742,3.7210791745845304,30169,217,154,5,3.2467532467532467,1.428226395414461,43|148|6539|6570|9381,ACHE|ADRA1A|SLC6A12|SLC18A1|OTOF,-0.09045211815729717,0,35,1,1,-2.281417623668787,4.513884732778742,
1,-2.22087457691894,GO:0009185,M1,1,0,GO Biological Processes,19,ribonucleoside diphosphate metabolic process,19_GO:0008152 metabolic process,-2.22087457691894,8.162608225108224,4.358532487347426,30169,72,154,3,1.948051948051948,1.1136994873553736,9583|11164|51727,ENTPD4|NUDT5|CMPK1,-0.057826289816486506,0,36,1,1,-2.22087457691894,8.162608225108224,
1,-2.0652287391964865,GO:2000736,M1,1,0,GO Biological Processes,19,regulation of stem cell differentiation,19_GO:0032502 developmental process,-2.0652287391964865,7.167168197656002,4.005601329907681,30169,82,154,3,1.948051948051948,1.1136994873553736,5610|51548|54888,EIF2AK2|SIRT6|NSUN2,0.0,0,37,1,1,-2.0652287391964865,7.167168197656002,
1,-2.0366524197365377,R-HSA-72202,M1,1,0,Reactome Gene Sets,6,Transport of Mature Transcript to Cytoplasm,,-2.0366524197365377,6.99652133580705,3.9421075133016275,30169,84,154,3,1.948051948051948,1.1136994873553736,7884|55746|84248,SLBP|NUP133|FYTTD1,0.0,0,38,1,1,-2.0366524197365377,6.99652133580705,
