Category,CategoryID,GO,Description,PARENT_GO,LogP,Enrichment,Z-score,#TotalGeneInLibrary,#GeneInGO,#GeneInHitList,#GeneInGOAndHitList,%InGO,STDV %InGO,GeneID,Hits,Log(q-value),GeneList
GO Biological Processes,19,GO:0010564,regulation of cell cycle process,19_GO:0050789 regulation of biological process,-5.2,4,5.9,30169,735,154,15,9.7,2.4,546|1663|2177|2273|5314|8451|8914|9184|26060|26073|54888|55872|55958|79187|348654,ATRX|DDX11|FANCD2|FHL1|PKHD1|CUL4A|TIMELESS|BUB3|APPL1|POLDIP2|NSUN2|PBK|KLHL9|FSD1|GEN1,-0.88,MyList
GO Biological Processes,19,GO:0010638,positive regulation of organelle organization,19_GO:0048518 positive regulation of biological process,-4.9,4.6,5.9,30169,508,154,12,7.8,2.2,546|1663|2150|6101|7010|8100|10300|10891|23259|51548|57606|89848,ATRX|DDX11|F2RL1|RP1|TEK|IFT88|KATNB1|PPARGC1A|DDHD2|SIRT6|SLAIN2|FCHSD1,-0.85,MyList
GO Biological Processes,19,GO:0072711,cellular response to hydroxyurea,19_GO:0050896 response to stimulus,-4.7,53,12,30169,11,154,3,1.9,1.1,546|1663|8914,ATRX|DDX11|TIMELESS,-0.81,MyList
GO Biological Processes,19,GO:0072710,response to hydroxyurea,19_GO:0050896 response to stimulus,-4.6,49,12,30169,12,154,3,1.9,1.1,546|1663|8914,ATRX|DDX11|TIMELESS,-0.81,MyList
GO Biological Processes,19,GO:0006281,DNA repair,19_GO:0050896 response to stimulus,-4.3,4.3,5.4,30169,498,154,11,7.1,2.1,546|1663|2177|8208|8295|8451|8914|22890|26073|51548|348654,ATRX|DDX11|FANCD2|CHAF1B|TRRAP|CUL4A|TIMELESS|ZBTB1|POLDIP2|SIRT6|GEN1,-0.62,MyList
GO Biological Processes,19,GO:0045217,cell-cell junction maintenance,19_GO:0009987 cellular process,-4.1,35,9.9,30169,17,154,3,1.9,1.1,2150|7082|8506,F2RL1|TJP1|CNTNAP1,-0.51,MyList
GO Biological Processes,19,GO:0045834,positive regulation of lipid metabolic process,19_GO:0048518 positive regulation of biological process,-3.8,7.6,5.9,30169,154,154,6,3.9,1.6,3815|7010|9572|9619|10891|84649,KIT|TEK|NR1D1|ABCG1|PPARGC1A|DGAT2,-0.4,MyList
GO Biological Processes,19,GO:0018108,peptidyl-tyrosine phosphorylation,19_GO:0008152 metabolic process,-3.7,7.3,5.7,30169,161,154,6,3.9,1.6,613|3815|5610|6098|7010|55872,BCR|KIT|EIF2AK2|ROS1|TEK|PBK,-0.4,MyList
GO Biological Processes,19,GO:0045005,DNA-templated DNA replication maintenance of fidelity,19_GO:0008152 metabolic process,-3.7,14,7,30169,56,154,4,2.6,1.3,546|1663|8914|348654,ATRX|DDX11|TIMELESS|GEN1,-0.4,MyList
GO Biological Processes,19,GO:0018212,peptidyl-tyrosine modification,19_GO:0008152 metabolic process,-3.7,7.2,5.7,30169,163,154,6,3.9,1.6,613|3815|5610|6098|7010|55872,BCR|KIT|EIF2AK2|ROS1|TEK|PBK,-0.4,MyList
GO Biological Processes,19,GO:0043954,cellular component maintenance,19_GO:0009987 cellular process,-3.7,14,6.9,30169,57,154,4,2.6,1.3,2150|7082|8506|93649,F2RL1|TJP1|CNTNAP1|MYOCD,-0.4,MyList
GO Biological Processes,19,GO:0140747,regulation of ncRNA transcription,19_GO:0008152 metabolic process,-3.7,26,8.4,30169,23,154,3,1.9,1.1,546|1663|23211,ATRX|DDX11|ZC3H4,-0.4,MyList
GO Biological Processes,19,GO:0044089,positive regulation of cellular component biogenesis,19_GO:0048518 positive regulation of biological process,-3.6,3.9,4.7,30169,498,154,10,6.5,2,2150|3815|6101|7010|7162|8100|23122|26073|57606|89848,F2RL1|KIT|RP1|TEK|TPBG|IFT88|CLASP2|POLDIP2|SLAIN2|FCHSD1,-0.36,MyList
GO Biological Processes,19,GO:0090109,regulation of cell-substrate junction assembly,19_GO:0050789 regulation of biological process,-3.5,12,6.4,30169,64,154,4,2.6,1.3,7010|7414|23122|26073,TEK|VCL|CLASP2|POLDIP2,-0.36,MyList
GO Biological Processes,19,GO:0051893,regulation of focal adhesion assembly,19_GO:0050789 regulation of biological process,-3.5,12,6.4,30169,64,154,4,2.6,1.3,7010|7414|23122|26073,TEK|VCL|CLASP2|POLDIP2,-0.36,MyList
GO Biological Processes,19,GO:0034143,regulation of toll-like receptor 4 signaling pathway,19_GO:0002376 immune system process,-3.5,22,7.7,30169,27,154,3,1.9,1.1,2150|9572|26060,F2RL1|NR1D1|APPL1,-0.36,MyList
GO Biological Processes,19,GO:0002064,epithelial cell development,19_GO:0032502 developmental process,-3.4,6.3,5.2,30169,188,154,6,3.9,1.6,546|2150|5314|6098|7082|80781,ATRX|F2RL1|PKHD1|ROS1|TJP1|COL18A1,-0.36,MyList
GO Biological Processes,19,GO:0150116,regulation of cell-substrate junction organization,19_GO:0050789 regulation of biological process,-3.4,11,6.2,30169,69,154,4,2.6,1.3,7010|7414|23122|26073,TEK|VCL|CLASP2|POLDIP2,-0.36,MyList
GO Biological Processes,19,GO:0006974,cellular response to DNA damage stimulus,19_GO:0050896 response to stimulus,-3.3,3.2,4.3,30169,742,154,12,7.8,2.2,546|1663|2177|8208|8295|8451|8914|22890|26073|51548|84259|348654,ATRX|DDX11|FANCD2|CHAF1B|TRRAP|CUL4A|TIMELESS|ZBTB1|POLDIP2|SIRT6|DCUN1D5|GEN1,-0.36,MyList
GO Biological Processes,19,GO:0006874,cellular calcium ion homeostasis,19_GO:0065007 biological regulation,-3.3,6.2,5.1,30169,190,154,6,3.9,1.6,309|489|1816|5314|57113|79054,ANXA6|ATP2A3|DRD5|PKHD1|TRPC7|TRPM8,-0.36,MyList
GO Biological Processes,19,GO:0055082,cellular chemical homeostasis,19_GO:0065007 biological regulation,-3.3,3.6,4.4,30169,537,154,10,6.5,2,309|489|1816|4804|5314|9572|10891|57113|79054|84649,ANXA6|ATP2A3|DRD5|NGFR|PKHD1|NR1D1|PPARGC1A|TRPC7|TRPM8|DGAT2,-0.36,MyList
GO Biological Processes,19,GO:0001952,regulation of cell-matrix adhesion,19_GO:0050789 regulation of biological process,-3.3,7.8,5.5,30169,125,154,5,3.2,1.4,5314|7010|7414|23122|26073,PKHD1|TEK|VCL|CLASP2|POLDIP2,-0.36,MyList
GO Biological Processes,19,GO:0032922,circadian regulation of gene expression,19_GO:0048511 rhythmic process,-3.3,11,6.1,30169,71,154,4,2.6,1.3,4804|9572|10891|51548,NGFR|NR1D1|PPARGC1A|SIRT6,-0.36,MyList
GO Biological Processes,19,GO:0003018,vascular process in circulatory system,19_GO:0032501 multicellular organismal process,-3.3,5.1,4.8,30169,270,154,7,4.5,1.7,148|489|613|1816|2150|7010|7082,ADRA1A|ATP2A3|BCR|DRD5|F2RL1|TEK|TJP1,-0.36,MyList
GO Biological Processes,19,GO:0048511,rhythmic process,19_GO:0048511 rhythmic process,-3.3,5.1,4.8,30169,270,154,7,4.5,1.7,4791|4804|8451|8914|9572|10891|51548,NFKB2|NGFR|CUL4A|TIMELESS|NR1D1|PPARGC1A|SIRT6,-0.36,MyList
GO Biological Processes,19,GO:0000904,cell morphogenesis involved in differentiation,19_GO:0032502 developmental process,-3.3,3.6,4.4,30169,544,154,10,6.5,2,4804|5314|7010|7162|7414|8506|25806|26033|80781|123016,NGFR|PKHD1|TEK|TPBG|VCL|CNTNAP1|VAX2|ATRNL1|COL18A1|TTC8,-0.36,MyList
GO Biological Processes,19,GO:0045987,positive regulation of smooth muscle contraction,19_GO:0048518 positive regulation of biological process,-3.3,19,7.2,30169,31,154,3,1.9,1.1,148|3815|93649,ADRA1A|KIT|MYOCD,-0.36,MyList
GO Biological Processes,19,GO:1901987,regulation of cell cycle phase transition,19_GO:0050789 regulation of biological process,-3.3,3.9,4.4,30169,453,154,9,5.8,1.9,2177|2273|8451|8914|9184|26060|54888|55872|348654,FANCD2|FHL1|CUL4A|TIMELESS|BUB3|APPL1|NSUN2|PBK|GEN1,-0.35,MyList
GO Biological Processes,19,GO:0001659,temperature homeostasis,19_GO:0032501 multicellular organismal process,-3.2,18,7,30169,32,154,3,1.9,1.1,8878|9572|10891,SQSTM1|NR1D1|PPARGC1A,-0.35,MyList
GO Biological Processes,19,GO:0009582,detection of abiotic stimulus,19_GO:0050896 response to stimulus,-3.2,7.3,5.2,30169,134,154,5,3.2,1.4,3815|4804|6101|8914|79054,KIT|NGFR|RP1|TIMELESS|TRPM8,-0.33,MyList
GO Biological Processes,19,GO:1901888,regulation of cell junction assembly,19_GO:0050789 regulation of biological process,-3.2,5.8,4.9,30169,204,154,6,3.9,1.6,7010|7082|7162|7414|23122|26073,TEK|TJP1|TPBG|VCL|CLASP2|POLDIP2,-0.33,MyList
GO Biological Processes,19,GO:0007623,circadian rhythm,19_GO:0048511 rhythmic process,-3.2,7.2,5.2,30169,136,154,5,3.2,1.4,4804|8914|9572|10891|51548,NGFR|TIMELESS|NR1D1|PPARGC1A|SIRT6,-0.33,MyList
GO Biological Processes,19,GO:0006259,DNA metabolic process,19_GO:0008152 metabolic process,-3.2,3,4.1,30169,780,154,12,7.8,2.2,546|648|1663|2177|8208|8295|8451|8914|22890|26073|51548|348654,ATRX|BMI1|DDX11|FANCD2|CHAF1B|TRRAP|CUL4A|TIMELESS|ZBTB1|POLDIP2|SIRT6|GEN1,-0.33,MyList
GO Biological Processes,19,GO:0006412,translation,19_GO:0008152 metabolic process,-3.1,4.2,4.4,30169,375,154,8,5.2,1.8,1933|5610|6161|7884|51023|55278|56478|219927,EEF1B2|EIF2AK2|RPL32|SLBP|MRPS18C|QRSL1|EIF4ENIF1|MRPL21,-0.33,MyList
GO Biological Processes,19,GO:0045786,negative regulation of cell cycle,19_GO:0048519 negative regulation of biological process,-3.1,4.2,4.4,30169,376,154,8,5.2,1.8,546|2177|2273|8914|9184|54888|64848|93649,ATRX|FANCD2|FHL1|TIMELESS|BUB3|NSUN2|YTHDC2|MYOCD,-0.33,MyList
GO Biological Processes,19,GO:0043603,cellular amide metabolic process,19_GO:0008152 metabolic process,-3.1,3,4,30169,796,154,12,7.8,2.2,1933|2581|5610|6161|7357|7884|28972|51023|55278|56478|84649|219927,EEF1B2|GALC|EIF2AK2|RPL32|UGCG|SLBP|SPCS1|MRPS18C|QRSL1|EIF4ENIF1|DGAT2|MRPL21,-0.29,MyList
CORUM,33,CORUM:929,CEN complex,,-3,16,6.5,30169,37,154,3,1.9,1.1,648|8451|23091,BMI1|CUL4A|ZC3H13,-0.28,MyList
GO Biological Processes,19,GO:0055074,calcium ion homeostasis,19_GO:0065007 biological regulation,-3,5.4,4.7,30169,217,154,6,3.9,1.6,309|489|1816|5314|57113|79054,ANXA6|ATP2A3|DRD5|PKHD1|TRPC7|TRPM8,-0.28,MyList
GO Biological Processes,19,GO:0043408,regulation of MAPK cascade,19_GO:0023052 signaling,-3,3.1,4,30169,694,154,11,7.1,2.1,148|2150|3815|5314|5610|5801|6098|7010|7162|54986|55872,ADRA1A|F2RL1|KIT|PKHD1|EIF2AK2|PTPRR|ROS1|TEK|TPBG|ULK4|PBK,-0.28,MyList
GO Biological Processes,19,GO:0008306,associative learning,19_GO:0032501 multicellular organismal process,-3,9.2,5.4,30169,85,154,4,2.6,1.3,1816|3815|7162|23259,DRD5|KIT|TPBG|DDHD2,-0.28,MyList
GO Biological Processes,19,GO:0120161,regulation of cold-induced thermogenesis,19_GO:0032501 multicellular organismal process,-3,6.7,4.9,30169,147,154,5,3.2,1.4,43|9572|10891|51548|79054,ACHE|NR1D1|PPARGC1A|SIRT6|TRPM8,-0.28,MyList
GO Biological Processes,19,GO:2000781,positive regulation of double-strand break repair,19_GO:0048518 positive regulation of biological process,-3,8.9,5.3,30169,88,154,4,2.6,1.3,1663|8295|8914|51548,DDX11|TRRAP|TIMELESS|SIRT6,-0.27,MyList
GO Biological Processes,19,GO:0072503,cellular divalent inorganic cation homeostasis,19_GO:0065007 biological regulation,-3,5.2,4.5,30169,226,154,6,3.9,1.6,309|489|1816|5314|57113|79054,ANXA6|ATP2A3|DRD5|PKHD1|TRPC7|TRPM8,-0.27,MyList
GO Biological Processes,19,GO:0003013,circulatory system process,19_GO:0032501 multicellular organismal process,-2.9,3.5,4.1,30169,502,154,9,5.8,1.9,148|489|613|1816|2150|4634|7010|7082|79924,ADRA1A|ATP2A3|BCR|DRD5|F2RL1|MYL3|TEK|TJP1|ADM2,-0.27,MyList
GO Biological Processes,19,GO:0043043,peptide biosynthetic process,19_GO:0008152 metabolic process,-2.9,3.9,4.2,30169,404,154,8,5.2,1.8,1933|5610|6161|7884|51023|55278|56478|219927,EEF1B2|EIF2AK2|RPL32|SLBP|MRPS18C|QRSL1|EIF4ENIF1|MRPL21,-0.27,MyList
GO Biological Processes,19,GO:0030855,epithelial cell differentiation,19_GO:0032502 developmental process,-2.9,3.2,4,30169,607,154,10,6.5,2,546|613|2150|2494|5314|6098|7082|7357|80781|123016,ATRX|BCR|F2RL1|NR5A2|PKHD1|ROS1|TJP1|UGCG|COL18A1|TTC8,-0.27,MyList
GO Biological Processes,19,GO:0006325,chromatin organization,19_GO:0009987 cellular process,-2.9,3.2,4,30169,608,154,10,6.5,2,546|648|1663|8208|8295|11164|22890|23030|51548|55689,ATRX|BMI1|DDX11|CHAF1B|TRRAP|NUDT5|ZBTB1|KDM4B|SIRT6|YEATS2,-0.27,MyList
GO Biological Processes,19,GO:0060041,retina development in camera-type eye,19_GO:0032502 developmental process,-2.9,6.4,4.8,30169,154,154,5,3.2,1.4,43|4149|6101|25806|123016,ACHE|MAX|RP1|VAX2|TTC8,-0.27,MyList
GO Biological Processes,19,GO:0034331,cell junction maintenance,19_GO:0009987 cellular process,-2.9,14,6.1,30169,41,154,3,1.9,1.1,2150|7082|8506,F2RL1|TJP1|CNTNAP1,-0.27,MyList
GO Biological Processes,19,GO:0070372,regulation of ERK1 and ERK2 cascade,19_GO:0023052 signaling,-2.9,4.4,4.3,30169,315,154,7,4.5,1.7,148|2150|5314|5801|6098|7010|7162,ADRA1A|F2RL1|PKHD1|PTPRR|ROS1|TEK|TPBG,-0.27,MyList
GO Biological Processes,19,GO:0009416,response to light stimulus,19_GO:0050896 response to stimulus,-2.9,4.4,4.3,30169,315,154,7,4.5,1.7,3815|6101|8451|22890|23259|51548|55872,KIT|RP1|CUL4A|ZBTB1|DDHD2|SIRT6|PBK,-0.27,MyList
GO Biological Processes,19,GO:0051301,cell division,19_GO:0009987 cellular process,-2.9,3.5,4,30169,509,154,9,5.8,1.9,648|3815|8914|9184|10300|23122|54888|55958|79187,BMI1|KIT|TIMELESS|BUB3|KATNB1|CLASP2|NSUN2|KLHL9|FSD1,-0.27,MyList
GO Biological Processes,19,GO:0008015,blood circulation,19_GO:0032501 multicellular organismal process,-2.9,3.8,4.1,30169,411,154,8,5.2,1.8,148|613|1816|2150|4634|7010|7082|79924,ADRA1A|BCR|DRD5|F2RL1|MYL3|TEK|TJP1|ADM2,-0.27,MyList
GO Biological Processes,19,GO:0007346,regulation of mitotic cell cycle,19_GO:0050789 regulation of biological process,-2.9,3.4,4,30169,517,154,9,5.8,1.9,2177|2273|8451|9184|26060|26073|55872|64848|348654,FANCD2|FHL1|CUL4A|BUB3|APPL1|POLDIP2|PBK|YTHDC2|GEN1,-0.26,MyList
GO Biological Processes,19,GO:0016071,mRNA metabolic process,19_GO:0008152 metabolic process,-2.8,3.1,3.9,30169,627,154,10,6.5,2,6433|7884|9652|10891|10949|22890|23091|29101|54888|79706,SFSWAP|SLBP|SKIC3|PPARGC1A|HNRNPA0|ZBTB1|ZC3H13|SSU72|NSUN2|PRKRIP1,-0.26,MyList
GO Biological Processes,19,GO:0043604,amide biosynthetic process,19_GO:0008152 metabolic process,-2.8,3.4,3.9,30169,521,154,9,5.8,1.9,1933|5610|6161|7357|7884|51023|55278|56478|219927,EEF1B2|EIF2AK2|RPL32|UGCG|SLBP|MRPS18C|QRSL1|EIF4ENIF1|MRPL21,-0.26,MyList
GO Biological Processes,19,GO:0003073,regulation of systemic arterial blood pressure,19_GO:0032501 multicellular organismal process,-2.8,8.2,5,30169,96,154,4,2.6,1.3,148|1816|2150|79924,ADRA1A|DRD5|F2RL1|ADM2,-0.26,MyList
GO Biological Processes,19,GO:0009895,negative regulation of catabolic process,19_GO:0048519 negative regulation of biological process,-2.8,4.2,4.1,30169,330,154,7,4.5,1.7,148|10949|26073|51548|54888|55872|56478,ADRA1A|HNRNPA0|POLDIP2|SIRT6|NSUN2|PBK|EIF4ENIF1,-0.26,MyList
GO Biological Processes,19,GO:0120162,positive regulation of cold-induced thermogenesis,19_GO:0048518 positive regulation of biological process,-2.8,8,5,30169,98,154,4,2.6,1.3,43|10891|51548|79054,ACHE|PPARGC1A|SIRT6|TRPM8,-0.26,MyList
GO Biological Processes,19,GO:2001022,positive regulation of response to DNA damage stimulus,19_GO:0048518 positive regulation of biological process,-2.8,5.9,4.5,30169,166,154,5,3.2,1.4,1663|8295|8914|51548|55872,DDX11|TRRAP|TIMELESS|SIRT6|PBK,-0.26,MyList
GO Biological Processes,19,GO:0031330,negative regulation of cellular catabolic process,19_GO:0048519 negative regulation of biological process,-2.8,4.8,4.3,30169,245,154,6,3.9,1.6,148|10949|26073|54888|55872|56478,ADRA1A|HNRNPA0|POLDIP2|NSUN2|PBK|EIF4ENIF1,-0.26,MyList
Reactome Gene Sets,6,R-HSA-1660662,Glycosphingolipid metabolism,,-2.8,13,5.7,30169,46,154,3,1.9,1.1,410|2581|7357,ARSA|GALC|UGCG,-0.26,MyList
GO Biological Processes,19,GO:0006913,nucleocytoplasmic transport,19_GO:0051179 localization,-2.8,4.8,4.3,30169,246,154,6,3.9,1.6,8125|8878|26060|55746|56478|84248,ANP32A|SQSTM1|APPL1|NUP133|EIF4ENIF1|FYTTD1,-0.26,MyList
GO Biological Processes,19,GO:0051169,nuclear transport,19_GO:0051179 localization,-2.8,4.8,4.3,30169,246,154,6,3.9,1.6,8125|8878|26060|55746|56478|84248,ANP32A|SQSTM1|APPL1|NUP133|EIF4ENIF1|FYTTD1,-0.26,MyList
GO Biological Processes,19,GO:0006518,peptide metabolic process,19_GO:0008152 metabolic process,-2.8,3.3,3.9,30169,532,154,9,5.8,1.9,1933|5610|6161|7884|28972|51023|55278|56478|219927,EEF1B2|EIF2AK2|RPL32|SLBP|SPCS1|MRPS18C|QRSL1|EIF4ENIF1|MRPL21,-0.26,MyList
GO Biological Processes,19,GO:0019725,cellular homeostasis,19_GO:0065007 biological regulation,-2.8,3.1,3.8,30169,641,154,10,6.5,2,309|489|1816|4804|5314|9572|10891|57113|79054|84649,ANXA6|ATP2A3|DRD5|NGFR|PKHD1|NR1D1|PPARGC1A|TRPC7|TRPM8|DGAT2,-0.26,MyList
GO Biological Processes,19,GO:0042632,cholesterol homeostasis,19_GO:0065007 biological regulation,-2.8,7.8,4.9,30169,100,154,4,2.6,1.3,2494|9572|9619|84649,NR5A2|NR1D1|ABCG1|DGAT2,-0.26,MyList
GO Biological Processes,19,GO:0031297,replication fork processing,19_GO:0008152 metabolic process,-2.7,13,5.7,30169,47,154,3,1.9,1.1,546|1663|348654,ATRX|DDX11|GEN1,-0.26,MyList
GO Biological Processes,19,GO:0055092,sterol homeostasis,19_GO:0065007 biological regulation,-2.7,7.8,4.9,30169,101,154,4,2.6,1.3,2494|9572|9619|84649,NR5A2|NR1D1|ABCG1|DGAT2,-0.26,MyList
GO Biological Processes,19,GO:1901699,cellular response to nitrogen compound,19_GO:0050896 response to stimulus,-2.7,3,3.7,30169,646,154,10,6.5,2,43|546|1291|1663|1816|4149|4804|8462|8914|26060,ACHE|ATRX|COL6A1|DDX11|DRD5|MAX|NGFR|KLF11|TIMELESS|APPL1,-0.26,MyList
GO Biological Processes,19,GO:0062012,regulation of small molecule metabolic process,19_GO:0008152 metabolic process,-2.7,4,4,30169,339,154,7,4.5,1.7,3815|9572|9619|10891|51548|84649|160760,KIT|NR1D1|ABCG1|PPARGC1A|SIRT6|DGAT2|PPTC7,-0.26,MyList
GO Biological Processes,19,GO:0051493,regulation of cytoskeleton organization,19_GO:0050789 regulation of biological process,-2.7,3.3,3.8,30169,539,154,9,5.8,1.9,2150|7010|7082|10300|23122|57606|79187|89848|123016,F2RL1|TEK|TJP1|KATNB1|CLASP2|SLAIN2|FSD1|FCHSD1|TTC8,-0.26,MyList
GO Biological Processes,19,GO:0019218,regulation of steroid metabolic process,19_GO:0008152 metabolic process,-2.7,7.7,4.8,30169,102,154,4,2.6,1.3,3815|9572|9619|84649,KIT|NR1D1|ABCG1|DGAT2,-0.26,MyList
GO Biological Processes,19,GO:0045776,negative regulation of blood pressure,19_GO:0032501 multicellular organismal process,-2.7,12,5.6,30169,48,154,3,1.9,1.1,148|1816|79924,ADRA1A|DRD5|ADM2,-0.26,MyList
GO Biological Processes,19,GO:1901976,regulation of cell cycle checkpoint,19_GO:0023052 signaling,-2.7,12,5.6,30169,48,154,3,1.9,1.1,8451|55872|348654,CUL4A|PBK|GEN1,-0.26,MyList
GO Biological Processes,19,GO:0000226,microtubule cytoskeleton organization,19_GO:0009987 cellular process,-2.7,3.3,3.8,30169,541,154,9,5.8,1.9,546|5314|6101|10300|23122|26073|54986|57606|79187,ATRX|PKHD1|RP1|KATNB1|CLASP2|POLDIP2|ULK4|SLAIN2|FSD1,-0.26,MyList
GO Biological Processes,19,GO:0032886,regulation of microtubule-based process,19_GO:0050789 regulation of biological process,-2.7,4.7,4.2,30169,252,154,6,3.9,1.6,5314|10300|23122|57606|79187|348654,PKHD1|KATNB1|CLASP2|SLAIN2|FSD1|GEN1,-0.26,MyList
GO Biological Processes,19,GO:0043114,regulation of vascular permeability,19_GO:0032501 multicellular organismal process,-2.7,12,5.5,30169,49,154,3,1.9,1.1,613|7010|7082,BCR|TEK|TJP1,-0.26,MyList
GO Biological Processes,19,GO:0045933,positive regulation of muscle contraction,19_GO:0048518 positive regulation of biological process,-2.7,12,5.5,30169,49,154,3,1.9,1.1,148|3815|93649,ADRA1A|KIT|MYOCD,-0.26,MyList
GO Biological Processes,19,GO:0001885,endothelial cell development,19_GO:0032502 developmental process,-2.7,12,5.5,30169,49,154,3,1.9,1.1,2150|7082|80781,F2RL1|TJP1|COL18A1,-0.26,MyList
GO Biological Processes,19,GO:0045216,cell-cell junction organization,19_GO:0009987 cellular process,-2.7,5.6,4.4,30169,174,154,5,3.2,1.4,2150|5314|7082|7414|8506,F2RL1|PKHD1|TJP1|VCL|CNTNAP1,-0.26,MyList
GO Biological Processes,19,GO:0006937,regulation of muscle contraction,19_GO:0032501 multicellular organismal process,-2.7,5.6,4.4,30169,174,154,5,3.2,1.4,148|309|3815|4634|93649,ADRA1A|ANXA6|KIT|MYL3|MYOCD,-0.26,MyList
GO Biological Processes,19,GO:0019216,regulation of lipid metabolic process,19_GO:0008152 metabolic process,-2.7,4,4,30169,347,154,7,4.5,1.7,3815|7010|9572|9619|10891|51548|84649,KIT|TEK|NR1D1|ABCG1|PPARGC1A|SIRT6|DGAT2,-0.25,MyList
GO Biological Processes,19,GO:0009314,response to radiation,19_GO:0050896 response to stimulus,-2.7,3.5,3.8,30169,446,154,8,5.2,1.8,2177|3815|6101|8451|22890|23259|51548|55872,FANCD2|KIT|RP1|CUL4A|ZBTB1|DDHD2|SIRT6|PBK,-0.25,MyList
GO Biological Processes,19,GO:0006338,chromatin remodeling,19_GO:0009987 cellular process,-2.7,3.9,3.9,30169,349,154,7,4.5,1.7,546|8208|11164|22890|23030|51548|55689,ATRX|CHAF1B|NUDT5|ZBTB1|KDM4B|SIRT6|YEATS2,-0.24,MyList
GO Biological Processes,19,GO:0062207,regulation of pattern recognition receptor signaling pathway,19_GO:0002376 immune system process,-2.6,7.3,4.7,30169,107,154,4,2.6,1.3,2150|6397|9572|26060,F2RL1|SEC14L1|NR1D1|APPL1,-0.24,MyList
GO Biological Processes,19,GO:0090068,positive regulation of cell cycle process,19_GO:0048518 positive regulation of biological process,-2.6,4.5,4.1,30169,260,154,6,3.9,1.6,546|1663|8451|26073|55872|348654,ATRX|DDX11|CUL4A|POLDIP2|PBK|GEN1,-0.24,MyList
GO Biological Processes,19,GO:0072507,divalent inorganic cation homeostasis,19_GO:0065007 biological regulation,-2.6,4.5,4.1,30169,262,154,6,3.9,1.6,309|489|1816|5314|57113|79054,ANXA6|ATP2A3|DRD5|PKHD1|TRPC7|TRPM8,-0.23,MyList
Reactome Gene Sets,6,R-HSA-3108232,SUMO E3 ligases SUMOylate target proteins,,-2.6,5.4,4.2,30169,182,154,5,3.2,1.4,648|2494|4791|10891|55746,BMI1|NR5A2|NFKB2|PPARGC1A|NUP133,-0.21,MyList
KEGG Pathway,24,hsa00600,Sphingolipid metabolism,,-2.6,11,5.3,30169,53,154,3,1.9,1.1,410|2581|7357,ARSA|GALC|UGCG,-0.21,MyList
GO Biological Processes,19,GO:0048146,positive regulation of fibroblast proliferation,19_GO:0048518 positive regulation of biological process,-2.6,11,5.3,30169,53,154,3,1.9,1.1,648|4804|51548,BMI1|NGFR|SIRT6,-0.21,MyList
GO Biological Processes,19,GO:0006111,regulation of gluconeogenesis,19_GO:0008152 metabolic process,-2.6,11,5.3,30169,53,154,3,1.9,1.1,10891|51548|84649,PPARGC1A|SIRT6|DGAT2,-0.21,MyList
GO Biological Processes,19,GO:0120034,positive regulation of plasma membrane bounded cell projection assembly,19_GO:0048518 positive regulation of biological process,-2.6,7.1,4.6,30169,111,154,4,2.6,1.3,2150|3815|6101|8100,F2RL1|KIT|RP1|IFT88,-0.21,MyList
GO Biological Processes,19,GO:0045787,positive regulation of cell cycle,19_GO:0048518 positive regulation of biological process,-2.6,3.8,3.8,30169,362,154,7,4.5,1.7,546|1663|8451|26073|55872|64848|348654,ATRX|DDX11|CUL4A|POLDIP2|PBK|YTHDC2|GEN1,-0.2,MyList
GO Biological Processes,19,GO:0034329,cell junction assembly,19_GO:0009987 cellular process,-2.6,4.4,4,30169,270,154,6,3.9,1.6,43|613|7082|7414|8506|56133,ACHE|BCR|TJP1|VCL|CNTNAP1|PCDHB2,-0.2,MyList
GO Biological Processes,19,GO:0019827,stem cell population maintenance,19_GO:0032502 developmental process,-2.5,6.9,4.5,30169,114,154,4,2.6,1.3,2177|3815|8451|56478,FANCD2|KIT|CUL4A|EIF4ENIF1,-0.19,MyList
Reactome Gene Sets,6,R-HSA-2990846,SUMOylation,,-2.5,5.2,4.1,30169,188,154,5,3.2,1.4,648|2494|4791|10891|55746,BMI1|NR5A2|NFKB2|PPARGC1A|NUP133,-0.19,MyList
GO Biological Processes,19,GO:0006886,intracellular protein transport,19_GO:0051179 localization,-2.5,2.9,3.5,30169,687,154,10,6.5,2,613|4074|4804|8878|10300|10981|26060|28972|55746|56478,BCR|M6PR|NGFR|SQSTM1|KATNB1|RAB32|APPL1|SPCS1|NUP133|EIF4ENIF1,-0.19,MyList
GO Biological Processes,19,GO:0071482,cellular response to light stimulus,19_GO:0050896 response to stimulus,-2.5,6.8,4.5,30169,115,154,4,2.6,1.3,6101|8451|22890|55872,RP1|CUL4A|ZBTB1|PBK,-0.19,MyList
GO Biological Processes,19,GO:0006606,protein import into nucleus,19_GO:0051179 localization,-2.5,6.8,4.5,30169,115,154,4,2.6,1.3,8878|26060|55746|56478,SQSTM1|APPL1|NUP133|EIF4ENIF1,-0.19,MyList
GO Biological Processes,19,GO:0031109,microtubule polymerization or depolymerization,19_GO:0009987 cellular process,-2.5,10,5.1,30169,56,154,3,1.9,1.1,10300|23122|57606,KATNB1|CLASP2|SLAIN2,-0.19,MyList
GO Biological Processes,19,GO:0051438,regulation of ubiquitin-protein transferase activity,19_GO:0065007 biological regulation,-2.5,10,5.1,30169,56,154,3,1.9,1.1,648|9184|84259,BMI1|BUB3|DCUN1D5,-0.19,MyList
GO Biological Processes,19,GO:0051302,regulation of cell division,19_GO:0050789 regulation of biological process,-2.5,5.2,4.1,30169,190,154,5,3.2,1.4,8202|26073|55689|55958|79187,NCOA3|POLDIP2|YEATS2|KLHL9|FSD1,-0.19,MyList
GO Biological Processes,19,GO:0003014,renal system process,19_GO:0032501 multicellular organismal process,-2.5,6.8,4.4,30169,116,154,4,2.6,1.3,148|613|2150|79706,ADRA1A|BCR|F2RL1|PRKRIP1,-0.19,MyList
GO Biological Processes,19,GO:0000902,cell morphogenesis,19_GO:0032502 developmental process,-2.5,2.8,3.5,30169,694,154,10,6.5,2,4804|5314|7010|7162|7414|8506|25806|26033|80781|123016,NGFR|PKHD1|TEK|TPBG|VCL|CNTNAP1|VAX2|ATRNL1|COL18A1|TTC8,-0.19,MyList
GO Biological Processes,19,GO:0048871,multicellular organismal homeostasis,19_GO:0032501 multicellular organismal process,-2.5,3.7,3.7,30169,372,154,7,4.5,1.7,6101|7082|7357|7414|8878|9572|10891,RP1|TJP1|UGCG|VCL|SQSTM1|NR1D1|PPARGC1A,-0.19,MyList
GO Biological Processes,19,GO:0070588,calcium ion transmembrane transport,19_GO:0051179 localization,-2.5,5.1,4.1,30169,193,154,5,3.2,1.4,148|309|489|57113|79054,ADRA1A|ANXA6|ATP2A3|TRPC7|TRPM8,-0.18,MyList
GO Biological Processes,19,GO:0098727,maintenance of cell number,19_GO:0032502 developmental process,-2.5,6.6,4.4,30169,118,154,4,2.6,1.3,2177|3815|8451|56478,FANCD2|KIT|CUL4A|EIF4ENIF1,-0.18,MyList
GO Biological Processes,19,GO:0051170,import into nucleus,19_GO:0051179 localization,-2.5,6.6,4.4,30169,119,154,4,2.6,1.3,8878|26060|55746|56478,SQSTM1|APPL1|NUP133|EIF4ENIF1,-0.17,MyList
GO Biological Processes,19,GO:0051495,positive regulation of cytoskeleton organization,19_GO:0048518 positive regulation of biological process,-2.5,5,4,30169,195,154,5,3.2,1.4,2150|7010|10300|57606|89848,F2RL1|TEK|KATNB1|SLAIN2|FCHSD1,-0.17,MyList
GO Biological Processes,19,GO:0051345,positive regulation of hydrolase activity,19_GO:0065007 biological regulation,-2.5,3,3.5,30169,589,154,9,5.8,1.9,148|489|613|1663|2150|3815|4804|9771|27166,ADRA1A|ATP2A3|BCR|DDX11|F2RL1|KIT|NGFR|RAPGEF5|PRELID1,-0.17,MyList
GO Biological Processes,19,GO:0042752,regulation of circadian rhythm,19_GO:0048511 rhythmic process,-2.5,6.5,4.3,30169,120,154,4,2.6,1.3,8914|9572|10891|51548,TIMELESS|NR1D1|PPARGC1A|SIRT6,-0.17,MyList
WikiPathways,27,WP4541,Hippo-Merlin signaling dysregulation,,-2.5,6.5,4.3,30169,121,154,4,2.6,1.3,3815|4804|7010|8451,KIT|NGFR|TEK|CUL4A,-0.16,MyList
GO Biological Processes,19,GO:0032870,cellular response to hormone stimulus,19_GO:0050896 response to stimulus,-2.5,3.2,3.6,30169,484,154,8,5.2,1.8,648|2494|3815|4149|7357|8202|9572|26060,BMI1|NR5A2|KIT|MAX|UGCG|NCOA3|NR1D1|APPL1,-0.16,MyList
GO Biological Processes,19,GO:0006687,glycosphingolipid metabolic process,19_GO:0008152 metabolic process,-2.4,9.8,4.9,30169,60,154,3,1.9,1.1,2581|3815|7357,GALC|KIT|UGCG,-0.16,MyList
GO Biological Processes,19,GO:1902903,regulation of supramolecular fiber organization,19_GO:0050789 regulation of biological process,-2.4,3.6,3.6,30169,384,154,7,4.5,1.7,2150|7082|10300|23122|57606|89848|123016,F2RL1|TJP1|KATNB1|CLASP2|SLAIN2|FCHSD1|TTC8,-0.15,MyList
GO Biological Processes,19,GO:0010948,negative regulation of cell cycle process,19_GO:0048519 negative regulation of biological process,-2.4,4.1,3.8,30169,288,154,6,3.9,1.6,546|2177|2273|8914|9184|54888,ATRX|FANCD2|FHL1|TIMELESS|BUB3|NSUN2,-0.15,MyList
GO Biological Processes,19,GO:0034330,cell junction organization,19_GO:0009987 cellular process,-2.4,3.2,3.5,30169,489,154,8,5.2,1.8,43|613|2150|5314|7082|7414|8506|56133,ACHE|BCR|F2RL1|PKHD1|TJP1|VCL|CNTNAP1|PCDHB2,-0.15,MyList
GO Biological Processes,19,GO:0098662,inorganic cation transmembrane transport,19_GO:0051179 localization,-2.4,2.9,3.4,30169,603,154,9,5.8,1.9,148|309|489|3772|3775|6539|57113|79054|219527,ADRA1A|ANXA6|ATP2A3|KCNJ15|KCNK1|SLC6A12|TRPC7|TRPM8|LRRC55,-0.14,MyList
GO Biological Processes,19,GO:0006260,DNA replication,19_GO:0008152 metabolic process,-2.4,4.8,3.9,30169,203,154,5,3.2,1.4,546|1663|8208|8914|348654,ATRX|DDX11|CHAF1B|TIMELESS|GEN1,-0.14,MyList
GO Biological Processes,19,GO:0031122,cytoplasmic microtubule organization,19_GO:0009987 cellular process,-2.4,9.5,4.8,30169,62,154,3,1.9,1.1,10300|57606|79187,KATNB1|SLAIN2|FSD1,-0.14,MyList
KEGG Pathway,24,hsa04010,MAPK signaling pathway,,-2.4,4,3.7,30169,294,154,6,3.9,1.6,3815|4149|4791|4804|5801|7010,KIT|MAX|NFKB2|NGFR|PTPRR|TEK,-0.13,MyList
Reactome Gene Sets,6,R-HSA-397014,Muscle contraction,,-2.4,4.8,3.9,30169,205,154,5,3.2,1.4,309|489|3775|4634|7414,ANXA6|ATP2A3|KCNK1|MYL3|VCL,-0.13,MyList
GO Biological Processes,19,GO:0016573,histone acetylation,19_GO:0008152 metabolic process,-2.4,6.2,4.2,30169,127,154,4,2.6,1.3,648|8202|8295|55689,BMI1|NCOA3|TRRAP|YEATS2,-0.13,MyList
GO Biological Processes,19,GO:0045739,positive regulation of DNA repair,19_GO:0048518 positive regulation of biological process,-2.4,6.1,4.2,30169,128,154,4,2.6,1.3,1663|8295|8914|51548,DDX11|TRRAP|TIMELESS|SIRT6,-0.12,MyList
Canonical Pathways,11,M200,PID ERA GENOMIC PATHWAY,,-2.4,9.2,4.7,30169,64,154,3,1.9,1.1,8125|8202|80781,ANP32A|NCOA3|COL18A1,-0.12,MyList
Reactome Gene Sets,6,R-HSA-1483206,Glycerophospholipid biosynthesis,,-2.4,6.1,4.1,30169,129,154,4,2.6,1.3,43|23259|84649|171586,ACHE|DDHD2|DGAT2|ABHD3,-0.12,MyList
GO Biological Processes,19,GO:0050714,positive regulation of protein secretion,19_GO:0051179 localization,-2.4,6.1,4.1,30169,129,154,4,2.6,1.3,43|2150|9619|51548,ACHE|F2RL1|ABCG1|SIRT6,-0.12,MyList
GO Biological Processes,19,GO:0006940,regulation of smooth muscle contraction,19_GO:0032501 multicellular organismal process,-2.3,9,4.6,30169,65,154,3,1.9,1.1,148|3815|93649,ADRA1A|KIT|MYOCD,-0.11,MyList
GO Biological Processes,19,GO:0051054,positive regulation of DNA metabolic process,19_GO:0048518 positive regulation of biological process,-2.3,3.9,3.6,30169,301,154,6,3.9,1.6,546|1663|8295|8914|10891|51548,ATRX|DDX11|TRRAP|TIMELESS|PPARGC1A|SIRT6,-0.11,MyList
GO Biological Processes,19,GO:0009581,detection of external stimulus,19_GO:0050896 response to stimulus,-2.3,6,4.1,30169,131,154,4,2.6,1.3,3815|4804|6101|79054,KIT|NGFR|RP1|TRPM8,-0.11,MyList
GO Biological Processes,19,GO:0043489,RNA stabilization,19_GO:0048519 negative regulation of biological process,-2.3,8.9,4.6,30169,66,154,3,1.9,1.1,10949|54888|56478,HNRNPA0|NSUN2|EIF4ENIF1,-0.11,MyList
GO Biological Processes,19,GO:0006282,regulation of DNA repair,19_GO:0050896 response to stimulus,-2.3,4.6,3.8,30169,212,154,5,3.2,1.4,1663|8295|8451|8914|51548,DDX11|TRRAP|CUL4A|TIMELESS|SIRT6,-0.11,MyList
GO Biological Processes,19,GO:0072001,renal system development,19_GO:0032502 developmental process,-2.3,3.9,3.6,30169,303,154,6,3.9,1.6,5314|7010|8100|55746|93649|123016,PKHD1|TEK|IFT88|NUP133|MYOCD|TTC8,-0.11,MyList
KEGG Pathway,24,hsa04142,Lysosome,,-2.3,5.9,4.1,30169,132,154,4,2.6,1.3,410|2581|4074|9583,ARSA|GALC|M6PR|ENTPD4,-0.11,MyList
GO Biological Processes,19,GO:0000278,mitotic cell cycle,19_GO:0009987 cellular process,-2.3,2.8,3.3,30169,622,154,9,5.8,1.9,2177|5314|8451|8462|9184|10300|23122|26073|55872,FANCD2|PKHD1|CUL4A|KLF11|BUB3|KATNB1|CLASP2|POLDIP2|PBK,-0.1,MyList
GO Biological Processes,19,GO:0018393,internal peptidyl-lysine acetylation,19_GO:0008152 metabolic process,-2.3,5.9,4,30169,133,154,4,2.6,1.3,648|8202|8295|55689,BMI1|NCOA3|TRRAP|YEATS2,-0.1,MyList
Reactome Gene Sets,6,R-HSA-556833,Metabolism of lipids,,-2.3,2.6,3.2,30169,743,154,10,6.5,2,43|410|2581|7357|8202|9572|10891|23259|84649|171586,ACHE|ARSA|GALC|UGCG|NCOA3|NR1D1|PPARGC1A|DDHD2|DGAT2|ABHD3,-0.096,MyList
GO Biological Processes,19,GO:0030001,metal ion transport,19_GO:0051179 localization,-2.3,2.8,3.3,30169,628,154,9,5.8,1.9,148|309|489|3772|3775|6539|57113|79054|219527,ADRA1A|ANXA6|ATP2A3|KCNJ15|KCNK1|SLC6A12|TRPC7|TRPM8|LRRC55,-0.093,MyList
GO Biological Processes,19,GO:1901653,cellular response to peptide,19_GO:0050896 response to stimulus,-2.3,3.8,3.6,30169,308,154,6,3.9,1.6,1663|4149|4804|8462|8914|26060,DDX11|MAX|NGFR|KLF11|TIMELESS|APPL1,-0.093,MyList
GO Biological Processes,19,GO:0006475,internal protein amino acid acetylation,19_GO:0008152 metabolic process,-2.3,5.8,4,30169,135,154,4,2.6,1.3,648|8202|8295|55689,BMI1|NCOA3|TRRAP|YEATS2,-0.093,MyList
GO Biological Processes,19,GO:2000779,regulation of double-strand break repair,19_GO:0050896 response to stimulus,-2.3,5.8,4,30169,135,154,4,2.6,1.3,1663|8295|8914|51548,DDX11|TRRAP|TIMELESS|SIRT6,-0.093,MyList
GO Biological Processes,19,GO:0001505,regulation of neurotransmitter levels,19_GO:0065007 biological regulation,-2.3,4.5,3.7,30169,217,154,5,3.2,1.4,43|148|6539|6570|9381,ACHE|ADRA1A|SLC6A12|SLC18A1|OTOF,-0.09,MyList
GO Biological Processes,19,GO:0018394,peptidyl-lysine acetylation,19_GO:0008152 metabolic process,-2.3,5.8,4,30169,136,154,4,2.6,1.3,648|8202|8295|55689,BMI1|NCOA3|TRRAP|YEATS2,-0.09,MyList
GO Biological Processes,19,GO:0010565,regulation of cellular ketone metabolic process,19_GO:0008152 metabolic process,-2.3,5.8,4,30169,136,154,4,2.6,1.3,9572|10891|84649|160760,NR1D1|PPARGC1A|DGAT2|PPTC7,-0.09,MyList
GO Biological Processes,19,GO:2001020,regulation of response to DNA damage stimulus,19_GO:0050896 response to stimulus,-2.3,3.8,3.5,30169,312,154,6,3.9,1.6,1663|8295|8451|8914|51548|55872,DDX11|TRRAP|CUL4A|TIMELESS|SIRT6|PBK,-0.079,MyList
GO Biological Processes,19,GO:0006261,DNA-templated DNA replication,19_GO:0008152 metabolic process,-2.2,5.6,3.9,30169,139,154,4,2.6,1.3,546|1663|8914|348654,ATRX|DDX11|TIMELESS|GEN1,-0.063,MyList
GO Biological Processes,19,GO:0010810,regulation of cell-substrate adhesion,19_GO:0050789 regulation of biological process,-2.2,4.4,3.7,30169,222,154,5,3.2,1.4,5314|7010|7414|23122|26073,PKHD1|TEK|VCL|CLASP2|POLDIP2,-0.063,MyList
GO Biological Processes,19,GO:1903047,mitotic cell cycle process,19_GO:0009987 cellular process,-2.2,3,3.3,30169,529,154,8,5.2,1.8,2177|5314|8451|8462|9184|10300|23122|26073,FANCD2|PKHD1|CUL4A|KLF11|BUB3|KATNB1|CLASP2|POLDIP2,-0.058,MyList
GO Biological Processes,19,GO:0034645,cellular macromolecule biosynthetic process,19_GO:0008152 metabolic process,-2.2,2.6,3.1,30169,764,154,10,6.5,2,1933|5610|6161|7357|7884|9572|51023|55278|56478|219927,EEF1B2|EIF2AK2|RPL32|UGCG|SLBP|NR1D1|MRPS18C|QRSL1|EIF4ENIF1|MRPL21,-0.058,MyList
GO Biological Processes,19,GO:0009725,response to hormone,19_GO:0050896 response to stimulus,-2.2,2.6,3.1,30169,764,154,10,6.5,2,148|648|1036|2494|3815|4149|7357|8202|9572|26060,ADRA1A|BMI1|CDO1|NR5A2|KIT|MAX|UGCG|NCOA3|NR1D1|APPL1,-0.058,MyList
GO Biological Processes,19,GO:0009185,ribonucleoside diphosphate metabolic process,19_GO:0008152 metabolic process,-2.2,8.2,4.4,30169,72,154,3,1.9,1.1,9583|11164|51727,ENTPD4|NUDT5|CMPK1,-0.058,MyList
GO Biological Processes,19,GO:0010569,regulation of double-strand break repair via homologous recombination,19_GO:0050896 response to stimulus,-2.2,8.2,4.4,30169,72,154,3,1.9,1.1,8295|8914|51548,TRRAP|TIMELESS|SIRT6,-0.058,MyList
GO Biological Processes,19,GO:0006875,cellular metal ion homeostasis,19_GO:0065007 biological regulation,-2.2,3.6,3.4,30169,323,154,6,3.9,1.6,309|489|1816|5314|57113|79054,ANXA6|ATP2A3|DRD5|PKHD1|TRPC7|TRPM8,-0.031,MyList
GO Biological Processes,19,GO:0034121,regulation of toll-like receptor signaling pathway,19_GO:0002376 immune system process,-2.1,7.6,4.2,30169,77,154,3,1.9,1.1,2150|9572|26060,F2RL1|NR1D1|APPL1,0,MyList
GO Biological Processes,19,GO:0009411,response to UV,19_GO:0050896 response to stimulus,-2.1,5.3,3.7,30169,149,154,4,2.6,1.3,8451|22890|51548|55872,CUL4A|ZBTB1|SIRT6|PBK,0,MyList
GO Biological Processes,19,GO:0010821,regulation of mitochondrion organization,19_GO:0050789 regulation of biological process,-2.1,5.2,3.7,30169,150,154,4,2.6,1.3,8878|10891|23259|27166,SQSTM1|PPARGC1A|DDHD2|PRELID1,0,MyList
GO Biological Processes,19,GO:0007612,learning,19_GO:0032501 multicellular organismal process,-2.1,5.2,3.7,30169,150,154,4,2.6,1.3,1816|3815|7162|23259,DRD5|KIT|TPBG|DDHD2,0,MyList
Reactome Gene Sets,6,R-HSA-73894,DNA Repair,,-2.1,3.5,3.3,30169,336,154,6,3.9,1.6,2177|8451|8914|23030|51548|348654,FANCD2|CUL4A|TIMELESS|KDM4B|SIRT6|GEN1,0,MyList
Canonical Pathways,11,M66,PID MYC ACTIV PATHWAY,,-2.1,7.4,4.1,30169,79,154,3,1.9,1.1,648|4149|8295,BMI1|MAX|TRRAP,0,MyList
GO Biological Processes,19,GO:0062013,positive regulation of small molecule metabolic process,19_GO:0048518 positive regulation of biological process,-2.1,5.2,3.7,30169,152,154,4,2.6,1.3,9572|9619|10891|84649,NR1D1|ABCG1|PPARGC1A|DGAT2,0,MyList
GO Biological Processes,19,GO:1901988,negative regulation of cell cycle phase transition,19_GO:0048519 negative regulation of biological process,-2.1,4.1,3.4,30169,239,154,5,3.2,1.4,2177|2273|8914|9184|54888,FANCD2|FHL1|TIMELESS|BUB3|NSUN2,0,MyList
GO Biological Processes,19,GO:0098655,cation transmembrane transport,19_GO:0051179 localization,-2.1,2.6,3,30169,672,154,9,5.8,1.9,148|309|489|3772|3775|6539|57113|79054|219527,ADRA1A|ANXA6|ATP2A3|KCNJ15|KCNK1|SLC6A12|TRPC7|TRPM8|LRRC55,0,MyList
GO Biological Processes,19,GO:0000075,cell cycle checkpoint signaling,19_GO:0023052 signaling,-2.1,5.1,3.7,30169,153,154,4,2.6,1.3,2177|8914|9184|54888,FANCD2|TIMELESS|BUB3|NSUN2,0,MyList
GO Biological Processes,19,GO:0014068,positive regulation of phosphatidylinositol 3-kinase signaling,19_GO:0023052 signaling,-2.1,7.3,4.1,30169,80,154,3,1.9,1.1,2150|3815|7010,F2RL1|KIT|TEK,0,MyList
GO Biological Processes,19,GO:1902369,negative regulation of RNA catabolic process,19_GO:0048519 negative regulation of biological process,-2.1,7.3,4.1,30169,80,154,3,1.9,1.1,10949|54888|56478,HNRNPA0|NSUN2|EIF4ENIF1,0,MyList
GO Biological Processes,19,GO:0006366,transcription by RNA polymerase II,19_GO:0008152 metabolic process,-2.1,3.5,3.3,30169,340,154,6,3.9,1.6,546|8878|10891|22890|29101|93649,ATRX|SQSTM1|PPARGC1A|ZBTB1|SSU72|MYOCD,0,MyList
GO Biological Processes,19,GO:0072594,establishment of protein localization to organelle,19_GO:0051179 localization,-2.1,3.4,3.3,30169,341,154,6,3.9,1.6,4074|8878|26060|28972|55746|56478,M6PR|SQSTM1|APPL1|SPCS1|NUP133|EIF4ENIF1,0,MyList
GO Biological Processes,19,GO:0045446,endothelial cell differentiation,19_GO:0032502 developmental process,-2.1,7.3,4,30169,81,154,3,1.9,1.1,2150|7082|80781,F2RL1|TJP1|COL18A1,0,MyList
GO Biological Processes,19,GO:0070507,regulation of microtubule cytoskeleton organization,19_GO:0050789 regulation of biological process,-2.1,5.1,3.6,30169,155,154,4,2.6,1.3,10300|23122|57606|79187,KATNB1|CLASP2|SLAIN2|FSD1,0,MyList
GO Biological Processes,19,GO:0006816,calcium ion transport,19_GO:0051179 localization,-2.1,4,3.4,30169,243,154,5,3.2,1.4,148|309|489|57113|79054,ADRA1A|ANXA6|ATP2A3|TRPC7|TRPM8,0,MyList
GO Biological Processes,19,GO:0006473,protein acetylation,19_GO:0008152 metabolic process,-2.1,5,3.6,30169,156,154,4,2.6,1.3,648|8202|8295|55689,BMI1|NCOA3|TRRAP|YEATS2,0,MyList
GO Biological Processes,19,GO:0007423,sensory organ development,19_GO:0032502 developmental process,-2.1,2.8,3.1,30169,563,154,8,5.2,1.8,43|613|3815|4149|6101|8100|25806|123016,ACHE|BCR|KIT|MAX|RP1|IFT88|VAX2|TTC8,0,MyList
GO Biological Processes,19,GO:2000736,regulation of stem cell differentiation,19_GO:0032502 developmental process,-2.1,7.2,4,30169,82,154,3,1.9,1.1,5610|51548|54888,EIF2AK2|SIRT6|NSUN2,0,MyList
GO Biological Processes,19,GO:1901652,response to peptide,19_GO:0050896 response to stimulus,-2.1,3,3.1,30169,451,154,7,4.5,1.7,1036|1663|4149|4804|8462|8914|26060,CDO1|DDX11|MAX|NGFR|KLF11|TIMELESS|APPL1,0,MyList
GO Biological Processes,19,GO:0001655,urogenital system development,19_GO:0032502 developmental process,-2.1,3.4,3.2,30169,345,154,6,3.9,1.6,5314|7010|8100|55746|93649|123016,PKHD1|TEK|IFT88|NUP133|MYOCD|TTC8,0,MyList
GO Biological Processes,19,GO:0010639,negative regulation of organelle organization,19_GO:0048519 negative regulation of biological process,-2.1,3.4,3.2,30169,345,154,6,3.9,1.6,546|7082|9184|10300|23122|27166,ATRX|TJP1|BUB3|KATNB1|CLASP2|PRELID1,0,MyList
GO Biological Processes,19,GO:1903530,regulation of secretion by cell,19_GO:0051179 localization,-2.1,2.8,3,30169,566,154,8,5.2,1.8,43|148|613|2150|9572|9619|23122|51548,ACHE|ADRA1A|BCR|F2RL1|NR1D1|ABCG1|CLASP2|SIRT6,0,MyList
GO Biological Processes,19,GO:0048285,organelle fission,19_GO:0009987 cellular process,-2,3.4,3.2,30169,347,154,6,3.9,1.6,2177|9184|10300|23122|23259|26073,FANCD2|BUB3|KATNB1|CLASP2|DDHD2|POLDIP2,0,MyList
Reactome Gene Sets,6,R-HSA-72202,Transport of Mature Transcript to Cytoplasm,,-2,7,3.9,30169,84,154,3,1.9,1.1,7884|55746|84248,SLBP|NUP133|FYTTD1,0,MyList
GO Biological Processes,19,GO:0051321,meiotic cell cycle,19_GO:0022414 reproductive process,-2,3.9,3.3,30169,249,154,5,3.2,1.4,546|2177|9184|54888|64848,ATRX|FANCD2|BUB3|NSUN2|YTHDC2,0,MyList
GO Biological Processes,19,GO:0033044,regulation of chromosome organization,19_GO:0050789 regulation of biological process,-2,3.9,3.3,30169,252,154,5,3.2,1.4,546|1663|9184|51548|348654,ATRX|DDX11|BUB3|SIRT6|GEN1,0,MyList
GO Biological Processes,19,GO:0098660,inorganic ion transmembrane transport,19_GO:0051179 localization,-2,2.5,2.9,30169,697,154,9,5.8,1.9,148|309|489|3772|3775|6539|57113|79054|219527,ADRA1A|ANXA6|ATP2A3|KCNJ15|KCNK1|SLC6A12|TRPC7|TRPM8|LRRC55,0,MyList
