_MEMBER_MyList,_LogP_MyList,GO,Description,_PATTERN_,_RANK_,GiniIndex
1,-2.7,GO:0045776,negative regulation of blood pressure,M1,1,0
1,-2.5,GO:0042752,regulation of circadian rhythm,M1,1,0
1,-3.3,GO:0006974,cellular response to DNA damage stimulus,M1,1,0
1,-3,GO:0008306,associative learning,M1,1,0
1,-2.3,GO:0030001,metal ion transport,M1,1,0
1,-2.1,GO:0009411,response to UV,M1,1,0
1,-3.5,GO:0034143,regulation of toll-like receptor 4 signaling pathway,M1,1,0
1,-2.1,R-HSA-73894,DNA Repair,M1,1,0
1,-2.9,GO:0006325,chromatin organization,M1,1,0
1,-2.1,GO:0072594,establishment of protein localization to organelle,M1,1,0
1,-2.8,GO:2001022,positive regulation of response to DNA damage stimulus,M1,1,0
1,-2.3,GO:1901653,cellular response to peptide,M1,1,0
1,-2,R-HSA-72202,Transport of Mature Transcript to Cytoplasm,M1,1,0
1,-2.9,GO:0034331,cell junction maintenance,M1,1,0
1,-2.4,GO:0016573,histone acetylation,M1,1,0
1,-2.6,hsa00600,Sphingolipid metabolism,M1,1,0
1,-3.3,GO:0055082,cellular chemical homeostasis,M1,1,0
1,-2.5,GO:0071482,cellular response to light stimulus,M1,1,0
1,-2.1,GO:0010821,regulation of mitochondrion organization,M1,1,0
1,-2.8,GO:0006913,nucleocytoplasmic transport,M1,1,0
1,-3.4,GO:0150116,regulation of cell-substrate junction organization,M1,1,0
1,-2.3,GO:0006940,regulation of smooth muscle contraction,M1,1,0
1,-2.8,GO:0051169,nuclear transport,M1,1,0
1,-3.7,GO:0018212,peptidyl-tyrosine modification,M1,1,0
1,-2.9,GO:0070372,regulation of ERK1 and ERK2 cascade,M1,1,0
1,-2.8,GO:0019725,cellular homeostasis,M1,1,0
1,-3,GO:0072503,cellular divalent inorganic cation homeostasis,M1,1,0
1,-4.6,GO:0072710,response to hydroxyurea,M1,1,0
1,-2.5,GO:0000902,cell morphogenesis,M1,1,0
1,-2.9,GO:0003013,circulatory system process,M1,1,0
1,-2.3,GO:0043489,RNA stabilization,M1,1,0
1,-4.7,GO:0072711,cellular response to hydroxyurea,M1,1,0
1,-2.7,GO:0009314,response to radiation,M1,1,0
1,-2.1,GO:0098655,cation transmembrane transport,M1,1,0
1,-3.2,GO:0006259,DNA metabolic process,M1,1,0
1,-2,GO:0048285,organelle fission,M1,1,0
1,-2.7,GO:0000226,microtubule cytoskeleton organization,M1,1,0
1,-2.9,GO:0043043,peptide biosynthetic process,M1,1,0
1,-2.3,GO:0006282,regulation of DNA repair,M1,1,0
1,-3,GO:2000781,positive regulation of double-strand break repair,M1,1,0
1,-2.7,GO:0045216,cell-cell junction organization,M1,1,0
1,-2.1,GO:0014068,positive regulation of phosphatidylinositol 3-kinase signaling,M1,1,0
1,-3.3,GO:0006874,cellular calcium ion homeostasis,M1,1,0
1,-2.3,GO:0006475,internal protein amino acid acetylation,M1,1,0
1,-3,CORUM:929,CEN complex,M1,1,0
1,-3,GO:0043408,regulation of MAPK cascade,M1,1,0
1,-2.5,GO:0051302,regulation of cell division,M1,1,0
1,-2.7,GO:1901976,regulation of cell cycle checkpoint,M1,1,0
1,-2.2,GO:0006875,cellular metal ion homeostasis,M1,1,0
1,-3.7,GO:0140747,regulation of ncRNA transcription,M1,1,0
1,-2.8,GO:0006518,peptide metabolic process,M1,1,0
1,-2.6,GO:0045787,positive regulation of cell cycle,M1,1,0
1,-2.2,GO:0009185,ribonucleoside diphosphate metabolic process,M1,1,0
1,-2.1,GO:1903530,regulation of secretion by cell,M1,1,0
1,-2.1,GO:0001655,urogenital system development,M1,1,0
1,-2.3,GO:2001020,regulation of response to DNA damage stimulus,M1,1,0
1,-2.2,GO:0010569,regulation of double-strand break repair via homologous recombination,M1,1,0
1,-2.4,M200,PID ERA GENOMIC PATHWAY,M1,1,0
1,-2.4,GO:0034330,cell junction organization,M1,1,0
1,-4.9,GO:0010638,positive regulation of organelle organization,M1,1,0
1,-2.3,GO:0072001,renal system development,M1,1,0
1,-3.7,GO:0018108,peptidyl-tyrosine phosphorylation,M1,1,0
1,-2.7,GO:0062012,regulation of small molecule metabolic process,M1,1,0
1,-2.5,GO:0019827,stem cell population maintenance,M1,1,0
1,-2.9,GO:0030855,epithelial cell differentiation,M1,1,0
1,-2.2,GO:0006261,DNA-templated DNA replication,M1,1,0
1,-2.3,GO:0018394,peptidyl-lysine acetylation,M1,1,0
1,-2.8,GO:0016071,mRNA metabolic process,M1,1,0
1,-3.7,GO:0045005,DNA-templated DNA replication maintenance of fidelity,M1,1,0
1,-3.3,GO:0045987,positive regulation of smooth muscle contraction,M1,1,0
1,-2.9,GO:0051301,cell division,M1,1,0
1,-2.7,GO:0031297,replication fork processing,M1,1,0
1,-2.4,GO:0006260,DNA replication,M1,1,0
1,-2.4,GO:0050714,positive regulation of protein secretion,M1,1,0
1,-2.8,GO:0003073,regulation of systemic arterial blood pressure,M1,1,0
1,-2.3,GO:0018393,internal peptidyl-lysine acetylation,M1,1,0
1,-2.1,GO:0070507,regulation of microtubule cytoskeleton organization,M1,1,0
1,-2.8,GO:0042632,cholesterol homeostasis,M1,1,0
1,-2.4,GO:0045739,positive regulation of DNA repair,M1,1,0
1,-2.4,hsa04010,MAPK signaling pathway,M1,1,0
1,-2.1,GO:0010639,negative regulation of organelle organization,M1,1,0
1,-3.1,GO:0045786,negative regulation of cell cycle,M1,1,0
1,-2.7,GO:0006338,chromatin remodeling,M1,1,0
1,-5.2,GO:0010564,regulation of cell cycle process,M1,1,0
1,-2.5,WP4541,Hippo-Merlin signaling dysregulation,M1,1,0
1,-2.1,M66,PID MYC ACTIV PATHWAY,M1,1,0
1,-2.6,GO:0034329,cell junction assembly,M1,1,0
1,-3.4,GO:0002064,epithelial cell development,M1,1,0
1,-2,GO:0098660,inorganic ion transmembrane transport,M1,1,0
1,-2.1,GO:0007612,learning,M1,1,0
1,-3,GO:0055074,calcium ion homeostasis,M1,1,0
1,-2.1,GO:0006473,protein acetylation,M1,1,0
1,-2.4,R-HSA-397014,Muscle contraction,M1,1,0
1,-2.8,GO:0031330,negative regulation of cellular catabolic process,M1,1,0
1,-2.9,GO:0060041,retina development in camera-type eye,M1,1,0
1,-2.9,GO:0008015,blood circulation,M1,1,0
1,-2.9,GO:0007346,regulation of mitotic cell cycle,M1,1,0
1,-2.7,GO:0019216,regulation of lipid metabolic process,M1,1,0
1,-2.3,hsa04142,Lysosome,M1,1,0
1,-2.9,GO:0009416,response to light stimulus,M1,1,0
1,-2.7,GO:0019218,regulation of steroid metabolic process,M1,1,0
1,-2.6,GO:0062207,regulation of pattern recognition receptor signaling pathway,M1,1,0
1,-2.7,GO:0055092,sterol homeostasis,M1,1,0
1,-2.6,GO:0120034,positive regulation of plasma membrane bounded cell projection assembly,M1,1,0
1,-3.2,GO:0007623,circadian rhythm,M1,1,0
1,-2.5,GO:0032870,cellular response to hormone stimulus,M1,1,0
1,-2.6,GO:0006111,regulation of gluconeogenesis,M1,1,0
1,-2.5,GO:0051438,regulation of ubiquitin-protein transferase activity,M1,1,0
1,-3,GO:0120161,regulation of cold-induced thermogenesis,M1,1,0
1,-2.5,GO:0031109,microtubule polymerization or depolymerization,M1,1,0
1,-2.6,GO:0048146,positive regulation of fibroblast proliferation,M1,1,0
1,-4.1,GO:0045217,cell-cell junction maintenance,M1,1,0
1,-2.1,GO:0045446,endothelial cell differentiation,M1,1,0
1,-2.6,GO:0072507,divalent inorganic cation homeostasis,M1,1,0
1,-2.1,GO:1901988,negative regulation of cell cycle phase transition,M1,1,0
1,-3.8,GO:0045834,positive regulation of lipid metabolic process,M1,1,0
1,-2.1,GO:1901652,response to peptide,M1,1,0
1,-2.2,GO:1903047,mitotic cell cycle process,M1,1,0
1,-3.2,GO:0001659,temperature homeostasis,M1,1,0
1,-3.7,GO:0043954,cellular component maintenance,M1,1,0
1,-2.8,GO:0043604,amide biosynthetic process,M1,1,0
1,-2.2,GO:0010810,regulation of cell-substrate adhesion,M1,1,0
1,-2.1,GO:2000736,regulation of stem cell differentiation,M1,1,0
1,-2.3,GO:0051054,positive regulation of DNA metabolic process,M1,1,0
1,-2.3,GO:2000779,regulation of double-strand break repair,M1,1,0
1,-2.1,GO:0006816,calcium ion transport,M1,1,0
1,-2.7,GO:1901699,cellular response to nitrogen compound,M1,1,0
1,-4.3,GO:0006281,DNA repair,M1,1,0
1,-2.7,GO:0001885,endothelial cell development,M1,1,0
1,-2.5,GO:0006886,intracellular protein transport,M1,1,0
1,-2.4,GO:0006687,glycosphingolipid metabolic process,M1,1,0
1,-2.3,GO:0001505,regulation of neurotransmitter levels,M1,1,0
1,-2.6,R-HSA-3108232,SUMO E3 ligases SUMOylate target proteins,M1,1,0
1,-3.1,GO:0006412,translation,M1,1,0
1,-2.3,GO:0009581,detection of external stimulus,M1,1,0
1,-2.5,GO:0048871,multicellular organismal homeostasis,M1,1,0
1,-3.3,GO:0048511,rhythmic process,M1,1,0
1,-3.1,GO:0043603,cellular amide metabolic process,M1,1,0
1,-2.7,GO:0051493,regulation of cytoskeleton organization,M1,1,0
1,-2.7,GO:0045933,positive regulation of muscle contraction,M1,1,0
1,-2.4,GO:0031122,cytoplasmic microtubule organization,M1,1,0
1,-2.5,GO:0006606,protein import into nucleus,M1,1,0
1,-2.5,GO:0051170,import into nucleus,M1,1,0
1,-2.1,GO:1902369,negative regulation of RNA catabolic process,M1,1,0
1,-2.5,GO:0051345,positive regulation of hydrolase activity,M1,1,0
1,-2,GO:0033044,regulation of chromosome organization,M1,1,0
1,-2.1,GO:0062013,positive regulation of small molecule metabolic process,M1,1,0
1,-2.5,GO:0070588,calcium ion transmembrane transport,M1,1,0
1,-3.2,GO:0009582,detection of abiotic stimulus,M1,1,0
1,-2.1,GO:0000075,cell cycle checkpoint signaling,M1,1,0
1,-2.5,GO:0003014,renal system process,M1,1,0
1,-2,GO:0051321,meiotic cell cycle,M1,1,0
1,-3.3,GO:0001952,regulation of cell-matrix adhesion,M1,1,0
1,-3.3,GO:0003018,vascular process in circulatory system,M1,1,0
1,-2.7,GO:0032886,regulation of microtubule-based process,M1,1,0
1,-2.7,GO:0006937,regulation of muscle contraction,M1,1,0
1,-2.6,GO:0090068,positive regulation of cell cycle process,M1,1,0
1,-2.3,GO:0000278,mitotic cell cycle,M1,1,0
1,-2.8,R-HSA-1660662,Glycosphingolipid metabolism,M1,1,0
1,-2.2,GO:0034645,cellular macromolecule biosynthetic process,M1,1,0
1,-2.5,GO:0051495,positive regulation of cytoskeleton organization,M1,1,0
1,-2.8,GO:0120162,positive regulation of cold-induced thermogenesis,M1,1,0
1,-2.4,GO:0098662,inorganic cation transmembrane transport,M1,1,0
1,-2.5,R-HSA-2990846,SUMOylation,M1,1,0
1,-2.4,GO:1902903,regulation of supramolecular fiber organization,M1,1,0
1,-3.3,GO:0032922,circadian regulation of gene expression,M1,1,0
1,-2.2,GO:0009725,response to hormone,M1,1,0
1,-2.7,GO:0043114,regulation of vascular permeability,M1,1,0
1,-2.4,GO:0010948,negative regulation of cell cycle process,M1,1,0
1,-2.3,GO:0010565,regulation of cellular ketone metabolic process,M1,1,0
1,-2.4,R-HSA-1483206,Glycerophospholipid biosynthesis,M1,1,0
1,-2.1,GO:0006366,transcription by RNA polymerase II,M1,1,0
1,-3.5,GO:0090109,regulation of cell-substrate junction assembly,M1,1,0
1,-2.5,GO:0098727,maintenance of cell number,M1,1,0
1,-2.8,GO:0009895,negative regulation of catabolic process,M1,1,0
1,-3.3,GO:1901987,regulation of cell cycle phase transition,M1,1,0
1,-2.1,GO:0034121,regulation of toll-like receptor signaling pathway,M1,1,0
1,-3.3,GO:0000904,cell morphogenesis involved in differentiation,M1,1,0
1,-3.5,GO:0051893,regulation of focal adhesion assembly,M1,1,0
1,-2.3,R-HSA-556833,Metabolism of lipids,M1,1,0
1,-2.1,GO:0007423,sensory organ development,M1,1,0
1,-3.6,GO:0044089,positive regulation of cellular component biogenesis,M1,1,0
1,-3.2,GO:1901888,regulation of cell junction assembly,M1,1,0
