_MEMBER_MyList,_LogP_MyList,GO,Description,_PATTERN_,_RANK_,CHILD_GO_MyList
1,-5.229575095493695,GO:0050789,regulation of biological process,M1,1,GO:0010564 regulation of cell cycle process
1,-4.900028337853852,GO:0048518,positive regulation of biological process,M1,1,GO:0010638 positive regulation of organelle organization
1,-4.68015761812037,GO:0050896,response to stimulus,M1,1,GO:0072711 cellular response to hydroxyurea
1,-4.074910404876256,GO:0009987,cellular process,M1,1,GO:0045217 cell-cell junction maintenance
1,-3.7344704699962246,GO:0008152,metabolic process,M1,1,GO:0018108 peptidyl-tyrosine phosphorylation
1,-3.4575598274748987,GO:0002376,immune system process,M1,1,GO:0034143 regulation of toll-like receptor 4 signaling pathway
1,-3.37341187008201,GO:0032502,developmental process,M1,1,GO:0002064 epithelial cell development
1,-3.349081447888908,GO:0065007,biological regulation,M1,1,GO:0006874 cellular calcium ion homeostasis
1,-3.3130603908612852,GO:0048511,rhythmic process,M1,1,GO:0032922 circadian regulation of gene expression
1,-3.3062982623474504,GO:0032501,multicellular organismal process,M1,1,GO:0003018 vascular process in circulatory system
1,-3.138125750495703,GO:0048519,negative regulation of biological process,M1,1,GO:0045786 negative regulation of cell cycle
1,-3.0409085932116495,GO:0023052,signaling,M1,1,GO:0043408 regulation of MAPK cascade
1,-2.7690726582100007,GO:0051179,localization,M1,1,GO:0006913 nucleocytoplasmic transport
1,-2.0360877958514267,GO:0022414,reproductive process,M1,1,GO:0051321 meiotic cell cycle
