fname,fold,epochs,loss,acc,bal_acc,auprc,auroc,val_loss,val_acc,val_bal_acc,val_auprc,val_auroc
c02x - AD - Astro,0,129,0.09008460491895676,0.9695122241973877,0.9687651331719128,0.9993743493204408,0.9988700564971752,1.0549077987670898,0.30434781312942505,0.175,0.8475348447655455,0.25
c02x - AD - Astro,1,100,0.09918959438800812,0.9797297120094299,0.9733589087809037,0.9993269583807944,0.9985080988917306,1.1132582426071167,0.4615384638309479,0.4008152173913043,0.5575953571008092,0.36141304347826086
c02x - AD - Astro,2,101,0.07956899702548981,0.9857142567634583,0.9787234042553192,0.9999999999999999,1.0,0.875946044921875,0.6170212626457214,0.5239583333333333,0.7145270733647786,0.5
c02x - AD - Astro,3,105,0.07093062251806259,0.9791666865348816,0.985,0.9994059017666472,0.9986363636363637,1.3103049993515015,0.4651162922382355,0.4622222222222222,0.545074649999238,0.44444444444444453
c02x - AD - Astro,4,103,0.08002563565969467,0.9736841917037964,0.9753846153846153,0.9992247796208192,0.9984615384615385,0.938791036605835,0.6000000238418579,0.6,0.7920909245559709,0.612
c02x - AD - Endo,0,146,0.14395375549793243,0.9652777910232544,0.968588015757827,0.999154338359233,0.9985486211901307,0.752476155757904,0.59375,0.6255411255411256,0.7328799700632533,0.5497835497835497
c02x - AD - Endo,1,102,0.06339490413665771,0.9928057789802551,0.9943181818181819,0.9998723186925433,0.999777183600713,1.087994933128357,0.4864864945411682,0.41025641025641024,0.6422421626800008,0.42948717948717946
c02x - AD - Endo,2,111,0.13601547479629517,0.9632353186607361,0.9667441860465116,0.9986676279072366,0.9976744186046511,0.8063480257987976,0.4749999940395355,0.49725274725274726,0.6377879584883749,0.4285714285714286
c02x - AD - Endo,3,100,0.0919594019651413,0.9931507110595703,0.9947368421052631,0.999890350877193,0.9997936016511868,0.886443018913269,0.5,0.4683257918552036,0.6981537364987243,0.5248868778280543
c02x - AD - Endo,4,102,0.09904777258634567,0.9928057789802551,0.9901960784313726,0.9994804346446575,0.999108734402852,0.8490312695503235,0.5945945978164673,0.47596153846153844,0.6452876466565584,0.46474358974358976
c02x - AD - EN_L3_5_IT_1,0,149,0.11276224255561829,0.966292142868042,0.9625893232450609,0.9982848837958274,0.9966372425388819,0.6576072573661804,0.6170212626457214,0.497737556561086,0.8469247847795793,0.658371040723982
c02x - AD - EN_L3_5_IT_1,1,106,0.09066497534513474,0.9725274443626404,0.9704561403508771,0.9993009175934909,0.9984561403508773,0.8458532094955444,0.604651153087616,0.5712669683257918,0.67948766132498,0.5316742081447964
c02x - AD - EN_L3_5_IT_1,2,109,0.07928670197725296,0.9725274443626404,0.9652777777777777,0.9988678610284232,0.9974489795918366,0.9447472095489502,0.6511628031730652,0.6222222222222222,0.746890886565043,0.6533333333333333
c02x - AD - EN_L3_5_IT_1,3,109,0.11813893169164658,0.9621621370315552,0.9559588862867552,0.9978208963944213,0.9958365860005204,0.9853475093841553,0.6499999761581421,0.47648902821316613,0.6902537142610703,0.41379310344827586
c02x - AD - EN_L3_5_IT_1,4,103,0.0815005674958229,0.9768785834312439,0.9701903062741599,0.9992273272897714,0.9985132322331252,1.3975149393081665,0.6346153616905212,0.4657657657657658,0.6378609618159182,0.3639639639639639
c02x - AD - EN_L3_5_IT_3,0,102,0.18088333308696747,0.9322034120559692,0.9324786324786325,0.9960585558830256,0.9921652421652423,1.4379079341888428,0.4047619104385376,0.39702517162471396,0.4767119741924779,0.36613272311212813
c02x - AD - EN_L3_5_IT_3,1,116,0.07817278802394867,0.9772727489471436,0.9759003149390661,0.9991813275229078,0.998630699712447,0.9785891771316528,0.39534884691238403,0.4274193548387097,0.6834322725058578,0.44892473118279563
c02x - AD - EN_L3_5_IT_3,2,117,0.10786702483892441,0.977011501789093,0.9754410726887791,0.9986795197165765,0.997741707833451,0.9066556692123413,0.6666666865348816,0.5034562211981567,0.5853701231874522,0.32258064516129037
c02x - AD - EN_L3_5_IT_3,3,101,0.0850474163889885,0.9704142212867737,0.9664606572203799,0.9988763905736143,0.9980403979499548,1.0388530492782593,0.5400000214576721,0.4518716577540107,0.7260600525004328,0.5008912655971479
c02x - AD - EN_L3_5_IT_3,4,105,0.13315428793430328,0.9777777791023254,0.9792236194641881,0.9989756513092005,0.9979496992892292,0.9961038827896118,0.43589743971824646,0.45320855614973266,0.498579261363392,0.38235294117647056
c02x - AD - EN_L5_ET,0,117,0.12593893706798553,0.9399999976158142,0.9461958806221101,0.9981170279544009,0.9970575872215216,0.9653033018112183,0.5925925970077515,0.5941176470588235,0.7923526943684435,0.6
c02x - AD - EN_L5_ET,1,112,0.09582950919866562,0.970588207244873,0.975,1.0,1.0,0.9094904661178589,0.6000000238418579,0.46031746031746035,0.755903640917943,0.46825396825396826
c02x - AD - EN_L5_ET,2,103,0.1649128794670105,0.9611650705337524,0.9637592137592138,0.9977698706893224,0.9959049959049959,0.8328408598899841,0.6666666865348816,0.6666666666666666,0.6833331292890117,0.6666666666666666
c02x - AD - EN_L5_ET,3,101,0.20613425970077515,0.9134615659713745,0.924312814556717,0.9942278276256282,0.9907084785133565,1.0256364345550537,0.5652173757553101,0.55,0.6965815084468334,0.6
c02x - AD - EN_L5_ET,4,103,0.09692402184009552,0.9797979593276978,0.9784219703574543,0.9997439836149513,0.9995640802092416,1.1792044639587402,0.5357142686843872,0.5208333333333334,0.6859541622593093,0.5364583333333334
c02x - AD - EN_L6B,0,100,0.1349964141845703,0.9626865386962891,0.9565908535094155,0.9978859542635433,0.9960870628515529,0.8427560925483704,0.3333333432674408,0.2987012987012987,0.6980466428995842,0.42857142857142855
c02x - AD - EN_L6B,1,107,0.10684024542570114,0.9739130139350891,0.9625,0.9980735495912135,0.9963333333333334,1.0285872220993042,0.5675675868988037,0.5124223602484472,0.7037651848078464,0.546583850931677
c02x - AD - EN_L6B,2,103,0.11303120851516724,0.9508196711540222,0.9425685425685426,0.9983719903633324,0.9971139971139971,1.1401264667510986,0.6000000238418579,0.49206349206349204,0.7184474103972625,0.4708994708994709
c02x - AD - EN_L6B,3,134,0.20417703688144684,0.9327731132507324,0.9308544303797468,0.9920111583783812,0.9848101265822785,0.7223713397979736,0.5757575631141663,0.575187969924812,0.66449674698037,0.5676691729323309
c02x - AD - EN_L6B,4,119,0.10535477846860886,0.9830508232116699,0.9772727272727273,0.9989112165518076,0.9981572481572482,0.916840672492981,0.5882353186607361,0.5916666666666667,0.7566430518212837,0.5375
c02x - AD - EN_L6_CT,0,100,0.14976027607917786,0.9347826242446899,0.9362701252236136,0.9954585676369521,0.9923971377459749,0.8790635466575623,0.5135135054588318,0.5108695652173914,0.6628454045056895,0.5031055900621119
c02x - AD - EN_L6_CT,1,100,0.11947958916425705,0.9710144996643066,0.9729545454545454,0.9989680225236255,0.9981818181818182,0.8166350722312927,0.5675675868988037,0.5074404761904762,0.6418806926462168,0.5684523809523809
c02x - AD - EN_L6_CT,2,100,0.0634869858622551,0.9929078221321106,0.9905660377358491,0.9998723186925433,0.9997855917667239,1.0109561681747437,0.6176470518112183,0.5732600732600732,0.667568842321016,0.6043956043956045
c02x - AD - EN_L6_CT,3,130,0.049392879009246826,0.985401451587677,0.984502262443439,0.9997247927898929,0.9995475113122172,0.9520400166511536,0.6052631735801697,0.5386904761904762,0.7166950042676087,0.5773809523809523
c02x - AD - EN_L6_CT,4,100,0.09408342838287354,0.9726027250289917,0.974374137591169,0.9993699790306585,0.9990143899073527,1.4094414710998535,0.4137931168079376,0.3611111111111111,0.6384232871828531,0.35
c02x - AD - EN_L6_IT_1,0,100,0.087956003844738,0.9673202633857727,0.9654368932038835,0.9989596484118053,0.9978640776699028,1.1847705841064453,0.44736841320991516,0.4361111111111111,0.4517961153963179,0.38888888888888895
c02x - AD - EN_L6_IT_1,1,101,0.1100107803940773,0.9624999761581421,0.9632488672596073,0.9984902918798211,0.9973149857358617,1.0014307498931885,0.4193548262119293,0.5580808080808081,0.7587605355609921,0.5959595959595959
c02x - AD - EN_L6_IT_1,2,102,0.09660863876342773,0.9668874144554138,0.9660175639557083,0.9990529891412403,0.9982817869415808,0.8626142144203186,0.6499999761581421,0.5824175824175825,0.6489405028624539,0.5576923076923077
c02x - AD - EN_L6_IT_1,3,116,0.07280667871236801,0.9718309640884399,0.9737179487179487,0.9988495607341281,0.9980769230769231,0.8081526160240173,0.4693877696990967,0.509469696969697,0.6957354020389839,0.5757575757575757
c02x - AD - EN_L6_IT_1,4,101,0.09435314685106277,0.9683544039726257,0.9676046552023623,0.9977016755245831,0.9961785652249435,0.8553613424301147,0.5151515007019043,0.4772727272727273,0.623807070300908,0.4628099173553719
c02x - AD - EN_L6_IT_2,0,124,0.08343394845724106,0.9677419066429138,0.9761904761904762,0.9996397068292928,0.9992380952380953,0.8006221652030945,0.6666666865348816,0.6742788461538461,0.8540093884647991,0.6826923076923077
c02x - AD - EN_L6_IT_2,1,100,0.1032184362411499,0.9698795080184937,0.978448275862069,0.9993477783581555,0.998448275862069,1.3232100009918213,0.5,0.4633699633699634,0.6206923495739878,0.46153846153846156
c02x - AD - EN_L6_IT_2,2,102,0.1248948872089386,0.9814814925193787,0.9861111111111112,0.999095030485286,0.9981138545953361,0.838498055934906,0.2368421107530594,0.3467432950191571,0.7309826944080285,0.47126436781609193
c02x - AD - EN_L6_IT_2,3,100,0.10929147154092789,0.9738562107086182,0.9811320754716981,0.9994684028165777,0.9987956643918106,1.0942789316177368,0.5106382966041565,0.5383064516129032,0.6664503426237754,0.5342741935483871
c02x - AD - EN_L6_IT_2,4,162,0.31846147775650024,0.9207317233085632,0.9370987332986291,0.9972128578651278,0.993753253513795,0.6571651101112366,0.6388888955116272,0.5625,0.8458908770069172,0.6875
c02x - AD - EN_NF,0,100,0.2812131643295288,0.9166666865348816,0.9125,0.9798287385129492,0.971875,0.781170666217804,0.4000000059604645,0.625,0.8875,0.5
c02x - AD - EN_NF,1,100,0.20420442521572113,0.9696969985961914,0.975,0.9934782608695653,0.9884615384615384,1.4853266477584839,0.5,0.5,0.75,0.5625
c02x - AD - EN_NF,2,100,0.35042113065719604,0.8275862336158752,0.8210526315789474,0.967778547245306,0.9421052631578948,0.7145716547966003,0.5,0.5142857142857142,0.6655122655122655,0.5714285714285714
c02x - AD - EN_NF,3,110,0.22815483808517456,0.9117646813392639,0.9,0.9868003341687552,0.9824561403508772,1.0872381925582886,0.5714285969734192,0.55,0.71,0.5
c02x - AD - EN_NF,4,126,0.26441457867622375,0.875,0.873015873015873,0.9773108406041842,0.9682539682539683,0.7111374735832214,0.5555555820465088,0.5,0.8357142857142856,0.6666666666666667
c02x - AD - Immune,0,100,0.1431978940963745,0.9700000286102295,0.9644097222222222,0.9988677536231885,0.9978298611111112,0.8101965188980103,0.48148149251937866,0.4880952380952381,0.859089363957112,0.626984126984127
c02x - AD - Immune,1,116,0.12357046455144882,0.9615384340286255,0.9638655462184874,0.998981969599434,0.9978991596638656,0.7447219491004944,0.695652186870575,0.6208333333333333,0.8964244649922399,0.7749999999999999
c02x - AD - Immune,2,100,0.15334364771842957,0.9583333134651184,0.96875,0.9997596153846153,0.99951171875,1.0548216104507446,0.3870967626571655,0.3904761904761905,0.676366092043631,0.419047619047619
c02x - AD - Immune,3,101,0.11226679384708405,0.9801980257034302,0.9778314310798946,0.9995577424554141,0.9991220368744512,1.4786584377288818,0.4615384638309479,0.4722222222222222,0.7316240667196382,0.5763888888888888
c02x - AD - Immune,4,108,0.11870430409908295,0.9719626307487488,0.9710416666666667,0.9996467836257309,0.9991666666666666,1.142690658569336,0.20000000298023224,0.2,0.3829414591256696,0.22000000000000003
c02x - AD - IN_LAMP5_LHX6,0,105,0.10724139958620071,0.9808917045593262,0.9741379310344828,0.9992884565509419,0.998780912574016,1.167604923248291,0.5952380895614624,0.5470588235294118,0.5419258596775617,0.43058823529411766
c02x - AD - IN_LAMP5_LHX6,1,100,0.3001716732978821,0.949367105960846,0.949874686716792,0.9882778966721633,0.985296574770259,0.8007397651672363,0.5121951103210449,0.4841954022988506,0.694543264595542,0.4770114942528736
c02x - AD - IN_LAMP5_LHX6,2,100,0.19211074709892273,0.9415584206581116,0.9403313943239908,0.9955036424011925,0.9927727833597744,0.8365792036056519,0.42222222685813904,0.5414746543778801,0.7195085285712733,0.5138248847926268
c02x - AD - IN_LAMP5_LHX6,3,118,0.18096360564231873,0.9551281929016113,0.9612061206120612,0.9969539891057865,0.994059405940594,0.7803837060928345,0.4651162922382355,0.48695652173913045,0.5777626169921591,0.4804347826086957
c02x - AD - IN_LAMP5_LHX6,4,100,0.11427634209394455,0.9649122953414917,0.9623015873015872,0.9978027751794363,0.9963256907701352,1.0525527000427246,0.5,0.4583333333333333,0.6857358741404794,0.546875
c02x - AD - IN_LAMP5_RELN,0,100,0.06564637273550034,0.9800000190734863,0.9857142857142858,0.9997278747009203,0.9993650793650793,1.5117664337158203,0.53125,0.4583333333333333,0.6774215087586497,0.48333333333333334
c02x - AD - IN_LAMP5_RELN,1,100,0.13898155093193054,0.9366196990013123,0.9536082474226804,0.9969574995960462,0.993356242840779,1.4635916948318481,0.574999988079071,0.5059523809523809,0.7099412904326116,0.5148809523809524
c02x - AD - IN_LAMP5_RELN,2,100,0.13643987476825714,0.9523809552192688,0.9590721649484536,0.9962795921496825,0.9927835051546392,0.8472816944122314,0.6000000238418579,0.5892857142857142,0.8291271761206457,0.6071428571428572
c02x - AD - IN_LAMP5_RELN,3,145,0.14238284528255463,0.931506872177124,0.9443344334433443,0.9965292451614864,0.9920792079207921,0.8467980623245239,0.5833333134651184,0.5833333333333334,0.7401127519173131,0.59375
c02x - AD - IN_LAMP5_RELN,4,100,0.17618349194526672,0.9510489702224731,0.9583720930232558,0.9962094154457037,0.9911627906976743,0.7186585664749146,0.6153846383094788,0.5900000000000001,0.7547441569368815,0.5942857142857143
c02x - AD - IN_PVALB_CHC,0,105,0.08810437470674515,0.9905660152435303,0.9861111111111112,0.999387671786412,0.9988095238095238,1.1106210947036743,0.5925925970077515,0.5277777777777778,0.6633693307568211,0.45679012345679015
c02x - AD - IN_PVALB_CHC,1,100,0.06839434057474136,0.9801980257034302,0.9850746268656716,0.9995577424554141,0.9991220368744512,1.2460135221481323,0.28125,0.25757575757575757,0.569940608670362,0.2510822510822511
c02x - AD - IN_PVALB_CHC,2,100,0.15911853313446045,0.9629629850387573,0.9654135338345865,0.9980616026989,0.9962406015037594,0.7734468579292297,0.4000000059604645,0.49603174603174605,0.7578206053206054,0.48412698412698413
c02x - AD - IN_PVALB_CHC,3,100,0.19114719331264496,0.954954981803894,0.9527027027027026,0.9932046514188403,0.9886778670562454,1.4276454448699951,0.4545454680919647,0.35714285714285715,0.5035545692942862,0.22321428571428573
c02x - AD - IN_PVALB_CHC,4,100,0.11842254549264908,0.9528301954269409,0.9575452716297786,0.9980195585702354,0.9959758551307847,1.2502002716064453,0.5185185074806213,0.4529411764705883,0.6185360787616258,0.40588235294117647
c02x - AD - IN_PVALB,0,100,0.08243866264820099,0.9821428656578064,0.982059533386967,0.9995401224500997,0.9990345937248591,0.9790006279945374,0.523809552192688,0.4682352941176471,0.608353169233325,0.3694117647058824
c02x - AD - IN_PVALB,1,101,0.0761755183339119,0.9820359349250793,0.9770567027204196,0.9993740336536185,0.9986889544411669,0.9615515470504761,0.5348837375640869,0.4911111111111111,0.5988433919964372,0.5333333333333333
c02x - AD - IN_PVALB,2,119,0.09061580151319504,0.9819276928901672,0.9794730392156863,0.999244565540355,0.9987745098039216,0.9429579377174377,0.47727271914482117,0.3402777777777778,0.8132545683943209,0.4131944444444444
c02x - AD - IN_PVALB,3,101,0.16653290390968323,0.9537572264671326,0.9481259370314843,0.9976504023232811,0.9953523238380809,0.8572584390640259,0.4864864945411682,0.47515527950310554,0.5833157096722313,0.42236024844720493
c02x - AD - IN_PVALB,4,112,0.09844449907541275,0.9638554453849792,0.9557379687751488,0.9985194912789414,0.9971028488652824,0.7814587950706482,0.5,0.5241379310344827,0.7076501561660588,0.49885057471264366
c02x - AD - IN_SST,0,109,0.09592057019472122,0.9722222089767456,0.9740064446831365,0.9986352592679675,0.9972073039742213,0.7593186497688293,0.5,0.5744047619047619,0.7722477457840139,0.6577380952380952
c02x - AD - IN_SST,1,101,0.10470566898584366,0.9666666388511658,0.9699940582293523,0.9987024363535743,0.9974252327193505,1.0100069046020508,0.3125,0.3666666666666667,0.5548948212928723,0.39583333333333337
c02x - AD - IN_SST,2,102,0.0496937558054924,0.9930070042610168,0.9903846153846154,0.999514223710179,0.9991546914623838,1.8588727712631226,0.5128205418586731,0.41233766233766234,0.6322900189266857,0.3084415584415584
c02x - AD - IN_SST,3,108,0.11662518978118896,0.9781022071838379,0.9780193236714976,0.9984447780408908,0.9968599033816425,0.9508706331253052,0.4000000059604645,0.35185185185185186,0.5540638348112699,0.34156378600823045
c02x - AD - IN_SST,4,123,0.10599518567323685,0.9740259647369385,0.9757575757575758,0.9989187086096777,0.997979797979798,0.8727133274078369,0.5357142686843872,0.525,0.7290316760882786,0.50625
c02x - AD - IN_VIP,0,100,0.06649228185415268,0.9930070042610168,0.9946808510638299,0.9997783687943259,0.9995657837603126,1.3628008365631104,0.59375,0.525,0.6139206300627925,0.4666666666666667
c02x - AD - IN_VIP,1,116,0.14118973910808563,0.9666666388511658,0.9660287081339713,0.9984324770690758,0.9973205741626794,0.7174230217933655,0.7200000286102295,0.587719298245614,0.7375157352650428,0.5175438596491229
c02x - AD - IN_VIP,2,103,0.04267264902591705,0.9849624037742615,0.9883720930232558,0.9997311376761593,0.999505195447798,1.1388925313949585,0.6428571343421936,0.5714285714285714,0.7658353391938919,0.5790816326530612
c02x - AD - IN_VIP,3,104,0.11380313336849213,0.9774436354637146,0.9829545454545454,0.9985535298035297,0.996969696969697,1.0712109804153442,0.4047619104385376,0.43509615384615385,0.5722569939928273,0.4254807692307692
c02x - AD - IN_VIP,4,100,0.07168511301279068,0.9858155846595764,0.9842069892473118,0.9996580073145054,0.9993279569892474,1.208844542503357,0.529411792755127,0.45787545787545786,0.5804733987049873,0.40293040293040294
c02x - AD - Micro,0,100,0.2910199463367462,0.9790576100349426,0.9855072463768115,0.998642293631485,0.9960350013672409,0.9412224292755127,0.38297873735427856,0.5260180995475113,0.7079367391643248,0.4095022624434389
c02x - AD - Micro,1,100,0.04300881177186966,0.9897435903549194,0.993103448275862,1.0,1.0,0.7259780168533325,0.4883720874786377,0.4907407407407407,0.7162261498227243,0.5324074074074074
c02x - AD - Micro,2,102,0.05156790837645531,0.9944751262664795,0.99609375,1.0,1.0,0.9589244723320007,0.6491228342056274,0.47465034965034963,0.7647405061383941,0.46853146853146854
c02x - AD - Micro,3,100,0.0435655415058136,0.9948717951774597,0.9965034965034965,0.9999999999999999,1.0,0.855721116065979,0.604651153087616,0.5406403940886699,0.7556451832982333,0.5369458128078817
c02x - AD - Micro,4,155,0.06566288322210312,0.9736841917037964,0.9761460554371002,0.9997763832198299,0.9994669509594882,0.7162659764289856,0.5,0.5736842105263158,0.852680896394396,0.5710526315789474
c02x - AD - Oligo,0,115,0.08954549580812454,0.9736841917037964,0.9794520547945205,0.9982106433980984,0.9966588706982961,0.9180196523666382,0.27272728085517883,0.435,0.7747018723265533,0.465
c02x - AD - Oligo,1,224,0.10307770222425461,0.9824561476707458,0.9799929799929801,0.9991900035190079,0.9982449982449982,0.6230649948120117,0.6363636255264282,0.625,0.8604679074089012,0.7142857142857143
c02x - AD - Oligo,2,100,0.030944248661398888,1.0,1.0,0.9999999999999998,1.0,0.8288183212280273,0.59375,0.4916666666666667,0.6524783167024546,0.5375
c02x - AD - Oligo,3,115,0.0388684943318367,0.9834710955619812,0.9875,0.9999999999999999,1.0,0.8141658306121826,0.6153846383094788,0.5833333333333333,0.7892843188612022,0.6111111111111112
c02x - AD - Oligo,4,124,0.06031646206974983,0.975806474685669,0.9821428571428572,0.9998599439775908,0.999702380952381,0.7994737029075623,0.3913043439388275,0.42063492063492064,0.6201544929099109,0.5396825396825398
c02x - AD - OPC,0,100,0.08985500782728195,0.9881656765937805,0.9910714285714286,0.9994662854548598,0.9989035087719298,0.8484760522842407,0.5454545617103577,0.4553376906318083,0.6737586948319367,0.4727668845315903
c02x - AD - OPC,1,100,0.08207006752490997,0.9886363744735718,0.9879501574695331,0.9997505290830768,0.9995892099137341,1.048200011253357,0.37837839126586914,0.5071428571428571,0.779987181135236,0.5
c02x - AD - OPC,2,100,0.07203569263219833,0.9941520690917969,0.9957264957264957,0.9999275677241778,0.9998417220639443,1.239285945892334,0.4523809552192688,0.43636363636363634,0.46929786693292763,0.3704545454545454
c02x - AD - OPC,3,171,0.07246918231248856,0.987730085849762,0.9906542056074766,0.9991639160607816,0.9983311081441923,0.6980645656585693,0.46000000834465027,0.46875,0.7076635195759711,0.5503472222222222
c02x - AD - OPC,4,100,0.05433651804924011,0.9826589822769165,0.9829264748619587,0.9996054809215797,0.9992734670154025,0.8096932768821716,0.5249999761581421,0.5892857142857143,0.7864222493483257,0.5178571428571428
c02x - AD - PC,0,100,0.1446397751569748,0.9572649598121643,0.9537037037037037,0.9971779413433504,0.9938271604938271,0.9990366101264954,0.4545454680919647,0.385,0.7126028606319568,0.42499999999999993
c02x - AD - PC,1,109,0.14249467849731445,0.9411764740943909,0.9593023255813953,0.9979137198900967,0.9943622269203665,1.2722574472427368,0.4193548262119293,0.46818181818181814,0.669619437941457,0.5318181818181817
c02x - AD - PC,2,100,0.3162561357021332,0.9272727370262146,0.9311145510835913,0.9956638232899591,0.9903250773993808,1.144357442855835,0.5,0.5666666666666667,0.7361474343089667,0.51
c02x - AD - PC,3,130,0.14026696979999542,0.960629940032959,0.9563063063063063,0.9970128654008502,0.9927927927927929,0.9763839840888977,0.43478259444236755,0.3125,0.6992115535272,0.375
c02x - AD - PC,4,105,0.1083410307765007,0.9763779640197754,0.9835164835164836,0.9994276556776553,0.9984737484737485,1.1569421291351318,0.47826087474823,0.5125,0.6310390746687692,0.475
c02x - AD - PVM,0,100,0.11272364854812622,0.9618320465087891,0.9570155261644624,0.9986719637018993,0.9965497412305923,0.9702085852622986,0.4444444477558136,0.3904761904761905,0.6147643139280656,0.42539682539682544
c02x - AD - PVM,1,100,0.10437166690826416,0.9769230484962463,0.9831460674157304,0.9996336101612115,0.9991778569471088,1.0369333028793335,0.4864864945411682,0.45104895104895104,0.7305216450639092,0.44755244755244755
c02x - AD - PVM,2,101,0.07361026853322983,0.9849624037742615,0.9891304347826086,1.0000000000000002,1.0,1.1150081157684326,0.5,0.4644268774703557,0.6722376519706975,0.4980237154150198
c02x - AD - PVM,3,139,0.07768072187900543,0.9784172773361206,0.97811004784689,0.9994549804362131,0.9988038277511962,0.9414523839950562,0.4642857015132904,0.4375,0.7305995819414179,0.4875
c02x - AD - PVM,4,132,0.30631223320961,0.9555555582046509,0.9555555555555556,0.9880511553549771,0.9814814814814814,0.7535064220428467,0.65625,0.4714285714285714,0.8849293512779463,0.6000000000000001
c02x - AD - SMC,0,100,0.15410682559013367,0.9545454382896423,0.96875,0.9984671642332504,0.9958333333333333,1.4301546812057495,0.5,0.48412698412698413,0.6304740223100029,0.3862433862433863
c02x - AD - SMC,1,107,0.16643226146697998,0.9339622855186462,0.95625,0.997903037437001,0.9932692307692307,1.157046914100647,0.4117647111415863,0.3772893772893773,0.5802464641109442,0.358974358974359
c02x - AD - SMC,2,102,0.2504609525203705,0.8974359035491943,0.9199174793698425,0.9958122264253261,0.9883720930232558,0.9284553527832031,0.43478259444236755,0.42083333333333334,0.7105017874519153,0.41666666666666663
c02x - AD - SMC,3,103,0.1859620213508606,0.9736841917037964,0.9810126582278481,0.998930078360458,0.9974683544303798,0.9588620066642761,0.38461539149284363,0.3295454545454546,0.8427461058016834,0.38636363636363635
c02x - AD - SMC,4,123,0.29879963397979736,0.9292035102844238,0.9242367833209233,0.9850115267594556,0.9709605361131795,0.7271765470504761,0.6296296119689941,0.5409090909090909,0.8177202057757833,0.48181818181818176
c02x - AD - VLMC,0,102,0.07282700389623642,0.9821428656578064,0.9870689655172413,0.9999263188918361,0.9998342175066313,0.9024553298950195,0.4444444477558136,0.4983277591973244,0.6186299787582251,0.47491638795986624
c02x - AD - VLMC,1,176,0.31477251648902893,0.9696969985961914,0.9727088948787062,0.9954556619658709,0.9914083557951483,0.6611248850822449,0.7179487347602844,0.611111111111111,0.7543343931957809,0.5802469135802469
c02x - AD - VLMC,2,100,0.12043111771345139,0.9695122241973877,0.9682539682539683,0.9980553772875707,0.9963624338624338,0.7170555591583252,0.75,0.6810035842293907,0.8454246151012375,0.6487455197132617
c02x - AD - VLMC,3,100,0.05313332378864288,0.9866666793823242,0.9839193825042882,0.9998228324843709,0.9995711835334478,1.0952590703964233,0.5925925970077515,0.5194805194805194,0.6657386383453663,0.5252525252525252
c02x - AD - VLMC,4,100,0.11376608163118362,0.9644970297813416,0.9642743221690591,0.998915290106876,0.9977671451355662,0.7453597187995911,0.6285714507102966,0.56,0.688826846989776,0.508
c07x - scz - EN_L2_3_IT,1,100,0.18054868280887604,1.0,1.0,1.0,1.0,1.7105835676193237,0.9354838728904724,0.48333333333333334,0.041666666666666664,0.23333333333333328
c07x - scz - EN_L2_3_IT,3,478,0.12432029843330383,0.9833333492279053,0.9915966386554622,1.0,1.0,0.35561925172805786,0.774193525314331,0.8833333333333333,0.5,0.9666666666666667
c07x - scz - EN_L3_5_IT_2,0,196,0.3074696660041809,0.9202898740768433,0.8624060150375941,0.8666666666666667,0.9849624060150376,0.33979514241218567,0.9428571462631226,0.9705882352941176,0.5,0.9705882352941176
c07x - scz - EN_L3_5_IT_2,2,155,0.417290598154068,0.9492753744125366,0.8111111111111111,0.41666666666666663,0.9135802469135802,0.5404982566833496,0.5428571701049805,0.5989583333333333,0.4191919191919192,0.6666666666666666
c07x - scz - EN_L3_5_IT_2,3,456,0.2059863954782486,0.9275362491607666,0.9626865671641791,0.4492424242424242,0.9757462686567164,0.38905343413352966,0.7142857313156128,0.8484848484848485,0.3611111111111111,0.8787878787878788
c07x - scz - EN_L5_ET,1,436,0.1854480355978012,1.0,1.0,1.0,1.0,0.6643378138542175,0.875,0.5,1.0,1.0
c07x - scz - EN_L5_ET,3,459,0.34260109066963196,0.8064516186714172,0.896551724137931,0.8333333333333333,0.9827586206896552,0.596876859664917,0.125,0.5,0.3333333333333333,0.7142857142857143
c07x - scz - EN_L5_ET,4,125,0.2161104530096054,1.0,1.0,1.0,1.0,0.9039444923400879,0.8571428656578064,0.5,0.3333333333333333,0.6666666666666667
c07x - scz - EN_L6_IT_1,0,101,0.046212803572416306,1.0,1.0,1.0,1.0,1.0086990594863892,0.8787878751754761,0.453125,0.125,0.78125
c07x - scz - EN_L6_IT_1,1,100,0.18440240621566772,0.9924242496490479,0.9961538461538462,1.0,1.0,1.4066652059555054,0.8181818127632141,0.6693548387096775,0.13125,0.45161290322580644
c07x - scz - EN_L6_IT_1,3,100,0.39097586274147034,0.9242424368858337,0.9612403100775193,0.5074074074074074,0.9638242894056848,1.662522792816162,0.7575757503509521,0.390625,0.04,0.25
c07x - scz - EN_L6_IT_2,1,406,0.2177366018295288,0.8673469424247742,0.9329896907216495,0.25,0.9690721649484536,0.3048074245452881,0.7200000286102295,0.8541666666666667,0.16666666666666666,0.7916666666666666
c07x - scz - EN_L6_IT_2,4,440,0.3926022946834564,0.8399999737739563,0.9191919191919191,0.2,0.9595959595959596,0.4412866234779358,0.8260869383811951,0.9090909090909092,0.5,0.9545454545454546
c07x - scz - EN_NF,0,100,0.5180037617683411,0.8787878751754761,0.9375,0.5,0.96875,1.1916207075119019,0.7777777910232544,0.4375,0.125,0.125
c07x - scz - EN_NF,4,102,0.17669443786144257,0.9444444179534912,0.9714285714285714,0.5,0.9714285714285714,4.5110297203063965,0.5,0.3,0.16666666666666666,0.0
c07x - scz - IN_LAMP5_LHX6,0,109,0.15649725496768951,0.9850746393203735,0.9924242424242424,0.41666666666666663,0.9848484848484849,1.467249870300293,0.9117646813392639,0.4696969696969697,0.037037037037037035,0.21212121212121215
c07x - scz - IN_LAMP5_LHX6,2,101,0.09546923637390137,1.0,1.0,1.0,1.0,1.0653645992279053,0.9411764740943909,0.48484848484848486,0.05555555555555555,0.48484848484848486
c07x - scz - IN_LAMP5_LHX6,4,100,0.21512888371944427,0.9852941036224365,0.9925373134328358,0.41666666666666663,0.9850746268656716,0.8441011905670166,0.71875,0.3709677419354839,0.0625,0.5161290322580645
c07x - scz - IN_LAMP5_RELN,1,100,0.27921730279922485,0.9674796462059021,0.9836065573770492,0.2,0.9672131147540983,1.5690948963165283,0.774193525314331,0.41379310344827586,0.075,0.3275862068965517
c07x - scz - IN_LAMP5_RELN,2,100,0.20345425605773926,0.9918699264526367,0.9958677685950413,1.0,1.0,0.9863561391830444,0.5806451439857483,0.3,0.04,0.19999999999999996
c07x - scz - IN_PVALB,0,100,0.1280149221420288,1.0,1.0,1.0,1.0,2.0405826568603516,0.8055555820465088,0.4142857142857143,0.03125,0.11428571428571432
c07x - scz - IN_PVALB,3,100,0.14774984121322632,0.9027777910232544,0.951048951048951,1.0,1.0,1.2308157682418823,0.6388888955116272,0.32857142857142857,0.04,0.3142857142857143
c28x - AD_resilient - Astro,0,151,0.018933627754449844,1.0,1.0,1.0,1.0,0.5196446776390076,0.8333333134651184,0.5,0.9666666666666666,0.8
c28x - AD_resilient - Astro,1,100,0.10468844324350357,1.0,1.0,1.0000000000000002,1.0,0.8049851059913635,0.5555555820465088,0.5,0.6453968253968254,0.45
c28x - AD_resilient - Astro,2,476,0.016913291066884995,1.0,1.0,1.0,1.0,0.5859848856925964,0.5,0.5625,0.8385912698412699,0.6875
c28x - AD_resilient - Astro,3,120,0.02512894757091999,1.0,1.0,1.0,1.0,0.7622886300086975,0.5714285969734192,0.55,0.8261904761904761,0.5
c28x - AD_resilient - Astro,4,193,0.06434781849384308,1.0,1.0,1.0,1.0,0.5226645469665527,0.8333333134651184,0.875,0.8333333333333333,0.875
c28x - AD_resilient - Endo,0,100,0.26265406608581543,0.9090909361839294,0.8964285714285714,0.9869597570691963,0.9742857142857143,0.9201548099517822,0.7058823704719543,0.6590909090909092,0.7698198563171826,0.6363636363636365
c28x - AD_resilient - Endo,1,101,0.10765521973371506,0.9811320900917053,0.9736842105263157,1.0,1.0,1.5804486274719238,0.5263158082962036,0.4464285714285714,0.5754762043655233,0.27380952380952384
c28x - AD_resilient - Endo,2,467,0.4097328782081604,0.859649121761322,0.8471867007672634,0.9767339912823474,0.9565217391304348,0.5694864988327026,0.5333333611488342,0.45833333333333337,0.9191509879009879,0.6944444444444444
c28x - AD_resilient - Endo,3,113,0.4132627248764038,0.8064516186714172,0.8072009291521487,0.9715783578429789,0.9396051103368177,0.7664474248886108,0.6000000238418579,0.6,0.6833333333333333,0.56
c28x - AD_resilient - Endo,4,100,0.2602715492248535,0.9344262480735779,0.9273809523809524,0.9829127925374501,0.9738095238095238,0.7537021040916443,0.4545454680919647,0.45,0.5925925925925926,0.39999999999999997
c28x - AD_resilient - EN_L2_3_IT,1,141,0.1506698727607727,0.8974359035491943,0.9310344827586207,0.9977753058954391,0.9931034482758622,0.7278287410736084,0.875,0.875,0.8041666666666667,0.8125
c28x - AD_resilient - EN_L2_3_IT,2,120,0.08039593696594238,1.0,1.0,0.9999999999999999,1.0,0.7082288265228271,0.5833333134651184,0.3888888888888889,0.8894500561167229,0.6296296296296297
c28x - AD_resilient - EN_L2_3_IT,3,145,0.08370913565158844,0.9487179517745972,0.962962962962963,0.9986772486772484,0.9969135802469136,0.6321380138397217,0.5,0.5,0.8178571428571428,0.5833333333333334
c28x - AD_resilient - EN_L2_3_IT,4,120,0.12616083025932312,1.0,1.0,0.9999999999999999,1.0,0.7884993553161621,0.6000000238418579,0.6,0.6644444444444444,0.5599999999999999
c28x - AD_resilient - EN_L3_5_IT_1,0,473,0.3440279960632324,0.75,0.8571428571428572,0.9952380952380953,0.9642857142857143,0.47858983278274536,1.0,1.0,1.0,1.0
c28x - AD_resilient - EN_L3_5_IT_1,2,103,0.24100765585899353,0.8125,0.8928571428571428,1.0,1.0,1.514136791229248,0.5,0.5,0.5,0.0
c28x - AD_resilient - EN_L3_5_IT_1,4,100,0.08217654377222061,1.0,1.0,1.0,1.0,0.9647756814956665,0.5,0.3333333333333333,0.8055555555555556,0.3333333333333333
c28x - AD_resilient - EN_L3_5_IT_2,0,100,0.24281245470046997,0.8484848737716675,0.8630434782608696,0.9900774556256597,0.9782608695652174,0.8220313191413879,0.3333333432674408,0.375,0.6317279942279943,0.21875
c28x - AD_resilient - EN_L3_5_IT_2,1,100,0.31393685936927795,0.8947368264198303,0.9230769230769231,0.9790092386246231,0.9487179487179487,1.320097804069519,0.1428571492433548,0.25,0.5961904761904762,0.1
c28x - AD_resilient - EN_L3_5_IT_2,2,105,0.23021437227725983,0.8918918967247009,0.9230769230769231,0.9931722173101483,0.9825174825174825,0.9830188751220703,0.5,0.5333333333333333,0.7892857142857144,0.5333333333333333
c28x - AD_resilient - EN_L3_5_IT_2,3,100,0.19304072856903076,0.9722222089767456,0.98,0.9984615384615386,0.9963636363636363,1.5001765489578247,0.6666666865348816,0.5833333333333334,0.607936507936508,0.33333333333333337
c28x - AD_resilient - EN_L3_5_IT_2,4,104,0.16001658141613007,0.9722222089767456,0.9583333333333333,0.9983333333333332,0.9965277777777777,2.067967176437378,0.3333333432674408,0.39285714285714285,0.7869614512471654,0.2857142857142857
c28x - AD_resilient - EN_L3_5_IT_3,3,100,0.13883717358112335,0.9285714030265808,0.9583333333333333,1.0,1.0,2.4958343505859375,0.5,0.5,0.5555555555555556,0.4444444444444445
c28x - AD_resilient - EN_L6B,0,100,0.24828962981700897,0.875,0.9,0.9666666666666667,0.9333333333333333,0.753495454788208,0.5,0.5,0.7708333333333333,0.5
c28x - AD_resilient - EN_L6B,1,100,0.2746245861053467,0.9090909361839294,0.9285714285714286,0.9682539682539681,0.9285714285714286,1.8512197732925415,0.0,0.0,0.5833333333333333,0.0
c28x - AD_resilient - EN_L6B,3,100,0.09946385771036148,1.0,1.0,1.0,1.0,2.1785404682159424,0.3333333432674408,0.5,0.3333333333333333,0.0
c28x - AD_resilient - EN_L6_CT,0,101,0.3098870515823364,0.8214285969734192,0.8611111111111112,0.9837301587301588,0.9666666666666666,1.102920651435852,0.6666666865348816,0.625,0.7708333333333333,0.5
c28x - AD_resilient - EN_L6_CT,1,100,0.3075886070728302,0.9166666865348816,0.90625,0.9882506127450981,0.9765625,0.903333842754364,0.5,0.4166666666666667,0.5425925925925926,0.2916666666666667
c28x - AD_resilient - EN_L6_CT,2,110,0.3922649621963501,0.7692307829856873,0.79375,0.9501716678574263,0.9125,0.8850427865982056,0.25,0.3333333333333333,0.8,0.5
c28x - AD_resilient - EN_L6_CT,3,123,0.4332534372806549,0.7777777910232544,0.8029411764705883,0.9311463884248006,0.8588235294117648,0.6780202388763428,0.5714285969734192,0.55,0.8528571428571428,0.6000000000000001
c28x - AD_resilient - EN_L6_CT,4,114,0.2589204013347626,0.9032257795333862,0.9023809523809524,0.9873376623376626,0.9714285714285713,0.7673883438110352,0.3333333432674408,0.5,0.5,0.5
c28x - AD_resilient - EN_L6_IT_1,1,129,0.2581000030040741,0.9130434989929199,0.8722222222222222,0.997076023391813,0.9888888888888889,0.808351993560791,0.800000011920929,0.5,0.8041666666666667,0.25
c28x - AD_resilient - EN_L6_IT_1,2,150,0.2806028127670288,0.9583333134651184,0.975,1.0,1.0,0.628124475479126,0.75,0.75,0.5833333333333333,0.5
c28x - AD_resilient - EN_L6_IT_1,3,103,0.22609750926494598,0.9545454382896423,0.9705882352941176,0.9967320261437909,0.9882352941176471,1.4443364143371582,0.5,0.3,0.81,0.2
c28x - AD_resilient - EN_L6_IT_1,4,102,0.335242360830307,0.8947368264198303,0.9333333333333333,0.9838235294117647,0.9333333333333333,1.505999207496643,0.3333333432674408,0.39285714285714285,0.7407029478458049,0.42857142857142855
c28x - AD_resilient - EN_L6_IT_2,1,104,0.33308544754981995,0.9285714030265808,0.9545454545454546,0.9924242424242424,0.9696969696969697,3.1227474212646484,0.25,0.25,0.5,0.25
c28x - AD_resilient - EN_L6_IT_2,2,124,0.4960725009441376,0.8461538553237915,0.8194444444444444,0.9535634118967453,0.8888888888888888,0.5641600489616394,0.6000000238418579,0.75,1.0,1.0
c28x - AD_resilient - EN_L6_IT_2,3,100,0.34434908628463745,0.7692307829856873,0.8333333333333333,0.9765432098765434,0.9444444444444444,1.1041215658187866,0.20000000298023224,0.5,0.6791666666666667,0.0
c28x - AD_resilient - EN_L6_IT_2,4,124,0.24266508221626282,0.8666666746139526,0.8295454545454546,0.9924242424242424,0.9772727272727273,0.6616082787513733,0.6666666865348816,0.5,1.0,1.0
c28x - AD_resilient - EN_NF,2,436,0.4517804682254791,0.8461538553237915,0.9,0.9733333333333333,0.9,0.5124518871307373,0.8999999761581421,0.8333333333333333,0.982142857142857,0.9523809523809524
c28x - AD_resilient - EN_NF,3,128,0.4619925916194916,0.7647058963775635,0.8461538461538461,0.9885883347421809,0.9615384615384616,0.7528762817382812,0.5,0.625,0.7333333333333333,0.375
c28x - AD_resilient - EN_NF,4,125,0.3183492124080658,0.949999988079071,0.9666666666666667,0.9859649122807017,0.9466666666666667,0.8389009237289429,0.3333333432674408,0.25,0.8333333333333333,0.5
c28x - AD_resilient - Immune,0,105,0.10587292909622192,0.9210526347160339,0.9482758620689655,0.9999999999999998,1.0,1.6616933345794678,0.3333333432674408,0.25,0.6716269841269841,0.2777777777777778
c28x - AD_resilient - Immune,1,100,0.36852139234542847,0.8684210777282715,0.9074074074074074,0.9943995236587826,0.9865319865319865,1.4182325601577759,0.3333333432674408,0.625,0.8755456349206349,0.25
c28x - AD_resilient - Immune,2,112,0.22756141424179077,0.9230769276618958,0.9516129032258065,0.9968760839403397,0.9879032258064516,0.8493611812591553,0.5,0.5,0.7291666666666666,0.625
c28x - AD_resilient - Immune,3,124,0.16950494050979614,0.970588207244873,0.98,1.0,1.0,0.7458908557891846,0.6153846383094788,0.5166666666666666,0.871976911976912,0.6333333333333333
c28x - AD_resilient - Immune,4,108,0.16136226058006287,0.9743589758872986,0.9821428571428572,0.9999999999999999,1.0,0.7267197370529175,0.625,0.35714285714285715,0.8736394557823131,0.2857142857142857
c28x - AD_resilient - IN_ADARB2,0,100,0.09355000406503677,0.9230769276618958,0.9545454545454546,1.0,1.0,1.3743823766708374,0.6666666865348816,0.75,0.5,0.5
c28x - AD_resilient - IN_ADARB2,2,100,0.12848149240016937,1.0,1.0,1.0000000000000002,1.0,1.1402251720428467,0.5,0.6666666666666666,0.8055555555555556,0.3333333333333333
c28x - AD_resilient - IN_LAMP5_LHX6,1,100,0.4412352740764618,0.8095238208770752,0.75,0.969108669108669,0.9285714285714286,0.6969719529151917,0.6666666865348816,0.5,0.8333333333333333,0.5
c28x - AD_resilient - IN_LAMP5_LHX6,2,179,0.11779529601335526,0.9411764740943909,0.9583333333333333,0.9999999999999999,1.0,0.2743464708328247,1.0,1.0,1.0,1.0
c28x - AD_resilient - IN_LAMP5_LHX6,4,126,0.1446424424648285,0.9411764740943909,0.9615384615384616,1.0,1.0,0.8001523017883301,0.5714285969734192,0.5416666666666666,0.5317460317460317,0.5
c28x - AD_resilient - IN_LAMP5_RELN,0,142,0.23263907432556152,0.9615384340286255,0.9444444444444444,0.9932718185313342,0.9869281045751633,0.6539669036865234,0.6666666865348816,0.6666666666666666,0.7,0.5555555555555556
c28x - AD_resilient - IN_LAMP5_RELN,1,100,0.3171288073062897,0.9583333134651184,0.95,1.0,1.0,0.9448884129524231,0.5,0.5,0.7345238095238095,0.5
c28x - AD_resilient - IN_LAMP5_RELN,2,100,0.25299072265625,0.9629629850387573,0.95,0.9932718185313341,0.9882352941176471,1.0535874366760254,0.4000000059604645,0.41666666666666663,0.5888888888888889,0.3333333333333333
c28x - AD_resilient - IN_LAMP5_RELN,3,106,0.28666070103645325,0.9130434989929199,0.9087301587301587,0.9786891679748821,0.9682539682539681,1.0250258445739746,0.5555555820465088,0.4166666666666667,0.607936507936508,0.33333333333333337
c28x - AD_resilient - IN_LAMP5_RELN,4,138,0.339255690574646,0.8571428656578064,0.8888888888888888,0.9822368762319744,0.9666666666666666,0.8177700638771057,0.75,0.75,0.8333333333333333,0.75
c28x - AD_resilient - IN_PVALB_CHC,1,445,0.11183267831802368,1.0,1.0,1.0000000000000002,1.0,0.5364120602607727,0.800000011920929,0.5,1.0,1.0
c28x - AD_resilient - IN_PVALB_CHC,2,103,0.08425808697938919,1.0,1.0,1.0000000000000002,1.0,1.157322883605957,0.4285714328289032,0.375,0.5011904761904762,0.25
c28x - AD_resilient - IN_PVALB_CHC,3,141,0.14799989759922028,1.0,1.0,1.0,1.0,0.6435779929161072,0.6666666865348816,0.75,0.8333333333333333,0.5
c28x - AD_resilient - IN_PVALB_CHC,4,102,0.3809749186038971,0.8823529481887817,0.8,0.9999999999999999,1.0,0.8044808506965637,0.5,0.5,1.0,1.0
c28x - AD_resilient - IN_PVALB,0,100,0.1264811009168625,0.9722222089767456,0.9814814814814814,0.9986772486772484,0.9958847736625513,1.0927168130874634,0.2857142984867096,0.25,0.47619047619047616,0.16666666666666669
c28x - AD_resilient - IN_PVALB,1,105,0.19539296627044678,0.9714285731315613,0.95,0.9856275344792509,0.968,0.7007037401199341,0.625,0.4166666666666667,0.8357142857142856,0.5
c28x - AD_resilient - IN_PVALB,2,514,0.05929701030254364,0.9714285731315613,0.98,1.0,1.0,0.5303671360015869,0.625,0.75,0.9583333333333334,0.8333333333333334
c28x - AD_resilient - IN_PVALB,4,127,0.12792731821537018,1.0,1.0,0.9999999999999998,1.0,0.8818644285202026,0.6153846383094788,0.5,0.7707656926406926,0.575
c28x - AD_resilient - IN_SST,0,100,0.19616998732089996,0.931034505367279,0.9194444444444444,0.9976190476190478,0.9944444444444444,0.6813105344772339,0.625,0.625,1.0,1.0
c28x - AD_resilient - IN_SST,1,137,0.34190529584884644,0.9259259104728699,0.9411764705882353,0.9938080495356036,0.9882352941176471,0.6743276119232178,0.699999988079071,0.7857142857142857,0.9129251700680272,0.761904761904762
c28x - AD_resilient - IN_SST,2,100,0.28991514444351196,0.8965517282485962,0.8944444444444444,0.9906926406926408,0.9777777777777777,1.0674705505371094,0.375,0.375,0.6041666666666666,0.5625
c28x - AD_resilient - IN_SST,3,167,0.28839269280433655,0.8928571343421936,0.8957219251336899,0.97703081232493,0.9572192513368984,0.6450245976448059,0.4444444477558136,0.6428571428571428,0.982142857142857,0.9285714285714286
c28x - AD_resilient - IN_VIP,0,102,0.3323640823364258,0.8399999737739563,0.8333333333333334,0.9838235294117647,0.9733333333333334,1.0790668725967407,0.5,0.375,0.6916666666666667,0.25
c28x - AD_resilient - IN_VIP,1,152,0.3664972186088562,0.8571428656578064,0.8663101604278074,0.973174653105449,0.9518716577540106,0.587190568447113,0.6666666865348816,0.75,1.0,1.0
c28x - AD_resilient - IN_VIP,2,109,0.33910563588142395,0.8846153616905212,0.8878787878787879,0.9558085433085433,0.9515151515151515,0.9105866551399231,0.4000000059604645,0.25,0.8041666666666667,0.25
c28x - AD_resilient - IN_VIP,3,100,0.30697324872016907,0.9473684430122375,0.95,0.9833333333333333,0.9777777777777777,1.0192636251449585,0.25,0.38888888888888884,0.6872895622895624,0.29629629629629634
c28x - AD_resilient - Micro,0,468,0.31755661964416504,0.9322034120559692,0.9493670886075949,0.991201052732809,0.979227523531321,0.6777785420417786,0.4000000059604645,0.5396825396825397,0.7586467148371911,0.5291005291005291
c28x - AD_resilient - Micro,1,103,0.061729852110147476,0.9914529919624329,0.9936708860759493,0.9999999999999999,1.0,1.0218538045883179,0.6129032373428345,0.5047619047619047,0.7833729674553847,0.6476190476190475
c28x - AD_resilient - Micro,2,120,0.12948431074619293,0.991525411605835,0.9935064935064934,0.99877769289534,0.9974659486854609,0.8776872754096985,0.46666666865348816,0.5031055900621118,0.775020410736144,0.515527950310559
c28x - AD_resilient - Micro,3,100,0.21570171415805817,0.9666666388511658,0.96875,0.9992282521278095,0.9984375,0.9248180389404297,0.3214285671710968,0.375,0.5948613396942918,0.25625000000000003
c28x - AD_resilient - Micro,4,100,0.05520021915435791,0.9831932783126831,0.9882352941176471,0.9997247927898927,0.9993079584775086,1.165924072265625,0.48275861144065857,0.47857142857142854,0.5169875403961001,0.47619047619047616
c28x - AD_resilient - OPC,0,166,0.1514708250761032,0.9433962106704712,0.9386446886446886,0.9950610203646643,0.9853479853479852,0.6755485534667969,0.3333333432674408,0.5714285714285714,0.9682539682539681,0.8571428571428571
c28x - AD_resilient - OPC,1,120,0.11803358793258667,0.9800000190734863,0.9857142857142858,0.9992063492063492,0.9980952380952381,0.6335380673408508,0.9166666865348816,0.5,0.8845566050111504,0.18181818181818182
c28x - AD_resilient - OPC,2,101,0.12436342239379883,0.957446813583374,0.9714285714285714,1.0,1.0,0.7537944912910461,0.800000011920929,0.625,0.7875609239245602,0.5
c28x - AD_resilient - OPC,3,100,0.10642450302839279,0.9583333134651184,0.9743589743589743,1.0,1.0,1.0711499452590942,0.4285714328289032,0.42857142857142855,0.6888888888888889,0.5714285714285714
c28x - AD_resilient - OPC,4,100,0.05631079524755478,1.0,1.0,1.0,1.0,0.87054842710495,0.6666666865348816,0.8,0.932651515151515,0.6499999999999999
c28x - AD_resilient - PC,0,100,0.28051790595054626,0.8857142925262451,0.8833333333333333,0.9842731829573936,0.9766666666666667,1.1434295177459717,0.6000000238418579,0.375,0.6791666666666667,0.0
c28x - AD_resilient - PC,1,114,0.32848721742630005,0.9354838728904724,0.9295454545454545,0.979149466804266,0.959090909090909,1.2672524452209473,0.5555555820465088,0.6,0.5595238095238095,0.6
c28x - AD_resilient - PC,2,112,0.4653380215167999,0.7096773982048035,0.703781512605042,0.8843437002794607,0.8361344537815126,0.7857709527015686,0.5555555820465088,0.5357142857142857,0.8801587301587301,0.5714285714285714
c28x - AD_resilient - PC,3,100,0.45989125967025757,0.875,0.8666666666666667,0.9664681897479884,0.9458333333333334,0.8246867060661316,0.375,0.375,0.625,0.4375
c28x - AD_resilient - PC,4,453,0.5127370953559875,0.774193525314331,0.7697368421052632,0.9187747102191424,0.8421052631578947,0.671838641166687,0.3333333432674408,0.325,0.711111111111111,0.45000000000000007
c28x - AD_resilient - PVM,0,103,0.11288990825414658,0.9795918464660645,0.975,1.0000000000000002,1.0,1.3340092897415161,0.4615384638309479,0.6818181818181819,0.9328688987779898,0.6363636363636364
c28x - AD_resilient - PVM,1,130,0.08573225140571594,1.0,1.0,0.9999999999999999,1.0,0.8294922709465027,0.5833333134651184,0.55,0.7636435786435787,0.3
c28x - AD_resilient - PVM,2,148,0.12457146495580673,1.0,1.0,1.0,1.0,0.6431618332862854,0.692307710647583,0.6904761904761905,0.746067821067821,0.761904761904762
c28x - AD_resilient - PVM,3,158,0.18429212272167206,0.9800000190734863,0.96875,0.9991596638655462,0.9981617647058824,0.6736503839492798,0.5833333134651184,0.5833333333333334,0.8432900432900432,0.7777777777777778
c28x - AD_resilient - PVM,4,100,0.2275349199771881,0.9800000190734863,0.9848484848484849,1.0,1.0,0.8410443067550659,0.5,0.42857142857142855,0.7591836734693878,0.6285714285714286
c28x - AD_resilient - SMC,0,126,0.27560922503471375,0.930232584476471,0.953125,0.987760278661014,0.9602272727272727,0.7366649508476257,0.5454545617103577,0.3333333333333333,0.8643658810325479,0.4444444444444444
c28x - AD_resilient - SMC,1,158,0.31004777550697327,0.8717948794364929,0.9137931034482758,0.9798169201951179,0.9344827586206896,0.6525967121124268,0.6000000238418579,0.375,0.905736161986162,0.6111111111111112
c28x - AD_resilient - SMC,2,100,0.26369646191596985,0.9069767594337463,0.9393939393939394,0.9941475158281378,0.9787878787878789,1.0669724941253662,0.4545454680919647,0.41666666666666663,0.6857007575757575,0.25
c28x - AD_resilient - SMC,3,111,0.21647526323795319,0.930232584476471,0.9196969696969697,0.9955388973771326,0.9848484848484849,1.018980860710144,0.8181818127632141,0.6666666666666666,0.8388888888888888,0.625
c28x - AD_resilient - SMC,4,133,0.22242435812950134,0.9166666865348816,0.914004914004914,0.9944330505141316,0.9803439803439804,0.9120877385139465,0.8333333134651184,0.75,0.8875,0.75
c28x - AD_resilient - VLMC,0,100,0.2167835533618927,0.9473684430122375,0.9117132867132867,0.9919256305399728,0.9737762237762237,0.8852068781852722,0.692307710647583,0.6,0.7125811688311688,0.575
c28x - AD_resilient - VLMC,1,103,0.3273145854473114,0.800000011920929,0.8658536585365854,0.9806757832185959,0.9337979094076656,0.7154297828674316,0.3333333432674408,0.5454545454545454,0.7900501014137378,0.4772727272727273
c28x - AD_resilient - VLMC,2,100,0.11434268951416016,0.9272727370262146,0.9523809523809523,0.9971748973055595,0.9908424908424909,1.7812689542770386,0.4000000059604645,0.4,0.6242316017316017,0.38
c28x - AD_resilient - VLMC,3,100,0.17264269292354584,0.9344262480735779,0.9545454545454546,0.99849532878189,0.9959893048128342,2.68345046043396,0.1111111119389534,0.0625,0.7713789682539682,0.0
c28x - AD_resilient - VLMC,4,112,0.09575773030519485,0.942307710647583,0.9594594594594594,0.9999999999999998,1.0,0.7975071668624878,0.8888888955116272,0.6666666666666666,0.8974190080072433,0.6444444444444444
c28x - AD_strict - Endo,0,100,0.19861002266407013,0.9506173133850098,0.9615384615384616,0.9916984528597469,0.982758620689655,1.2306607961654663,0.44999998807907104,0.44505494505494503,0.6050653128856273,0.4285714285714286
c28x - AD_strict - Endo,1,100,0.21189282834529877,0.8965517282485962,0.9052631578947368,0.9895234089067635,0.9795321637426901,1.3322523832321167,0.4285714328289032,0.4375,0.5690663503163503,0.375
c28x - AD_strict - Endo,2,135,0.3333618938922882,0.9240506291389465,0.9260752688172043,0.9668529669078041,0.967741935483871,0.7965328097343445,0.5909090638160706,0.38235294117647056,0.7000552423153041,0.3058823529411765
c28x - AD_strict - Endo,3,119,0.24457630515098572,0.9102563858032227,0.8942307692307692,0.9903270445780727,0.9807692307692308,0.9460258483886719,0.43478259444236755,0.4192307692307692,0.4663091896064032,0.3076923076923077
c28x - AD_strict - Endo,4,134,0.2317299246788025,0.8987341523170471,0.9135154061624651,0.989759332620172,0.9803921568627451,0.7952376008033752,0.40909090638160706,0.5089285714285714,0.6901163894584948,0.5535714285714286
c28x - AD_strict - EN_L2_3_IT,0,100,0.3056921660900116,0.8999999761581421,0.9047619047619048,0.9870030664127365,0.9732142857142857,0.7709186673164368,0.5,0.5,0.6678571428571428,0.5625
c28x - AD_strict - EN_L2_3_IT,1,109,0.2198590785264969,0.9512194991111755,0.9285714285714286,0.9874217373970275,0.9761904761904763,1.0284347534179688,0.4285714328289032,0.3,0.7295238095238095,0.30000000000000004
c28x - AD_strict - EN_L2_3_IT,2,101,0.2919633984565735,0.8999999761581421,0.9065934065934066,0.9830764079844347,0.9697802197802198,1.000172734260559,0.125,0.25,0.6496031746031745,0.16666666666666666
c28x - AD_strict - EN_L2_3_IT,3,100,0.1990942656993866,0.9714285731315613,0.9772727272727273,1.0,1.0,1.0455758571624756,0.5384615659713745,0.35,0.8514757464757464,0.5333333333333333
c28x - AD_strict - EN_L2_3_IT,4,107,0.12976115942001343,0.9166666865348816,0.9145454545454546,0.9954370370370372,0.989090909090909,1.8067148923873901,0.3333333432674408,0.34285714285714286,0.49232117089259947,0.2571428571428571
c28x - AD_strict - EN_L3_5_IT_1,1,450,0.17383696138858795,0.9333333373069763,0.9545454545454546,1.0,1.0,0.44236087799072266,0.5,0.6666666666666666,1.0,1.0
c28x - AD_strict - EN_L3_5_IT_1,2,100,0.365779846906662,0.9285714030265808,0.9545454545454546,1.0,1.0,1.1739147901535034,0.4000000059604645,0.3333333333333333,0.4777777777777778,0.0
c28x - AD_strict - EN_L3_5_IT_1,4,105,0.2981923818588257,1.0,1.0,1.0,1.0,0.751182496547699,0.5,0.5,0.5,0.25
c28x - AD_strict - EN_L3_5_IT_2,0,105,0.3683830797672272,0.8181818127632141,0.7954545454545454,0.9786490683229814,0.9504132231404958,0.905778169631958,0.3333333432674408,0.1875,0.7713789682539682,0.0
c28x - AD_strict - EN_L3_5_IT_2,1,100,0.3729599714279175,0.875,0.9166666666666667,0.9819394896568808,0.9427083333333334,1.1971243619918823,0.4000000059604645,0.375,0.6259259259259259,0.3333333333333333
c28x - AD_strict - EN_L3_5_IT_2,2,133,0.2700290083885193,0.9142857193946838,0.91,0.990213058117406,0.9760000000000001,0.7182105779647827,0.7142857313156128,0.5,0.9428571428571428,0.8
c28x - AD_strict - EN_L3_5_IT_2,3,100,0.24759820103645325,0.9090909361839294,0.94,1.0,1.0,1.1796156167984009,0.3333333432674408,0.3,0.4577777777777778,0.2
c28x - AD_strict - EN_L3_5_IT_2,4,100,0.3253726661205292,0.9428571462631226,0.9337121212121212,0.9928160919540229,0.981060606060606,1.105247974395752,0.2857142984867096,0.16666666666666666,0.7345238095238095,0.0
c28x - AD_strict - EN_L3_5_IT_3,1,124,0.3070806562900543,0.8275862336158752,0.8958333333333333,0.9953703703703702,0.975,0.9263821840286255,0.3333333432674408,0.2,0.8766666666666667,0.4
c28x - AD_strict - EN_L3_5_IT_3,2,100,0.33429771661758423,0.8399999737739563,0.9,0.9929545454545454,0.97,0.9078813195228577,0.30000001192092896,0.6111111111111112,0.9626543209876544,0.6666666666666666
c28x - AD_strict - EN_L3_5_IT_3,3,100,0.224189892411232,0.8999999761581421,0.8600000000000001,0.9968615384615387,0.9840000000000001,1.7223314046859741,0.4000000059604645,0.25,0.8041666666666667,0.25
c28x - AD_strict - EN_L3_5_IT_3,4,111,0.05671152099967003,1.0,1.0,1.0,1.0,1.7973700761795044,0.30000001192092896,0.21428571428571427,0.5423469387755102,0.04761904761904762
c28x - AD_strict - EN_L5_6_NP,2,418,0.509212851524353,0.7857142686843872,0.8125,0.8993055555555556,0.8333333333333333,0.4204820990562439,1.0,1.0,1.0,1.0
c28x - AD_strict - EN_L5_6_NP,3,100,0.13534292578697205,1.0,1.0,1.0000000000000002,1.0,2.271674633026123,0.0,0.0,0.5,0.0
c28x - AD_strict - EN_L5_6_NP,4,105,0.474948525428772,0.8181818127632141,0.6944444444444444,0.9765432098765434,0.8888888888888888,1.011353611946106,0.3333333432674408,0.6,0.5,0.8
c28x - AD_strict - EN_L6_CT,0,108,0.18094351887702942,0.9333333373069763,0.9545454545454546,0.9757575757575758,0.9090909090909091,1.321731448173523,0.0,0.0,0.6388888888888888,0.0
c28x - AD_strict - EN_L6_CT,1,100,0.3139174282550812,0.8823529481887817,0.8365384615384616,0.9589457550996012,0.8846153846153846,0.7584168910980225,0.5,0.5,1.0,1.0
c28x - AD_strict - EN_L6_CT,3,238,0.22375597059726715,0.8666666746139526,0.9166666666666667,1.0,1.0,0.6500044465065002,0.75,0.75,0.75,0.5
c28x - AD_strict - EN_L6_CT,4,127,0.27048081159591675,0.9230769276618958,0.9444444444444444,0.9888888888888892,0.9722222222222222,0.7309114933013916,0.5,0.7,0.8766666666666667,0.4
c28x - AD_strict - EN_L6_IT_1,0,100,0.35711461305618286,0.8125,0.875,1.0,1.0,0.7335426807403564,0.1666666716337204,0.25,0.6458333333333333,0.375
c28x - AD_strict - EN_L6_IT_1,1,158,0.24621683359146118,0.9444444179534912,0.9615384615384616,0.9819004524886876,0.9384615384615385,0.35542944073677063,0.75,0.8333333333333333,1.0,1.0
c28x - AD_strict - EN_L6_IT_1,2,183,0.16392575204372406,0.8947368264198303,0.9285714285714286,0.9999999999999999,1.0,0.6753275394439697,0.6666666865348816,0.5,0.8333333333333333,0.5
c28x - AD_strict - EN_L6_IT_1,3,100,0.0672275647521019,1.0,1.0,1.0,1.0,1.2029985189437866,0.5,0.5,0.7333333333333333,0.375
c28x - AD_strict - EN_L6_IT_2,1,111,0.10783015191555023,0.9375,0.9583333333333333,1.0,1.0,1.096327304840088,0.5714285969734192,0.5416666666666666,0.7928571428571428,0.5833333333333333
c28x - AD_strict - EN_L6_IT_2,3,102,0.3204295337200165,0.8235294222831726,0.875,0.9999999999999999,1.0,1.1789462566375732,0.3333333432674408,0.375,0.5666666666666667,0.125
c28x - AD_strict - EN_L6_IT_2,4,100,0.0986030101776123,1.0,1.0,1.0,1.0,0.8796597123146057,0.4000000059604645,0.3333333333333333,0.8666666666666667,0.6666666666666666
c28x - AD_strict - EN_NF,0,102,0.29948756098747253,0.8235294222831726,0.8285714285714285,0.9809090909090908,0.9714285714285715,0.7951589226722717,0.25,0.3333333333333333,0.8178571428571428,0.5833333333333334
c28x - AD_strict - EN_NF,1,105,0.16563133895397186,0.8421052694320679,0.8928571428571428,0.9952380952380953,0.9857142857142858,2.3624322414398193,0.6666666865348816,0.75,0.41666666666666663,0.5
c28x - AD_strict - EN_NF,2,104,0.17715810239315033,1.0,1.0,1.0,1.0,1.1543593406677246,0.3333333432674408,0.25,0.5666666666666667,0.125
c28x - AD_strict - EN_NF,4,118,0.41837966442108154,0.8500000238418579,0.8541666666666667,0.973575036075036,0.9583333333333333,1.7413164377212524,0.4000000059604645,0.25,0.6791666666666667,0.0
c28x - AD_strict - Immune,0,108,0.12145198881626129,0.9772727489471436,0.9821428571428572,1.0,1.0,1.3895963430404663,0.6666666865348816,0.6461538461538461,0.7033986124483862,0.5076923076923077
c28x - AD_strict - Immune,1,101,0.3269299566745758,0.9272727370262146,0.9311145510835913,0.9843730043571751,0.9535603715170279,1.4595149755477905,0.2857142984867096,0.3333333333333333,0.6095238095238096,0.41666666666666663
c28x - AD_strict - Immune,2,101,0.18306967616081238,0.978723406791687,0.9848484848484849,0.9946969696969695,0.9848484848484849,0.8531298041343689,0.6000000238418579,0.6071428571428572,0.7101190476190475,0.5892857142857142
c28x - AD_strict - Immune,3,111,0.22211909294128418,0.9019607901573181,0.8791118421052632,0.9910665490858506,0.9835526315789475,0.703616201877594,0.6363636255264282,0.3888888888888889,0.8762706429373097,0.5
c28x - AD_strict - Immune,4,103,0.1441052109003067,0.9411764740943909,0.9419191919191919,0.9948773448773448,0.98989898989899,1.4901866912841797,0.3636363744735718,0.25,0.7482007575757575,0.33333333333333337
c28x - AD_strict - IN_ADARB2,0,100,0.06120118871331215,1.0,1.0,0.9999999999999998,1.0,0.9319767951965332,0.6000000238418579,0.5833333333333333,0.8055555555555556,0.6666666666666666
c28x - AD_strict - IN_ADARB2,2,166,0.11628590524196625,1.0,1.0,1.0,1.0,0.6437522768974304,0.75,0.5,1.0,1.0
c28x - AD_strict - IN_ADARB2,3,100,0.06547953188419342,1.0,1.0,1.0,1.0,3.056382417678833,0.5,0.5,0.5,0.0
c28x - AD_strict - IN_LAMP5_LHX6,0,100,0.405873566865921,0.8518518805503845,0.8535714285714285,0.9856926406926407,0.9571428571428571,2.033102512359619,0.6666666865348816,0.75,0.4111111111111111,0.5555555555555556
c28x - AD_strict - IN_LAMP5_LHX6,1,471,0.24658797681331635,0.8518518805503845,0.8465909090909092,0.9734258286647992,0.9602272727272727,0.49170708656311035,0.7777777910232544,0.8571428571428572,0.982142857142857,0.9285714285714286
c28x - AD_strict - IN_LAMP5_LHX6,2,137,0.375266432762146,0.931034505367279,0.928921568627451,0.944002438960097,0.9411764705882353,1.0290656089782715,0.5714285969734192,0.3333333333333333,0.8734126984126983,0.3333333333333333
c28x - AD_strict - IN_LAMP5_LHX6,3,103,0.4110530912876129,0.8999999761581421,0.8827751196172249,0.8999664187133631,0.8755980861244018,0.7755921483039856,0.3333333432674408,0.25,0.6083333333333333,0.25
c28x - AD_strict - IN_LAMP5_LHX6,4,104,0.24964778125286102,0.9032257795333862,0.8636363636363636,0.9867685144233136,0.9772727272727273,1.1986130475997925,0.4000000059604645,0.41666666666666663,0.6388888888888888,0.5
c28x - AD_strict - IN_LAMP5_RELN,0,100,0.23672984540462494,0.8399999737739563,0.8947368421052632,1.0,1.0,0.8527836203575134,0.25,0.5,0.8055555555555556,0.3333333333333333
c28x - AD_strict - IN_LAMP5_RELN,1,128,0.06460615992546082,1.0,1.0,0.9999999999999996,1.0,0.9528564810752869,0.6666666865348816,0.6666666666666666,0.5555555555555556,0.4444444444444445
c28x - AD_strict - IN_LAMP5_RELN,3,438,0.1722230613231659,0.9583333134651184,0.9166666666666667,0.9970760233918128,0.9907407407407407,0.6183195114135742,0.800000011920929,0.5,0.95,0.75
c28x - AD_strict - IN_LAMP5_RELN,4,103,0.13320916891098022,0.9523809552192688,0.96875,1.0,1.0,1.0446746349334717,0.5,0.5,0.6746031746031745,0.25
c28x - AD_strict - IN_PVALB_CHC,0,115,0.032855093479156494,1.0,1.0,0.9999999999999999,1.0,1.35489022731781,0.5,0.4,0.525952380952381,0.2
c28x - AD_strict - IN_PVALB_CHC,1,100,0.09423509240150452,0.9523809552192688,0.9375,0.9945054945054943,0.9903846153846154,0.9907646775245667,0.25,0.25,0.75,0.5
c28x - AD_strict - IN_PVALB_CHC,2,153,0.3612082898616791,0.8500000238418579,0.8636363636363636,0.9708624708624709,0.9595959595959596,0.6966149806976318,0.4000000059604645,0.25,0.8041666666666667,0.25
c28x - AD_strict - IN_PVALB_CHC,3,140,0.16732566058635712,0.9523809552192688,0.9615384615384616,0.9999999999999998,1.0,1.090330958366394,0.5,0.5,0.75,0.5
c28x - AD_strict - IN_PVALB_CHC,4,100,0.16701601445674896,0.9047619104385376,0.9230769230769231,0.9945054945054943,0.9903846153846154,1.2096304893493652,0.0,0.0,0.41666666666666663,0.0
c28x - AD_strict - IN_PVALB,0,104,0.16924630105495453,0.931034505367279,0.96,0.9984615384615386,0.99,0.7601117491722107,0.5,0.7,0.8766666666666667,0.4
c28x - AD_strict - IN_PVALB,2,100,0.13384434580802917,1.0,1.0,1.0000000000000002,1.0,0.9120248556137085,0.8333333134651184,0.5,0.9266666666666665,0.6
c28x - AD_strict - IN_PVALB,3,103,0.24460715055465698,1.0,1.0,1.0,1.0,0.7540963292121887,0.6666666865348816,0.6666666666666666,0.8069444444444444,0.5555555555555556
c28x - AD_strict - IN_SST,0,100,0.1161421686410904,0.9599999785423279,0.9705882352941176,0.9967320261437909,0.9926470588235294,0.8321555256843567,0.3333333432674408,0.39285714285714285,0.7869614512471654,0.2857142857142857
c28x - AD_strict - IN_SST,1,139,0.23563064634799957,0.9615384340286255,0.975,0.9976190476190476,0.9916666666666667,0.7894494533538818,0.375,0.375,0.48214285714285715,0.3125
c28x - AD_strict - IN_SST,2,100,0.15810775756835938,0.9354838728904724,0.9157608695652174,0.9965217391304346,0.9891304347826086,1.3134006261825562,0.3333333432674408,0.25,0.3333333333333333,0.0
c28x - AD_strict - IN_SST,3,524,0.14965181052684784,0.9629629850387573,0.9722222222222222,0.9970760233918129,0.9938271604938271,0.676570475101471,0.8571428656578064,0.5,0.8178571428571427,0.16666666666666666
c28x - AD_strict - IN_SST,4,100,0.11159982532262802,1.0,1.0,1.0,1.0,1.0039654970169067,0.5714285969734192,0.3333333333333333,0.7345238095238095,0.0
c28x - AD_strict - IN_VIP,0,100,0.20750851929187775,0.9545454382896423,0.9615384615384616,0.9945054945054943,0.9914529914529914,1.4922072887420654,0.0,0.0,0.5,0.0
c28x - AD_strict - IN_VIP,1,100,0.4387522041797638,0.7777777910232544,0.7875,0.9408119658119658,0.9125,1.1935538053512573,0.3333333432674408,0.375,0.6458333333333333,0.375
c28x - AD_strict - IN_VIP,2,100,0.4746987223625183,0.8333333134651184,0.8636363636363636,0.9542355371900827,0.9090909090909091,1.326983094215393,0.1666666716337204,0.16666666666666666,0.41111111111111115,0.11111111111111112
c28x - AD_strict - IN_VIP,4,100,0.4217595160007477,0.8333333134651184,0.875,0.9688131313131314,0.9305555555555556,0.7352354526519775,0.3333333432674408,0.375,0.45,0.5
c28x - AD_strict - Micro,0,100,0.08438081294298172,0.9927536249160767,0.9951456310679612,0.9999999999999999,1.0,0.9157670736312866,0.7142857313156128,0.575,0.7415658723670401,0.49375
c28x - AD_strict - Micro,1,104,0.10405093431472778,0.956204354763031,0.9716981132075472,0.9998228324843709,0.9993913572732807,0.8776021599769592,0.48275861144065857,0.4730392156862745,0.6086883895910264,0.47549019607843135
c28x - AD_strict - Micro,2,100,0.08739250898361206,0.9679999947547913,0.9777777777777779,0.9998778998778997,0.9996825396825397,1.0203956365585327,0.46341463923454285,0.5246212121212122,0.7734150732633036,0.38636363636363635
c28x - AD_strict - Micro,3,102,0.08589549362659454,0.9772727489471436,0.9848484848484849,0.9994948882643364,0.9984695439240894,1.026007890701294,0.5882353186607361,0.4458333333333333,0.6618538999986967,0.3666666666666667
c28x - AD_strict - Micro,4,194,0.1661570817232132,0.9318181872367859,0.9521276595744681,0.9973283004886272,0.9932810750279955,0.6745429039001465,0.5588235259056091,0.6586206896551725,0.9440125997680675,0.7172413793103447
c28x - AD_strict - OPC,0,132,0.14936600625514984,0.9714285731315613,0.9795918367346939,0.9991753436068307,0.9980563654033041,1.1142092943191528,0.5625,0.5166666666666666,0.6112157287157287,0.3666666666666667
c28x - AD_strict - OPC,1,102,0.12450125068426132,1.0,1.0,1.0,1.0,1.0815048217773438,0.5909090638160706,0.43333333333333335,0.6581222698869758,0.42857142857142855
c28x - AD_strict - OPC,2,100,0.10345322638750076,1.0,1.0,1.0,1.0,1.2729403972625732,0.6000000238418579,0.5555555555555556,0.5065095398428732,0.29629629629629634
c28x - AD_strict - OPC,3,134,0.10598355531692505,0.9852941036224365,0.9891304347826086,0.9999999999999999,1.0,0.7786580920219421,0.6666666865348816,0.5230769230769231,0.7918879009376747,0.5384615384615385
c28x - AD_strict - OPC,4,158,0.23377566039562225,0.9577465057373047,0.9680851063829787,0.9949588928305165,0.9893617021276595,0.7021568417549133,0.4000000059604645,0.25,0.8260975135975136,0.36111111111111116
c28x - AD_strict - PC,0,110,0.33069050312042236,0.9230769276618958,0.9270833333333333,0.997683993517327,0.9947916666666666,0.7960947751998901,0.5,0.4920634920634921,0.5731620231620231,0.5079365079365079
c28x - AD_strict - PC,1,109,0.21652694046497345,0.9508196711540222,0.9625,0.9987652439024391,0.9976190476190475,0.853626549243927,0.4285714328289032,0.45,0.8528571428571428,0.6000000000000001
c28x - AD_strict - PC,2,100,0.23330441117286682,0.9166666865348816,0.9375,0.9951354710230866,0.990234375,0.7063953876495361,0.550000011920929,0.5879120879120879,0.8060371503810417,0.6373626373626374
c28x - AD_strict - PC,3,100,0.21946199238300323,0.8965517282485962,0.8960863697705803,0.9896597814704406,0.979757085020243,1.301422119140625,0.699999988079071,0.6666666666666667,0.6746031746031746,0.625
c28x - AD_strict - PC,4,117,0.3264259696006775,0.9245283007621765,0.9295454545454545,0.9962659739537865,0.9939393939393939,0.7215308547019958,0.6000000238418579,0.5,0.8534484034484036,0.49999999999999994
c28x - AD_strict - PVM,0,131,0.173467755317688,0.9019607901573181,0.9044117647058824,0.9943058932589981,0.9887543252595156,0.7349186539649963,0.550000011920929,0.43333333333333335,0.8342859336512587,0.5066666666666666
c28x - AD_strict - PVM,1,106,0.1928371638059616,0.9247311949729919,0.9351946721311475,0.9956034126826512,0.9918032786885246,0.8100290894508362,0.6896551847457886,0.551948051948052,0.7633822620850739,0.5064935064935066
c28x - AD_strict - PVM,2,100,0.12514285743236542,0.9504950642585754,0.9554367201426025,0.9985100600491323,0.9968805704099821,1.1485952138900757,0.6190476417541504,0.5333333333333333,0.6918056018056018,0.4444444444444445
c28x - AD_strict - PVM,3,100,0.177199125289917,0.9462365508079529,0.9505882352941176,0.9991283011137944,0.9976470588235293,1.2411130666732788,0.3448275923728943,0.3333333333333333,0.5630105102712483,0.44285714285714284
c28x - AD_strict - PVM,4,127,0.39024364948272705,0.8989899158477783,0.9008861940298507,0.9836904222754701,0.9575559701492538,1.16231369972229,0.3478260934352875,0.4107142857142857,0.6432400944307409,0.3035714285714286
c28x - AD_strict - SMC,0,119,0.2909013628959656,0.8837209343910217,0.8920454545454546,0.9886294513001884,0.9659090909090909,0.891089141368866,0.5555555820465088,0.7142857142857143,0.8441043083900226,0.42857142857142855
c28x - AD_strict - SMC,1,135,0.2236817628145218,1.0,1.0,0.9999999999999999,1.0,0.7668980956077576,0.27272728085517883,0.3611111111111111,0.8782627865961201,0.6111111111111112
c28x - AD_strict - SMC,2,109,0.42901918292045593,0.692307710647583,0.8,0.9509627020355989,0.8222222222222223,0.7330146431922913,0.3076923191547394,0.5,0.5125331458664792,0.0
c28x - AD_strict - SMC,3,103,0.16161313652992249,0.9285714030265808,0.9516129032258065,1.0,1.0,1.4936447143554688,0.30000001192092896,0.375,0.8644345238095239,0.5625
c28x - AD_strict - SMC,4,103,0.1153404712677002,1.0,1.0,0.9999999999999999,1.0,0.8517487645149231,0.6666666865348816,0.5,0.810515873015873,0.5
c28x - AD_strict - VLMC,0,127,0.11970557272434235,0.976190447807312,0.9827586206896552,0.9981432360742707,0.9953580901856764,0.8763197064399719,0.5714285969734192,0.5441176470588236,0.8043571050855697,0.42647058823529416
c28x - AD_strict - VLMC,1,100,0.15875425934791565,0.9545454382896423,0.967741935483871,0.995806467511799,0.9894540942928038,0.9575238823890686,0.529411792755127,0.4326923076923077,0.7138484190520389,0.3653846153846154
c28x - AD_strict - VLMC,2,100,0.08100839704275131,0.9882352948188782,0.9921875,0.9993003731343284,0.9977678571428572,1.1232222318649292,0.6499999761581421,0.6313131313131313,0.6019754161465392,0.5555555555555556
c28x - AD_strict - VLMC,3,100,0.12267681956291199,0.9767441749572754,0.9703243616287094,0.9995000314940787,0.9986197377501725,1.4572458267211914,0.42105263471603394,0.36309523809523814,0.5661493044136233,0.25
c28x - AD_strict - VLMC,4,102,0.10846050083637238,0.948051929473877,0.9622641509433962,0.9993138936535163,0.9984276729559748,0.7609370946884155,0.7142857313156128,0.5151515151515151,0.8281956025061208,0.5303030303030303
