Name,Category,CategoryID,GO,Description,PARENT_GO,LogP,Enrichment,Z-score,#TotalGeneInLibrary,#GeneInGO,#GeneInHitList,#GeneInGOAndHitList,%InGO,STDV %InGO,GeneID,Hits,Log(q-value)
MyList,GO Biological Processes,19,GO:0007507,heart development,19_GO:0032502 developmental process,-5.6,9,7.6,30182,562,48,8,17,5.4,2257|3084|5915|5978|6331|7403|29072|55636,FGF12|NRG1|RARB|REST|SCN5A|KDM6A|SETD2|CHD7,-2.5
MyList,GO Biological Processes,19,GO:0030900,forebrain development,19_GO:0032502 developmental process,-5.5,11,8.1,30182,396,48,7,15,5.1,5915|6331|22930|26047|26468|29072|55636,RARB|SCN5A|RAB3GAP1|CNTNAP2|LHX6|SETD2|CHD7,-2.4
MyList,GO Biological Processes,19,GO:0007420,brain development,19_GO:0032502 developmental process,-5.5,7.3,7.1,30182,777,48,9,19,5.6,5090|5915|6331|22930|26047|26468|29072|55636|91137,PBX3|RARB|SCN5A|RAB3GAP1|CNTNAP2|LHX6|SETD2|CHD7|SLC25A46,-2.4
MyList,GO Biological Processes,19,GO:0034968,histone lysine methylation,19_GO:0008152 metabolic process,-5.3,36,12,30182,69,48,4,8.3,4,4800|7403|29072|64754,NFYA|KDM6A|SETD2|SMYD3,-2.3
MyList,WikiPathways,27,WP706,Sudden infant death syndrome (SIDS) susceptibility pathways,,-5.3,20,9.4,30182,160,48,5,10,4.4,117|4800|5978|6331|6667,ADCYAP1R1|NFYA|REST|SCN5A|SP1,-2.3
MyList,GO Biological Processes,19,GO:0018022,peptidyl-lysine methylation,19_GO:0008152 metabolic process,-4.9,29,10,30182,88,48,4,8.3,4,4800|7403|29072|64754,NFYA|KDM6A|SETD2|SMYD3,-2
MyList,GO Biological Processes,19,GO:0016571,histone methylation,19_GO:0008152 metabolic process,-4.9,28,10,30182,90,48,4,8.3,4,4800|7403|29072|64754,NFYA|KDM6A|SETD2|SMYD3,-1.9
MyList,GO Biological Processes,19,GO:0061061,muscle structure development,19_GO:0032502 developmental process,-4.8,8.7,7,30182,504,48,7,15,5.1,607|3084|5915|5978|55636|64754|221937,BCL9|NRG1|RARB|REST|CHD7|SMYD3|FOXK1,-1.9
MyList,GO Biological Processes,19,GO:0006366,transcription by RNA polymerase II,19_GO:0008152 metabolic process,-4.8,11,7.4,30182,343,48,6,12,4.8,607|4800|5295|6239|29072|55636,BCL9|NFYA|PIK3R1|RREB1|SETD2|CHD7,-1.9
MyList,GO Biological Processes,19,GO:1904062,regulation of monoatomic cation transmembrane transport,19_GO:0051179 localization,-4.8,11,7.4,30182,346,48,6,12,4.8,117|2257|6331|30818|55636|80333,ADCYAP1R1|FGF12|SCN5A|KCNIP3|CHD7|KCNIP4,-1.8
MyList,GO Biological Processes,19,GO:0045445,myoblast differentiation,19_GO:0032502 developmental process,-4.5,48,12,30182,39,48,3,6.2,3.5,607|3084|5978,BCL9|NRG1|REST,-1.6
MyList,WikiPathways,27,WP4659,Gastrin signaling pathway,,-4.5,22,8.9,30182,115,48,4,8.3,4,5295|5601|6667|51564,PIK3R1|MAPK9|SP1|HDAC7,-1.6
MyList,GO Biological Processes,19,GO:0006351,DNA-templated transcription,19_GO:0008152 metabolic process,-4.4,7.3,6.3,30182,599,48,7,15,5.1,607|3084|4800|5295|6239|29072|55636,BCL9|NRG1|NFYA|PIK3R1|RREB1|SETD2|CHD7,-1.5
MyList,GO Biological Processes,19,GO:0097659,nucleic acid-templated transcription,19_GO:0008152 metabolic process,-4.4,7.3,6.2,30182,601,48,7,15,5.1,607|3084|4800|5295|6239|29072|55636,BCL9|NRG1|NFYA|PIK3R1|RREB1|SETD2|CHD7,-1.5
MyList,Canonical Pathways,11,M175,PID ERBB2 ERBB3 PATHWAY,,-4.3,43,11,30182,44,48,3,6.2,3.5,3084|5295|5601,NRG1|PIK3R1|MAPK9,-1.5
MyList,GO Biological Processes,19,GO:0032774,RNA biosynthetic process,19_GO:0008152 metabolic process,-4.3,7.2,6.2,30182,612,48,7,15,5.1,607|3084|4800|5295|6239|29072|55636,BCL9|NRG1|NFYA|PIK3R1|RREB1|SETD2|CHD7,-1.5
MyList,GO Biological Processes,19,GO:0034762,regulation of transmembrane transport,19_GO:0051179 localization,-4.3,7.1,6.1,30182,619,48,7,15,5.1,117|2257|5295|6331|30818|55636|80333,ADCYAP1R1|FGF12|PIK3R1|SCN5A|KCNIP3|CHD7|KCNIP4,-1.5
MyList,GO Biological Processes,19,GO:0010959,regulation of metal ion transport,19_GO:0051179 localization,-4.3,8.9,6.5,30182,423,48,6,12,4.8,117|2257|6331|30818|55636|80333,ADCYAP1R1|FGF12|SCN5A|KCNIP3|CHD7|KCNIP4,-1.5
MyList,Reactome Gene Sets,6,R-HSA-5576891,Cardiac conduction,,-4.2,19,8.3,30182,132,48,4,8.3,4,2257|6331|30818|80333,FGF12|SCN5A|KCNIP3|KCNIP4,-1.5
MyList,WikiPathways,27,WP5087,Malignant pleural mesothelioma,,-4.2,8.6,6.4,30182,440,48,6,12,4.8,2257|5601|6667|7403|29072|29119,FGF12|MAPK9|SP1|KDM6A|SETD2|CTNNA3,-1.4
MyList,GO Biological Processes,19,GO:0021537,telencephalon development,19_GO:0032502 developmental process,-4.2,12,7,30182,270,48,5,10,4.4,5915|6331|26047|26468|55636,RARB|SCN5A|CNTNAP2|LHX6|CHD7,-1.4
MyList,GO Biological Processes,19,GO:0006479,protein methylation,19_GO:0008152 metabolic process,-4.1,18,8,30182,140,48,4,8.3,4,4800|7403|29072|64754,NFYA|KDM6A|SETD2|SMYD3,-1.4
MyList,GO Biological Processes,19,GO:0008213,protein alkylation,19_GO:0008152 metabolic process,-4.1,18,8,30182,140,48,4,8.3,4,4800|7403|29072|64754,NFYA|KDM6A|SETD2|SMYD3,-1.4
MyList,GO Biological Processes,19,GO:0030534,adult behavior,19_GO:0032501 multicellular organismal process,-4.1,18,7.9,30182,143,48,4,8.3,4,2257|5090|26047|55636,FGF12|PBX3|CNTNAP2|CHD7,-1.4
MyList,KEGG Pathway,24,hsa05017,Spinocerebellar ataxia,,-4.1,18,7.9,30182,143,48,4,8.3,4,4800|5295|5601|6667,NFYA|PIK3R1|MAPK9|SP1,-1.4
MyList,GO Biological Processes,19,GO:0018205,peptidyl-lysine modification,19_GO:0008152 metabolic process,-4,11,6.7,30182,294,48,5,10,4.4,4800|7403|29072|51564|64754,NFYA|KDM6A|SETD2|HDAC7|SMYD3,-1.3
MyList,WikiPathways,27,WP2857,Mesodermal commitment pathway,,-4,16,7.6,30182,154,48,4,8.3,4,5090|5915|7403|29072,PBX3|RARB|KDM6A|SETD2,-1.3
MyList,GO Biological Processes,19,GO:0034765,regulation of monoatomic ion transmembrane transport,19_GO:0051179 localization,-4,7.9,6.1,30182,478,48,6,12,4.8,117|2257|6331|30818|55636|80333,ADCYAP1R1|FGF12|SCN5A|KCNIP3|CHD7|KCNIP4,-1.3
MyList,Reactome Gene Sets,6,R-HSA-418555,G alpha (s) signalling events,,-3.9,16,7.5,30182,158,48,4,8.3,4,117|10846|10888|27115,ADCYAP1R1|PDE10A|GPR83|PDE7B,-1.3
MyList,GO Biological Processes,19,GO:0098900,regulation of action potential,19_GO:0050789 regulation of biological process,-3.9,31,9.3,30182,61,48,3,6.2,3.5,2257|6331|29119,FGF12|SCN5A|CTNNA3,-1.2
MyList,GO Biological Processes,19,GO:0060537,muscle tissue development,19_GO:0032502 developmental process,-3.7,9.4,6.2,30182,333,48,5,10,4.4,607|3084|5915|6331|55636,BCL9|NRG1|RARB|SCN5A|CHD7,-1.1
MyList,GO Biological Processes,19,GO:0048738,cardiac muscle tissue development,19_GO:0032502 developmental process,-3.7,14,6.8,30182,186,48,4,8.3,4,3084|5915|6331|55636,NRG1|RARB|SCN5A|CHD7,-1
MyList,GO Biological Processes,19,GO:0014706,striated muscle tissue development,19_GO:0032502 developmental process,-3.6,13,6.7,30182,192,48,4,8.3,4,3084|5915|6331|55636,NRG1|RARB|SCN5A|CHD7,-0.96
MyList,GO Biological Processes,19,GO:0007626,locomotory behavior,19_GO:0032501 multicellular organismal process,-3.6,13,6.7,30182,195,48,4,8.3,4,2257|5090|55636|91137,FGF12|PBX3|CHD7|SLC25A46,-0.95
MyList,GO Biological Processes,19,GO:0008344,adult locomotory behavior,19_GO:0032501 multicellular organismal process,-3.5,23,8,30182,81,48,3,6.2,3.5,2257|5090|55636,FGF12|PBX3|CHD7,-0.91
MyList,Reactome Gene Sets,6,R-HSA-397014,Muscle contraction,,-3.5,12,6.5,30182,205,48,4,8.3,4,2257|6331|30818|80333,FGF12|SCN5A|KCNIP3|KCNIP4,-0.88
MyList,GO Biological Processes,19,GO:0006338,chromatin remodeling,19_GO:0009987 cellular process,-3.5,8.3,5.7,30182,378,48,5,10,4.4,7403|29072|50809|55636|64754,KDM6A|SETD2|HP1BP3|CHD7|SMYD3,-0.88
MyList,GO Biological Processes,19,GO:0042594,response to starvation,19_GO:0050896 response to stimulus,-3.5,12,6.4,30182,207,48,4,8.3,4,6667|9779|27072|221937,SP1|TBC1D5|VPS41|FOXK1,-0.88
MyList,KEGG Pathway,24,hsa04012,ErbB signaling pathway,,-3.5,22,7.8,30182,85,48,3,6.2,3.5,3084|5295|5601,NRG1|PIK3R1|MAPK9,-0.88
MyList,GO Biological Processes,19,GO:0051146,striated muscle cell differentiation,19_GO:0032502 developmental process,-3.5,12,6.4,30182,209,48,4,8.3,4,607|3084|5915|64754,BCL9|NRG1|RARB|SMYD3,-0.88
MyList,GO Biological Processes,19,GO:0043269,regulation of monoatomic ion transport,19_GO:0051179 localization,-3.4,6.3,5.2,30182,599,48,6,12,4.8,117|2257|6331|30818|55636|80333,ADCYAP1R1|FGF12|SCN5A|KCNIP3|CHD7|KCNIP4,-0.87
MyList,GO Biological Processes,19,GO:0007610,behavior,19_GO:0032501 multicellular organismal process,-3.4,6.2,5.2,30182,607,48,6,12,4.8,2257|5090|10888|26047|55636|91137,FGF12|PBX3|GPR83|CNTNAP2|CHD7|SLC25A46,-0.84
MyList,WikiPathways,27,WP673,ErbB signaling pathway,,-3.4,21,7.5,30182,92,48,3,6.2,3.5,3084|5295|5601,NRG1|PIK3R1|MAPK9,-0.8
MyList,KEGG Pathway,24,hsa04024,cAMP signaling pathway,,-3.3,11,6.1,30182,225,48,4,8.3,4,117|5295|5601|10846,ADCYAP1R1|PIK3R1|MAPK9|PDE10A,-0.79
MyList,GO Biological Processes,19,GO:0006325,chromatin organization,19_GO:0009987 cellular process,-3.3,6,5,30182,633,48,6,12,4.8,7403|29072|50809|51564|55636|64754,KDM6A|SETD2|HP1BP3|HDAC7|CHD7|SMYD3,-0.77
MyList,KEGG Pathway,24,hsa01522,Endocrine resistance,,-3.3,19,7.2,30182,98,48,3,6.2,3.5,5295|5601|6667,PIK3R1|MAPK9|SP1,-0.75
MyList,KEGG Pathway,24,hsa05231,Choline metabolism in cancer,,-3.3,19,7.2,30182,98,48,3,6.2,3.5,5295|5601|6667,PIK3R1|MAPK9|SP1,-0.75
MyList,WikiPathways,27,WP1544,MicroRNAs in cardiomyocyte hypertrophy,,-3.2,18,7,30182,104,48,3,6.2,3.5,3084|5295|51564,NRG1|PIK3R1|HDAC7,-0.68
MyList,Reactome Gene Sets,6,R-HSA-187037,Signaling by NTRK1 (TRKA),,-3.1,16,6.6,30182,115,48,3,6.2,3.5,117|5295|5978,ADCYAP1R1|PIK3R1|REST,-0.56
MyList,GO Biological Processes,19,GO:0043414,macromolecule methylation,19_GO:0008152 metabolic process,-3.1,9.4,5.5,30182,267,48,4,8.3,4,4800|7403|29072|64754,NFYA|KDM6A|SETD2|SMYD3,-0.56
MyList,Reactome Gene Sets,6,R-HSA-1257604,PIP3 activates AKT signaling,,-3.1,9.4,5.5,30182,267,48,4,8.3,4,3084|5295|5978|51564,NRG1|PIK3R1|REST|HDAC7,-0.56
MyList,GO Biological Processes,19,GO:0035051,cardiocyte differentiation,19_GO:0032502 developmental process,-3,16,6.4,30182,120,48,3,6.2,3.5,3084|5915|5978,NRG1|RARB|REST,-0.54
MyList,GO Biological Processes,19,GO:0042692,muscle cell differentiation,19_GO:0032502 developmental process,-3,9.2,5.4,30182,273,48,4,8.3,4,607|3084|5915|64754,BCL9|NRG1|RARB|SMYD3,-0.54
MyList,Reactome Gene Sets,6,R-HSA-4839726,Chromatin organization,,-3,9.2,5.4,30182,274,48,4,8.3,4,5978|7403|29072|64754,REST|KDM6A|SETD2|SMYD3,-0.54
MyList,Reactome Gene Sets,6,R-HSA-3247509,Chromatin modifying enzymes,,-3,9.2,5.4,30182,274,48,4,8.3,4,5978|7403|29072|64754,REST|KDM6A|SETD2|SMYD3,-0.54
MyList,GO Biological Processes,19,GO:0003231,cardiac ventricle development,19_GO:0032502 developmental process,-3,15,6.3,30182,126,48,3,6.2,3.5,3084|6331|55636,NRG1|SCN5A|CHD7,-0.49
MyList,GO Biological Processes,19,GO:0032870,cellular response to hormone stimulus,19_GO:0050896 response to stimulus,-2.9,6.3,4.8,30182,501,48,5,10,4.4,5295|5915|5978|6667|64754,PIK3R1|RARB|REST|SP1|SMYD3,-0.46
MyList,GO Biological Processes,19,GO:0044089,positive regulation of cellular component biogenesis,19_GO:0048518 positive regulation of biological process,-2.9,6.3,4.7,30182,503,48,5,10,4.4,3084|5295|5601|22930|26047,NRG1|PIK3R1|MAPK9|RAB3GAP1|CNTNAP2,-0.45
MyList,WikiPathways,27,WP366,TGF-beta signaling pathway,,-2.9,14,6.1,30182,132,48,3,6.2,3.5,5295|5601|6667,PIK3R1|MAPK9|SP1,-0.45
MyList,Reactome Gene Sets,6,R-HSA-166520,Signaling by NTRKs,,-2.9,14,6.1,30182,134,48,3,6.2,3.5,117|5295|5978,ADCYAP1R1|PIK3R1|REST,-0.44
MyList,GO Biological Processes,19,GO:0034330,cell junction organization,19_GO:0009987 cellular process,-2.9,6.1,4.7,30182,513,48,5,10,4.4,4774|5978|22866|51564|91137,NFIA|REST|CNKSR2|HDAC7|SLC25A46,-0.43
MyList,GO Biological Processes,19,GO:0034728,nucleosome organization,19_GO:0009987 cellular process,-2.9,14,6,30182,138,48,3,6.2,3.5,29072|50809|64754,SETD2|HP1BP3|SMYD3,-0.41
MyList,GO Biological Processes,19,GO:0007517,muscle organ development,19_GO:0032502 developmental process,-2.8,8.2,5.1,30182,307,48,4,8.3,4,607|3084|55636|221937,BCL9|NRG1|CHD7|FOXK1,-0.4
MyList,GO Biological Processes,19,GO:0009725,response to hormone,19_GO:0050896 response to stimulus,-2.8,4.8,4.3,30182,784,48,6,12,4.8,5295|5915|5978|6667|10888|64754,PIK3R1|RARB|REST|SP1|GPR83|SMYD3,-0.4
MyList,Reactome Gene Sets,6,R-HSA-9006925,Intracellular signaling by second messengers,,-2.8,8.1,5,30182,309,48,4,8.3,4,3084|5295|5978|51564,NRG1|PIK3R1|REST|HDAC7,-0.4
MyList,GO Biological Processes,19,GO:0051384,response to glucocorticoid,19_GO:0050896 response to stimulus,-2.8,13,5.9,30182,142,48,3,6.2,3.5,5978|10888|64754,REST|GPR83|SMYD3,-0.4
MyList,KEGG Pathway,24,hsa05200,Pathways in cancer,,-2.8,5.9,4.6,30182,531,48,5,10,4.4,5295|5601|5915|6667|29119,PIK3R1|MAPK9|RARB|SP1|CTNNA3,-0.4
MyList,GO Biological Processes,19,GO:0032259,methylation,19_GO:0008152 metabolic process,-2.8,8,5,30182,314,48,4,8.3,4,4800|7403|29072|64754,NFYA|KDM6A|SETD2|SMYD3,-0.39
MyList,GO Biological Processes,19,GO:0050808,synapse organization,19_GO:0009987 cellular process,-2.8,7.9,5,30182,317,48,4,8.3,4,4774|5978|22866|91137,NFIA|REST|CNKSR2|SLC25A46,-0.38
MyList,GO Biological Processes,19,GO:0045667,regulation of osteoblast differentiation,19_GO:0032502 developmental process,-2.8,13,5.7,30182,147,48,3,6.2,3.5,5978|23051|51564,REST|ZHX3|HDAC7,-0.37
MyList,KEGG Pathway,24,hsa05226,Gastric cancer,,-2.8,13,5.7,30182,149,48,3,6.2,3.5,5295|5915|29119,PIK3R1|RARB|CTNNA3,-0.36
MyList,GO Biological Processes,19,GO:0051345,positive regulation of hydrolase activity,19_GO:0065007 biological regulation,-2.7,5.5,4.3,30182,569,48,5,10,4.4,117|5978|9771|9779|22930,ADCYAP1R1|REST|RAPGEF5|TBC1D5|RAB3GAP1,-0.29
MyList,WikiPathways,27,WP437,EGF/EGFR signaling pathway,,-2.7,12,5.4,30182,162,48,3,6.2,3.5,5295|5601|6667,PIK3R1|MAPK9|SP1,-0.27
MyList,GO Biological Processes,19,GO:0072594,establishment of protein localization to organelle,19_GO:0051179 localization,-2.7,7.3,4.7,30182,346,48,4,8.3,4,5295|22930|27072|57554,PIK3R1|RAB3GAP1|VPS41|LRRC7,-0.27
MyList,GO Biological Processes,19,GO:0003205,cardiac chamber development,19_GO:0032502 developmental process,-2.6,11,5.3,30182,166,48,3,6.2,3.5,3084|6331|55636,NRG1|SCN5A|CHD7,-0.25
MyList,GO Biological Processes,19,GO:0031960,response to corticosteroid,19_GO:0050896 response to stimulus,-2.6,11,5.3,30182,166,48,3,6.2,3.5,5978|10888|64754,REST|GPR83|SMYD3,-0.25
MyList,GO Biological Processes,19,GO:0010634,positive regulation of epithelial cell migration,19_GO:0040011 locomotion,-2.6,11,5.2,30182,176,48,3,6.2,3.5,6239|6667|51564,RREB1|SP1|HDAC7,-0.19
MyList,GO Biological Processes,19,GO:0001654,eye development,19_GO:0032502 developmental process,-2.5,6.7,4.5,30182,373,48,4,8.3,4,5090|5915|22930|55636,PBX3|RARB|RAB3GAP1|CHD7,-0.17
MyList,GO Biological Processes,19,GO:0150063,visual system development,19_GO:0032502 developmental process,-2.5,6.7,4.4,30182,377,48,4,8.3,4,5090|5915|22930|55636,PBX3|RARB|RAB3GAP1|CHD7,-0.16
MyList,GO Biological Processes,19,GO:0048863,stem cell differentiation,19_GO:0032502 developmental process,-2.5,10,5,30182,184,48,3,6.2,3.5,3084|5978|29072,NRG1|REST|SETD2,-0.15
MyList,WikiPathways,27,WP4223,Ras signaling,,-2.5,10,5,30182,184,48,3,6.2,3.5,5295|5601|9771,PIK3R1|MAPK9|RAPGEF5,-0.15
MyList,GO Biological Processes,19,GO:0048880,sensory system development,19_GO:0032502 developmental process,-2.5,6.6,4.4,30182,383,48,4,8.3,4,5090|5915|22930|55636,PBX3|RARB|RAB3GAP1|CHD7,-0.15
MyList,Reactome Gene Sets,6,R-HSA-388396,GPCR downstream signalling,,-2.5,5,4,30182,635,48,5,10,4.4,117|5295|10846|10888|27115,ADCYAP1R1|PIK3R1|PDE10A|GPR83|PDE7B,-0.14
MyList,GO Biological Processes,19,GO:0016570,histone modification,19_GO:0008152 metabolic process,-2.5,6.5,4.3,30182,389,48,4,8.3,4,4800|7403|29072|64754,NFYA|KDM6A|SETD2|SMYD3,-0.13
MyList,KEGG Pathway,24,hsa05202,Transcriptional misregulation in cancer,,-2.4,9.8,4.9,30182,193,48,3,6.2,3.5,5090|6667|7403,PBX3|SP1|KDM6A,-0.11
MyList,GO Biological Processes,19,GO:0072659,protein localization to plasma membrane,19_GO:0051179 localization,-2.4,9.5,4.8,30182,199,48,3,6.2,3.5,30818|57554|80333,KCNIP3|LRRC7|KCNIP4,-0.075
MyList,KEGG Pathway,24,hsa05415,Diabetic cardiomyopathy,,-2.4,9.3,4.7,30182,203,48,3,6.2,3.5,5295|5601|6667,PIK3R1|MAPK9|SP1,-0.055
MyList,KEGG Pathway,24,hsa05203,Viral carcinogenesis,,-2.4,9.2,4.7,30182,204,48,3,6.2,3.5,5295|51564|55697,PIK3R1|HDAC7|VAC14,-0.053
MyList,GO Biological Processes,19,GO:0042391,regulation of membrane potential,19_GO:0065007 biological regulation,-2.3,5.8,4,30182,433,48,4,8.3,4,2257|6331|22930|29119,FGF12|SCN5A|RAB3GAP1|CTNNA3,0
MyList,Reactome Gene Sets,6,R-HSA-5663202,Diseases of signal transduction by growth factor receptors and second messengers,,-2.3,5.8,4,30182,433,48,4,8.3,4,3084|5295|22866|51564,NRG1|PIK3R1|CNKSR2|HDAC7,0
MyList,Reactome Gene Sets,6,R-HSA-372790,Signaling by GPCR,,-2.3,4.4,3.7,30182,710,48,5,10,4.4,117|5295|10846|10888|27115,ADCYAP1R1|PIK3R1|PDE10A|GPR83|PDE7B,0
MyList,KEGG Pathway,24,hsa05166,Human T-cell leukemia virus 1 infection,,-2.3,8.5,4.5,30182,222,48,3,6.2,3.5,5295|5601|55697,PIK3R1|MAPK9|VAC14,0
MyList,GO Biological Processes,19,GO:0050679,positive regulation of epithelial cell proliferation,19_GO:0048518 positive regulation of biological process,-2.3,8.4,4.4,30182,225,48,3,6.2,3.5,6239|6331|6667,RREB1|SCN5A|SP1,0
MyList,GO Biological Processes,19,GO:0048568,embryonic organ development,19_GO:0032502 developmental process,-2.2,5.6,3.9,30182,450,48,4,8.3,4,5090|5915|29072|55636,PBX3|RARB|SETD2|CHD7,0
MyList,GO Biological Processes,19,GO:0043270,positive regulation of monoatomic ion transport,19_GO:0051179 localization,-2.2,8.2,4.4,30182,231,48,3,6.2,3.5,117|2257|6331,ADCYAP1R1|FGF12|SCN5A,0
MyList,GO Biological Processes,19,GO:0072657,protein localization to membrane,19_GO:0051179 localization,-2.2,5.5,3.9,30182,457,48,4,8.3,4,22930|30818|57554|80333,RAB3GAP1|KCNIP3|LRRC7|KCNIP4,0
MyList,KEGG Pathway,24,hsa04014,Ras signaling pathway,,-2.2,8,4.3,30182,236,48,3,6.2,3.5,5295|5601|9771,PIK3R1|MAPK9|RAPGEF5,0
MyList,GO Biological Processes,19,GO:0031667,response to nutrient levels,19_GO:0050896 response to stimulus,-2.2,5.4,3.8,30182,466,48,4,8.3,4,6667|9779|27072|221937,SP1|TBC1D5|VPS41|FOXK1,0
MyList,GO Biological Processes,19,GO:1990778,protein localization to cell periphery,19_GO:0051179 localization,-2.2,7.9,4.3,30182,240,48,3,6.2,3.5,30818|57554|80333,KCNIP3|LRRC7|KCNIP4,0
MyList,GO Biological Processes,19,GO:0061024,membrane organization,19_GO:0009987 cellular process,-2.2,4.2,3.5,30182,754,48,5,10,4.4,23120|26047|27072|79895|91137,ATP10B|CNTNAP2|VPS41|ATP8B4|SLC25A46,0
MyList,GO Biological Processes,19,GO:0071824,protein-DNA complex subunit organization,19_GO:0009987 cellular process,-2.1,7.6,4.2,30182,249,48,3,6.2,3.5,29072|50809|64754,SETD2|HP1BP3|SMYD3,0
MyList,GO Biological Processes,19,GO:0003013,circulatory system process,19_GO:0032501 multicellular organismal process,-2.1,5.1,3.7,30182,495,48,4,8.3,4,2257|6331|23428|55636,FGF12|SCN5A|SLC7A8|CHD7,0
MyList,GO Biological Processes,19,GO:0009991,response to extracellular stimulus,19_GO:0050896 response to stimulus,-2.1,5.1,3.6,30182,496,48,4,8.3,4,6667|9779|27072|221937,SP1|TBC1D5|VPS41|FOXK1,0
MyList,WikiPathways,27,WP5124,Alzheimer's disease,,-2.1,7.2,4,30182,263,48,3,6.2,3.5,5295|5601|10888,PIK3R1|MAPK9|GPR83,0
MyList,GO Biological Processes,19,GO:0021700,developmental maturation,19_GO:0032502 developmental process,-2.1,7.1,4,30182,267,48,3,6.2,3.5,4774|26047|26468,NFIA|CNTNAP2|LHX6,0
MyList,GO Biological Processes,19,GO:0043547,positive regulation of GTPase activity,19_GO:0065007 biological regulation,-2,6.9,3.9,30182,272,48,3,6.2,3.5,9771|9779|22930,RAPGEF5|TBC1D5|RAB3GAP1,0
MyList,WikiPathways,27,WP4754,IL-18 signaling pathway,,-2,6.9,3.9,30182,273,48,3,6.2,3.5,5295|5601|6667,PIK3R1|MAPK9|SP1,0
MyList,Reactome Gene Sets,6,R-HSA-9006934,Signaling by Receptor Tyrosine Kinases,,-2,4.8,3.5,30182,524,48,4,8.3,4,117|3084|5295|5978,ADCYAP1R1|NRG1|PIK3R1|REST,0
MyList,GO Biological Processes,19,GO:0048511,rhythmic process,19_GO:0048511 rhythmic process,-2,6.9,3.9,30182,275,48,3,6.2,3.5,4800|5601|6667,NFYA|MAPK9|SP1,0
MyList,GO Biological Processes,19,GO:0060627,regulation of vesicle-mediated transport,19_GO:0051179 localization,-2,4.7,3.5,30182,530,48,4,8.3,4,5978|9779|22930|55697,REST|TBC1D5|RAB3GAP1|VAC14,0
MyList_MCODE_ALL,KEGG Pathway,24,hsa01522,Endocrine resistance,,-7.5,3.1e+02,30,30182,98,3,3,1e+02,27,5295|5601|6667,PIK3R1|MAPK9|SP1,-3.7
MyList_MCODE_ALL,KEGG Pathway,24,hsa05231,Choline metabolism in cancer,,-7.5,3.1e+02,30,30182,98,3,3,1e+02,27,5295|5601|6667,PIK3R1|MAPK9|SP1,-3.7
MyList_MCODE_ALL,WikiPathways,27,WP4659,Gastrin signaling pathway,,-7.3,2.6e+02,28,30182,115,3,3,1e+02,27,5295|5601|6667,PIK3R1|MAPK9|SP1,-3.7
MyList_MCODE_ALL,WikiPathways,27,WP366,TGF-beta signaling pathway,,-7.1,2.3e+02,26,30182,132,3,3,1e+02,27,5295|5601|6667,PIK3R1|MAPK9|SP1,-3.6
MyList_MCODE_ALL,KEGG Pathway,24,hsa05017,Spinocerebellar ataxia,,-7,2.1e+02,25,30182,143,3,3,1e+02,27,5295|5601|6667,PIK3R1|MAPK9|SP1,-3.6
MyList_MCODE_ALL,WikiPathways,27,WP437,EGF/EGFR signaling pathway,,-6.8,1.9e+02,24,30182,162,3,3,1e+02,27,5295|5601|6667,PIK3R1|MAPK9|SP1,-3.5
MyList_MCODE_ALL,KEGG Pathway,24,hsa05415,Diabetic cardiomyopathy,,-6.5,1.5e+02,21,30182,203,3,3,1e+02,27,5295|5601|6667,PIK3R1|MAPK9|SP1,-3.3
MyList_MCODE_ALL,WikiPathways,27,WP4754,IL-18 signaling pathway,,-6.1,1.1e+02,18,30182,273,3,3,1e+02,27,5295|5601|6667,PIK3R1|MAPK9|SP1,-3
MyList_MCODE_ALL,KEGG Pathway,24,hsa05200,Pathways in cancer,,-5.3,57,13,30182,531,3,3,1e+02,27,5295|5601|6667,PIK3R1|MAPK9|SP1,-2.3
MyList_SUB1_MCODE_1,KEGG Pathway,24,hsa01522,Endocrine resistance,,-7.5,3.1e+02,30,30182,98,3,3,1e+02,27,5295|5601|6667,PIK3R1|MAPK9|SP1,-3.7
MyList_SUB1_MCODE_1,KEGG Pathway,24,hsa05231,Choline metabolism in cancer,,-7.5,3.1e+02,30,30182,98,3,3,1e+02,27,5295|5601|6667,PIK3R1|MAPK9|SP1,-3.7
MyList_SUB1_MCODE_1,WikiPathways,27,WP4659,Gastrin signaling pathway,,-7.3,2.6e+02,28,30182,115,3,3,1e+02,27,5295|5601|6667,PIK3R1|MAPK9|SP1,-3.7
MyList_SUB1_MCODE_1,WikiPathways,27,WP366,TGF-beta signaling pathway,,-7.1,2.3e+02,26,30182,132,3,3,1e+02,27,5295|5601|6667,PIK3R1|MAPK9|SP1,-3.6
MyList_SUB1_MCODE_1,KEGG Pathway,24,hsa05017,Spinocerebellar ataxia,,-7,2.1e+02,25,30182,143,3,3,1e+02,27,5295|5601|6667,PIK3R1|MAPK9|SP1,-3.6
MyList_SUB1_MCODE_1,WikiPathways,27,WP437,EGF/EGFR signaling pathway,,-6.8,1.9e+02,24,30182,162,3,3,1e+02,27,5295|5601|6667,PIK3R1|MAPK9|SP1,-3.5
MyList_SUB1_MCODE_1,KEGG Pathway,24,hsa05415,Diabetic cardiomyopathy,,-6.5,1.5e+02,21,30182,203,3,3,1e+02,27,5295|5601|6667,PIK3R1|MAPK9|SP1,-3.3
MyList_SUB1_MCODE_1,WikiPathways,27,WP4754,IL-18 signaling pathway,,-6.1,1.1e+02,18,30182,273,3,3,1e+02,27,5295|5601|6667,PIK3R1|MAPK9|SP1,-3
MyList_SUB1_MCODE_1,KEGG Pathway,24,hsa05200,Pathways in cancer,,-5.3,57,13,30182,531,3,3,1e+02,27,5295|5601|6667,PIK3R1|MAPK9|SP1,-2.3
