_MEMBER_MyList,_LogP_MyList,GO,_PATTERN_,_RANK_,GiniIndex,Category,CategoryID,Description,PARENT_GO,LogP,Enrichment,Z-score,#TotalGeneInLibrary,#GeneInGO,#GeneInHitList,#GeneInGOAndHitList,%InGO,STDV %InGO,GeneID,Hits,Log(q-value),EvidenceCutoff
1,-7.2,M41700,M1,1,0,Cell Type Signatures,7,TRAVAGLINI LUNG OLR1 CLASSICAL MONOCYTE CELL,,-7.2,5.3,7.6,30169,726,126,16,13,3,334|467|490|960|2182|2321|2597|2920|3162|5663|5743|8301|10725|55573|79660|83937,APLP2|ATF3|ATP2B1|CD44|ACSL4|FLT1|GAPDH|CXCL2|HMOX1|PSEN1|PTGS2|PICALM|NFAT5|CDV3|PPP1R3B|RASSF4,-4.6,0
1,-6.1,M39294,M1,1,0,Cell Type Signatures,7,DURANTE ADULT OLFACTORY NEUROEPITHELIUM MAST CELLS,,-6.1,19,10,30169,75,126,6,4.8,1.9,960|2182|4129|5743|5997|6571,CD44|ACSL4|MAOB|PTGS2|RGS2|SLC18A2,-3.9,0
1,-6,M41697,M1,1,0,Cell Type Signatures,7,TRAVAGLINI LUNG EREG DENDRITIC CELL,,-6,5.4,6.9,30169,579,126,13,10,2.7,334|467|960|2597|2920|2934|3162|5328|5997|6646|6653|8301|55573,APLP2|ATF3|CD44|GAPDH|CXCL2|GSN|HMOX1|PLAU|RGS2|SOAT1|SORL1|PICALM|CDV3,-3.8,0
1,-5.6,M41689,M1,1,0,Cell Type Signatures,7,TRAVAGLINI LUNG BASOPHIL MAST 1 CELL,,-5.6,7.8,7.4,30169,276,126,9,7.1,2.3,644|960|1191|2182|4129|5743|5997|6571|10979,BLVRA|CD44|CLU|ACSL4|MAOB|PTGS2|RGS2|SLC18A2|FERMT2,-3.4,0
1,-5.5,M39203,M1,1,0,Cell Type Signatures,7,HAY BONE MARROW NEUTROPHIL,,-5.5,5.9,6.7,30169,449,126,11,8.7,2.5,334|960|2182|2597|4035|5691|5743|5997|6646|83937|126119,APLP2|CD44|ACSL4|GAPDH|LRP1|PSMB3|PTGS2|RGS2|SOAT1|RASSF4|JOSD2,-3.4,0
1,-5.3,M41698,M1,1,0,Cell Type Signatures,7,TRAVAGLINI LUNG TREM2 DENDRITIC CELL,,-5.3,5,6.3,30169,572,126,12,9.5,2.6,334|467|813|960|2934|3162|4035|4690|5691|6646|54187|83937,APLP2|ATF3|CALU|CD44|GSN|HMOX1|LRP1|NCK1|PSMB3|SOAT1|NANS|RASSF4,-3.1,0
1,-5.2,M39051,M1,1,0,Cell Type Signatures,7,MANNO MIDBRAIN NEUROTYPES HMGL,,-5.2,5,6.3,30169,577,126,12,9.5,2.6,467|960|2920|2934|3162|3635|5328|5743|6653|9619|51225|83937,ATF3|CD44|CXCL2|GSN|HMOX1|INPP5D|PLAU|PTGS2|SORL1|ABCG1|ABI3|RASSF4,-3.1,0
1,-4.8,M39228,M1,1,0,Cell Type Signatures,7,LAKE ADULT KIDNEY C9 THIN ASCENDING LIMB,,-4.8,7.1,6.5,30169,268,126,8,6.3,2.2,334|351|801|1191|2182|2597|6647|83478,APLP2|APP|CALM1|CLU|ACSL4|GAPDH|SOD1|ARHGAP24,-2.7,0
1,-4.6,M41711,M1,1,0,Cell Type Signatures,7,FAN OVARY CL9 PUTATIVE APOPTOTIC ENDOTHELIAL CELL,,-4.6,5.9,6.1,30169,365,126,9,7.1,2.3,351|857|1191|1965|2934|3162|4690|8301|54187,APP|CAV1|CLU|EIF2S1|GSN|HMOX1|NCK1|PICALM|NANS,-2.6,0
1,-4.5,M40005,M1,1,0,Cell Type Signatures,7,BUSSLINGER ESOPHAGEAL DENDRITIC CELLS,,-4.5,7.8,6.5,30169,214,126,7,5.6,2,490|2934|3635|5743|5997|6513|6571,ATP2B1|GSN|INPP5D|PTGS2|RGS2|SLC2A1|SLC18A2,-2.5,0
1,-4.3,M41690,M1,1,0,Cell Type Signatures,7,TRAVAGLINI LUNG BASOPHIL MAST 2 CELL,,-4.3,4.8,5.5,30169,502,126,10,7.9,2.4,960|1191|2182|4129|5743|5997|6571|10979|23462|27316,CD44|CLU|ACSL4|MAOB|PTGS2|RGS2|SLC18A2|FERMT2|HEY1|RBMX,-2.4,0
1,-4.1,M39238,M1,1,0,Cell Type Signatures,7,LAKE ADULT KIDNEY C19 COLLECTING DUCT INTERCALATED CELLS TYPE A MEDULLA,,-4.1,5.9,5.7,30169,326,126,8,6.3,2.2,334|351|801|1191|2597|5048|6647|7113,APLP2|APP|CALM1|CLU|GAPDH|PAFAH1B1|SOD1|TMPRSS2,-2.3,0
1,-4,M39170,M1,1,0,Cell Type Signatures,7,MURARO PANCREAS DELTA CELL,,-4,6.7,5.9,30169,250,126,7,5.6,2,3162|4133|5997|6653|51268|79068|158931,HMOX1|MAP2|RGS2|SORL1|PIPOX|FTO|TCEAL6,-2.2,0
1,-3.9,M39229,M1,1,0,Cell Type Signatures,7,LAKE ADULT KIDNEY C10 THIN ASCENDING LIMB,,-3.9,5.4,5.4,30169,353,126,8,6.3,2.2,102|334|351|801|960|2182|2597|6647,ADAM10|APLP2|APP|CALM1|CD44|ACSL4|GAPDH|SOD1,-2.1,0
1,-3.8,M39227,M1,1,0,Cell Type Signatures,7,LAKE ADULT KIDNEY C8 DECENDING THIN LIMB,,-3.8,6,5.5,30169,278,126,7,5.6,2,102|334|801|1191|2182|2597|6647,ADAM10|APLP2|CALM1|CLU|ACSL4|GAPDH|SOD1,-2,0
1,-3.7,M39231,M1,1,0,Cell Type Signatures,7,LAKE ADULT KIDNEY C12 THICK ASCENDING LIMB,,-3.7,5,5.1,30169,381,126,8,6.3,2.2,334|351|2597|5328|6647|6653|10891|83478,APLP2|APP|GAPDH|PLAU|SOD1|SORL1|PPARGC1A|ARHGAP24,-1.9,0
1,-3.6,M41708,M1,1,0,Cell Type Signatures,7,FAN OVARY CL6 PUTATIVE EARLY ATRETIC FOLLICLE THECAL CELL 2,,-3.6,5.6,5.2,30169,300,126,7,5.6,2,351|467|813|2934|3611|4129|5997,APP|ATF3|CALU|GSN|ILK|MAOB|RGS2,-1.8,0
1,-3.5,M41716,M1,1,0,Cell Type Signatures,7,FAN OVARY CL14 MATURE SMOOTH MUSCLE CELL,,-3.5,5.5,5.1,30169,306,126,7,5.6,2,334|467|801|857|960|2934|3611,APLP2|ATF3|CALM1|CAV1|CD44|GSN|ILK,-1.8,0
1,-3.4,M41677,M1,1,0,Cell Type Signatures,7,TRAVAGLINI LUNG LIPOFIBROBLAST CELL,,-3.4,8.2,5.6,30169,146,126,5,4,1.7,2182|2627|2920|4804|5997,ACSL4|GATA6|CXCL2|NGFR|RGS2,-1.7,0
1,-3.4,M41719,M1,1,0,Cell Type Signatures,7,FAN OVARY CL17 PUTATIVE APOPTOTIC SMOOTH MUSCLE CELL,,-3.4,6.2,5.2,30169,231,126,6,4.8,1.9,467|801|857|960|1965|6647,ATF3|CALM1|CAV1|CD44|EIF2S1|SOD1,-1.7,0
1,-3.4,M39160,M1,1,0,Cell Type Signatures,7,GAO LARGE INTESTINE 24W C11 PANETH LIKE CELL,,-3.4,5.2,4.9,30169,325,126,7,5.6,2,2920|3162|3635|5328|5743|9619|51225,CXCL2|HMOX1|INPP5D|PLAU|PTGS2|ABCG1|ABI3,-1.7,0
1,-3.3,M39050,M1,1,0,Cell Type Signatures,7,MANNO MIDBRAIN NEUROTYPES HPERIC,,-3.3,3.3,4.3,30169,795,126,11,8.7,2.5,467|813|960|2920|2934|3611|4035|5743|9828|10979|83478,ATF3|CALU|CD44|CXCL2|GSN|ILK|LRP1|PTGS2|ARHGEF17|FERMT2|ARHGAP24,-1.6,0
1,-3.3,M39236,M1,1,0,Cell Type Signatures,7,LAKE ADULT KIDNEY C17 COLLECTING SYSTEM PCS STRESSED DISSOC SUBSET,,-3.3,6,5,30169,240,126,6,4.8,1.9,467|673|2182|10725|10891|90362,ATF3|BRAF|ACSL4|NFAT5|PPARGC1A|FAM110B,-1.6,0
1,-3.2,M39056,M1,1,0,Cell Type Signatures,7,MANNO MIDBRAIN NEUROTYPES HRGL3,,-3.2,3.8,4.3,30169,574,126,9,7.1,2.3,334|467|813|960|1191|4035|9628|23462|83478,APLP2|ATF3|CALU|CD44|CLU|LRP1|RGS6|HEY1|ARHGAP24,-1.5,0
1,-3.1,M39070,M1,1,0,Cell Type Signatures,7,MANNO MIDBRAIN NEUROTYPES HNBGABA,,-3.1,3.4,4.2,30169,703,126,10,7.9,2.4,490|1139|2182|4133|10891|26038|80333|266722|283554|286046,ATP2B1|CHRNA7|ACSL4|MAP2|PPARGC1A|CHD5|KCNIP4|HS6ST3|GPR137C|XKR6,-1.5,0
1,-3.1,M39234,M1,1,0,Cell Type Signatures,7,LAKE ADULT KIDNEY C15 CONNECTING TUBULE,,-3.1,7,5.1,30169,171,126,5,4,1.7,102|673|10725|10891|80333,ADAM10|BRAF|NFAT5|PPARGC1A|KCNIP4,-1.5,0
1,-3.1,M39218,M1,1,0,Cell Type Signatures,7,ZHENG CORD BLOOD C9 GRANULOCYTE MACROPHAGE PROGENITOR,,-3.1,9.6,5.6,30169,100,126,4,3.2,1.6,490|801|960|2597,ATP2B1|CALM1|CD44|GAPDH,-1.5,0
1,-3,M39022,M1,1,0,Cell Type Signatures,7,FAN EMBRYONIC CTX BIG GROUPS MICROGLIA,,-3,4.5,4.4,30169,371,126,7,5.6,2,334|2934|3162|3635|5997|6653|51225,APLP2|GSN|HMOX1|INPP5D|RGS2|SORL1|ABI3,-1.4,0
1,-3,M39225,M1,1,0,Cell Type Signatures,7,LAKE ADULT KIDNEY C6 PROXIMAL TUBULE EPITHELIAL CELLS FIBRINOGEN POS S3,,-3,6.6,4.9,30169,181,126,5,4,1.7,801|1191|6647|80333|83937,CALM1|CLU|SOD1|KCNIP4|RASSF4,-1.4,0
1,-3,M41691,M1,1,0,Cell Type Signatures,7,TRAVAGLINI LUNG PLATELET MEGAKARYOCYTE CELL,,-3,3.6,4.1,30169,604,126,9,7.1,2.3,351|801|1191|2597|2934|3611|9628|9886|57180,APP|CALM1|CLU|GAPDH|GSN|ILK|RGS6|RHOBTB1|ACTR3B,-1.4,0
1,-3,M39174,M1,1,0,Cell Type Signatures,7,MURARO PANCREAS ACINAR CELL,,-3,3.3,4,30169,731,126,10,7.9,2.4,467|960|2065|2182|2627|2920|7113|23471|23677|55573,ATF3|CD44|ERBB3|ACSL4|GATA6|CXCL2|TMPRSS2|TRAM1|SH3BP4|CDV3,-1.4,0
1,-2.9,M39266,M1,1,0,Cell Type Signatures,7,HU FETAL RETINA MICROGLIA,,-2.9,4.4,4.3,30169,382,126,7,5.6,2,467|2934|3162|3635|5997|6653|51225,ATF3|GSN|HMOX1|INPP5D|RGS2|SORL1|ABI3,-1.3,0
1,-2.9,M39017,M1,1,0,Cell Type Signatures,7,FAN EMBRYONIC CTX BIG GROUPS CAJAL RETZIUS,,-2.9,3.8,4.1,30169,499,126,8,6.3,2.2,47|334|1191|2182|5649|6647|10891|80333,ACLY|APLP2|CLU|ACSL4|RELN|SOD1|PPARGC1A|KCNIP4,-1.3,0
1,-2.9,M40019,M1,1,0,Cell Type Signatures,7,BUSSLINGER GASTRIC X CELLS,,-2.9,6.3,4.7,30169,191,126,5,4,1.7,467|801|1191|4129|4133,ATF3|CALM1|CLU|MAOB|MAP2,-1.3,0
1,-2.9,M41659,M1,1,0,Cell Type Signatures,7,TRAVAGLINI LUNG ALVEOLAR EPITHELIAL TYPE 1 CELL,,-2.9,4.3,4.2,30169,391,126,7,5.6,2,334|467|857|4133|5743|7113|10979,APLP2|ATF3|CAV1|MAP2|PTGS2|TMPRSS2|FERMT2,-1.3,0
1,-2.9,M39067,M1,1,0,Cell Type Signatures,7,MANNO MIDBRAIN NEUROTYPES HDA,,-2.9,3.8,4.1,30169,506,126,8,6.3,2.2,351|1139|2182|4133|5649|9628|26038|80333,APP|CHRNA7|ACSL4|MAP2|RELN|RGS6|CHD5|KCNIP4,-1.3,0
1,-2.9,M41750,M1,1,0,Cell Type Signatures,7,RUBENSTEIN SKELETAL MUSCLE FBN1 FAP CELLS,,-2.9,5,4.4,30169,289,126,6,4.8,1.9,490|813|1191|2934|4035|6647,ATP2B1|CALU|CLU|GSN|LRP1|SOD1,-1.3,0
1,-2.8,M39286,M1,1,0,Cell Type Signatures,7,DURANTE ADULT OLFACTORY NEUROEPITHELIUM DENDRITIC CELLS,,-2.8,8.2,5,30169,117,126,4,3.2,1.6,960|2920|5743|5997,CD44|CXCL2|PTGS2|RGS2,-1.3,0
1,-2.7,M40025,M1,1,0,Cell Type Signatures,7,BUSSLINGER DUODENAL DIFFERENTIATING STEM CELLS,,-2.7,4.7,4.2,30169,305,126,6,4.8,1.9,351|1191|2597|6647|10452|10576,APP|CLU|GAPDH|SOD1|TOMM40|CCT2,-1.2,0
1,-2.7,M39233,M1,1,0,Cell Type Signatures,7,LAKE ADULT KIDNEY C14 DISTAL CONVOLUTED TUBULE,,-2.7,5.8,4.5,30169,208,126,5,4,1.7,673|2182|10891|80333|83478,BRAF|ACSL4|PPARGC1A|KCNIP4|ARHGAP24,-1.2,0
1,-2.7,M39302,M1,1,0,Cell Type Signatures,7,CUI DEVELOPING HEART C5 VALVAR CELL,,-2.7,5.8,4.5,30169,208,126,5,4,1.7,467|1191|2065|2920|5743,ATF3|CLU|ERBB3|CXCL2|PTGS2,-1.2,0
1,-2.7,M40221,M1,1,0,Cell Type Signatures,7,DESCARTES FETAL KIDNEY MYELOID CELLS,,-2.7,5.6,4.4,30169,213,126,5,4,1.7,1234|3162|5743|5997|83937,CCR5|HMOX1|PTGS2|RGS2|RASSF4,-1.1,0
1,-2.7,M41707,M1,1,0,Cell Type Signatures,7,FAN OVARY CL5 HEALTHY SELECTABLE FOLLICLE THECAL CELL,,-2.7,4.5,4.1,30169,318,126,6,4.8,1.9,490|813|5997|10576|10979|221079,ATP2B1|CALU|RGS2|CCT2|FERMT2|ARL5B,-1.1,0
1,-2.6,M39232,M1,1,0,Cell Type Signatures,7,LAKE ADULT KIDNEY C13 THICK ASCENDING LIMB,,-2.6,7.3,4.7,30169,131,126,4,3.2,1.6,673|10891|80333|83478,BRAF|PPARGC1A|KCNIP4|ARHGAP24,-1.1,0
1,-2.6,M40316,M1,1,0,Cell Type Signatures,7,DESCARTES FETAL THYMUS VASCULAR ENDOTHELIAL CELLS,,-2.6,7.3,4.7,30169,131,126,4,3.2,1.6,857|2321|5649|9628,CAV1|FLT1|RELN|RGS6,-1.1,0
1,-2.6,M39237,M1,1,0,Cell Type Signatures,7,LAKE ADULT KIDNEY C18 COLLECTING DUCT PRINCIPAL CELLS MEDULLA,,-2.6,4.5,4,30169,322,126,6,4.8,1.9,334|801|1191|2182|2597|6647,APLP2|CALM1|CLU|ACSL4|GAPDH|SOD1,-1.1,0
1,-2.6,M39124,M1,1,0,Cell Type Signatures,7,AIZARANI LIVER C23 KUPFFER CELLS 3,,-2.6,5.4,4.3,30169,221,126,5,4,1.7,334|490|960|5743|5997,APLP2|ATP2B1|CD44|PTGS2|RGS2,-1.1,0
1,-2.6,M39077,M1,1,0,Cell Type Signatures,7,ZHONG PFC MAJOR TYPES MICROGLIA,,-2.6,3.8,3.9,30169,438,126,7,5.6,2,334|2934|3635|5997|6653|51225|83937,APLP2|GSN|INPP5D|RGS2|SORL1|ABI3|RASSF4,-1.1,0
1,-2.6,M41660,M1,1,0,Cell Type Signatures,7,TRAVAGLINI LUNG ALVEOLAR EPITHELIAL TYPE 2 CELL,,-2.6,7,4.6,30169,136,126,4,3.2,1.6,960|2182|2920|3162,CD44|ACSL4|CXCL2|HMOX1,-1.1,0
1,-2.6,M39168,M1,1,0,Cell Type Signatures,7,MURARO PANCREAS ALPHA CELL,,-2.6,3.4,3.7,30169,568,126,8,6.3,2.2,47|490|801|1191|1392|79660|90362|266722,ACLY|ATP2B1|CALM1|CLU|CRH|PPP1R3B|FAM110B|HS6ST3,-1.1,0
1,-2.5,M39322,M1,1,0,Cell Type Signatures,7,CUI DEVELOPING HEART VALVAR ENDOTHELIAL CELL,,-2.5,6.8,4.5,30169,141,126,4,3.2,1.6,467|960|2920|5743,ATF3|CD44|CXCL2|PTGS2,-1,0
1,-2.5,M41715,M1,1,0,Cell Type Signatures,7,FAN OVARY CL13 MONOCYTE MACROPHAGE,,-2.5,3.7,3.7,30169,458,126,7,5.6,2,490|960|2597|2920|3162|5691|5997,ATP2B1|CD44|GAPDH|CXCL2|HMOX1|PSMB3|RGS2,-1,0
1,-2.5,M39068,M1,1,0,Cell Type Signatures,7,MANNO MIDBRAIN NEUROTYPES HDA1,,-2.5,3.3,3.6,30169,584,126,8,6.3,2.2,351|1139|2182|4133|5649|6571|26038|80333,APP|CHRNA7|ACSL4|MAP2|RELN|SLC18A2|CHD5|KCNIP4,-0.99,0
1,-2.4,M41706,M1,1,0,Cell Type Signatures,7,FAN OVARY CL4 T LYMPHOCYTE NK CELL 1,,-2.4,4.9,3.9,30169,246,126,5,4,1.7,801|960|2597|6647|23471,CALM1|CD44|GAPDH|SOD1|TRAM1,-0.93,0
1,-2.4,M39239,M1,1,0,Cell Type Signatures,7,LAKE ADULT KIDNEY C20 COLLECTING DUCT INTERCALATED CELLS TYPE A CORTEX,,-2.4,6.3,4.2,30169,152,126,4,3.2,1.6,673|8301|10891|266722,BRAF|PICALM|PPARGC1A|HS6ST3,-0.93,0
1,-2.4,M41709,M1,1,0,Cell Type Signatures,7,FAN OVARY CL7 ANGEIOGENIC ENDOTHELIAL CELL,,-2.4,4.8,3.9,30169,251,126,5,4,1.7,351|801|857|1191|2934,APP|CALM1|CAV1|CLU|GSN,-0.91,0
1,-2.4,M40001,M1,1,0,Cell Type Signatures,7,BUSSLINGER ESOPHAGEAL QUIESCENT BASAL CELLS,,-2.4,9.3,4.7,30169,77,126,3,2.4,1.4,351|857|1191,APP|CAV1|CLU,-0.91,0
1,-2.4,M39304,M1,1,0,Cell Type Signatures,7,CUI DEVELOPING HEART C7 MAST CELL,,-2.4,6.1,4.2,30169,156,126,4,3.2,1.6,960|2182|5997|6571,CD44|ACSL4|RGS2|SLC18A2,-0.9,0
1,-2.4,M41653,M1,1,0,Cell Type Signatures,7,TRAVAGLINI LUNG DIFFERENTIATING BASAL CELL,,-2.4,6.1,4.1,30169,157,126,4,3.2,1.6,2597|2934|6653|23462,GAPDH|GSN|SORL1|HEY1,-0.89,0
1,-2.4,M39277,M1,1,0,Cell Type Signatures,7,DURANTE ADULT OLFACTORY NEUROEPITHELIUM PERICYTES,,-2.4,9.1,4.7,30169,79,126,3,2.4,1.4,857|1191|2321,CAV1|CLU|FLT1,-0.89,0
1,-2.3,M39209,M1,1,0,Cell Type Signatures,7,HAY BONE MARROW STROMAL,,-2.3,2.8,3.3,30169,765,126,9,7.1,2.3,467|857|1392|2920|2934|4804|6096|9828|10979,ATF3|CAV1|CRH|CXCL2|GSN|NGFR|RORB|ARHGEF17|FERMT2,-0.85,0
1,-2.3,M39167,M1,1,0,Cell Type Signatures,7,GAO LARGE INTESTINE ADULT CJ IMMUNE CELLS,,-2.3,3.3,3.4,30169,505,126,7,5.6,2,857|2182|2321|4035|5328|9828|10979,CAV1|ACSL4|FLT1|LRP1|PLAU|ARHGEF17|FERMT2,-0.82,0
1,-2.3,M40021,M1,1,0,Cell Type Signatures,7,BUSSLINGER GASTRIC OXYNTIC ENTEROCHROMAFFIN LIKE CELLS,,-2.3,8.5,4.5,30169,85,126,3,2.4,1.4,801|4129|6571,CALM1|MAOB|SLC18A2,-0.82,0
1,-2.3,M39230,M1,1,0,Cell Type Signatures,7,LAKE ADULT KIDNEY C11 THIN ASCENDING LIMB,,-2.3,5.7,3.9,30169,169,126,4,3.2,1.6,102|10725|80333|83478,ADAM10|NFAT5|KCNIP4|ARHGAP24,-0.81,0
1,-2.2,M39206,M1,1,0,Cell Type Signatures,7,HAY BONE MARROW PLATELET,,-2.2,4.4,3.7,30169,271,126,5,4,1.7,1191|3611|4129|9628|9886,CLU|ILK|MAOB|RGS6|RHOBTB1,-0.8,0
1,-2.2,M39069,M1,1,0,Cell Type Signatures,7,MANNO MIDBRAIN NEUROTYPES HDA2,,-2.2,3.3,3.4,30169,513,126,7,5.6,2,1139|4133|6571|9628|26038|80333|286046,CHRNA7|MAP2|SLC18A2|RGS6|CHD5|KCNIP4|XKR6,-0.79,0
1,-2.2,M39308,M1,1,0,Cell Type Signatures,7,CUI DEVELOPING HEART TRABECULAR ATRIAL CARDIOMYOCYTE,,-2.2,5.4,3.8,30169,179,126,4,3.2,1.6,334|813|5649|6513,APLP2|CALU|RELN|SLC2A1,-0.74,0
1,-2.2,M41745,M1,1,0,Cell Type Signatures,7,RUBENSTEIN SKELETAL MUSCLE FAP CELLS,,-2.2,5.4,3.8,30169,179,126,4,3.2,1.6,351|2934|4035|23471,APP|GSN|LRP1|TRAM1,-0.74,0
1,-2.1,M39175,M1,1,0,Cell Type Signatures,7,MURARO PANCREAS MESENCHYMAL STROMAL CELL,,-2.1,2.8,3.1,30169,680,126,8,6.3,2.2,813|857|2182|2597|5328|5743|9828|10979,CALU|CAV1|ACSL4|GAPDH|PLAU|PTGS2|ARHGEF17|FERMT2,-0.69,0
1,-2.1,M41651,M1,1,0,Cell Type Signatures,7,TRAVAGLINI LUNG BASAL CELL,,-2.1,5.1,3.6,30169,188,126,4,3.2,1.6,1191|2597|3276|4804,CLU|GAPDH|PRMT1|NGFR,-0.68,0
1,-2.1,M41675,M1,1,0,Cell Type Signatures,7,TRAVAGLINI LUNG ADVENTITIAL FIBROBLAST CELL,,-2.1,4,3.4,30169,296,126,5,4,1.7,960|2627|2934|4035|5328,CD44|GATA6|GSN|LRP1|PLAU,-0.68,0
1,-2.1,M39115,M1,1,0,Cell Type Signatures,7,AIZARANI LIVER C11 HEPATOCYTES 1,,-2.1,4,3.4,30169,298,126,5,4,1.7,1191|4129|6647|10891|51268,CLU|MAOB|SOD1|PPARGC1A|PIPOX,-0.67,0
1,-2.1,M39108,M1,1,0,Cell Type Signatures,7,AIZARANI LIVER C4 EPCAM POS BILE DUCT CELLS 1,,-2.1,5,3.6,30169,191,126,4,3.2,1.6,467|1191|2065|7113,ATF3|CLU|ERBB3|TMPRSS2,-0.66,0
1,-2,M39122,M1,1,0,Cell Type Signatures,7,AIZARANI LIVER C21 STELLATE CELLS 1,,-2,4.9,3.6,30169,194,126,4,3.2,1.6,857|2934|4035|5997,CAV1|GSN|LRP1|RGS2,-0.64,0
1,-2,M39259,M1,1,0,Cell Type Signatures,7,MENON FETAL KIDNEY 9 ENDOTHELIAL CELLS,,-2,7,4,30169,102,126,3,2.4,1.4,351|801|2321,APP|CALM1|FLT1,-0.64,0
1,-2,M39113,M1,1,0,Cell Type Signatures,7,AIZARANI LIVER C9 LSECS 1,,-2,3.9,3.3,30169,304,126,5,4,1.7,351|813|2321|5649|9619,APP|CALU|FLT1|RELN|ABCG1,-0.64,0
