_MEMBER_MyList,_LogP_MyList,GO,_PATTERN_,_RANK_,GiniIndex,Category,CategoryID,Description,PARENT_GO,LogP,Enrichment,Z-score,#TotalGeneInLibrary,#GeneInGO,#GeneInHitList,#GeneInGOAndHitList,%InGO,STDV %InGO,GeneID,Hits,Log(q-value),EvidenceCutoff
1,-6.5,TRR01268,M1,1,0,TRRUST,34,Regulated by: SREBF1,,-6.5,35,13,30169,34,126,5,4,1.7,47|857|3162|4035|7069,ACLY|CAV1|HMOX1|LRP1|THRSP,-4.2,0
1,-5.5,TRR01275,M1,1,0,TRRUST,34,Regulated by: STAT1,,-5.5,15,8.9,30169,95,126,6,4.8,1.9,351|3162|5743|6597|6646|246778,APP|HMOX1|PTGS2|SMARCA4|SOAT1|IL27,-3.4,0
1,-5.2,TRR00011,M1,1,0,TRRUST,34,Regulated by: AR,,-5.2,14,8.4,30169,106,126,6,4.8,1.9,1392|2065|3162|5743|6530|7113,CRH|ERBB3|HMOX1|PTGS2|SLC6A2|TMPRSS2,-3.1,0
1,-4.2,TRR00253,M1,1,0,TRRUST,34,Regulated by: EGR1,,-4.2,12,7.2,30169,99,126,5,4,1.7,467|2321|5328|5743|6647,ATF3|FLT1|PLAU|PTGS2|SOD1,-2.3,0
1,-4.1,TRR00111,M1,1,0,TRRUST,34,Regulated by: CEBPD,,-4.1,36,10,30169,20,126,3,2.4,1.4,2597|5743|6647,GAPDH|PTGS2|SOD1,-2.2,0
1,-4.1,TRR00125,M1,1,0,TRRUST,34,Regulated by: CREB1,,-4.1,12,7,30169,104,126,5,4,1.7,2321|3162|5328|5663|5743,FLT1|HMOX1|PLAU|PSEN1|PTGS2,-2.2,0
1,-3.8,TRR01438,M1,1,0,TRRUST,34,Regulated by: TWIST2,,-3.8,28,8.8,30169,26,126,3,2.4,1.4,960|2065|3611,CD44|ERBB3|ILK,-2,0
1,-3.7,TRR01147,M1,1,0,TRRUST,34,Regulated by: RARA,,-3.7,26,8.5,30169,28,126,3,2.4,1.4,1392|4129|5328,CRH|MAOB|PLAU,-1.9,0
1,-3.6,TRR00274,M1,1,0,TRRUST,34,Regulated by: ERG,,-3.6,24,8.1,30169,30,126,3,2.4,1.4,3162|3611|7113,HMOX1|ILK|TMPRSS2,-1.8,0
1,-3.5,TRR01062,M1,1,0,TRRUST,34,Regulated by: PPARG,,-3.5,12,6.5,30169,77,126,4,3.2,1.6,857|3162|5743|6646,CAV1|HMOX1|PTGS2|SOAT1,-1.8,0
1,-3.4,TRR01256,M1,1,0,TRRUST,34,Regulated by: SP1,,-3.4,4.1,4.7,30169,523,126,9,7.1,2.3,102|351|857|960|4129|5328|5663|5743|6647,ADAM10|APP|CAV1|CD44|MAOB|PLAU|PSEN1|PTGS2|SOD1,-1.7,0
1,-3.4,TRR00025,M1,1,0,TRRUST,34,Regulated by: ATF4,,-3.4,21,7.5,30169,35,126,3,2.4,1.4,467|5328|5743,ATF3|PLAU|PTGS2,-1.7,0
1,-3.3,TRR00023,M1,1,0,TRRUST,34,Regulated by: ATF2,,-3.3,20,7.4,30169,36,126,3,2.4,1.4,467|5328|5743,ATF3|PLAU|PTGS2,-1.6,0
1,-3.3,TRR01437,M1,1,0,TRRUST,34,Regulated by: TWIST1,,-3.3,19,7.3,30169,37,126,3,2.4,1.4,960|2065|3611,CD44|ERBB3|ILK,-1.6,0
1,-3.1,TRR00645,M1,1,0,TRRUST,34,Regulated by: JUN,,-3.1,7,5.1,30169,171,126,5,4,1.7,351|467|5328|5743|23462,APP|ATF3|PLAU|PTGS2|HEY1,-1.5,0
1,-3.1,TRR01419,M1,1,0,TRRUST,34,Regulated by: TP53,,-3.1,6.8,5,30169,175,126,5,4,1.7,467|857|2321|6513|10891,ATF3|CAV1|FLT1|SLC2A1|PPARGC1A,-1.4,0
1,-3,TRR00781,M1,1,0,TRRUST,34,Regulated by: MYCN,,-3,16,6.4,30169,46,126,3,2.4,1.4,960|1191|4804,CD44|CLU|NGFR,-1.4,0
1,-2.8,TRR01513,M1,1,0,TRRUST,34,Regulated by: USF2,,-2.8,13,5.7,30169,57,126,3,2.4,1.4,3162|3482|5743,HMOX1|IGF2R|PTGS2,-1.2,0
1,-2.6,TRR00342,M1,1,0,TRRUST,34,Regulated by: FOS,,-2.6,11,5.3,30169,64,126,3,2.4,1.4,1191|5328|5743,CLU|PLAU|PTGS2,-1.1,0
1,-2.5,TRR00875,M1,1,0,TRRUST,34,Regulated by: NFKB1,,-2.5,4.2,3.9,30169,339,126,6,4.8,1.9,467|1234|2920|3162|5328|5743,ATF3|CCR5|CXCL2|HMOX1|PLAU|PTGS2,-1,0
1,-2.4,TRR01400,M1,1,0,TRRUST,34,Regulated by: TFAP2A,,-2.4,9.1,4.7,30169,79,126,3,2.4,1.4,351|3162|5743,APP|HMOX1|PTGS2,-0.89,0
1,-2.3,TRR00466,M1,1,0,TRRUST,34,Regulated by: HDAC1,,-2.3,8.9,4.6,30169,81,126,3,2.4,1.4,960|5649|5743,CD44|RELN|PTGS2,-0.86,0
1,-2.3,TRR00280,M1,1,0,TRRUST,34,Regulated by: ETS1,,-2.3,8.7,4.5,30169,83,126,3,2.4,1.4,2321|3162|5328,FLT1|HMOX1|PLAU,-0.84,0
1,-2.1,TRR00484,M1,1,0,TRRUST,34,Regulated by: HIF1A,,-2.1,7.3,4,30169,99,126,3,2.4,1.4,2597|5328|6513,GAPDH|PLAU|SLC2A1,-0.67,0
