_MEMBER_MyList,_LogP_MyList,GO,_PATTERN_,_RANK_,GiniIndex,Category,CategoryID,Description,PARENT_GO,LogP,Enrichment,Z-score,#TotalGeneInLibrary,#GeneInGO,#GeneInHitList,#GeneInGOAndHitList,%InGO,STDV %InGO,GeneID,Hits,Log(q-value),EvidenceCutoff
1,-7.8,M39224,M1,1,0,Cell Type Signatures,7,LAKE ADULT KIDNEY C5 PROXIMAL TUBULE EPITHELIAL CELLS STRESS INFLAM,,-7.8,8.7,9.1,30182,417,100,12,12,3.2,3084|7163|9175|10846|23051|23428|26047|29119|56899|91050|166336|222255,NRG1|TPD52|MAP3K13|PDE10A|ZHX3|SLC7A8|CNTNAP2|CTNNA3|ANKS1B|CCDC149|PRICKLE2|ATXN7L1,-3.3,0
1,-5.8,M39053,M1,1,0,Cell Type Signatures,7,MANNO MIDBRAIN NEUROTYPES HRGL2C,,-5.8,8.3,7.7,30182,326,100,9,9,2.9,117|1804|4774|6506|27115|29119|64754|79180|114788,ADCYAP1R1|DPP6|NFIA|SLC1A2|PDE7B|CTNNA3|SMYD3|EFHD2|CSMD3,-2.2,0
1,-5.4,M39068,M1,1,0,Cell Type Signatures,7,MANNO MIDBRAIN NEUROTYPES HDA1,,-5.4,5.7,6.6,30182,584,100,11,11,3.1,105|1804|2742|2918|5090|5295|9771|57554|80333|114788|166336,ADARB2|DPP6|GLRA2|GRM8|PBX3|PIK3R1|RAPGEF5|LRRC7|KCNIP4|CSMD3|PRICKLE2,-1.9,0
1,-4.8,M39054,M1,1,0,Cell Type Signatures,7,MANNO MIDBRAIN NEUROTYPES HRGL2B,,-4.8,6.2,6.3,30182,440,100,9,9,2.9,117|1804|4052|4774|5463|5978|6506|79180|114788,ADCYAP1R1|DPP6|LTBP1|NFIA|POU6F1|REST|SLC1A2|EFHD2|CSMD3,-1.6,0
1,-4.7,M39070,M1,1,0,Cell Type Signatures,7,MANNO MIDBRAIN NEUROTYPES HNBGABA,,-4.7,4.7,5.8,30182,703,100,11,11,3.1,1804|2742|2918|5090|6506|26047|29119|57554|80333|114788|166336,DPP6|GLRA2|GRM8|PBX3|SLC1A2|CNTNAP2|CTNNA3|LRRC7|KCNIP4|CSMD3|PRICKLE2,-1.5,0
1,-4.4,M39037,M1,1,0,Cell Type Signatures,7,FAN EMBRYONIC CTX OLIG,,-4.4,4.4,5.5,30182,754,100,11,11,3.1,2037|3895|7163|9771|23120|29119|55619|56899|56987|63027|91137,EPB41L2|KTN1|TPD52|RAPGEF5|ATP10B|CTNNA3|DOCK10|ANKS1B|BBX|SLC22A23|SLC25A46,-1.4,0
1,-4.3,M39067,M1,1,0,Cell Type Signatures,7,MANNO MIDBRAIN NEUROTYPES HDA,,-4.3,5.4,5.7,30182,506,100,9,9,2.9,105|1804|2742|2918|5090|9771|56977|57554|80333,ADARB2|DPP6|GLRA2|GRM8|PBX3|RAPGEF5|STOX2|LRRC7|KCNIP4,-1.3,0
1,-4.3,M39069,M1,1,0,Cell Type Signatures,7,MANNO MIDBRAIN NEUROTYPES HDA2,,-4.3,5.3,5.7,30182,513,100,9,9,2.9,105|1804|5090|5295|5463|8973|26047|57554|80333,ADARB2|DPP6|PBX3|PIK3R1|POU6F1|CHRNA6|CNTNAP2|LRRC7|KCNIP4,-1.3,0
1,-4.2,M39233,M1,1,0,Cell Type Signatures,7,LAKE ADULT KIDNEY C14 DISTAL CONVOLUTED TUBULE,,-4.2,8.7,6.4,30182,208,100,6,6,2.4,395|3708|9779|10846|64754|80333,ARHGAP6|ITPR1|TBC1D5|PDE10A|SMYD3|KCNIP4,-1.2,0
1,-4,M39222,M1,1,0,Cell Type Signatures,7,LAKE ADULT KIDNEY C3 PROXIMAL TUBULE EPITHELIAL CELLS S1 S2,,-4,8.2,6.2,30182,221,100,6,6,2.4,395|4774|9175|23051|56899|64754,ARHGAP6|NFIA|MAP3K13|ZHX3|ANKS1B|SMYD3,-1.1,0
1,-4,M40305,M1,1,0,Cell Type Signatures,7,DESCARTES FETAL STOMACH ENS NEURONS,,-4,16,7.6,30182,74,100,4,4,2,117|1804|26047|80333,ADCYAP1R1|DPP6|CNTNAP2|KCNIP4,-1.1,0
1,-3.9,M39065,M1,1,0,Cell Type Signatures,7,MANNO MIDBRAIN NEUROTYPES HRN,,-3.9,6.3,5.6,30182,335,100,7,7,2.6,105|2257|2742|5090|6506|9771|166336,ADARB2|FGF12|GLRA2|PBX3|SLC1A2|RAPGEF5|PRICKLE2,-1.1,0
1,-3.8,M39055,M1,1,0,Cell Type Signatures,7,MANNO MIDBRAIN NEUROTYPES HRGL2A,,-3.8,4.5,5,30182,600,100,9,9,2.9,117|1804|4052|4774|5978|6506|54437|64754|114788,ADCYAP1R1|DPP6|LTBP1|NFIA|REST|SLC1A2|SEMA5B|SMYD3|CSMD3,-1,0
1,-3.1,M40291,M1,1,0,Cell Type Signatures,7,DESCARTES FETAL SPLEEN STROMAL CELLS,,-3.1,17,6.7,30182,54,100,3,3,1.7,5915|26047|63876,RARB|CNTNAP2|PKNOX2,-0.61,0
1,-3,M39232,M1,1,0,Cell Type Signatures,7,LAKE ADULT KIDNEY C13 THICK ASCENDING LIMB,,-3,9.2,5.4,30182,131,100,4,4,2,395|23051|27115|80333,ARHGAP6|ZHX3|PDE7B|KCNIP4,-0.57,0
1,-2.9,M39235,M1,1,0,Cell Type Signatures,7,LAKE ADULT KIDNEY C16 COLLECTING SYSTEM PRINCIPAL CELLS CORTEX,,-2.9,8.6,5.2,30182,141,100,4,4,2,10846|27115|64754|80333,PDE10A|PDE7B|SMYD3|KCNIP4,-0.49,0
1,-2.9,M40312,M1,1,0,Cell Type Signatures,7,DESCARTES FETAL THYMUS THYMIC EPITHELIAL CELLS,,-2.9,6.2,4.7,30182,245,100,5,5,2.2,105|1804|23120|30818|63876,ADARB2|DPP6|ATP10B|KCNIP3|PKNOX2,-0.48,0
1,-2.9,M39052,M1,1,0,Cell Type Signatures,7,MANNO MIDBRAIN NEUROTYPES HOPC,,-2.9,4.9,4.4,30182,366,100,6,6,2.4,117|1804|6506|56899|114788|222553,ADCYAP1R1|DPP6|SLC1A2|ANKS1B|CSMD3|SLC35F1,-0.48,0
1,-2.6,M39234,M1,1,0,Cell Type Signatures,7,LAKE ADULT KIDNEY C15 CONNECTING TUBULE,,-2.6,7.1,4.6,30182,171,100,4,4,2,395|3708|64754|80333,ARHGAP6|ITPR1|SMYD3|KCNIP4,-0.37,0
1,-2.5,M39245,M1,1,0,Cell Type Signatures,7,LAKE ADULT KIDNEY C26 MESANGIAL CELLS,,-2.5,6.8,4.5,30182,177,100,4,4,2,2037|3708|9771|27115,EPB41L2|ITPR1|RAPGEF5|PDE7B,-0.35,0
1,-2.5,M39113,M1,1,0,Cell Type Signatures,7,AIZARANI LIVER C9 LSECS 1,,-2.5,5,4,30182,304,100,5,5,2.2,2037|9771|23428|55636|166336,EPB41L2|RAPGEF5|SLC7A8|CHD7|PRICKLE2,-0.29,0
1,-2.3,M39221,M1,1,0,Cell Type Signatures,7,LAKE ADULT KIDNEY C2 PODOCYTES,,-2.3,5.7,4,30182,212,100,4,4,2,1804|23428|27115|644150,DPP6|SLC7A8|PDE7B|WIPF3,-0.16,0
1,-2.3,M40249,M1,1,0,Cell Type Signatures,7,DESCARTES FETAL LUNG VISCERAL NEURONS,,-2.3,5.7,4,30182,212,100,4,4,2,117|2742|6096|57554,ADCYAP1R1|GLRA2|RORB|LRRC7,-0.16,0
1,-2.2,M40201,M1,1,0,Cell Type Signatures,7,DESCARTES FETAL HEART SATB2 LRRC7 POSITIVE CELLS,,-2.2,7.8,4.2,30182,116,100,3,3,1.7,2742|6096|114788,GLRA2|RORB|CSMD3,-0.086,0
1,-2.1,M39057,M1,1,0,Cell Type Signatures,7,MANNO MIDBRAIN NEUROTYPES HRGL1,,-2.1,4.1,3.5,30182,364,100,5,5,2.2,4052|4774|5978|64754|79180,LTBP1|NFIA|REST|SMYD3|EFHD2,-0.06,0
1,-2,M40147,M1,1,0,Cell Type Signatures,7,DESCARTES FETAL ADRENAL SCHWANN CELLS,,-2,7,3.9,30182,129,100,3,3,1.7,10888|23120|222553,GPR83|ATP10B|SLC35F1,-0.012,0
1,-2,M39170,M1,1,0,Cell Type Signatures,7,MURARO PANCREAS DELTA CELL,,-2,4.8,3.5,30182,250,100,4,4,2,2257|5090|7163|9867,FGF12|PBX3|TPD52|PJA2,0,0
