_MEMBER_MyList,_LogP_MyList,GO,_PATTERN_,_RANK_,GiniIndex,Category,CategoryID,Description,PARENT_GO,LogP,Enrichment,Z-score,#TotalGeneInLibrary,#GeneInGO,#GeneInHitList,#GeneInGOAndHitList,%InGO,STDV %InGO,GeneID,Hits,Log(q-value),EvidenceCutoff
1,-7.4,C0033975,M1,1,0,DisGeNET,35,Psychotic Disorders,,-7.4,7,8.3,30182,560,100,13,13,3.4,607|2918|3084|5915|6506|6667|8973|9771|10846|23503|26047|166336|221833,BCL9|GRM8|NRG1|RARB|SLC1A2|SP1|CHRNA6|RAPGEF5|PDE10A|ZFYVE26|CNTNAP2|PRICKLE2|SP8,-3.3,0
1,-5.8,C1535926,M1,1,0,DisGeNET,35,Neurodevelopmental Disorders,,-5.8,6.2,7,30182,534,100,11,11,3.1,117|1804|3084|3708|6096|10846|26047|29072|55636|56899|57554,ADCYAP1R1|DPP6|NRG1|ITPR1|RORB|PDE10A|CNTNAP2|SETD2|CHD7|ANKS1B|LRRC7,-2.2,0
1,-5.5,C0026650,M1,1,0,DisGeNET,35,Movement Disorders,,-5.5,7.5,7.2,30182,362,100,9,9,2.9,3084|3708|4774|5915|5978|10846|23503|26047|55636,NRG1|ITPR1|NFIA|RARB|REST|PDE10A|ZFYVE26|CNTNAP2|CHD7,-1.9,0
1,-5.1,C0231686,M1,1,0,DisGeNET,35,"Gait, Unsteady",,-5.1,13,8.1,30182,143,100,6,6,2.4,2257|6506|10846|22866|25792|55697,FGF12|SLC1A2|PDE10A|CNKSR2|CIZ1|VAC14,-1.8,0
1,-5,C0019348,M1,1,0,DisGeNET,35,Herpes Simplex Infections,,-5,5.1,6.1,30182,645,100,11,11,3.1,117|1804|3708|4774|4800|5978|6667|7403|22930|57554|80333,ADCYAP1R1|DPP6|ITPR1|NFIA|NFYA|REST|SP1|KDM6A|RAB3GAP1|LRRC7|KCNIP4,-1.7,0
1,-4.8,C0013132,M1,1,0,DisGeNET,35,Drooling,,-4.8,16,8.4,30182,95,100,5,5,2.2,10846|11154|22866|26047|55697,PDE10A|AP4S1|CNKSR2|CNTNAP2|VAC14,-1.6,0
1,-4.7,C0000772,M1,1,0,DisGeNET,35,Multiple congenital anomalies,,-4.7,8.4,6.8,30182,251,100,7,7,2.6,3708|4774|5915|6331|7403|22930|55636,ITPR1|NFIA|RARB|SCN5A|KDM6A|RAB3GAP1|CHD7,-1.5,0
1,-4.4,C0349204,M1,1,0,DisGeNET,35,Nonorganic psychosis,,-4.4,6.4,6.1,30182,376,100,8,8,2.7,2918|3084|5915|6667|8973|9771|10846|221833,GRM8|NRG1|RARB|SP1|CHRNA6|RAPGEF5|PDE10A|SP8,-1.4,0
1,-4.3,C0423110,M1,1,0,DisGeNET,35,Downward slant of palpebral fissure,,-4.3,6.2,5.9,30182,391,100,8,8,2.7,2257|6239|6506|22866|29072|29940|55636|64359,FGF12|RREB1|SLC1A2|CNKSR2|SETD2|DSE|CHD7|NXN,-1.3,0
1,-4.2,C0004936,M1,1,0,DisGeNET,35,Mental disorders,,-4.2,4.2,5.3,30182,789,100,11,11,3.1,117|607|1960|3084|5978|6506|9771|10846|26047|30818|79180,ADCYAP1R1|BCL9|EGR3|NRG1|REST|SLC1A2|RAPGEF5|PDE10A|CNTNAP2|KCNIP3|EFHD2,-1.3,0
1,-4.1,C0239676,M1,1,0,DisGeNET,35,High forehead,,-4.1,8.6,6.4,30182,211,100,6,6,2.4,2257|6506|22866|29072|55697|64359,FGF12|SLC1A2|CNKSR2|SETD2|VAC14|NXN,-1.2,0
1,-4.1,C0026961,M1,1,0,DisGeNET,35,Mydriasis,,-4.1,36,10,30182,25,100,3,3,1.7,3084|3708|5463,NRG1|ITPR1|POU6F1,-1.2,0
1,-4,C0023508,M1,1,0,DisGeNET,35,White Blood Cell Count procedure,,-4,4.4,5.2,30182,681,100,10,10,3,607|4800|6239|29072|51564|55619|55636|56987|222255|283349,BCL9|NFYA|RREB1|SETD2|HDAC7|DOCK10|CHD7|BBX|ATXN7L1|RASSF3,-1.2,0
1,-4,C0020608,M1,1,0,DisGeNET,35,Hypodontia,,-4,8.3,6.2,30182,218,100,6,6,2.4,2257|5295|6506|7403|22866|64359,FGF12|PIK3R1|SLC1A2|KDM6A|CNKSR2|NXN,-1.2,0
1,-4,C0454644,M1,1,0,DisGeNET,35,Delayed speech and language development,,-4,4.9,5.3,30182,560,100,9,9,2.9,2257|3708|5295|6096|6506|22866|29072|55697|64359,FGF12|ITPR1|PIK3R1|RORB|SLC1A2|CNKSR2|SETD2|VAC14|NXN,-1.1,0
1,-3.9,C0017168,M1,1,0,DisGeNET,35,Gastroesophageal reflux disease,,-3.9,5.4,5.4,30182,446,100,8,8,2.7,2257|2918|6239|6506|22866|26047|55636|79932,FGF12|GRM8|RREB1|SLC1A2|CNKSR2|CNTNAP2|CHD7|KIAA0319L,-1.1,0
1,-3.9,C1837461,M1,1,0,DisGeNET,35,"SCOLIOSIS, ISOLATED, SUSCEPTIBILITY TO, 3",,-3.9,4.7,5.2,30182,578,100,9,9,2.9,9779|26047|27115|29119|55636|57554|80333|114788|166336,TBC1D5|CNTNAP2|PDE7B|CTNNA3|CHD7|LRRC7|KCNIP4|CSMD3|PRICKLE2,-1.1,0
1,-3.9,C0236733,M1,1,0,DisGeNET,35,Amphetamine-Related Disorders,,-3.9,15,7.4,30182,78,100,4,4,2,3084|9771|56899|64754,NRG1|RAPGEF5|ANKS1B|SMYD3,-1.1,0
1,-3.8,C1821417,M1,1,0,DisGeNET,35,RESTING HEART RATE,,-3.8,15,7.3,30182,80,100,4,4,2,6331|23051|222553|283349,SCN5A|ZHX3|SLC35F1|RASSF3,-1,0
1,-3.8,C0010417,M1,1,0,DisGeNET,35,Cryptorchidism,,-3.8,4.2,5,30182,725,100,10,10,3,5915|6239|7403|7762|22930|26047|29072|55636|55697|64359,RARB|RREB1|KDM6A|ZNF215|RAB3GAP1|CNTNAP2|SETD2|CHD7|VAC14|NXN,-1,0
1,-3.8,C0032461,M1,1,0,DisGeNET,35,Polycythemia,,-3.8,15,7.2,30182,82,100,4,4,2,5295|5601|9771|29072,PIK3R1|MAPK9|RAPGEF5|SETD2,-1,0
1,-3.8,C0038580,M1,1,0,DisGeNET,35,Substance Dependence,,-3.8,9.7,6.3,30182,156,100,5,5,2.2,105|3084|29119|63876|114788,ADARB2|NRG1|CTNNA3|PKNOX2|CSMD3,-1,0
1,-3.7,C1510472,M1,1,0,DisGeNET,35,Drug Dependence,,-3.7,7.3,5.7,30182,248,100,6,6,2.4,105|6506|10888|29119|79180|114788,ADARB2|SLC1A2|GPR83|CTNNA3|EFHD2|CSMD3,-1,0
1,-3.7,C0271441,M1,1,0,DisGeNET,35,Chronic otitis media,,-3.7,9.3,6.1,30182,163,100,5,5,2.2,5295|6239|7403|55636|64359,PIK3R1|RREB1|KDM6A|CHD7|NXN,-0.96,0
1,-3.7,C0848558,M1,1,0,DisGeNET,35,Hypospadias,,-3.7,5.8,5.3,30182,366,100,7,7,2.6,5601|6239|7403|29072|55636|55697|139189,MAPK9|RREB1|KDM6A|SETD2|CHD7|VAC14|DGKK,-0.96,0
1,-3.6,C0027066,M1,1,0,DisGeNET,35,Myoclonus,,-3.6,6.8,5.5,30182,265,100,6,6,2.4,2257|6506|22866|25792|26047|91137,FGF12|SLC1A2|CNKSR2|CIZ1|CNTNAP2|SLC25A46,-0.91,0
1,-3.6,C1314691,M1,1,0,DisGeNET,35,Age at menarche,,-3.6,6.8,5.5,30182,267,100,6,6,2.4,105|6096|9779|22887|27115|55697,ADARB2|RORB|TBC1D5|FOXJ3|PDE7B|VAC14,-0.91,0
1,-3.5,C0266295,M1,1,0,DisGeNET,35,Congenital hypoplasia of kidney,,-3.5,13,6.5,30182,96,100,4,4,2,4774|5915|6239|55636,NFIA|RARB|RREB1|CHD7,-0.88,0
1,-3.5,C0410702,M1,1,0,DisGeNET,35,Adolescent idiopathic scoliosis,,-3.5,4.1,4.7,30182,656,100,9,9,2.9,9779|26047|27115|29119|55636|57554|80333|114788|166336,TBC1D5|CNTNAP2|PDE7B|CTNNA3|CHD7|LRRC7|KCNIP4|CSMD3|PRICKLE2,-0.85,0
1,-3.5,C4023687,M1,1,0,DisGeNET,35,EEG with multifocal slow activity,,-3.5,22,7.8,30182,41,100,3,3,1.7,2257|6506|22866,FGF12|SLC1A2|CNKSR2,-0.84,0
1,-3.4,C1861324,M1,1,0,DisGeNET,35,Short philtrum,,-3.4,8.3,5.7,30182,182,100,5,5,2.2,6239|11154|22930|55697|64359,RREB1|AP4S1|RAB3GAP1|VAC14|NXN,-0.83,0
1,-3.4,C0202230,M1,1,0,DisGeNET,35,Thyroid stimulating hormone measurement,,-3.4,22,7.7,30182,42,100,3,3,1.7,3084|4774|10846,NRG1|NFIA|PDE10A,-0.83,0
1,-3.4,C0042580,M1,1,0,DisGeNET,35,Vesico-Ureteral Reflux,,-3.4,8.1,5.6,30182,187,100,5,5,2.2,4774|5915|6239|29072|55636,NFIA|RARB|RREB1|SETD2|CHD7,-0.8,0
1,-3.4,C2936719,M1,1,0,DisGeNET,35,Mechanical Allodynia,,-3.4,5.2,4.9,30182,408,100,7,7,2.6,117|3084|5295|5601|6506|6667|29072,ADCYAP1R1|NRG1|PIK3R1|MAPK9|SLC1A2|SP1|SETD2,-0.79,0
1,-3.4,C1858085,M1,1,0,DisGeNET,35,Malar flattening,,-3.4,7.9,5.5,30182,190,100,5,5,2.2,5295|6239|22930|29072|55636,PIK3R1|RREB1|RAB3GAP1|SETD2|CHD7,-0.78,0
1,-3.3,C0016667,M1,1,0,DisGeNET,35,Fragile X Syndrome,,-3.3,7.8,5.5,30182,194,100,5,5,2.2,3084|5978|6506|55636|139189,NRG1|REST|SLC1A2|CHD7|DGKK,-0.75,0
1,-3.2,C0036857,M1,1,0,DisGeNET,35,Severe intellectual disability,,-3.2,4.9,4.7,30182,429,100,7,7,2.6,3708|11154|22866|22930|26047|55636|139189,ITPR1|AP4S1|CNKSR2|RAB3GAP1|CNTNAP2|CHD7|DGKK,-0.69,0
1,-3.2,C1849367,M1,1,0,DisGeNET,35,Nasal bridge wide,,-3.2,4.9,4.7,30182,429,100,7,7,2.6,5295|5915|6239|7403|11154|22930|64359,PIK3R1|RARB|RREB1|KDM6A|AP4S1|RAB3GAP1|NXN,-0.69,0
1,-3.2,C1857704,M1,1,0,DisGeNET,35,Abnormal myelination,,-3.2,18,7.1,30182,49,100,3,3,1.7,2257|6506|22866,FGF12|SLC1A2|CNKSR2,-0.69,0
1,-3.2,C0563625,M1,1,0,DisGeNET,35,Agnosia for Pain,,-3.2,7.4,5.3,30182,204,100,5,5,2.2,2918|5978|6506|8973|30818,GRM8|REST|SLC1A2|CHRNA6|KCNIP3,-0.68,0
1,-3.2,C3164445,M1,1,0,DisGeNET,35,Abnormality of aortic valve,,-3.2,18,7,30182,50,100,3,3,1.7,6239|6945|55636,RREB1|MLX|CHD7,-0.67,0
1,-3.2,C0206681,M1,1,0,DisGeNET,35,"Adenocarcinoma, Clear Cell",,-3.2,10,5.8,30182,117,100,4,4,2,307|5463|7403|29072,ANXA4|POU6F1|KDM6A|SETD2,-0.67,0
1,-3.2,C0441683,M1,1,0,DisGeNET,35,Hormone measurement,,-3.2,18,6.9,30182,51,100,3,3,1.7,3084|4774|10846,NRG1|NFIA|PDE10A,-0.66,0
1,-3.2,C0432072,M1,1,0,DisGeNET,35,Dysmorphic features,,-3.2,4.8,4.6,30182,439,100,7,7,2.6,4774|7403|11154|22930|25792|29072|55636,NFIA|KDM6A|AP4S1|RAB3GAP1|CIZ1|SETD2|CHD7,-0.66,0
1,-3.2,C0001973,M1,1,0,DisGeNET,35,"Alcoholic Intoxication, Chronic",,-3.2,4.2,4.5,30182,577,100,8,8,2.7,2918|5295|6506|10846|26047|56899|63876|79180,GRM8|PIK3R1|SLC1A2|PDE10A|CNTNAP2|ANKS1B|PKNOX2|EFHD2,-0.65,0
1,-3.1,C0025990,M1,1,0,DisGeNET,35,Micrognathism,,-3.1,4.1,4.4,30182,586,100,8,8,2.7,5295|5915|6239|22930|29072|55636|55697|64359,PIK3R1|RARB|RREB1|RAB3GAP1|SETD2|CHD7|VAC14|NXN,-0.62,0
1,-3.1,C0037773,M1,1,0,DisGeNET,35,"Spastic Paraplegia, Hereditary",,-3.1,9.8,5.6,30182,123,100,4,4,2,3708|6506|11154|23503,ITPR1|SLC1A2|AP4S1|ZFYVE26,-0.61,0
1,-3.1,C0020534,M1,1,0,DisGeNET,35,Orbital separation excessive,,-3.1,4.1,4.4,30182,590,100,8,8,2.7,5295|6239|11154|29072|29940|55636|55697|64359,PIK3R1|RREB1|AP4S1|SETD2|DSE|CHD7|VAC14|NXN,-0.61,0
1,-3.1,C0426429,M1,1,0,DisGeNET,35,Broad nasal tip,,-3.1,9.7,5.6,30182,125,100,4,4,2,5915|7403|22866|64359,RARB|KDM6A|CNKSR2|NXN,-0.6,0
1,-3.1,C0005745,M1,1,0,DisGeNET,35,Blepharoptosis,,-3.1,4.1,4.3,30182,595,100,8,8,2.7,2257|6239|6506|7403|22866|22930|55636|64359,FGF12|RREB1|SLC1A2|KDM6A|CNKSR2|RAB3GAP1|CHD7|NXN,-0.59,0
1,-3.1,C4025846,M1,1,0,DisGeNET,35,Abnormality of vision,,-3.1,9.5,5.5,30182,127,100,4,4,2,2257|6506|22866|55636,FGF12|SLC1A2|CNKSR2|CHD7,-0.58,0
1,-3.1,C0236969,M1,1,0,DisGeNET,35,Substance-Related Disorders,,-3.1,9.4,5.5,30182,128,100,4,4,2,105|29119|63876|114788,ADARB2|CTNNA3|PKNOX2|CSMD3,-0.57,0
1,-3,C0201899,M1,1,0,DisGeNET,35,Aspartate aminotransferase measurement,,-3,16,6.5,30182,57,100,3,3,1.7,27115|80303|80333,PDE7B|EFHD1|KCNIP4,-0.57,0
1,-3,C0311394,M1,1,0,DisGeNET,35,Difficulty walking,,-3,6.7,5,30182,224,100,5,5,2.2,2257|6506|11154|22866|25792,FGF12|SLC1A2|AP4S1|CNKSR2|CIZ1,-0.57,0
1,-3,C0009241,M1,1,0,DisGeNET,35,Cognition Disorders,,-3,4,4.3,30182,606,100,8,8,2.7,117|3084|3708|5915|5978|6506|10846|55636,ADCYAP1R1|NRG1|ITPR1|RARB|REST|SLC1A2|PDE10A|CHD7,-0.57,0
1,-3,C0019294,M1,1,0,DisGeNET,35,"Hernia, Inguinal",,-3,6.7,5,30182,225,100,5,5,2.2,4774|5295|6239|29940|64359,NFIA|PIK3R1|RREB1|DSE|NXN,-0.57,0
1,-3,C0033377,M1,1,0,DisGeNET,35,Ptosis,,-3,4,4.3,30182,607,100,8,8,2.7,2257|6239|6506|7403|22866|22930|55636|64359,FGF12|RREB1|SLC1A2|KDM6A|CNKSR2|RAB3GAP1|CHD7|NXN,-0.57,0
1,-3,C0241210,M1,1,0,DisGeNET,35,Speech Delay,,-3,16,6.4,30182,58,100,3,3,1.7,25792|26047|29072,CIZ1|CNTNAP2|SETD2,-0.57,0
1,-3,C1853242,M1,1,0,DisGeNET,35,Midface retrusion,,-3,6.6,4.9,30182,228,100,5,5,2.2,5295|22866|22930|29940|64359,PIK3R1|CNKSR2|RAB3GAP1|DSE|NXN,-0.57,0
1,-3,C0020255,M1,1,0,DisGeNET,35,Hydrocephalus,,-3,4.5,4.4,30182,473,100,7,7,2.6,117|3708|4774|6239|7403|55636|55697,ADCYAP1R1|ITPR1|NFIA|RREB1|KDM6A|CHD7|VAC14,-0.56,0
1,-3,C0423113,M1,1,0,DisGeNET,35,Telecanthus,,-3,9,5.4,30182,134,100,4,4,2,5295|6239|26047|29940,PIK3R1|RREB1|CNTNAP2|DSE,-0.55,0
1,-2.9,C0741916,M1,1,0,DisGeNET,35,Cardiac defects,,-2.9,15,6.2,30182,62,100,3,3,1.7,3084|6331|64754,NRG1|SCN5A|SMYD3,-0.52,0
1,-2.9,C4722327,M1,1,0,DisGeNET,35,"PROSTATE CANCER, HEREDITARY, 1",,-2.9,15,6.2,30182,62,100,3,3,1.7,395|63876|283349,ARHGAP6|PKNOX2|RASSF3,-0.52,0
1,-2.9,C0041696,M1,1,0,DisGeNET,35,Unipolar Depression,,-2.9,3.8,4.1,30182,641,100,8,8,2.7,117|607|2918|3084|6506|9771|23051|26047,ADCYAP1R1|BCL9|GRM8|NRG1|SLC1A2|RAPGEF5|ZHX3|CNTNAP2,-0.48,0
1,-2.9,C0424678,M1,1,0,DisGeNET,35,Lean body mass,,-2.9,8.4,5.1,30182,144,100,4,4,2,1804|4052|5295|91050,DPP6|LTBP1|PIK3R1|CCDC149,-0.48,0
1,-2.9,C1142166,M1,1,0,DisGeNET,35,Brugada Syndrome (disorder),,-2.9,14,6,30182,66,100,3,3,1.7,1960|2257|6331,EGR3|FGF12|SCN5A,-0.48,0
1,-2.8,C3496069,M1,1,0,DisGeNET,35,cocaine use,,-2.8,14,5.9,30182,67,100,3,3,1.7,6506|8973|10846,SLC1A2|CHRNA6|PDE10A,-0.47,0
1,-2.8,C0020295,M1,1,0,DisGeNET,35,Hydronephrosis,,-2.8,6,4.6,30182,253,100,5,5,2.2,4774|7403|22930|55636|64359,NFIA|KDM6A|RAB3GAP1|CHD7|NXN,-0.45,0
1,-2.8,C0004368,M1,1,0,DisGeNET,35,Autoimmune state,,-2.8,13,5.8,30182,70,100,3,3,1.7,6239|55636|79932,RREB1|CHD7|KIAA0319L,-0.45,0
1,-2.8,C0542514,M1,1,0,DisGeNET,35,Blue sclera,,-2.8,13,5.8,30182,70,100,3,3,1.7,7403|29940|64359,KDM6A|DSE|NXN,-0.45,0
1,-2.8,C1842581,M1,1,0,DisGeNET,35,Abnormal corpus callosum morphology,,-2.8,13,5.8,30182,70,100,3,3,1.7,2257|6506|22866,FGF12|SLC1A2|CNKSR2,-0.45,0
1,-2.8,C0684276,M1,1,0,DisGeNET,35,Hypsarrhythmia,,-2.8,7.9,4.9,30182,152,100,4,4,2,2257|6506|22866|26047,FGF12|SLC1A2|CNKSR2|CNTNAP2,-0.45,0
1,-2.8,C2931852,M1,1,0,DisGeNET,35,Clear-cell metastatic renal cell carcinoma,,-2.8,5.8,4.5,30182,260,100,5,5,2.2,1804|7403|23051|29072|79745,DPP6|KDM6A|ZHX3|SETD2|CLIP4,-0.43,0
1,-2.7,C0018817,M1,1,0,DisGeNET,35,Atrial Septal Defects,,-2.7,4.7,4.2,30182,384,100,6,6,2.4,6239|7403|26047|55636|55697|64359,RREB1|KDM6A|CNTNAP2|CHD7|VAC14|NXN,-0.43,0
1,-2.7,C0856975,M1,1,0,DisGeNET,35,Autistic behavior,,-2.7,5.8,4.5,30182,261,100,5,5,2.2,2257|22866|26047|29072|55636,FGF12|CNKSR2|CNTNAP2|SETD2|CHD7,-0.43,0
1,-2.7,C0344482,M1,1,0,DisGeNET,35,Hypoplasia of corpus callosum,,-2.7,4.7,4.2,30182,385,100,6,6,2.4,4774|6506|11154|22930|23503|55636,NFIA|SLC1A2|AP4S1|RAB3GAP1|ZFYVE26|CHD7,-0.43,0
1,-2.7,C1849340,M1,1,0,DisGeNET,35,Long palpebral fissure,,-2.7,12,5.6,30182,73,100,3,3,1.7,7403|22866|64359,KDM6A|CNKSR2|NXN,-0.42,0
1,-2.7,C0040822,M1,1,0,DisGeNET,35,Tremor,,-2.7,4,4,30182,528,100,7,7,2.6,2257|3708|6506|10846|22866|55636|91137,FGF12|ITPR1|SLC1A2|PDE10A|CNKSR2|CHD7|SLC25A46,-0.42,0
1,-2.7,C0007130,M1,1,0,DisGeNET,35,Mucinous Adenocarcinoma,,-2.7,7.6,4.8,30182,159,100,4,4,2,3084|4052|6506|29072,NRG1|LTBP1|SLC1A2|SETD2,-0.42,0
1,-2.7,C0236807,M1,1,0,DisGeNET,35,Amphetamine Abuse,,-2.7,12,5.5,30182,75,100,3,3,1.7,3084|9771|64754,NRG1|RAPGEF5|SMYD3,-0.42,0
1,-2.7,C0038220,M1,1,0,DisGeNET,35,Status Epilepticus,,-2.7,4,4,30182,533,100,7,7,2.6,1960|2257|4520|6506|6667|6773|22866,EGR3|FGF12|MTF1|SLC1A2|SP1|STAT2|CNKSR2,-0.42,0
1,-2.7,C1262477,M1,1,0,DisGeNET,35,Weight decreased,,-2.7,5.6,4.4,30182,271,100,5,5,2.2,1804|5295|5978|6945|7403,DPP6|PIK3R1|REST|MLX|KDM6A,-0.41,0
1,-2.7,C4551583,M1,1,0,DisGeNET,35,Cerebral cortical atrophy,,-2.7,5.6,4.4,30182,271,100,5,5,2.2,7403|11154|22930|25792|26047,KDM6A|AP4S1|RAB3GAP1|CIZ1|CNTNAP2,-0.41,0
1,-2.7,C0018816,M1,1,0,DisGeNET,35,Heart Septal Defects,,-2.7,12,5.5,30182,77,100,3,3,1.7,7403|29072|55636,KDM6A|SETD2|CHD7,-0.41,0
1,-2.7,C0221210,M1,1,0,DisGeNET,35,Congenital malrotation of intestine,,-2.7,12,5.5,30182,77,100,3,3,1.7,5915|6239|7403,RARB|RREB1|KDM6A,-0.41,0
1,-2.7,C0525041,M1,1,0,DisGeNET,35,Neurobehavioral Manifestations,,-2.7,12,5.5,30182,77,100,3,3,1.7,3084|5915|10846,NRG1|RARB|PDE10A,-0.41,0
1,-2.7,C1838391,M1,1,0,DisGeNET,35,Limb hypertonia,,-2.7,12,5.5,30182,77,100,3,3,1.7,2257|6506|22866,FGF12|SLC1A2|CNKSR2,-0.41,0
1,-2.7,C0039685,M1,1,0,DisGeNET,35,Tetralogy of Fallot,,-2.7,5.5,4.3,30182,274,100,5,5,2.2,5090|6239|55636|55697|64359,PBX3|RREB1|CHD7|VAC14|NXN,-0.41,0
1,-2.6,C0393593,M1,1,0,DisGeNET,35,Dystonia Disorders,,-2.6,7.2,4.7,30182,167,100,4,4,2,10846|25792|55697|57554,PDE10A|CIZ1|VAC14|LRRC7,-0.39,0
1,-2.6,C1840077,M1,1,0,DisGeNET,35,Anteverted nostril,,-2.6,4.4,4,30182,407,100,6,6,2.4,4774|22930|29072|55697|64359|91137,NFIA|RAB3GAP1|SETD2|VAC14|NXN|SLC25A46,-0.39,0
1,-2.6,C0236804,M1,1,0,DisGeNET,35,Amphetamine Addiction,,-2.6,11,5.3,30182,81,100,3,3,1.7,3084|9771|64754,NRG1|RAPGEF5|SMYD3,-0.38,0
1,-2.6,C1865014,M1,1,0,DisGeNET,35,Long philtrum,,-2.6,5.4,4.2,30182,282,100,5,5,2.2,6239|22866|26047|29940|64359,RREB1|CNKSR2|CNTNAP2|DSE|NXN,-0.38,0
1,-2.6,C0026034,M1,1,0,DisGeNET,35,Microstomia,,-2.6,7,4.6,30182,172,100,4,4,2,4774|6239|29940|55636,NFIA|RREB1|DSE|CHD7,-0.37,0
1,-2.6,C0003811,M1,1,0,DisGeNET,35,Cardiac Arrhythmia,,-2.6,3.8,3.8,30182,559,100,7,7,2.6,1804|3708|5601|5978|6331|29119|80333,DPP6|ITPR1|MAPK9|REST|SCN5A|CTNNA3|KCNIP4,-0.37,0
1,-2.6,C0014772,M1,1,0,DisGeNET,35,Red Blood Cell Count measurement,,-2.6,3.4,3.7,30182,717,100,8,8,2.7,3084|4774|5090|6239|6667|10846|27115|55697,NRG1|NFIA|PBX3|RREB1|SP1|PDE10A|PDE7B|VAC14,-0.37,0
1,-2.6,C0853193,M1,1,0,DisGeNET,35,Bipolar I disorder,,-2.6,11,5.2,30182,83,100,3,3,1.7,1960|3084|5915,EGR3|NRG1|RARB,-0.37,0
1,-2.5,C0029124,M1,1,0,DisGeNET,35,Optic Atrophy,,-2.5,3.7,3.8,30182,568,100,7,7,2.6,2257|6239|6506|22866|22930|55636|91137,FGF12|RREB1|SLC1A2|CNKSR2|RAB3GAP1|CHD7|SLC25A46,-0.35,0
1,-2.5,C0040517,M1,1,0,DisGeNET,35,Gilles de la Tourette syndrome,,-2.5,6.8,4.5,30182,177,100,4,4,2,1804|26047|26468|114788,DPP6|CNTNAP2|LHX6|CSMD3,-0.35,0
1,-2.5,C0750937,M1,1,0,DisGeNET,35,"Ataxia, Appendicular",,-2.5,11,5.1,30182,86,100,3,3,1.7,1960|2257|3708,EGR3|FGF12|ITPR1,-0.34,0
1,-2.5,C0018818,M1,1,0,DisGeNET,35,Ventricular Septal Defects,,-2.5,4.3,3.9,30182,426,100,6,6,2.4,6239|7403|26047|55636|55697|64359,RREB1|KDM6A|CNTNAP2|CHD7|VAC14|NXN,-0.34,0
1,-2.5,C0014553,M1,1,0,DisGeNET,35,Absence Epilepsy,,-2.5,10,5,30182,88,100,3,3,1.7,6096|6506|26047,RORB|SLC1A2|CNTNAP2,-0.32,0
1,-2.5,C0740858,M1,1,0,DisGeNET,35,Substance abuse problem,,-2.5,6.5,4.3,30182,185,100,4,4,2,105|10846|29119|114788,ADARB2|PDE10A|CTNNA3|CSMD3,-0.29,0
1,-2.5,C0264408,M1,1,0,DisGeNET,35,Childhood asthma,,-2.5,5,4,30182,303,100,5,5,2.2,117|3084|27115|29119|56899,ADCYAP1R1|NRG1|PDE7B|CTNNA3|ANKS1B,-0.29,0
1,-2.5,C0221356,M1,1,0,DisGeNET,35,Brachycephaly,,-2.5,6.5,4.3,30182,186,100,4,4,2,22930|26047|29940|55636,RAB3GAP1|CNTNAP2|DSE|CHD7,-0.29,0
1,-2.5,C3839868,M1,1,0,DisGeNET,35,Cytogenetically normal acute myeloid leukemia,,-2.5,10,4.9,30182,91,100,3,3,1.7,5090|7403|27115,PBX3|KDM6A|PDE7B,-0.29,0
1,-2.5,C2674608,M1,1,0,DisGeNET,35,Feeding difficulties in infancy,,-2.5,4.9,4,30182,305,100,5,5,2.2,6239|7403|22930|29072|55636,RREB1|KDM6A|RAB3GAP1|SETD2|CHD7,-0.29,0
1,-2.5,C0543888,M1,1,0,DisGeNET,35,Epileptic encephalopathy,,-2.5,6.5,4.3,30182,187,100,4,4,2,2257|6506|25792|26047,FGF12|SLC1A2|CIZ1|CNTNAP2,-0.29,0
1,-2.5,C0007758,M1,1,0,DisGeNET,35,Cerebellar Ataxia,,-2.5,4.1,3.8,30182,441,100,6,6,2.4,1804|3708|23503|25792|26047|91137,DPP6|ITPR1|ZFYVE26|CIZ1|CNTNAP2|SLC25A46,-0.29,0
1,-2.4,C0152421,M1,1,0,DisGeNET,35,Macrotia,,-2.4,6.4,4.3,30182,188,100,4,4,2,5295|7403|22930|29072,PIK3R1|KDM6A|RAB3GAP1|SETD2,-0.28,0
1,-2.4,C0427460,M1,1,0,DisGeNET,35,Red cell distribution width determination,,-2.4,3.6,3.6,30182,593,100,7,7,2.6,5295|9779|11154|23428|27115|50809|63027,PIK3R1|TBC1D5|AP4S1|SLC7A8|PDE7B|HP1BP3|SLC22A23,-0.28,0
1,-2.4,C1304746,M1,1,0,DisGeNET,35,RDW - Red blood cell distribution width result,,-2.4,3.6,3.6,30182,593,100,7,7,2.6,5295|9779|11154|23428|27115|50809|63027,PIK3R1|TBC1D5|AP4S1|SLC7A8|PDE7B|HP1BP3|SLC22A23,-0.28,0
1,-2.4,C0027404,M1,1,0,DisGeNET,35,Narcolepsy,,-2.4,4.9,4,30182,308,100,5,5,2.2,1804|2918|27115|57554|114788,DPP6|GRM8|PDE7B|LRRC7|CSMD3,-0.28,0
1,-2.4,C0151888,M1,1,0,DisGeNET,35,Hyporeflexia,,-2.4,4.8,3.9,30182,312,100,5,5,2.2,2257|6506|22866|26047|91137,FGF12|SLC1A2|CNKSR2|CNTNAP2|SLC25A46,-0.26,0
1,-2.4,C0233794,M1,1,0,DisGeNET,35,Memory impairment,,-2.4,3.2,3.5,30182,763,100,8,8,2.7,3084|3708|4774|5295|5978|6506|30818|50809,NRG1|ITPR1|NFIA|PIK3R1|REST|SLC1A2|KCNIP3|HP1BP3,-0.26,0
1,-2.4,C0027796,M1,1,0,DisGeNET,35,Neuralgia,,-2.4,3.1,3.5,30182,767,100,8,8,2.7,117|2918|3084|5978|6506|6667|26047|29072,ADCYAP1R1|GRM8|NRG1|REST|SLC1A2|SP1|CNTNAP2|SETD2,-0.25,0
1,-2.4,C0013421,M1,1,0,DisGeNET,35,Dystonia,,-2.4,4,3.7,30182,453,100,6,6,2.4,5915|10846|11154|25792|55697|57554,RARB|PDE10A|AP4S1|CIZ1|VAC14|LRRC7,-0.25,0
1,-2.4,C0013384,M1,1,0,DisGeNET,35,Dyskinetic syndrome,,-2.4,4.8,3.9,30182,316,100,5,5,2.2,1804|2257|6506|10846|22866,DPP6|FGF12|SLC1A2|PDE10A|CNKSR2,-0.24,0
1,-2.4,C0013170,M1,1,0,DisGeNET,35,Drug habituation,,-2.4,6.2,4.2,30182,196,100,4,4,2,105|3084|29119|114788,ADARB2|NRG1|CTNNA3|CSMD3,-0.24,0
1,-2.4,C0200638,M1,1,0,DisGeNET,35,Eosinophil count procedure,,-2.4,3.5,3.5,30182,610,100,7,7,2.6,4520|5915|7163|9779|51760|55636|222255,MTF1|RARB|TPD52|TBC1D5|SYT17|CHD7|ATXN7L1,-0.23,0
1,-2.4,C0221354,M1,1,0,DisGeNET,35,Frontal bossing,,-2.4,4.7,3.8,30182,321,100,5,5,2.2,5295|26047|29072|29940|64359,PIK3R1|CNTNAP2|SETD2|DSE|NXN,-0.23,0
1,-2.4,C1963184,M1,1,0,DisGeNET,35,"Nystagmus, CTCAE 3.0",,-2.4,3.1,3.4,30182,779,100,8,8,2.7,2257|3708|6506|7403|22866|23503|55636|91137,FGF12|ITPR1|SLC1A2|KDM6A|CNKSR2|ZFYVE26|CHD7|SLC25A46,-0.23,0
1,-2.4,C4554036,M1,1,0,DisGeNET,35,"Nystagmus, CTCAE 5.0",,-2.4,3.1,3.4,30182,779,100,8,8,2.7,2257|3708|6506|7403|22866|23503|55636|91137,FGF12|ITPR1|SLC1A2|KDM6A|CNKSR2|ZFYVE26|CHD7|SLC25A46,-0.23,0
1,-2.4,C4086152,M1,1,0,DisGeNET,35,Childhood Astrocytoma,,-2.4,3.4,3.5,30182,615,100,7,7,2.6,105|4774|5295|5915|6506|6667|29072,ADARB2|NFIA|PIK3R1|RARB|SLC1A2|SP1|SETD2,-0.23,0
1,-2.3,C0524528,M1,1,0,DisGeNET,35,Pervasive Development Disorder,,-2.3,4.6,3.8,30182,328,100,5,5,2.2,117|2918|3084|26047|166336,ADCYAP1R1|GRM8|NRG1|CNTNAP2|PRICKLE2,-0.19,0
1,-2.3,C4316903,M1,1,0,DisGeNET,35,Absence Seizures,,-2.3,5.9,4.1,30182,204,100,4,4,2,5978|6096|22866|26047,REST|RORB|CNKSR2|CNTNAP2,-0.19,0
1,-2.3,C0022116,M1,1,0,DisGeNET,35,Ischemia,,-2.3,8.8,4.6,30182,103,100,3,3,1.7,5601|6331|6667,MAPK9|SCN5A|SP1,-0.19,0
1,-2.3,C3544205,M1,1,0,DisGeNET,35,Ovarian clear cell carcinoma,,-2.3,8.8,4.6,30182,103,100,3,3,1.7,307|6667|29072,ANXA4|SP1|SETD2,-0.19,0
1,-2.3,C0040420,M1,1,0,DisGeNET,35,Tonometry,,-2.3,5.9,4,30182,206,100,4,4,2,4052|5915|27115|56977,LTBP1|RARB|PDE7B|STOX2,-0.19,0
1,-2.3,C0042514,M1,1,0,DisGeNET,35,"Tachycardia, Ventricular",,-2.3,8.7,4.5,30182,104,100,3,3,1.7,2257|6331|29119,FGF12|SCN5A|CTNNA3,-0.18,0
1,-2.3,C1848207,M1,1,0,DisGeNET,35,Poor speech,,-2.3,5.8,4,30182,208,100,4,4,2,2257|11154|22866|26047,FGF12|AP4S1|CNKSR2|CNTNAP2,-0.18,0
1,-2.3,C4553743,M1,1,0,DisGeNET,35,"Spasticity, CTCAE",,-2.3,3.8,3.5,30182,477,100,6,6,2.4,2257|6506|11154|22866|22930|26047,FGF12|SLC1A2|AP4S1|CNKSR2|RAB3GAP1|CNTNAP2,-0.18,0
1,-2.3,C0270824,M1,1,0,DisGeNET,35,Visual seizure,,-2.3,5.8,4,30182,209,100,4,4,2,2918|3084|5978|26047,GRM8|NRG1|REST|CNTNAP2,-0.17,0
1,-2.3,C0026010,M1,1,0,DisGeNET,35,Microphthalmos,,-2.3,4.5,3.7,30182,337,100,5,5,2.2,395|5915|6239|22930|55636,ARHGAP6|RARB|RREB1|RAB3GAP1|CHD7,-0.17,0
1,-2.2,C0239234,M1,1,0,DisGeNET,35,Low set ears,,-2.2,3.7,3.5,30182,489,100,6,6,2.4,4774|5915|6239|55636|55697|64359,NFIA|RARB|RREB1|CHD7|VAC14|NXN,-0.14,0
1,-2.2,C0038586,M1,1,0,DisGeNET,35,Substance Use Disorders,,-2.2,5.5,3.9,30182,218,100,4,4,2,105|26047|29119|114788,ADARB2|CNTNAP2|CTNNA3|CSMD3,-0.12,0
1,-2.2,C0302142,M1,1,0,DisGeNET,35,Deformity,,-2.2,4.3,3.6,30182,350,100,5,5,2.2,3708|4774|5915|22930|55636,ITPR1|NFIA|RARB|RAB3GAP1|CHD7,-0.11,0
1,-2.2,C0240635,M1,1,0,DisGeNET,35,Byzanthine arch palate,,-2.2,3.6,3.4,30182,497,100,6,6,2.4,5295|7403|11154|22930|29072|29940,PIK3R1|KDM6A|AP4S1|RAB3GAP1|SETD2|DSE,-0.11,0
1,-2.2,C0029231,M1,1,0,DisGeNET,35,"Organic Mental Disorders, Substance-Induced",,-2.2,7.9,4.3,30182,115,100,3,3,1.7,105|29119|114788,ADARB2|CTNNA3|CSMD3,-0.09,0
1,-2.2,C4316881,M1,1,0,DisGeNET,35,Prescription Drug Abuse,,-2.2,7.9,4.3,30182,115,100,3,3,1.7,105|29119|114788,ADARB2|CTNNA3|CSMD3,-0.09,0
1,-2.2,C0025362,M1,1,0,DisGeNET,35,Mental Retardation,,-2.2,3.6,3.4,30182,505,100,6,6,2.4,1804|22866|22930|23503|26047|55636,DPP6|CNKSR2|RAB3GAP1|ZFYVE26|CNTNAP2|CHD7,-0.087,0
1,-2.2,C2931456,M1,1,0,DisGeNET,35,"Prostate cancer, familial",,-2.2,7.8,4.2,30182,116,100,3,3,1.7,395|63876|283349,ARHGAP6|PKNOX2|RASSF3,-0.086,0
1,-2.2,C0266470,M1,1,0,DisGeNET,35,Cerebellar Hypoplasia,,-2.2,5.3,3.8,30182,226,100,4,4,2,3708|22930|55636|55697,ITPR1|RAB3GAP1|CHD7|VAC14,-0.085,0
1,-2.1,C1837658,M1,1,0,DisGeNET,35,Gross motor development delay,,-2.1,7.7,4.2,30182,118,100,3,3,1.7,3708|26047|29940,ITPR1|CNTNAP2|DSE,-0.069,0
1,-2.1,C0221369,M1,1,0,DisGeNET,35,Acquired Camptodactyly,,-2.1,7.5,4.1,30182,120,100,3,3,1.7,29940|55636|64359,DSE|CHD7|NXN,-0.056,0
1,-2.1,C1854882,M1,1,0,DisGeNET,35,Absent speech,,-2.1,5.2,3.7,30182,232,100,4,4,2,2257|6506|22866|26047,FGF12|SLC1A2|CNKSR2|CNTNAP2,-0.056,0
1,-2.1,C0013222,M1,1,0,DisGeNET,35,Drug Use Disorders,,-2.1,7.5,4.1,30182,121,100,3,3,1.7,105|29119|114788,ADARB2|CTNNA3|CSMD3,-0.056,0
1,-2.1,C0034194,M1,1,0,DisGeNET,35,Pyloric Stenosis,,-2.1,7.5,4.1,30182,121,100,3,3,1.7,22866|55636|55697,CNKSR2|CHD7|VAC14,-0.056,0
1,-2.1,C1859778,M1,1,0,DisGeNET,35,Postnatal growth retardation,,-2.1,7.5,4.1,30182,121,100,3,3,1.7,7403|55636|55697,KDM6A|CHD7|VAC14,-0.056,0
1,-2.1,C0282313,M1,1,0,DisGeNET,35,"Condition, Preneoplastic",,-2.1,7.4,4.1,30182,122,100,3,3,1.7,307|5601|166336,ANXA4|MAPK9|PRICKLE2,-0.047,0
1,-2.1,C0240543,M1,1,0,DisGeNET,35,Bulbous nose,,-2.1,7.4,4.1,30182,123,100,3,3,1.7,6239|11154|91137,RREB1|AP4S1|SLC25A46,-0.041,0
1,-2.1,C0685409,M1,1,0,DisGeNET,35,Congenital Camptodactyly,,-2.1,7.4,4.1,30182,123,100,3,3,1.7,29940|55636|64359,DSE|CHD7|NXN,-0.041,0
1,-2.1,C0035304,M1,1,0,DisGeNET,35,Retinal Degeneration,,-2.1,7.2,4,30182,125,100,3,3,1.7,2257|6506|22866,FGF12|SLC1A2|CNKSR2,-0.028,0
1,-2.1,C0036337,M1,1,0,DisGeNET,35,Schizoaffective Disorder,,-2.1,7.2,4,30182,126,100,3,3,1.7,1960|3084|5915,EGR3|NRG1|RARB,-0.023,0
1,-2.1,C1691215,M1,1,0,DisGeNET,35,Penile hypospadias,,-2.1,7.1,4,30182,127,100,3,3,1.7,5601|55636|139189,MAPK9|CHD7|DGKK,-0.016,0
1,-2,C0949664,M1,1,0,DisGeNET,35,Tauopathies,,-2,4.9,3.6,30182,245,100,4,4,2,5601|6667|26047|79180,MAPK9|SP1|CNTNAP2|EFHD2,-0.012,0
1,-2,C0009363,M1,1,0,DisGeNET,35,Congenital ocular coloboma (disorder),,-2,7,3.9,30182,129,100,3,3,1.7,5915|7403|55636,RARB|KDM6A|CHD7,-0.012,0
1,-2,C0266483,M1,1,0,DisGeNET,35,Pachygyria,,-2,7,3.9,30182,129,100,3,3,1.7,22930|26047|55697,RAB3GAP1|CNTNAP2|VAC14,-0.012,0
1,-2,C0278595,M1,1,0,DisGeNET,35,Adult Fibrosarcoma,,-2,3.9,3.3,30182,387,100,5,5,2.2,4520|6667|6773|29072|64754,MTF1|SP1|STAT2|SETD2|SMYD3,-0.0022,0
1,-2,C1519383,M1,1,0,DisGeNET,35,Smoking Behaviors,,-2,4.8,3.5,30182,249,100,4,4,2,3708|4052|51760|56987,ITPR1|LTBP1|SYT17|BBX,0,0
1,-2,C0392885,M1,1,0,DisGeNET,35,High density lipoprotein measurement,,-2,3.3,3.2,30182,545,100,6,6,2.4,395|3084|4774|6667|29072|54437,ARHGAP6|NRG1|NFIA|SP1|SETD2|SEMA5B,0,0
1,-2,C0037369,M1,1,0,DisGeNET,35,Smoking,,-2,3.9,3.3,30182,391,100,5,5,2.2,3708|4052|9771|51760|56987,ITPR1|LTBP1|RAPGEF5|SYT17|BBX,0,0
1,-2,C0026351,M1,1,0,DisGeNET,35,Moderate intellectual disability,,-2,4.8,3.5,30182,251,100,4,4,2,2257|3708|22866|25792,FGF12|ITPR1|CNKSR2|CIZ1,0,0
1,-2,C0038379,M1,1,0,DisGeNET,35,Strabismus,,-2,3,3,30182,716,100,7,7,2.6,6239|7403|11154|26047|29072|55636|64359,RREB1|KDM6A|AP4S1|CNTNAP2|SETD2|CHD7|NXN,0,0
