Category,CategoryID,GO,Description,PARENT_GO,LogP,Enrichment,Z-score,#TotalGeneInLibrary,#GeneInGO,#GeneInHitList,#GeneInGOAndHitList,%InGO,STDV %InGO,GeneID,Hits,Log(q-value),GeneList
Cell Type Signatures,7,M39224,LAKE ADULT KIDNEY C5 PROXIMAL TUBULE EPITHELIAL CELLS STRESS INFLAM,,-7.8,8.7,9.1,30182,417,100,12,12,3.2,3084|7163|9175|10846|23051|23428|26047|29119|56899|91050|166336|222255,NRG1|TPD52|MAP3K13|PDE10A|ZHX3|SLC7A8|CNTNAP2|CTNNA3|ANKS1B|CCDC149|PRICKLE2|ATXN7L1,-3.3,MyList
Transcription Factor Targets,16,M4372,STAT5A 04,,-7.4,13,9.9,30182,214,100,9,9,2.9,607|2257|3708|5601|6096|29072|56899|63027|114788,BCL9|FGF12|ITPR1|MAPK9|RORB|SETD2|ANKS1B|SLC22A23|CSMD3,-3.3,MyList
DisGeNET,35,C0033975,Psychotic Disorders,,-7.4,7,8.3,30182,560,100,13,13,3.4,607|2918|3084|5915|6506|6667|8973|9771|10846|23503|26047|166336|221833,BCL9|GRM8|NRG1|RARB|SLC1A2|SP1|CHRNA6|RAPGEF5|PDE10A|ZFYVE26|CNTNAP2|PRICKLE2|SP8,-3.3,MyList
Transcription Factor Targets,16,M17712,WGTTNNNNNAAA UNKNOWN,,-6.5,6.5,7.6,30182,554,100,12,12,3.2,105|2257|2742|2918|3084|4774|5295|6239|8463|29072|29119|221833,ADARB2|FGF12|GLRA2|GRM8|NRG1|NFIA|PIK3R1|RREB1|TEAD2|SETD2|CTNNA3|SP8,-2.6,MyList
Transcription Factor Targets,16,M6052,YCATTAA UNKNOWN,,-6.4,6.4,7.5,30182,567,100,12,12,3.2,607|2918|4520|5915|6096|6239|11154|26468|80333|114788|221833|222255,BCL9|GRM8|MTF1|RARB|RORB|RREB1|AP4S1|LHX6|KCNIP4|CSMD3|SP8|ATXN7L1,-2.6,MyList
Transcription Factor Targets,16,M399,SMTTTTGT UNKNOWN,,-6,7.4,7.5,30182,407,100,10,10,3,2742|3084|3708|4052|22866|26468|54328|56899|79895|221833,GLRA2|NRG1|ITPR1|LTBP1|CNKSR2|LHX6|GPR173|ANKS1B|ATP8B4|SP8,-2.2,MyList
Cell Type Signatures,7,M39053,MANNO MIDBRAIN NEUROTYPES HRGL2C,,-5.8,8.3,7.7,30182,326,100,9,9,2.9,117|1804|4774|6506|27115|29119|64754|79180|114788,ADCYAP1R1|DPP6|NFIA|SLC1A2|PDE7B|CTNNA3|SMYD3|EFHD2|CSMD3,-2.2,MyList
DisGeNET,35,C1535926,Neurodevelopmental Disorders,,-5.8,6.2,7,30182,534,100,11,11,3.1,117|1804|3084|3708|6096|10846|26047|29072|55636|56899|57554,ADCYAP1R1|DPP6|NRG1|ITPR1|RORB|PDE10A|CNTNAP2|SETD2|CHD7|ANKS1B|LRRC7,-2.2,MyList
DisGeNET,35,C0026650,Movement Disorders,,-5.5,7.5,7.2,30182,362,100,9,9,2.9,3084|3708|4774|5915|5978|10846|23503|26047|55636,NRG1|ITPR1|NFIA|RARB|REST|PDE10A|ZFYVE26|CNTNAP2|CHD7,-1.9,MyList
Transcription Factor Targets,16,M18169,YATGNWAAT OCT C,,-5.4,7.4,7.1,30182,367,100,9,9,2.9,2257|4774|5915|5978|26468|80333|114788|166336|222255,FGF12|NFIA|RARB|REST|LHX6|KCNIP4|CSMD3|PRICKLE2|ATXN7L1,-1.9,MyList
Cell Type Signatures,7,M39068,MANNO MIDBRAIN NEUROTYPES HDA1,,-5.4,5.7,6.6,30182,584,100,11,11,3.1,105|1804|2742|2918|5090|5295|9771|57554|80333|114788|166336,ADARB2|DPP6|GLRA2|GRM8|PBX3|PIK3R1|RAPGEF5|LRRC7|KCNIP4|CSMD3|PRICKLE2,-1.9,MyList
Transcription Factor Targets,16,M3285,CTGRYYYNATT UNKNOWN,,-5.3,20,9.6,30182,74,100,5,5,2.2,5295|6239|22866|114788|221833,PIK3R1|RREB1|CNKSR2|CSMD3|SP8,-1.9,MyList
Transcription Factor Targets,16,M2610,RREB1 01,,-5.2,10,7.6,30182,209,100,7,7,2.6,607|1960|3084|6667|8463|54328|56987,BCL9|EGR3|NRG1|SP1|TEAD2|GPR173|BBX,-1.8,MyList
Transcription Factor Targets,16,M4764,TGTTTGY HNF3 Q6,,-5.2,4.8,6.1,30182,748,100,12,12,3.2,105|3084|4052|4774|6239|26047|30818|54437|54521|56987|80333|222255,ADARB2|NRG1|LTBP1|NFIA|RREB1|CNTNAP2|KCNIP3|SEMA5B|WDR44|BBX|KCNIP4|ATXN7L1,-1.8,MyList
Transcription Factor Targets,16,M7093,GATAAGR GATA C,,-5.1,8.1,7.1,30182,299,100,8,8,2.7,3708|4774|23051|23428|26468|29072|29119|56899,ITPR1|NFIA|ZHX3|SLC7A8|LHX6|SETD2|CTNNA3|ANKS1B,-1.8,MyList
Transcription Factor Targets,16,M7213,OCT1 02,,-5.1,9.9,7.5,30182,214,100,7,7,2.6,395|4052|4774|5978|63876|80333|114788,ARHGAP6|LTBP1|NFIA|REST|PKNOX2|KCNIP4|CSMD3,-1.8,MyList
DisGeNET,35,C0231686,"Gait, Unsteady",,-5.1,13,8.1,30182,143,100,6,6,2.4,2257|6506|10846|22866|25792|55697,FGF12|SLC1A2|PDE10A|CNKSR2|CIZ1|VAC14,-1.8,MyList
DisGeNET,35,C0019348,Herpes Simplex Infections,,-5,5.1,6.1,30182,645,100,11,11,3.1,117|1804|3708|4774|4800|5978|6667|7403|22930|57554|80333,ADCYAP1R1|DPP6|ITPR1|NFIA|NFYA|REST|SP1|KDM6A|RAB3GAP1|LRRC7|KCNIP4,-1.7,MyList
Transcription Factor Targets,16,M16585,EVI1 04,,-4.8,8.8,7,30182,241,100,7,7,2.6,395|2257|2742|3084|6096|29119|114788,ARHGAP6|FGF12|GLRA2|NRG1|RORB|CTNNA3|CSMD3,-1.6,MyList
Cell Type Signatures,7,M39054,MANNO MIDBRAIN NEUROTYPES HRGL2B,,-4.8,6.2,6.3,30182,440,100,9,9,2.9,117|1804|4052|4774|5463|5978|6506|79180|114788,ADCYAP1R1|DPP6|LTBP1|NFIA|POU6F1|REST|SLC1A2|EFHD2|CSMD3,-1.6,MyList
DisGeNET,35,C0013132,Drooling,,-4.8,16,8.4,30182,95,100,5,5,2.2,10846|11154|22866|26047|55697,PDE10A|AP4S1|CNKSR2|CNTNAP2|VAC14,-1.6,MyList
Transcription Factor Targets,16,M8474,CEBPDELTA Q6,,-4.7,8.6,6.9,30182,247,100,7,7,2.6,2742|5295|5601|5915|7403|26047|26468,GLRA2|PIK3R1|MAPK9|RARB|KDM6A|CNTNAP2|LHX6,-1.5,MyList
DisGeNET,35,C0000772,Multiple congenital anomalies,,-4.7,8.4,6.8,30182,251,100,7,7,2.6,3708|4774|5915|6331|7403|22930|55636,ITPR1|NFIA|RARB|SCN5A|KDM6A|RAB3GAP1|CHD7,-1.5,MyList
Cell Type Signatures,7,M39070,MANNO MIDBRAIN NEUROTYPES HNBGABA,,-4.7,4.7,5.8,30182,703,100,11,11,3.1,1804|2742|2918|5090|6506|26047|29119|57554|80333|114788|166336,DPP6|GLRA2|GRM8|PBX3|SLC1A2|CNTNAP2|CTNNA3|LRRC7|KCNIP4|CSMD3|PRICKLE2,-1.5,MyList
Transcription Factor Targets,16,M16079,P53 DECAMER Q2,,-4.6,8.2,6.7,30182,258,100,7,7,2.6,3084|4052|5915|9175|11154|25792|80303,NRG1|LTBP1|RARB|MAP3K13|AP4S1|CIZ1|EFHD1,-1.5,MyList
Transcription Factor Targets,16,M946,GGATTA PITX2 Q2,,-4.5,5.1,5.8,30182,594,100,10,10,3,3708|3895|4052|5601|5915|25792|29119|114788|166336|221833,ITPR1|KTN1|LTBP1|MAPK9|RARB|CIZ1|CTNNA3|CSMD3|PRICKLE2|SP8,-1.4,MyList
Transcription Factor Targets,16,M14960,POU3F2 02,,-4.5,8,6.6,30182,265,100,7,7,2.6,4520|5090|5295|5915|6239|26468|56987,MTF1|PBX3|PIK3R1|RARB|RREB1|LHX6|BBX,-1.4,MyList
Transcription Factor Targets,16,M13052,GATA6 01,,-4.5,7.9,6.5,30182,268,100,7,7,2.6,3708|6096|7403|26468|29072|29119|56899,ITPR1|RORB|KDM6A|LHX6|SETD2|CTNNA3|ANKS1B,-1.4,MyList
Transcription Factor Targets,16,M8413,EN1 01,,-4.5,14,7.7,30182,111,100,5,5,2.2,395|3084|5915|7403|9771,ARHGAP6|NRG1|RARB|KDM6A|RAPGEF5,-1.4,MyList
DisGeNET,35,C0349204,Nonorganic psychosis,,-4.4,6.4,6.1,30182,376,100,8,8,2.7,2918|3084|5915|6667|8973|9771|10846|221833,GRM8|NRG1|RARB|SP1|CHRNA6|RAPGEF5|PDE10A|SP8,-1.4,MyList
Transcription Factor Targets,16,M16291,YNGTTNNNATT UNKNOWN,,-4.4,6.4,6.1,30182,376,100,8,8,2.7,105|607|3708|5295|6096|7403|26047|26468,ADARB2|BCL9|ITPR1|PIK3R1|RORB|KDM6A|CNTNAP2|LHX6,-1.4,MyList
Cell Type Signatures,7,M39037,FAN EMBRYONIC CTX OLIG,,-4.4,4.4,5.5,30182,754,100,11,11,3.1,2037|3895|7163|9771|23120|29119|55619|56899|56987|63027|91137,EPB41L2|KTN1|TPD52|RAPGEF5|ATP10B|CTNNA3|DOCK10|ANKS1B|BBX|SLC22A23|SLC25A46,-1.4,MyList
Transcription Factor Targets,16,M829,YTAATTAA LHX3 01,,-4.4,9.4,6.8,30182,192,100,6,6,2.4,4800|6096|6239|54437|221833|222255,NFYA|RORB|RREB1|SEMA5B|SP8|ATXN7L1,-1.4,MyList
Cell Type Signatures,7,M39067,MANNO MIDBRAIN NEUROTYPES HDA,,-4.3,5.4,5.7,30182,506,100,9,9,2.9,105|1804|2742|2918|5090|9771|56977|57554|80333,ADARB2|DPP6|GLRA2|GRM8|PBX3|RAPGEF5|STOX2|LRRC7|KCNIP4,-1.3,MyList
DisGeNET,35,C0423110,Downward slant of palpebral fissure,,-4.3,6.2,5.9,30182,391,100,8,8,2.7,2257|6239|6506|22866|29072|29940|55636|64359,FGF12|RREB1|SLC1A2|CNKSR2|SETD2|DSE|CHD7|NXN,-1.3,MyList
Cell Type Signatures,7,M39069,MANNO MIDBRAIN NEUROTYPES HDA2,,-4.3,5.3,5.7,30182,513,100,9,9,2.9,105|1804|5090|5295|5463|8973|26047|57554|80333,ADARB2|DPP6|PBX3|PIK3R1|POU6F1|CHRNA6|CNTNAP2|LRRC7|KCNIP4,-1.3,MyList
DisGeNET,35,C0004936,Mental disorders,,-4.2,4.2,5.3,30182,789,100,11,11,3.1,117|607|1960|3084|5978|6506|9771|10846|26047|30818|79180,ADCYAP1R1|BCL9|EGR3|NRG1|REST|SLC1A2|RAPGEF5|PDE10A|CNTNAP2|KCNIP3|EFHD2,-1.3,MyList
Cell Type Signatures,7,M39233,LAKE ADULT KIDNEY C14 DISTAL CONVOLUTED TUBULE,,-4.2,8.7,6.4,30182,208,100,6,6,2.4,395|3708|9779|10846|64754|80333,ARHGAP6|ITPR1|TBC1D5|PDE10A|SMYD3|KCNIP4,-1.2,MyList
DisGeNET,35,C0239676,High forehead,,-4.1,8.6,6.4,30182,211,100,6,6,2.4,2257|6506|22866|29072|55697|64359,FGF12|SLC1A2|CNKSR2|SETD2|VAC14|NXN,-1.2,MyList
DisGeNET,35,C0026961,Mydriasis,,-4.1,36,10,30182,25,100,3,3,1.7,3084|3708|5463,NRG1|ITPR1|POU6F1,-1.2,MyList
Transcription Factor Targets,16,M1643,FOX Q2,,-4.1,8.5,6.3,30182,213,100,6,6,2.4,3084|4774|6239|114788|166336|222255,NRG1|NFIA|RREB1|CSMD3|PRICKLE2|ATXN7L1,-1.2,MyList
DisGeNET,35,C0023508,White Blood Cell Count procedure,,-4,4.4,5.2,30182,681,100,10,10,3,607|4800|6239|29072|51564|55619|55636|56987|222255|283349,BCL9|NFYA|RREB1|SETD2|HDAC7|DOCK10|CHD7|BBX|ATXN7L1|RASSF3,-1.2,MyList
DisGeNET,35,C0020608,Hypodontia,,-4,8.3,6.2,30182,218,100,6,6,2.4,2257|5295|6506|7403|22866|64359,FGF12|PIK3R1|SLC1A2|KDM6A|CNKSR2|NXN,-1.2,MyList
Cell Type Signatures,7,M39222,LAKE ADULT KIDNEY C3 PROXIMAL TUBULE EPITHELIAL CELLS S1 S2,,-4,8.2,6.2,30182,221,100,6,6,2.4,395|4774|9175|23051|56899|64754,ARHGAP6|NFIA|MAP3K13|ZHX3|ANKS1B|SMYD3,-1.1,MyList
DisGeNET,35,C0454644,Delayed speech and language development,,-4,4.9,5.3,30182,560,100,9,9,2.9,2257|3708|5295|6096|6506|22866|29072|55697|64359,FGF12|ITPR1|PIK3R1|RORB|SLC1A2|CNKSR2|SETD2|VAC14|NXN,-1.1,MyList
Cell Type Signatures,7,M40305,DESCARTES FETAL STOMACH ENS NEURONS,,-4,16,7.6,30182,74,100,4,4,2,117|1804|26047|80333,ADCYAP1R1|DPP6|CNTNAP2|KCNIP4,-1.1,MyList
Transcription Factor Targets,16,M8376,MEIS1BHOXA9 01,,-3.9,10,6.6,30182,144,100,5,5,2.2,2918|5295|7403|56899|114788,GRM8|PIK3R1|KDM6A|ANKS1B|CSMD3,-1.1,MyList
DisGeNET,35,C0017168,Gastroesophageal reflux disease,,-3.9,5.4,5.4,30182,446,100,8,8,2.7,2257|2918|6239|6506|22866|26047|55636|79932,FGF12|GRM8|RREB1|SLC1A2|CNKSR2|CNTNAP2|CHD7|KIAA0319L,-1.1,MyList
Cell Type Signatures,7,M39065,MANNO MIDBRAIN NEUROTYPES HRN,,-3.9,6.3,5.6,30182,335,100,7,7,2.6,105|2257|2742|5090|6506|9771|166336,ADARB2|FGF12|GLRA2|PBX3|SLC1A2|RAPGEF5|PRICKLE2,-1.1,MyList
DisGeNET,35,C1837461,"SCOLIOSIS, ISOLATED, SUSCEPTIBILITY TO, 3",,-3.9,4.7,5.2,30182,578,100,9,9,2.9,9779|26047|27115|29119|55636|57554|80333|114788|166336,TBC1D5|CNTNAP2|PDE7B|CTNNA3|CHD7|LRRC7|KCNIP4|CSMD3|PRICKLE2,-1.1,MyList
DisGeNET,35,C0236733,Amphetamine-Related Disorders,,-3.9,15,7.4,30182,78,100,4,4,2,3084|9771|56899|64754,NRG1|RAPGEF5|ANKS1B|SMYD3,-1.1,MyList
DisGeNET,35,C1821417,RESTING HEART RATE,,-3.8,15,7.3,30182,80,100,4,4,2,6331|23051|222553|283349,SCN5A|ZHX3|SLC35F1|RASSF3,-1,MyList
Transcription Factor Targets,16,M8172,HNF6 Q6,,-3.8,7.6,5.9,30182,239,100,6,6,2.4,3084|5295|5915|114788|166336|221833,NRG1|PIK3R1|RARB|CSMD3|PRICKLE2|SP8,-1,MyList
DisGeNET,35,C0010417,Cryptorchidism,,-3.8,4.2,5,30182,725,100,10,10,3,5915|6239|7403|7762|22930|26047|29072|55636|55697|64359,RARB|RREB1|KDM6A|ZNF215|RAB3GAP1|CNTNAP2|SETD2|CHD7|VAC14|NXN,-1,MyList
Transcription Factor Targets,16,M18732,AP2ALPHA 01,,-3.8,7.5,5.8,30182,243,100,6,6,2.4,6331|6945|8463|22866|26468|114788,SCN5A|MLX|TEAD2|CNKSR2|LHX6|CSMD3,-1,MyList
DisGeNET,35,C0032461,Polycythemia,,-3.8,15,7.2,30182,82,100,4,4,2,5295|5601|9771|29072,PIK3R1|MAPK9|RAPGEF5|SETD2,-1,MyList
Transcription Factor Targets,16,M4580,TITF1 Q3,,-3.8,7.4,5.8,30182,244,100,6,6,2.4,3708|4520|5090|6667|26468|114788,ITPR1|MTF1|PBX3|SP1|LHX6|CSMD3,-1,MyList
Transcription Factor Targets,16,M15429,HNF1 01,,-3.8,7.4,5.8,30182,246,100,6,6,2.4,607|2742|5915|6096|6239|56899,BCL9|GLRA2|RARB|RORB|RREB1|ANKS1B,-1,MyList
Cell Type Signatures,7,M39055,MANNO MIDBRAIN NEUROTYPES HRGL2A,,-3.8,4.5,5,30182,600,100,9,9,2.9,117|1804|4052|4774|5978|6506|54437|64754|114788,ADCYAP1R1|DPP6|LTBP1|NFIA|REST|SLC1A2|SEMA5B|SMYD3|CSMD3,-1,MyList
DisGeNET,35,C0038580,Substance Dependence,,-3.8,9.7,6.3,30182,156,100,5,5,2.2,105|3084|29119|63876|114788,ADARB2|NRG1|CTNNA3|PKNOX2|CSMD3,-1,MyList
DisGeNET,35,C1510472,Drug Dependence,,-3.7,7.3,5.7,30182,248,100,6,6,2.4,105|6506|10888|29119|79180|114788,ADARB2|SLC1A2|GPR83|CTNNA3|EFHD2|CSMD3,-1,MyList
Transcription Factor Targets,16,M18894,TCANNTGAY SREBP1 01,,-3.7,5,5.1,30182,479,100,8,8,2.7,2742|5915|6096|23503|25792|27072|29072|55697,GLRA2|RARB|RORB|ZFYVE26|CIZ1|VPS41|SETD2|VAC14,-0.98,MyList
DisGeNET,35,C0271441,Chronic otitis media,,-3.7,9.3,6.1,30182,163,100,5,5,2.2,5295|6239|7403|55636|64359,PIK3R1|RREB1|KDM6A|CHD7|NXN,-0.96,MyList
Transcription Factor Targets,16,M14862,P300 01,,-3.7,7.1,5.6,30182,256,100,6,6,2.4,1960|2257|23503|26468|56899|114788,EGR3|FGF12|ZFYVE26|LHX6|ANKS1B|CSMD3,-0.96,MyList
Transcription Factor Targets,16,M4896,CEBPA 01,,-3.7,7.1,5.6,30182,256,100,6,6,2.4,5915|7403|26468|56899|64359|221833,RARB|KDM6A|LHX6|ANKS1B|NXN|SP8,-0.96,MyList
Transcription Factor Targets,16,M10206,RRAGTTGT UNKNOWN,,-3.7,7,5.6,30182,257,100,6,6,2.4,5295|7403|26047|56987|114788|166336,PIK3R1|KDM6A|CNTNAP2|BBX|CSMD3|PRICKLE2,-0.96,MyList
DisGeNET,35,C0848558,Hypospadias,,-3.7,5.8,5.3,30182,366,100,7,7,2.6,5601|6239|7403|29072|55636|55697|139189,MAPK9|RREB1|KDM6A|SETD2|CHD7|VAC14|DGKK,-0.96,MyList
Transcription Factor Targets,16,M3741,CEBPGAMMA Q6,,-3.6,7,5.6,30182,259,100,6,6,2.4,105|6096|8973|26468|56899|221833,ADARB2|RORB|CHRNA6|LHX6|ANKS1B|SP8,-0.96,MyList
Transcription Factor Targets,16,M30316,ZNF410 TARGET GENES,,-3.6,4.4,4.9,30182,623,100,9,9,2.9,395|6331|7403|9175|23503|27072|55697|56987|221833,ARHGAP6|SCN5A|KDM6A|MAP3K13|ZFYVE26|VPS41|VAC14|BBX|SP8,-0.96,MyList
DisGeNET,35,C0027066,Myoclonus,,-3.6,6.8,5.5,30182,265,100,6,6,2.4,2257|6506|22866|25792|26047|91137,FGF12|SLC1A2|CNKSR2|CIZ1|CNTNAP2|SLC25A46,-0.91,MyList
DisGeNET,35,C1314691,Age at menarche,,-3.6,6.8,5.5,30182,267,100,6,6,2.4,105|6096|9779|22887|27115|55697,ADARB2|RORB|TBC1D5|FOXJ3|PDE7B|VAC14,-0.91,MyList
Transcription Factor Targets,16,M14944,LEF1 Q6,,-3.6,6.8,5.5,30182,267,100,6,6,2.4,4800|7403|22866|23428|29072|221833,NFYA|KDM6A|CNKSR2|SLC7A8|SETD2|SP8,-0.91,MyList
Transcription Factor Targets,16,M10112,RNGTGGGC UNKNOWN,,-3.6,3.8,4.7,30182,784,100,10,10,3,607|1960|2257|3084|10846|22887|30818|54521|114788|222255,BCL9|EGR3|FGF12|NRG1|PDE10A|FOXJ3|KCNIP3|WDR44|CSMD3|ATXN7L1,-0.9,MyList
Transcription Factor Targets,16,M4238,OCT C,,-3.5,6.7,5.4,30182,270,100,6,6,2.4,2257|4774|6506|26468|29940|166336,FGF12|NFIA|SLC1A2|LHX6|DSE|PRICKLE2,-0.89,MyList
DisGeNET,35,C0266295,Congenital hypoplasia of kidney,,-3.5,13,6.5,30182,96,100,4,4,2,4774|5915|6239|55636,NFIA|RARB|RREB1|CHD7,-0.88,MyList
Transcription Factor Targets,16,M9638,OCT1 Q5 01,,-3.5,6.6,5.4,30182,275,100,6,6,2.4,2257|4774|5915|7163|26468|166336,FGF12|NFIA|RARB|TPD52|LHX6|PRICKLE2,-0.86,MyList
DisGeNET,35,C0410702,Adolescent idiopathic scoliosis,,-3.5,4.1,4.7,30182,656,100,9,9,2.9,9779|26047|27115|29119|55636|57554|80333|114788|166336,TBC1D5|CNTNAP2|PDE7B|CTNNA3|CHD7|LRRC7|KCNIP4|CSMD3|PRICKLE2,-0.85,MyList
Transcription Factor Targets,16,M4815,WTTGKCTG UNKNOWN,,-3.5,4.7,4.8,30182,519,100,8,8,2.7,4052|5295|8463|10846|54437|56899|64359|221833,LTBP1|PIK3R1|TEAD2|PDE10A|SEMA5B|ANKS1B|NXN|SP8,-0.85,MyList
DisGeNET,35,C4023687,EEG with multifocal slow activity,,-3.5,22,7.8,30182,41,100,3,3,1.7,2257|6506|22866,FGF12|SLC1A2|CNKSR2,-0.84,MyList
DisGeNET,35,C1861324,Short philtrum,,-3.4,8.3,5.7,30182,182,100,5,5,2.2,6239|11154|22930|55697|64359,RREB1|AP4S1|RAB3GAP1|VAC14|NXN,-0.83,MyList
Transcription Factor Targets,16,M5959,IK1 01,,-3.4,6.4,5.3,30182,282,100,6,6,2.4,3708|4052|5915|10846|26468|222255,ITPR1|LTBP1|RARB|PDE10A|LHX6|ATXN7L1,-0.83,MyList
DisGeNET,35,C0202230,Thyroid stimulating hormone measurement,,-3.4,22,7.7,30182,42,100,3,3,1.7,3084|4774|10846,NRG1|NFIA|PDE10A,-0.83,MyList
Transcription Factor Targets,16,M2958,GATA1 05,,-3.4,6.4,5.2,30182,284,100,6,6,2.4,5915|6096|6239|26468|29072|29119,RARB|RORB|RREB1|LHX6|SETD2|CTNNA3,-0.83,MyList
DisGeNET,35,C0042580,Vesico-Ureteral Reflux,,-3.4,8.1,5.6,30182,187,100,5,5,2.2,4774|5915|6239|29072|55636,NFIA|RARB|RREB1|SETD2|CHD7,-0.8,MyList
Transcription Factor Targets,16,M13849,TGACATY UNKNOWN,,-3.4,4,4.6,30182,676,100,9,9,2.9,105|2257|4052|5295|5915|6096|56899|114788|286499,ADARB2|FGF12|LTBP1|PIK3R1|RARB|RORB|ANKS1B|CSMD3|FAM133A,-0.79,MyList
DisGeNET,35,C2936719,Mechanical Allodynia,,-3.4,5.2,4.9,30182,408,100,7,7,2.6,117|3084|5295|5601|6506|6667|29072,ADCYAP1R1|NRG1|PIK3R1|MAPK9|SLC1A2|SP1|SETD2,-0.79,MyList
DisGeNET,35,C1858085,Malar flattening,,-3.4,7.9,5.5,30182,190,100,5,5,2.2,5295|6239|22930|29072|55636,PIK3R1|RREB1|RAB3GAP1|SETD2|CHD7,-0.78,MyList
Transcription Factor Targets,16,M17512,HNF3 Q6,,-3.3,7.9,5.5,30182,192,100,5,5,2.2,3084|4774|6239|9175|222255,NRG1|NFIA|RREB1|MAP3K13|ATXN7L1,-0.77,MyList
DisGeNET,35,C0016667,Fragile X Syndrome,,-3.3,7.8,5.5,30182,194,100,5,5,2.2,3084|5978|6506|55636|139189,NRG1|REST|SLC1A2|CHD7|DGKK,-0.75,MyList
COVID,200,COVID061,Phosphoproteome_Bouhaddou_Vero_E6_2h_Down,,-3.3,6,5.1,30182,300,100,6,6,2.4,2037|5601|54521|56987|91137|166336,EPB41L2|MAPK9|WDR44|BBX|SLC25A46|PRICKLE2,-0.74,MyList
Transcription Factor Targets,16,M13641,HFH3 01,,-3.3,7.7,5.4,30182,196,100,5,5,2.2,4774|5978|22887|54521|222255,NFIA|REST|FOXJ3|WDR44|ATXN7L1,-0.74,MyList
DisGeNET,35,C1849367,Nasal bridge wide,,-3.2,4.9,4.7,30182,429,100,7,7,2.6,5295|5915|6239|7403|11154|22930|64359,PIK3R1|RARB|RREB1|KDM6A|AP4S1|RAB3GAP1|NXN,-0.69,MyList
DisGeNET,35,C0036857,Severe intellectual disability,,-3.2,4.9,4.7,30182,429,100,7,7,2.6,3708|11154|22866|22930|26047|55636|139189,ITPR1|AP4S1|CNKSR2|RAB3GAP1|CNTNAP2|CHD7|DGKK,-0.69,MyList
DisGeNET,35,C1857704,Abnormal myelination,,-3.2,18,7.1,30182,49,100,3,3,1.7,2257|6506|22866,FGF12|SLC1A2|CNKSR2,-0.69,MyList
DisGeNET,35,C0563625,Agnosia for Pain,,-3.2,7.4,5.3,30182,204,100,5,5,2.2,2918|5978|6506|8973|30818,GRM8|REST|SLC1A2|CHRNA6|KCNIP3,-0.68,MyList
DisGeNET,35,C3164445,Abnormality of aortic valve,,-3.2,18,7,30182,50,100,3,3,1.7,6239|6945|55636,RREB1|MLX|CHD7,-0.67,MyList
DisGeNET,35,C0206681,"Adenocarcinoma, Clear Cell",,-3.2,10,5.8,30182,117,100,4,4,2,307|5463|7403|29072,ANXA4|POU6F1|KDM6A|SETD2,-0.67,MyList
DisGeNET,35,C0441683,Hormone measurement,,-3.2,18,6.9,30182,51,100,3,3,1.7,3084|4774|10846,NRG1|NFIA|PDE10A,-0.66,MyList
DisGeNET,35,C0432072,Dysmorphic features,,-3.2,4.8,4.6,30182,439,100,7,7,2.6,4774|7403|11154|22930|25792|29072|55636,NFIA|KDM6A|AP4S1|RAB3GAP1|CIZ1|SETD2|CHD7,-0.66,MyList
DisGeNET,35,C0001973,"Alcoholic Intoxication, Chronic",,-3.2,4.2,4.5,30182,577,100,8,8,2.7,2918|5295|6506|10846|26047|56899|63876|79180,GRM8|PIK3R1|SLC1A2|PDE10A|CNTNAP2|ANKS1B|PKNOX2|EFHD2,-0.65,MyList
Transcription Factor Targets,16,M10428,HNF3ALPHA Q6,,-3.2,7.2,5.2,30182,211,100,5,5,2.2,4774|6239|7403|9175|22887,NFIA|RREB1|KDM6A|MAP3K13|FOXJ3,-0.64,MyList
DisGeNET,35,C0025990,Micrognathism,,-3.1,4.1,4.4,30182,586,100,8,8,2.7,5295|5915|6239|22930|29072|55636|55697|64359,PIK3R1|RARB|RREB1|RAB3GAP1|SETD2|CHD7|VAC14|NXN,-0.62,MyList
DisGeNET,35,C0037773,"Spastic Paraplegia, Hereditary",,-3.1,9.8,5.6,30182,123,100,4,4,2,3708|6506|11154|23503,ITPR1|SLC1A2|AP4S1|ZFYVE26,-0.61,MyList
Cell Type Signatures,7,M40291,DESCARTES FETAL SPLEEN STROMAL CELLS,,-3.1,17,6.7,30182,54,100,3,3,1.7,5915|26047|63876,RARB|CNTNAP2|PKNOX2,-0.61,MyList
DisGeNET,35,C0020534,Orbital separation excessive,,-3.1,4.1,4.4,30182,590,100,8,8,2.7,5295|6239|11154|29072|29940|55636|55697|64359,PIK3R1|RREB1|AP4S1|SETD2|DSE|CHD7|VAC14|NXN,-0.61,MyList
DisGeNET,35,C0426429,Broad nasal tip,,-3.1,9.7,5.6,30182,125,100,4,4,2,5915|7403|22866|64359,RARB|KDM6A|CNKSR2|NXN,-0.6,MyList
DisGeNET,35,C0005745,Blepharoptosis,,-3.1,4.1,4.3,30182,595,100,8,8,2.7,2257|6239|6506|7403|22866|22930|55636|64359,FGF12|RREB1|SLC1A2|KDM6A|CNKSR2|RAB3GAP1|CHD7|NXN,-0.59,MyList
DisGeNET,35,C4025846,Abnormality of vision,,-3.1,9.5,5.5,30182,127,100,4,4,2,2257|6506|22866|55636,FGF12|SLC1A2|CNKSR2|CHD7,-0.58,MyList
DisGeNET,35,C0236969,Substance-Related Disorders,,-3.1,9.4,5.5,30182,128,100,4,4,2,105|29119|63876|114788,ADARB2|CTNNA3|PKNOX2|CSMD3,-0.57,MyList
DisGeNET,35,C0201899,Aspartate aminotransferase measurement,,-3,16,6.5,30182,57,100,3,3,1.7,27115|80303|80333,PDE7B|EFHD1|KCNIP4,-0.57,MyList
DisGeNET,35,C0311394,Difficulty walking,,-3,6.7,5,30182,224,100,5,5,2.2,2257|6506|11154|22866|25792,FGF12|SLC1A2|AP4S1|CNKSR2|CIZ1,-0.57,MyList
DisGeNET,35,C0009241,Cognition Disorders,,-3,4,4.3,30182,606,100,8,8,2.7,117|3084|3708|5915|5978|6506|10846|55636,ADCYAP1R1|NRG1|ITPR1|RARB|REST|SLC1A2|PDE10A|CHD7,-0.57,MyList
DisGeNET,35,C0019294,"Hernia, Inguinal",,-3,6.7,5,30182,225,100,5,5,2.2,4774|5295|6239|29940|64359,NFIA|PIK3R1|RREB1|DSE|NXN,-0.57,MyList
DisGeNET,35,C0033377,Ptosis,,-3,4,4.3,30182,607,100,8,8,2.7,2257|6239|6506|7403|22866|22930|55636|64359,FGF12|RREB1|SLC1A2|KDM6A|CNKSR2|RAB3GAP1|CHD7|NXN,-0.57,MyList
DisGeNET,35,C0241210,Speech Delay,,-3,16,6.4,30182,58,100,3,3,1.7,25792|26047|29072,CIZ1|CNTNAP2|SETD2,-0.57,MyList
Transcription Factor Targets,16,M402,TTCYRGAA UNKNOWN,,-3,5.3,4.6,30182,340,100,6,6,2.4,395|2742|5295|7403|26047|80303,ARHGAP6|GLRA2|PIK3R1|KDM6A|CNTNAP2|EFHD1,-0.57,MyList
PaGenBase,36,PGB:00034,Cell-specific: OVR278E,,-3,9.2,5.4,30182,131,100,4,4,2,607|1960|7403|9175,BCL9|EGR3|KDM6A|MAP3K13,-0.57,MyList
Cell Type Signatures,7,M39232,LAKE ADULT KIDNEY C13 THICK ASCENDING LIMB,,-3,9.2,5.4,30182,131,100,4,4,2,395|23051|27115|80333,ARHGAP6|ZHX3|PDE7B|KCNIP4,-0.57,MyList
Transcription Factor Targets,16,M492,SRY 01,,-3,6.6,4.9,30182,228,100,5,5,2.2,607|4774|6667|29119|56899,BCL9|NFIA|SP1|CTNNA3|ANKS1B,-0.57,MyList
DisGeNET,35,C1853242,Midface retrusion,,-3,6.6,4.9,30182,228,100,5,5,2.2,5295|22866|22930|29940|64359,PIK3R1|CNKSR2|RAB3GAP1|DSE|NXN,-0.57,MyList
DisGeNET,35,C0020255,Hydrocephalus,,-3,4.5,4.4,30182,473,100,7,7,2.6,117|3708|4774|6239|7403|55636|55697,ADCYAP1R1|ITPR1|NFIA|RREB1|KDM6A|CHD7|VAC14,-0.56,MyList
DisGeNET,35,C0423113,Telecanthus,,-3,9,5.4,30182,134,100,4,4,2,5295|6239|26047|29940,PIK3R1|RREB1|CNTNAP2|DSE,-0.55,MyList
Transcription Factor Targets,16,M11495,LHX3 01,,-3,6.5,4.9,30182,232,100,5,5,2.2,4800|5915|6096|6239|221833,NFYA|RARB|RORB|RREB1|SP8,-0.54,MyList
Transcription Factor Targets,16,M9769,CTGCAGY UNKNOWN,,-2.9,3.5,4.1,30182,779,100,9,9,2.9,1960|2257|3084|5295|6945|25792|54437|56987|80333,EGR3|FGF12|NRG1|PIK3R1|MLX|CIZ1|SEMA5B|BBX|KCNIP4,-0.52,MyList
DisGeNET,35,C4722327,"PROSTATE CANCER, HEREDITARY, 1",,-2.9,15,6.2,30182,62,100,3,3,1.7,395|63876|283349,ARHGAP6|PKNOX2|RASSF3,-0.52,MyList
DisGeNET,35,C0741916,Cardiac defects,,-2.9,15,6.2,30182,62,100,3,3,1.7,3084|6331|64754,NRG1|SCN5A|SMYD3,-0.52,MyList
Transcription Factor Targets,16,M15128,CDPCR3HD 01,,-2.9,6.3,4.8,30182,238,100,5,5,2.2,1960|3084|26468|114788|222255,EGR3|NRG1|LHX6|CSMD3|ATXN7L1,-0.51,MyList
Transcription Factor Targets,16,M12934,BRN2 01,,-2.9,6.3,4.7,30182,240,100,5,5,2.2,607|2742|4774|56899|166336,BCL9|GLRA2|NFIA|ANKS1B|PRICKLE2,-0.49,MyList
Cell Type Signatures,7,M39235,LAKE ADULT KIDNEY C16 COLLECTING SYSTEM PRINCIPAL CELLS CORTEX,,-2.9,8.6,5.2,30182,141,100,4,4,2,10846|27115|64754|80333,PDE10A|PDE7B|SMYD3|KCNIP4,-0.49,MyList
Transcription Factor Targets,16,M7173,TCCATTKW UNKNOWN,,-2.9,6.3,4.7,30182,241,100,5,5,2.2,1960|2257|9175|22887|29072,EGR3|FGF12|MAP3K13|FOXJ3|SETD2,-0.49,MyList
Transcription Factor Targets,16,M6325,SMAD3 Q6,,-2.9,6.2,4.7,30182,242,100,5,5,2.2,4052|5915|26468|56899|222255,LTBP1|RARB|LHX6|ANKS1B|ATXN7L1,-0.49,MyList
Transcription Factor Targets,16,M15440,FOXJ2 02,,-2.9,6.2,4.7,30182,243,100,5,5,2.2,4052|4774|5915|6096|114788,LTBP1|NFIA|RARB|RORB|CSMD3,-0.48,MyList
DisGeNET,35,C0041696,Unipolar Depression,,-2.9,3.8,4.1,30182,641,100,8,8,2.7,117|607|2918|3084|6506|9771|23051|26047,ADCYAP1R1|BCL9|GRM8|NRG1|SLC1A2|RAPGEF5|ZHX3|CNTNAP2,-0.48,MyList
Transcription Factor Targets,16,M18386,STAT5A 02,,-2.9,8.4,5.1,30182,143,100,4,4,2,2742|5295|26468|29072,GLRA2|PIK3R1|LHX6|SETD2,-0.48,MyList
Cell Type Signatures,7,M40312,DESCARTES FETAL THYMUS THYMIC EPITHELIAL CELLS,,-2.9,6.2,4.7,30182,245,100,5,5,2.2,105|1804|23120|30818|63876,ADARB2|DPP6|ATP10B|KCNIP3|PKNOX2,-0.48,MyList
DisGeNET,35,C0424678,Lean body mass,,-2.9,8.4,5.1,30182,144,100,4,4,2,1804|4052|5295|91050,DPP6|LTBP1|PIK3R1|CCDC149,-0.48,MyList
DisGeNET,35,C1142166,Brugada Syndrome (disorder),,-2.9,14,6,30182,66,100,3,3,1.7,1960|2257|6331,EGR3|FGF12|SCN5A,-0.48,MyList
Cell Type Signatures,7,M39052,MANNO MIDBRAIN NEUROTYPES HOPC,,-2.9,4.9,4.4,30182,366,100,6,6,2.4,117|1804|6506|56899|114788|222553,ADCYAP1R1|DPP6|SLC1A2|ANKS1B|CSMD3|SLC35F1,-0.48,MyList
Transcription Factor Targets,16,M11512,FOXO1 01,,-2.8,6.1,4.6,30182,248,100,5,5,2.2,2257|3084|4800|7403|222255,FGF12|NRG1|NFYA|KDM6A|ATXN7L1,-0.47,MyList
Transcription Factor Targets,16,M9364,SRF Q6,,-2.8,6.1,4.6,30182,248,100,5,5,2.2,1960|5915|29072|80303|114788,EGR3|RARB|SETD2|EFHD1|CSMD3,-0.47,MyList
DisGeNET,35,C3496069,cocaine use,,-2.8,14,5.9,30182,67,100,3,3,1.7,6506|8973|10846,SLC1A2|CHRNA6|PDE10A,-0.47,MyList
Transcription Factor Targets,16,M1716,RAAGNYNNCTTY UNKNOWN,,-2.8,8.2,5,30182,148,100,4,4,2,395|23051|29072|221833,ARHGAP6|ZHX3|SETD2|SP8,-0.46,MyList
Transcription Factor Targets,16,M19851,FOXO3 01,,-2.8,6,4.6,30182,251,100,5,5,2.2,2257|3084|5915|7403|64359,FGF12|NRG1|RARB|KDM6A|NXN,-0.46,MyList
DisGeNET,35,C0020295,Hydronephrosis,,-2.8,6,4.6,30182,253,100,5,5,2.2,4774|7403|22930|55636|64359,NFIA|KDM6A|RAB3GAP1|CHD7|NXN,-0.45,MyList
Transcription Factor Targets,16,M11607,AAAYRNCTG UNKNOWN,,-2.8,4.8,4.3,30182,375,100,6,6,2.4,607|2257|3084|4052|6331|11154,BCL9|FGF12|NRG1|LTBP1|SCN5A|AP4S1,-0.45,MyList
Transcription Factor Targets,16,M3799,CIZ 01,,-2.8,5.9,4.6,30182,254,100,5,5,2.2,607|2742|7403|9779|222255,BCL9|GLRA2|KDM6A|TBC1D5|ATXN7L1,-0.45,MyList
Transcription Factor Targets,16,M16414,TAL1BETAE47 01,,-2.8,5.9,4.5,30182,255,100,5,5,2.2,4052|5295|6096|6331|54328,LTBP1|PIK3R1|RORB|SCN5A|GPR173,-0.45,MyList
Transcription Factor Targets,16,M10817,CMYB 01,,-2.8,5.9,4.5,30182,255,100,5,5,2.2,1960|2257|4800|6331|6667,EGR3|FGF12|NFYA|SCN5A|SP1,-0.45,MyList
Transcription Factor Targets,16,M7622,ZIC3 01,,-2.8,5.9,4.5,30182,255,100,5,5,2.2,3084|3708|7403|26468|54328,NRG1|ITPR1|KDM6A|LHX6|GPR173,-0.45,MyList
COVID,200,COVID380,Interactome_Laurent_HEK293_24h_NSP9,,-2.8,13,5.8,30182,70,100,3,3,1.7,25792|29072|56987,CIZ1|SETD2|BBX,-0.45,MyList
DisGeNET,35,C1842581,Abnormal corpus callosum morphology,,-2.8,13,5.8,30182,70,100,3,3,1.7,2257|6506|22866,FGF12|SLC1A2|CNKSR2,-0.45,MyList
DisGeNET,35,C0004368,Autoimmune state,,-2.8,13,5.8,30182,70,100,3,3,1.7,6239|55636|79932,RREB1|CHD7|KIAA0319L,-0.45,MyList
DisGeNET,35,C0542514,Blue sclera,,-2.8,13,5.8,30182,70,100,3,3,1.7,7403|29940|64359,KDM6A|DSE|NXN,-0.45,MyList
Transcription Factor Targets,16,M8585,TFIIA Q6,,-2.8,5.9,4.5,30182,256,100,5,5,2.2,3895|26468|56899|221833|222255,KTN1|LHX6|ANKS1B|SP8|ATXN7L1,-0.45,MyList
DisGeNET,35,C0684276,Hypsarrhythmia,,-2.8,7.9,4.9,30182,152,100,4,4,2,2257|6506|22866|26047,FGF12|SLC1A2|CNKSR2|CNTNAP2,-0.45,MyList
Transcription Factor Targets,16,M12637,FREAC3 01,,-2.8,5.9,4.5,30182,257,100,5,5,2.2,607|3084|7403|166336|222255,BCL9|NRG1|KDM6A|PRICKLE2|ATXN7L1,-0.45,MyList
DisGeNET,35,C2931852,Clear-cell metastatic renal cell carcinoma,,-2.8,5.8,4.5,30182,260,100,5,5,2.2,1804|7403|23051|29072|79745,DPP6|KDM6A|ZHX3|SETD2|CLIP4,-0.43,MyList
DisGeNET,35,C0018817,Atrial Septal Defects,,-2.7,4.7,4.2,30182,384,100,6,6,2.4,6239|7403|26047|55636|55697|64359,RREB1|KDM6A|CNTNAP2|CHD7|VAC14|NXN,-0.43,MyList
DisGeNET,35,C0856975,Autistic behavior,,-2.7,5.8,4.5,30182,261,100,5,5,2.2,2257|22866|26047|29072|55636,FGF12|CNKSR2|CNTNAP2|SETD2|CHD7,-0.43,MyList
DisGeNET,35,C0344482,Hypoplasia of corpus callosum,,-2.7,4.7,4.2,30182,385,100,6,6,2.4,4774|6506|11154|22930|23503|55636,NFIA|SLC1A2|AP4S1|RAB3GAP1|ZFYVE26|CHD7,-0.43,MyList
DisGeNET,35,C1849340,Long palpebral fissure,,-2.7,12,5.6,30182,73,100,3,3,1.7,7403|22866|64359,KDM6A|CNKSR2|NXN,-0.42,MyList
Transcription Factor Targets,16,M16417,FOXO4 02,,-2.7,5.7,4.4,30182,263,100,5,5,2.2,2257|3084|5915|7403|64359,FGF12|NRG1|RARB|KDM6A|NXN,-0.42,MyList
Transcription Factor Targets,16,M1031,FREAC2 01,,-2.7,5.7,4.4,30182,264,100,5,5,2.2,607|2257|3084|7403|286499,BCL9|FGF12|NRG1|KDM6A|FAM133A,-0.42,MyList
Transcription Factor Targets,16,M14583,MAF Q6,,-2.7,5.7,4.4,30182,264,100,5,5,2.2,3708|5915|7403|221833|283349,ITPR1|RARB|KDM6A|SP8|RASSF3,-0.42,MyList
Transcription Factor Targets,16,M16280,PITX2 Q2,,-2.7,5.7,4.4,30182,264,100,5,5,2.2,4052|6096|54437|80333|166336,LTBP1|RORB|SEMA5B|KCNIP4|PRICKLE2,-0.42,MyList
DisGeNET,35,C0040822,Tremor,,-2.7,4,4,30182,528,100,7,7,2.6,2257|3708|6506|10846|22866|55636|91137,FGF12|ITPR1|SLC1A2|PDE10A|CNKSR2|CHD7|SLC25A46,-0.42,MyList
Transcription Factor Targets,16,M13482,ZIC1 01,,-2.7,5.7,4.4,30182,266,100,5,5,2.2,3084|4800|7403|29119|222255,NRG1|NFYA|KDM6A|CTNNA3|ATXN7L1,-0.42,MyList
DisGeNET,35,C0007130,Mucinous Adenocarcinoma,,-2.7,7.6,4.8,30182,159,100,4,4,2,3084|4052|6506|29072,NRG1|LTBP1|SLC1A2|SETD2,-0.42,MyList
Transcription Factor Targets,16,M2211,OCT Q6,,-2.7,5.7,4.4,30182,267,100,5,5,2.2,2257|4774|7163|26468|166336,FGF12|NFIA|TPD52|LHX6|PRICKLE2,-0.42,MyList
DisGeNET,35,C0236807,Amphetamine Abuse,,-2.7,12,5.5,30182,75,100,3,3,1.7,3084|9771|64754,NRG1|RAPGEF5|SMYD3,-0.42,MyList
DisGeNET,35,C0038220,Status Epilepticus,,-2.7,4,4,30182,533,100,7,7,2.6,1960|2257|4520|6506|6667|6773|22866,EGR3|FGF12|MTF1|SLC1A2|SP1|STAT2|CNKSR2,-0.42,MyList
Transcription Factor Targets,16,M9142,ACCTGTTG UNKNOWN,,-2.7,7.5,4.8,30182,160,100,4,4,2,607|5915|6331|51760,BCL9|RARB|SCN5A|SYT17,-0.42,MyList
Transcription Factor Targets,16,M18920,GATA C,,-2.7,5.6,4.4,30182,268,100,5,5,2.2,607|5915|6096|23051|56899,BCL9|RARB|RORB|ZHX3|ANKS1B,-0.42,MyList
Transcription Factor Targets,16,M6331,TTF1 Q6,,-2.7,5.6,4.4,30182,268,100,5,5,2.2,6239|11154|23120|26468|51760,RREB1|AP4S1|ATP10B|LHX6|SYT17,-0.42,MyList
Transcription Factor Targets,16,M14351,AFP1 Q6,,-2.7,5.6,4.4,30182,268,100,5,5,2.2,2257|26047|56899|56987|222255,FGF12|CNTNAP2|ANKS1B|BBX|ATXN7L1,-0.42,MyList
Transcription Factor Targets,16,M15558,OCT1 B,,-2.7,5.6,4.4,30182,269,100,5,5,2.2,2257|4774|6506|26468|114788,FGF12|NFIA|SLC1A2|LHX6|CSMD3,-0.42,MyList
Transcription Factor Targets,16,M16722,MYB Q5 01,,-2.7,5.6,4.4,30182,269,100,5,5,2.2,2257|3084|4052|6239|26468,FGF12|NRG1|LTBP1|RREB1|LHX6,-0.42,MyList
Transcription Factor Targets,16,M8684,ZID 01,,-2.7,5.6,4.4,30182,269,100,5,5,2.2,4052|4520|4800|7403|54328,LTBP1|MTF1|NFYA|KDM6A|GPR173,-0.42,MyList
Transcription Factor Targets,16,M5027,RYCACNNRNNRNCAG UNKNOWN,,-2.7,12,5.5,30182,76,100,3,3,1.7,1960|54328|221833,EGR3|GPR173|SP8,-0.42,MyList
DisGeNET,35,C4551583,Cerebral cortical atrophy,,-2.7,5.6,4.4,30182,271,100,5,5,2.2,7403|11154|22930|25792|26047,KDM6A|AP4S1|RAB3GAP1|CIZ1|CNTNAP2,-0.41,MyList
DisGeNET,35,C1262477,Weight decreased,,-2.7,5.6,4.4,30182,271,100,5,5,2.2,1804|5295|5978|6945|7403,DPP6|PIK3R1|REST|MLX|KDM6A,-0.41,MyList
DisGeNET,35,C1838391,Limb hypertonia,,-2.7,12,5.5,30182,77,100,3,3,1.7,2257|6506|22866,FGF12|SLC1A2|CNKSR2,-0.41,MyList
DisGeNET,35,C0525041,Neurobehavioral Manifestations,,-2.7,12,5.5,30182,77,100,3,3,1.7,3084|5915|10846,NRG1|RARB|PDE10A,-0.41,MyList
DisGeNET,35,C0018816,Heart Septal Defects,,-2.7,12,5.5,30182,77,100,3,3,1.7,7403|29072|55636,KDM6A|SETD2|CHD7,-0.41,MyList
DisGeNET,35,C0221210,Congenital malrotation of intestine,,-2.7,12,5.5,30182,77,100,3,3,1.7,5915|6239|7403,RARB|RREB1|KDM6A,-0.41,MyList
DisGeNET,35,C0039685,Tetralogy of Fallot,,-2.7,5.5,4.3,30182,274,100,5,5,2.2,5090|6239|55636|55697|64359,PBX3|RREB1|CHD7|VAC14|NXN,-0.41,MyList
Transcription Factor Targets,16,M19734,HSF1 01,,-2.6,5.5,4.3,30182,276,100,5,5,2.2,395|607|1960|6096|29072,ARHGAP6|BCL9|EGR3|RORB|SETD2,-0.4,MyList
Transcription Factor Targets,16,M12915,NF1 Q6 01,,-2.6,5.5,4.3,30182,276,100,5,5,2.2,607|4774|5915|9771|54328,BCL9|NFIA|RARB|RAPGEF5|GPR173,-0.4,MyList
Transcription Factor Targets,16,M13012,TGCTGAY UNKNOWN,,-2.6,3.9,3.9,30182,547,100,7,7,2.6,105|3084|5915|6945|9175|54328|80333,ADARB2|NRG1|RARB|MLX|MAP3K13|GPR173|KCNIP4,-0.39,MyList
COVID,200,COVID055,Phosphoproteome_Bouhaddou_Vero_E6_0h_Down,,-2.6,5.4,4.3,30182,277,100,5,5,2.2,5601|54521|56987|91137|166336,MAPK9|WDR44|BBX|SLC25A46|PRICKLE2,-0.39,MyList
DisGeNET,35,C0393593,Dystonia Disorders,,-2.6,7.2,4.7,30182,167,100,4,4,2,10846|25792|55697|57554,PDE10A|CIZ1|VAC14|LRRC7,-0.39,MyList
DisGeNET,35,C1840077,Anteverted nostril,,-2.6,4.4,4,30182,407,100,6,6,2.4,4774|22930|29072|55697|64359|91137,NFIA|RAB3GAP1|SETD2|VAC14|NXN|SLC25A46,-0.39,MyList
Transcription Factor Targets,16,M13600,OCT1 07,,-2.6,7.2,4.6,30182,168,100,4,4,2,4774|5915|54437|166336,NFIA|RARB|SEMA5B|PRICKLE2,-0.39,MyList
Transcription Factor Targets,16,M10498,TGCGCANK UNKNOWN,,-2.6,3.8,3.9,30182,554,100,7,7,2.6,607|2257|2742|4800|22866|25792|54521,BCL9|FGF12|GLRA2|NFYA|CNKSR2|CIZ1|WDR44,-0.38,MyList
Transcription Factor Targets,16,M1656,TAANNYSGCG UNKNOWN,,-2.6,11,5.3,30182,81,100,3,3,1.7,5090|9779|26468,PBX3|TBC1D5|LHX6,-0.38,MyList
DisGeNET,35,C0236804,Amphetamine Addiction,,-2.6,11,5.3,30182,81,100,3,3,1.7,3084|9771|64754,NRG1|RAPGEF5|SMYD3,-0.38,MyList
DisGeNET,35,C1865014,Long philtrum,,-2.6,5.4,4.2,30182,282,100,5,5,2.2,6239|22866|26047|29940|64359,RREB1|CNKSR2|CNTNAP2|DSE|NXN,-0.38,MyList
Cell Type Signatures,7,M39234,LAKE ADULT KIDNEY C15 CONNECTING TUBULE,,-2.6,7.1,4.6,30182,171,100,4,4,2,395|3708|64754|80333,ARHGAP6|ITPR1|SMYD3|KCNIP4,-0.37,MyList
DisGeNET,35,C0026034,Microstomia,,-2.6,7,4.6,30182,172,100,4,4,2,4774|6239|29940|55636,NFIA|RREB1|DSE|CHD7,-0.37,MyList
DisGeNET,35,C0003811,Cardiac Arrhythmia,,-2.6,3.8,3.8,30182,559,100,7,7,2.6,1804|3708|5601|5978|6331|29119|80333,DPP6|ITPR1|MAPK9|REST|SCN5A|CTNNA3|KCNIP4,-0.37,MyList
Transcription Factor Targets,16,M822,YTATTTTNR MEF2 02,,-2.6,3.4,3.7,30182,715,100,8,8,2.7,2257|2918|3895|4774|5090|22887|23428|56899,FGF12|GRM8|KTN1|NFIA|PBX3|FOXJ3|SLC7A8|ANKS1B,-0.37,MyList
DisGeNET,35,C0014772,Red Blood Cell Count measurement,,-2.6,3.4,3.7,30182,717,100,8,8,2.7,3084|4774|5090|6239|6667|10846|27115|55697,NRG1|NFIA|PBX3|RREB1|SP1|PDE10A|PDE7B|VAC14,-0.37,MyList
Transcription Factor Targets,16,M15101,RFX1 02,,-2.6,5.3,4.2,30182,286,100,5,5,2.2,3708|4520|6239|79180|114788,ITPR1|MTF1|RREB1|EFHD2|CSMD3,-0.37,MyList
DisGeNET,35,C0853193,Bipolar I disorder,,-2.6,11,5.2,30182,83,100,3,3,1.7,1960|3084|5915,EGR3|NRG1|RARB,-0.37,MyList
Transcription Factor Targets,16,M545,EGR3 01,,-2.6,11,5.2,30182,83,100,3,3,1.7,1960|6331|54521,EGR3|SCN5A|WDR44,-0.37,MyList
Transcription Factor Targets,16,M1064,GGGNRMNNYCAT UNKNOWN,,-2.6,11,5.2,30182,83,100,3,3,1.7,3708|4520|5090,ITPR1|MTF1|PBX3,-0.37,MyList
Transcription Factor Targets,16,M6093,TAAYNRNNTCC UNKNOWN,,-2.6,6.9,4.5,30182,174,100,4,4,2,105|5978|7403|54437,ADARB2|REST|KDM6A|SEMA5B,-0.36,MyList
Transcription Factor Targets,16,M9896,NCX 01,,-2.5,6.9,4.5,30182,176,100,4,4,2,395|29072|54437|79895,ARHGAP6|SETD2|SEMA5B|ATP8B4,-0.35,MyList
DisGeNET,35,C0029124,Optic Atrophy,,-2.5,3.7,3.8,30182,568,100,7,7,2.6,2257|6239|6506|22866|22930|55636|91137,FGF12|RREB1|SLC1A2|CNKSR2|RAB3GAP1|CHD7|SLC25A46,-0.35,MyList
Cell Type Signatures,7,M39245,LAKE ADULT KIDNEY C26 MESANGIAL CELLS,,-2.5,6.8,4.5,30182,177,100,4,4,2,2037|3708|9771|27115,EPB41L2|ITPR1|RAPGEF5|PDE7B,-0.35,MyList
DisGeNET,35,C0040517,Gilles de la Tourette syndrome,,-2.5,6.8,4.5,30182,177,100,4,4,2,1804|26047|26468|114788,DPP6|CNTNAP2|LHX6|CSMD3,-0.35,MyList
Transcription Factor Targets,16,M572,TGCCAAR NF1 Q6,,-2.5,3.3,3.7,30182,727,100,8,8,2.7,105|395|4774|5915|6667|29119|54328|286499,ADARB2|ARHGAP6|NFIA|RARB|SP1|CTNNA3|GPR173|FAM133A,-0.35,MyList
DisGeNET,35,C0750937,"Ataxia, Appendicular",,-2.5,11,5.1,30182,86,100,3,3,1.7,1960|2257|3708,EGR3|FGF12|ITPR1,-0.34,MyList
Transcription Factor Targets,16,M40809,MYOCD TARGET GENES,,-2.5,3.7,3.7,30182,572,100,7,7,2.6,6773|10888|29940|56899|56987|64754|221937,STAT2|GPR83|DSE|ANKS1B|BBX|SMYD3|FOXK1,-0.34,MyList
DisGeNET,35,C0018818,Ventricular Septal Defects,,-2.5,4.3,3.9,30182,426,100,6,6,2.4,6239|7403|26047|55636|55697|64359,RREB1|KDM6A|CNTNAP2|CHD7|VAC14|NXN,-0.34,MyList
DisGeNET,35,C0014553,Absence Epilepsy,,-2.5,10,5,30182,88,100,3,3,1.7,6096|6506|26047,RORB|SLC1A2|CNTNAP2,-0.32,MyList
Transcription Factor Targets,16,M11849,SREBP1 02,,-2.5,10,5,30182,88,100,3,3,1.7,2257|3895|222255,FGF12|KTN1|ATXN7L1,-0.32,MyList
Transcription Factor Targets,16,M30173,SOX10 TARGET GENES,,-2.5,5,4,30182,301,100,5,5,2.2,4774|23051|50809|63027|79745,NFIA|ZHX3|HP1BP3|SLC22A23|CLIP4,-0.3,MyList
DisGeNET,35,C0740858,Substance abuse problem,,-2.5,6.5,4.3,30182,185,100,4,4,2,105|10846|29119|114788,ADARB2|PDE10A|CTNNA3|CSMD3,-0.29,MyList
DisGeNET,35,C0264408,Childhood asthma,,-2.5,5,4,30182,303,100,5,5,2.2,117|3084|27115|29119|56899,ADCYAP1R1|NRG1|PDE7B|CTNNA3|ANKS1B,-0.29,MyList
DisGeNET,35,C0221356,Brachycephaly,,-2.5,6.5,4.3,30182,186,100,4,4,2,22930|26047|29940|55636,RAB3GAP1|CNTNAP2|DSE|CHD7,-0.29,MyList
Cell Type Signatures,7,M39113,AIZARANI LIVER C9 LSECS 1,,-2.5,5,4,30182,304,100,5,5,2.2,2037|9771|23428|55636|166336,EPB41L2|RAPGEF5|SLC7A8|CHD7|PRICKLE2,-0.29,MyList
DisGeNET,35,C3839868,Cytogenetically normal acute myeloid leukemia,,-2.5,10,4.9,30182,91,100,3,3,1.7,5090|7403|27115,PBX3|KDM6A|PDE7B,-0.29,MyList
DisGeNET,35,C2674608,Feeding difficulties in infancy,,-2.5,4.9,4,30182,305,100,5,5,2.2,6239|7403|22930|29072|55636,RREB1|KDM6A|RAB3GAP1|SETD2|CHD7,-0.29,MyList
DisGeNET,35,C0543888,Epileptic encephalopathy,,-2.5,6.5,4.3,30182,187,100,4,4,2,2257|6506|25792|26047,FGF12|SLC1A2|CIZ1|CNTNAP2,-0.29,MyList
DisGeNET,35,C0007758,Cerebellar Ataxia,,-2.5,4.1,3.8,30182,441,100,6,6,2.4,1804|3708|23503|25792|26047|91137,DPP6|ITPR1|ZFYVE26|CIZ1|CNTNAP2|SLC25A46,-0.29,MyList
DisGeNET,35,C0152421,Macrotia,,-2.4,6.4,4.3,30182,188,100,4,4,2,5295|7403|22930|29072,PIK3R1|KDM6A|RAB3GAP1|SETD2,-0.28,MyList
DisGeNET,35,C1304746,RDW - Red blood cell distribution width result,,-2.4,3.6,3.6,30182,593,100,7,7,2.6,5295|9779|11154|23428|27115|50809|63027,PIK3R1|TBC1D5|AP4S1|SLC7A8|PDE7B|HP1BP3|SLC22A23,-0.28,MyList
DisGeNET,35,C0427460,Red cell distribution width determination,,-2.4,3.6,3.6,30182,593,100,7,7,2.6,5295|9779|11154|23428|27115|50809|63027,PIK3R1|TBC1D5|AP4S1|SLC7A8|PDE7B|HP1BP3|SLC22A23,-0.28,MyList
DisGeNET,35,C0027404,Narcolepsy,,-2.4,4.9,4,30182,308,100,5,5,2.2,1804|2918|27115|57554|114788,DPP6|GRM8|PDE7B|LRRC7|CSMD3,-0.28,MyList
DisGeNET,35,C0151888,Hyporeflexia,,-2.4,4.8,3.9,30182,312,100,5,5,2.2,2257|6506|22866|26047|91137,FGF12|SLC1A2|CNKSR2|CNTNAP2|SLC25A46,-0.26,MyList
Transcription Factor Targets,16,M14350,NKX22 01,,-2.4,6.3,4.2,30182,192,100,4,4,2,3708|4774|5295|29119,ITPR1|NFIA|PIK3R1|CTNNA3,-0.26,MyList
DisGeNET,35,C0233794,Memory impairment,,-2.4,3.2,3.5,30182,763,100,8,8,2.7,3084|3708|4774|5295|5978|6506|30818|50809,NRG1|ITPR1|NFIA|PIK3R1|REST|SLC1A2|KCNIP3|HP1BP3,-0.26,MyList
DisGeNET,35,C0027796,Neuralgia,,-2.4,3.1,3.5,30182,767,100,8,8,2.7,117|2918|3084|5978|6506|6667|26047|29072,ADCYAP1R1|GRM8|NRG1|REST|SLC1A2|SP1|CNTNAP2|SETD2,-0.25,MyList
DisGeNET,35,C0013421,Dystonia,,-2.4,4,3.7,30182,453,100,6,6,2.4,5915|10846|11154|25792|55697|57554,RARB|PDE10A|AP4S1|CIZ1|VAC14|LRRC7,-0.25,MyList
DisGeNET,35,C0013384,Dyskinetic syndrome,,-2.4,4.8,3.9,30182,316,100,5,5,2.2,1804|2257|6506|10846|22866,DPP6|FGF12|SLC1A2|PDE10A|CNKSR2,-0.24,MyList
DisGeNET,35,C0013170,Drug habituation,,-2.4,6.2,4.2,30182,196,100,4,4,2,105|3084|29119|114788,ADARB2|NRG1|CTNNA3|CSMD3,-0.24,MyList
Transcription Factor Targets,16,M30337,ZNF513 TARGET GENES,,-2.4,3.1,3.5,30182,772,100,8,8,2.7,1960|3708|6239|25792|56987|63027|79180|79932,EGR3|ITPR1|RREB1|CIZ1|BBX|SLC22A23|EFHD2|KIAA0319L,-0.24,MyList
DisGeNET,35,C0200638,Eosinophil count procedure,,-2.4,3.5,3.5,30182,610,100,7,7,2.6,4520|5915|7163|9779|51760|55636|222255,MTF1|RARB|TPD52|TBC1D5|SYT17|CHD7|ATXN7L1,-0.23,MyList
Transcription Factor Targets,16,M8746,RGAANNTTC HSF1 01,,-2.4,4,3.7,30182,458,100,6,6,2.4,395|607|1960|2918|6096|29072,ARHGAP6|BCL9|EGR3|GRM8|RORB|SETD2,-0.23,MyList
Transcription Factor Targets,16,M5667,EGR2 01,,-2.4,6.1,4.1,30182,198,100,4,4,2,1960|3708|6331|54521,EGR3|ITPR1|SCN5A|WDR44,-0.23,MyList
DisGeNET,35,C0221354,Frontal bossing,,-2.4,4.7,3.8,30182,321,100,5,5,2.2,5295|26047|29072|29940|64359,PIK3R1|CNTNAP2|SETD2|DSE|NXN,-0.23,MyList
DisGeNET,35,C4554036,"Nystagmus, CTCAE 5.0",,-2.4,3.1,3.4,30182,779,100,8,8,2.7,2257|3708|6506|7403|22866|23503|55636|91137,FGF12|ITPR1|SLC1A2|KDM6A|CNKSR2|ZFYVE26|CHD7|SLC25A46,-0.23,MyList
DisGeNET,35,C1963184,"Nystagmus, CTCAE 3.0",,-2.4,3.1,3.4,30182,779,100,8,8,2.7,2257|3708|6506|7403|22866|23503|55636|91137,FGF12|ITPR1|SLC1A2|KDM6A|CNKSR2|ZFYVE26|CHD7|SLC25A46,-0.23,MyList
DisGeNET,35,C4086152,Childhood Astrocytoma,,-2.4,3.4,3.5,30182,615,100,7,7,2.6,105|4774|5295|5915|6506|6667|29072,ADARB2|NFIA|PIK3R1|RARB|SLC1A2|SP1|SETD2,-0.23,MyList
DisGeNET,35,C0524528,Pervasive Development Disorder,,-2.3,4.6,3.8,30182,328,100,5,5,2.2,117|2918|3084|26047|166336,ADCYAP1R1|GRM8|NRG1|CNTNAP2|PRICKLE2,-0.19,MyList
DisGeNET,35,C4316903,Absence Seizures,,-2.3,5.9,4.1,30182,204,100,4,4,2,5978|6096|22866|26047,REST|RORB|CNKSR2|CNTNAP2,-0.19,MyList
Transcription Factor Targets,16,M1341,HFH4 01,,-2.3,5.9,4,30182,205,100,4,4,2,3084|4774|56899|222255,NRG1|NFIA|ANKS1B|ATXN7L1,-0.19,MyList
DisGeNET,35,C0022116,Ischemia,,-2.3,8.8,4.6,30182,103,100,3,3,1.7,5601|6331|6667,MAPK9|SCN5A|SP1,-0.19,MyList
DisGeNET,35,C3544205,Ovarian clear cell carcinoma,,-2.3,8.8,4.6,30182,103,100,3,3,1.7,307|6667|29072,ANXA4|SP1|SETD2,-0.19,MyList
DisGeNET,35,C0040420,Tonometry,,-2.3,5.9,4,30182,206,100,4,4,2,4052|5915|27115|56977,LTBP1|RARB|PDE7B|STOX2,-0.19,MyList
DisGeNET,35,C0042514,"Tachycardia, Ventricular",,-2.3,8.7,4.5,30182,104,100,3,3,1.7,2257|6331|29119,FGF12|SCN5A|CTNNA3,-0.18,MyList
Transcription Factor Targets,16,M958,CEBP C,,-2.3,5.8,4,30182,207,100,4,4,2,2257|2742|5295|5915,FGF12|GLRA2|PIK3R1|RARB,-0.18,MyList
DisGeNET,35,C1848207,Poor speech,,-2.3,5.8,4,30182,208,100,4,4,2,2257|11154|22866|26047,FGF12|AP4S1|CNKSR2|CNTNAP2,-0.18,MyList
DisGeNET,35,C4553743,"Spasticity, CTCAE",,-2.3,3.8,3.5,30182,477,100,6,6,2.4,2257|6506|11154|22866|22930|26047,FGF12|SLC1A2|AP4S1|CNKSR2|RAB3GAP1|CNTNAP2,-0.18,MyList
Transcription Factor Targets,16,M7806,HSF Q6,,-2.3,5.8,4,30182,209,100,4,4,2,2918|4052|4774|79895,GRM8|LTBP1|NFIA|ATP8B4,-0.17,MyList
DisGeNET,35,C0270824,Visual seizure,,-2.3,5.8,4,30182,209,100,4,4,2,2918|3084|5978|26047,GRM8|NRG1|REST|CNTNAP2,-0.17,MyList
DisGeNET,35,C0026010,Microphthalmos,,-2.3,4.5,3.7,30182,337,100,5,5,2.2,395|5915|6239|22930|55636,ARHGAP6|RARB|RREB1|RAB3GAP1|CHD7,-0.17,MyList
Cell Type Signatures,7,M39221,LAKE ADULT KIDNEY C2 PODOCYTES,,-2.3,5.7,4,30182,212,100,4,4,2,1804|23428|27115|644150,DPP6|SLC7A8|PDE7B|WIPF3,-0.16,MyList
Cell Type Signatures,7,M40249,DESCARTES FETAL LUNG VISCERAL NEURONS,,-2.3,5.7,4,30182,212,100,4,4,2,117|2742|6096|57554,ADCYAP1R1|GLRA2|RORB|LRRC7,-0.16,MyList
Transcription Factor Targets,16,M12443,SRF C,,-2.2,5.6,3.9,30182,215,100,4,4,2,1960|4052|29072|80303,EGR3|LTBP1|SETD2|EFHD1,-0.14,MyList
DisGeNET,35,C0239234,Low set ears,,-2.2,3.7,3.5,30182,489,100,6,6,2.4,4774|5915|6239|55636|55697|64359,NFIA|RARB|RREB1|CHD7|VAC14|NXN,-0.14,MyList
Transcription Factor Targets,16,M2852,CDP 02,,-2.2,8.2,4.4,30182,111,100,3,3,1.7,54437|221833|222255,SEMA5B|SP8|ATXN7L1,-0.12,MyList
DisGeNET,35,C0038586,Substance Use Disorders,,-2.2,5.5,3.9,30182,218,100,4,4,2,105|26047|29119|114788,ADARB2|CNTNAP2|CTNNA3|CSMD3,-0.12,MyList
Transcription Factor Targets,16,M30363,ZNF596 TARGET GENES,,-2.2,3.2,3.3,30182,656,100,7,7,2.6,607|4774|5295|9779|10846|56987|80333,BCL9|NFIA|PIK3R1|TBC1D5|PDE10A|BBX|KCNIP4,-0.11,MyList
DisGeNET,35,C0302142,Deformity,,-2.2,4.3,3.6,30182,350,100,5,5,2.2,3708|4774|5915|22930|55636,ITPR1|NFIA|RARB|RAB3GAP1|CHD7,-0.11,MyList
DisGeNET,35,C0240635,Byzanthine arch palate,,-2.2,3.6,3.4,30182,497,100,6,6,2.4,5295|7403|11154|22930|29072|29940,PIK3R1|KDM6A|AP4S1|RAB3GAP1|SETD2|DSE,-0.11,MyList
Transcription Factor Targets,16,M4453,MAZR 01,,-2.2,5.4,3.8,30182,224,100,4,4,2,4520|6667|7403|54328,MTF1|SP1|KDM6A|GPR173,-0.09,MyList
DisGeNET,35,C4316881,Prescription Drug Abuse,,-2.2,7.9,4.3,30182,115,100,3,3,1.7,105|29119|114788,ADARB2|CTNNA3|CSMD3,-0.09,MyList
DisGeNET,35,C0029231,"Organic Mental Disorders, Substance-Induced",,-2.2,7.9,4.3,30182,115,100,3,3,1.7,105|29119|114788,ADARB2|CTNNA3|CSMD3,-0.09,MyList
Transcription Factor Targets,16,M30403,ZSCAN21 TARGET GENES,,-2.2,3.6,3.4,30182,504,100,6,6,2.4,1054|5295|27115|50809|56987|285753,CEBPG|PIK3R1|PDE7B|HP1BP3|BBX|CEP57L1,-0.089,MyList
DisGeNET,35,C0025362,Mental Retardation,,-2.2,3.6,3.4,30182,505,100,6,6,2.4,1804|22866|22930|23503|26047|55636,DPP6|CNKSR2|RAB3GAP1|ZFYVE26|CNTNAP2|CHD7,-0.087,MyList
DisGeNET,35,C2931456,"Prostate cancer, familial",,-2.2,7.8,4.2,30182,116,100,3,3,1.7,395|63876|283349,ARHGAP6|PKNOX2|RASSF3,-0.086,MyList
Cell Type Signatures,7,M40201,DESCARTES FETAL HEART SATB2 LRRC7 POSITIVE CELLS,,-2.2,7.8,4.2,30182,116,100,3,3,1.7,2742|6096|114788,GLRA2|RORB|CSMD3,-0.086,MyList
DisGeNET,35,C0266470,Cerebellar Hypoplasia,,-2.2,5.3,3.8,30182,226,100,4,4,2,3708|22930|55636|55697,ITPR1|RAB3GAP1|CHD7|VAC14,-0.085,MyList
DisGeNET,35,C1837658,Gross motor development delay,,-2.1,7.7,4.2,30182,118,100,3,3,1.7,3708|26047|29940,ITPR1|CNTNAP2|DSE,-0.069,MyList
Transcription Factor Targets,16,M15595,CART1 01,,-2.1,5.3,3.7,30182,229,100,4,4,2,2918|50809|56899|56987,GRM8|HP1BP3|ANKS1B|BBX,-0.069,MyList
Cell Type Signatures,7,M39057,MANNO MIDBRAIN NEUROTYPES HRGL1,,-2.1,4.1,3.5,30182,364,100,5,5,2.2,4052|4774|5978|64754|79180,LTBP1|NFIA|REST|SMYD3|EFHD2,-0.06,MyList
Transcription Factor Targets,16,M12308,CCANNAGRKGGC UNKNOWN,,-2.1,7.5,4.1,30182,120,100,3,3,1.7,5295|64359|114788,PIK3R1|NXN|CSMD3,-0.056,MyList
DisGeNET,35,C0221369,Acquired Camptodactyly,,-2.1,7.5,4.1,30182,120,100,3,3,1.7,29940|55636|64359,DSE|CHD7|NXN,-0.056,MyList
DisGeNET,35,C1854882,Absent speech,,-2.1,5.2,3.7,30182,232,100,4,4,2,2257|6506|22866|26047,FGF12|SLC1A2|CNKSR2|CNTNAP2,-0.056,MyList
Transcription Factor Targets,16,M40740,NR0B1 TARGET GENES,,-2.1,5.2,3.7,30182,233,100,4,4,2,607|3084|29072|79180,BCL9|NRG1|SETD2|EFHD2,-0.056,MyList
DisGeNET,35,C1859778,Postnatal growth retardation,,-2.1,7.5,4.1,30182,121,100,3,3,1.7,7403|55636|55697,KDM6A|CHD7|VAC14,-0.056,MyList
DisGeNET,35,C0013222,Drug Use Disorders,,-2.1,7.5,4.1,30182,121,100,3,3,1.7,105|29119|114788,ADARB2|CTNNA3|CSMD3,-0.056,MyList
Transcription Factor Targets,16,M30015,HOXC13 TARGET GENES,,-2.1,7.5,4.1,30182,121,100,3,3,1.7,4800|5463|23503,NFYA|POU6F1|ZFYVE26,-0.056,MyList
Transcription Factor Targets,16,M5279,MEIS1AHOXA9 01,,-2.1,7.5,4.1,30182,121,100,3,3,1.7,2918|5295|56899,GRM8|PIK3R1|ANKS1B,-0.056,MyList
DisGeNET,35,C0034194,Pyloric Stenosis,,-2.1,7.5,4.1,30182,121,100,3,3,1.7,22866|55636|55697,CNKSR2|CHD7|VAC14,-0.056,MyList
DisGeNET,35,C0282313,"Condition, Preneoplastic",,-2.1,7.4,4.1,30182,122,100,3,3,1.7,307|5601|166336,ANXA4|MAPK9|PRICKLE2,-0.047,MyList
DisGeNET,35,C0685409,Congenital Camptodactyly,,-2.1,7.4,4.1,30182,123,100,3,3,1.7,29940|55636|64359,DSE|CHD7|NXN,-0.041,MyList
DisGeNET,35,C0240543,Bulbous nose,,-2.1,7.4,4.1,30182,123,100,3,3,1.7,6239|11154|91137,RREB1|AP4S1|SLC25A46,-0.041,MyList
Transcription Factor Targets,16,M12298,CEBP Q2,,-2.1,5.1,3.6,30182,238,100,4,4,2,6506|26468|54521|63876,SLC1A2|LHX6|WDR44|PKNOX2,-0.033,MyList
Transcription Factor Targets,16,M15591,PIT1 Q6,,-2.1,5.1,3.6,30182,239,100,4,4,2,23428|26468|56899|114788,SLC7A8|LHX6|ANKS1B|CSMD3,-0.028,MyList
DisGeNET,35,C0035304,Retinal Degeneration,,-2.1,7.2,4,30182,125,100,3,3,1.7,2257|6506|22866,FGF12|SLC1A2|CNKSR2,-0.028,MyList
Transcription Factor Targets,16,M30159,SIX1 TARGET GENES,,-2.1,4,3.4,30182,376,100,5,5,2.2,3708|5978|26047|64359|79932,ITPR1|REST|CNTNAP2|NXN|KIAA0319L,-0.028,MyList
Transcription Factor Targets,16,M3902,POU1F1 Q6,,-2.1,5,3.6,30182,240,100,4,4,2,2257|5601|6096|9175,FGF12|MAPK9|RORB|MAP3K13,-0.028,MyList
Transcription Factor Targets,16,M17361,MEF2 03,,-2.1,5,3.6,30182,240,100,4,4,2,2257|3895|51564|80303,FGF12|KTN1|HDAC7|EFHD1,-0.028,MyList
DisGeNET,35,C0036337,Schizoaffective Disorder,,-2.1,7.2,4,30182,126,100,3,3,1.7,1960|3084|5915,EGR3|NRG1|RARB,-0.023,MyList
DisGeNET,35,C1691215,Penile hypospadias,,-2.1,7.1,4,30182,127,100,3,3,1.7,5601|55636|139189,MAPK9|CHD7|DGKK,-0.016,MyList
Transcription Factor Targets,16,M14389,NKX25 01,,-2.1,7.1,4,30182,127,100,3,3,1.7,607|7163|29119,BCL9|TPD52|CTNNA3,-0.016,MyList
Transcription Factor Targets,16,M14066,IRF Q6,,-2,4.9,3.6,30182,244,100,4,4,2,6096|30818|56987|222255,RORB|KCNIP3|BBX|ATXN7L1,-0.012,MyList
Transcription Factor Targets,16,M1224,TCF4 Q5,,-2,4.9,3.6,30182,244,100,4,4,2,23428|29072|56899|221833,SLC7A8|SETD2|ANKS1B|SP8,-0.012,MyList
Transcription Factor Targets,16,M435,YATTNATC UNKNOWN,,-2,4,3.3,30182,382,100,5,5,2.2,1960|5915|9867|29119|56899,EGR3|RARB|PJA2|CTNNA3|ANKS1B,-0.012,MyList
DisGeNET,35,C0949664,Tauopathies,,-2,4.9,3.6,30182,245,100,4,4,2,5601|6667|26047|79180,MAPK9|SP1|CNTNAP2|EFHD2,-0.012,MyList
Transcription Factor Targets,16,M13457,GRE C,,-2,7,3.9,30182,129,100,3,3,1.7,3084|5295|26468,NRG1|PIK3R1|LHX6,-0.012,MyList
DisGeNET,35,C0009363,Congenital ocular coloboma (disorder),,-2,7,3.9,30182,129,100,3,3,1.7,5915|7403|55636,RARB|KDM6A|CHD7,-0.012,MyList
DisGeNET,35,C0266483,Pachygyria,,-2,7,3.9,30182,129,100,3,3,1.7,22930|26047|55697,RAB3GAP1|CNTNAP2|VAC14,-0.012,MyList
Cell Type Signatures,7,M40147,DESCARTES FETAL ADRENAL SCHWANN CELLS,,-2,7,3.9,30182,129,100,3,3,1.7,10888|23120|222553,GPR83|ATP10B|SLC35F1,-0.012,MyList
Transcription Factor Targets,16,M19642,CDPCR1 01,,-2,7,3.9,30182,129,100,3,3,1.7,2257|114788|222255,FGF12|CSMD3|ATXN7L1,-0.012,MyList
PaGenBase,36,PGB:00057,Tissue-specific: ovary,,-2,4.9,3.5,30182,246,100,4,4,2,1960|10846|23428|63876,EGR3|PDE10A|SLC7A8|PKNOX2,-0.012,MyList
Transcription Factor Targets,16,M11461,FOXO4 01,,-2,4.9,3.5,30182,246,100,4,4,2,3084|7403|114788|222255,NRG1|KDM6A|CSMD3|ATXN7L1,-0.012,MyList
Transcription Factor Targets,16,M14186,GATA1 03,,-2,4.9,3.5,30182,246,100,4,4,2,4052|7403|26468|29072,LTBP1|KDM6A|LHX6|SETD2,-0.012,MyList
DisGeNET,35,C0278595,Adult Fibrosarcoma,,-2,3.9,3.3,30182,387,100,5,5,2.2,4520|6667|6773|29072|64754,MTF1|SP1|STAT2|SETD2|SMYD3,-0.0022,MyList
DisGeNET,35,C1519383,Smoking Behaviors,,-2,4.8,3.5,30182,249,100,4,4,2,3708|4052|51760|56987,ITPR1|LTBP1|SYT17|BBX,0,MyList
Transcription Factor Targets,16,M14000,MYOD Q6,,-2,4.8,3.5,30182,249,100,4,4,2,607|9175|11154|54328,BCL9|MAP3K13|AP4S1|GPR173,0,MyList
DisGeNET,35,C0392885,High density lipoprotein measurement,,-2,3.3,3.2,30182,545,100,6,6,2.4,395|3084|4774|6667|29072|54437,ARHGAP6|NRG1|NFIA|SP1|SETD2|SEMA5B,0,MyList
Cell Type Signatures,7,M39170,MURARO PANCREAS DELTA CELL,,-2,4.8,3.5,30182,250,100,4,4,2,2257|5090|7163|9867,FGF12|PBX3|TPD52|PJA2,0,MyList
Transcription Factor Targets,16,M3265,NFMUE1 Q6,,-2,4.8,3.5,30182,250,100,4,4,2,4800|5090|5978|7403,NFYA|PBX3|REST|KDM6A,0,MyList
Transcription Factor Targets,16,M6465,PBX1 02,,-2,6.9,3.9,30182,132,100,3,3,1.7,607|1960|5915,BCL9|EGR3|RARB,0,MyList
DisGeNET,35,C0037369,Smoking,,-2,3.9,3.3,30182,391,100,5,5,2.2,3708|4052|9771|51760|56987,ITPR1|LTBP1|RAPGEF5|SYT17|BBX,0,MyList
DisGeNET,35,C0026351,Moderate intellectual disability,,-2,4.8,3.5,30182,251,100,4,4,2,2257|3708|22866|25792,FGF12|ITPR1|CNKSR2|CIZ1,0,MyList
DisGeNET,35,C0038379,Strabismus,,-2,3,3,30182,716,100,7,7,2.6,6239|7403|11154|26047|29072|55636|64359,RREB1|KDM6A|AP4S1|CNTNAP2|SETD2|CHD7|NXN,0,MyList
Transcription Factor Targets,16,M1517,YY1 01,,-2,4.8,3.5,30182,252,100,4,4,2,1960|5090|23120|29072,EGR3|PBX3|ATP10B|SETD2,0,MyList
Transcription Factor Targets,16,M16396,AP2GAMMA 01,,-2,4.8,3.5,30182,252,100,4,4,2,6331|6945|8463|26468,SCN5A|MLX|TEAD2|LHX6,0,MyList
Transcription Factor Targets,16,M9955,TGAYRTCA ATF3 Q6,,-2,3.3,3.1,30182,549,100,6,6,2.4,105|2257|4052|5915|9175|166336,ADARB2|FGF12|LTBP1|RARB|MAP3K13|PRICKLE2,0,MyList
