_MEMBER_MyList,_LogP_MyList,GO,_PATTERN_,_RANK_,GiniIndex,Category,CategoryID,Description,PARENT_GO,LogP,Enrichment,Z-score,#TotalGeneInLibrary,#GeneInGO,#GeneInHitList,#GeneInGOAndHitList,%InGO,STDV %InGO,GeneID,Hits,Log(q-value),EvidenceCutoff
1,-4.3,M39135,M1,1,0,Cell Type Signatures,7,AIZARANI LIVER C39 EPCAM POS BILE DUCT CELLS 4,,-4.3,7.5,6.3,30169,184,154,7,4.5,1.7,966|4791|5314|7082|7357|7414|8878,CD59|NFKB2|PKHD1|TJP1|UGCG|VCL|SQSTM1,-0.94,0
1,-3.9,M39018,M1,1,0,Cell Type Signatures,7,FAN EMBRYONIC CTX BIG GROUPS BRAIN ENDOTHELIAL,,-3.9,4.8,5.3,30169,365,154,9,5.8,1.9,762|1291|6539|7010|7082|7414|9771|80781|253827,CA4|COL6A1|SLC6A12|TEK|TJP1|VCL|RAPGEF5|COL18A1|MSRB3,-0.77,0
1,-3.3,M40271,M1,1,0,Cell Type Signatures,7,DESCARTES FETAL PANCREAS DUCTAL CELLS,,-3.3,7.7,5.4,30169,128,154,5,3.2,1.4,762|2150|3772|5314|10891,CA4|F2RL1|KCNJ15|PKHD1|PPARGC1A,-0.5,0
1,-3.1,M39050,M1,1,0,Cell Type Signatures,7,MANNO MIDBRAIN NEUROTYPES HPERIC,,-3.1,3,4,30169,795,154,12,7.8,2.2,309|762|1291|4074|6539|7082|7414|9771|80781|89848|219527|253827,ANXA6|CA4|COL6A1|M6PR|SLC6A12|TJP1|VCL|RAPGEF5|COL18A1|FCHSD1|LRRC55|MSRB3,-0.41,0
1,-3,M39040,M1,1,0,Cell Type Signatures,7,FAN EMBRYONIC CTX BRAIN ENDOTHELIAL 2,,-3,4.5,4.4,30169,303,154,7,4.5,1.7,309|762|1291|6539|7082|7414|80781,ANXA6|CA4|COL6A1|SLC6A12|TJP1|VCL|COL18A1,-0.38,0
1,-3,M39017,M1,1,0,Cell Type Signatures,7,FAN EMBRYONIC CTX BIG GROUPS CAJAL RETZIUS,,-3,3.5,4.1,30169,499,154,9,5.8,1.9,43|309|1291|5121|7162|8506|10891|79924|80781,ACHE|ANXA6|COL6A1|PCP4|TPBG|CNTNAP1|PPARGC1A|ADM2|COL18A1,-0.37,0
1,-2.9,M41667,M1,1,0,Cell Type Signatures,7,TRAVAGLINI LUNG CAPILLARY INTERMEDIATE 2 CELL,,-2.9,3.8,4.1,30169,408,154,8,5.2,1.8,546|6397|8125|23091|29101|51023|51727|84248,ATRX|SEC14L1|ANP32A|ZC3H13|SSU72|MRPS18C|CMPK1|FYTTD1,-0.35,0
1,-2.8,M39236,M1,1,0,Cell Type Signatures,7,LAKE ADULT KIDNEY C17 COLLECTING SYSTEM PCS STRESSED DISSOC SUBSET,,-2.8,4.9,4.3,30169,240,154,6,3.9,1.6,744|7082|7414|8878|10891|80781,MPPED2|TJP1|VCL|SQSTM1|PPARGC1A|COL18A1,-0.35,0
1,-2.8,M41720,M1,1,0,Cell Type Signatures,7,FAN OVARY CL18 B LYMPHOCYTE,,-2.8,3.7,4,30169,422,154,8,5.2,1.8,1933|4074|4791|7357|8125|8878|28972|84248,EEF1B2|M6PR|NFKB2|UGCG|ANP32A|SQSTM1|SPCS1|FYTTD1,-0.35,0
1,-2.8,M40270,M1,1,0,Cell Type Signatures,7,DESCARTES FETAL PANCREAS ENS NEURONS,,-2.8,6,4.6,30169,163,154,5,3.2,1.4,5801|9184|56133|79187|285704,PTPRR|BUB3|PCDHB2|FSD1|RGMB,-0.35,0
1,-2.7,M41717,M1,1,0,Cell Type Signatures,7,FAN OVARY CL15 SMALL ANTRAL FOLLICLE GRANULOSA CELL,,-2.7,3,3.7,30169,645,154,10,6.5,2,309|966|1933|2494|6397|7082|8880|51023|84259|140597,ANXA6|CD59|EEF1B2|NR5A2|SEC14L1|TJP1|FUBP1|MRPS18C|DCUN1D5|TCEAL2,-0.32,0
1,-2.6,M40208,M1,1,0,Cell Type Signatures,7,DESCARTES FETAL INTESTINE CHROMAFFIN CELLS,,-2.6,7,4.6,30169,112,154,4,2.6,1.3,4010|6098|6570|57113,LMX1B|ROS1|SLC18A1|TRPC7,-0.27,0
1,-2.6,M39175,M1,1,0,Cell Type Signatures,7,MURARO PANCREAS MESENCHYMAL STROMAL CELL,,-2.6,2.9,3.6,30169,680,154,10,6.5,2,309|966|1291|1933|4149|7162|7414|10981|25966|80781,ANXA6|CD59|COL6A1|EEF1B2|MAX|TPBG|VCL|RAB32|C2CD2|COL18A1,-0.27,0
1,-2.5,M41689,M1,1,0,Cell Type Signatures,7,TRAVAGLINI LUNG BASOPHIL MAST 1 CELL,,-2.5,4.3,3.9,30169,276,154,6,3.9,1.6,966|2581|3815|8878|10981|80781,CD59|GALC|KIT|SQSTM1|RAB32|COL18A1,-0.25,0
1,-2.4,M39191,M1,1,0,Cell Type Signatures,7,HAY BONE MARROW CD34 POS PRE PC,,-2.4,6.3,4.3,30169,124,154,4,2.6,1.3,613|744|55278|57507,BCR|MPPED2|QRSL1|ZNF608,-0.21,0
1,-2.4,M41691,M1,1,0,Cell Type Signatures,7,TRAVAGLINI LUNG PLATELET MEGAKARYOCYTE CELL,,-2.4,2.9,3.4,30169,604,154,9,5.8,1.9,489|2273|4149|6397|7414|7884|8878|10981|51727,ATP2A3|FHL1|MAX|SEC14L1|VCL|SLBP|SQSTM1|RAB32|CMPK1,-0.2,0
1,-2.4,M39121,M1,1,0,Cell Type Signatures,7,AIZARANI LIVER C20 LSECS 3,,-2.4,4,3.7,30169,295,154,6,3.9,1.6,966|2494|6397|7357|7414|9771,CD59|NR5A2|SEC14L1|UGCG|VCL|RAPGEF5,-0.2,0
1,-2.3,M40249,M1,1,0,Cell Type Signatures,7,DESCARTES FETAL LUNG VISCERAL NEURONS,,-2.3,4.6,3.8,30169,212,154,5,3.2,1.4,43|148|4804|5801|114784,ACHE|ADRA1A|NGFR|PTPRR|CSMD2,-0.17,0
1,-2.3,M39113,M1,1,0,Cell Type Signatures,7,AIZARANI LIVER C9 LSECS 1,,-2.3,3.9,3.6,30169,304,154,6,3.9,1.6,2273|2494|6397|7357|9619|9771,FHL1|NR5A2|SEC14L1|UGCG|ABCG1|RAPGEF5,-0.17,0
1,-2.3,M39208,M1,1,0,Cell Type Signatures,7,HAY BONE MARROW PRO B,,-2.3,3.9,3.6,30169,304,154,6,3.9,1.6,489|8125|8914|9184|10949|11164,ATP2A3|ANP32A|TIMELESS|BUB3|HNRNPA0|NUDT5,-0.17,0
1,-2.3,M39058,M1,1,0,Cell Type Signatures,7,MANNO MIDBRAIN NEUROTYPES HPROGM,,-2.3,3.8,3.6,30169,307,154,6,3.9,1.6,1036|4010|7162|8100|55872|728658,CDO1|LMX1B|TPBG|IFT88|PBK|RPL13AP5,-0.15,0
1,-2.3,M40246,M1,1,0,Cell Type Signatures,7,DESCARTES FETAL LUNG BRONCHIOLAR AND ALVEOLAR EPITHELIAL CELLS,,-2.3,8.4,4.4,30169,70,154,3,1.9,1.1,3772|5314|6098,KCNJ15|PKHD1|ROS1,-0.12,0
1,-2.2,M40257,M1,1,0,Cell Type Signatures,7,DESCARTES FETAL MUSCLE VASCULAR ENDOTHELIAL CELLS,,-2.2,8.1,4.3,30169,73,154,3,1.9,1.1,762|5801|9771,CA4|PTPRR|RAPGEF5,-0.1,0
1,-2.1,M40177,M1,1,0,Cell Type Signatures,7,DESCARTES FETAL EYE RETINAL PIGMENT CELLS,,-2.1,7.4,4.1,30169,79,154,3,1.9,1.1,6539|93649|285189,SLC6A12|MYOCD|PLGLA,-0.064,0
1,-2.1,M39246,M1,1,0,Cell Type Signatures,7,LAKE ADULT KIDNEY C27 VASCULAR SMOOTH MUSCLE CELLS AND PERICYTES,,-2.1,5.1,3.6,30169,155,154,4,2.6,1.3,7082|7414|80781|253827,TJP1|VCL|COL18A1|MSRB3,-0.051,0
1,-2.1,M41680,M1,1,0,Cell Type Signatures,7,TRAVAGLINI LUNG B CELL,,-2.1,5.1,3.6,30169,155,154,4,2.6,1.3,489|8202|9450|55278,ATP2A3|NCOA3|LY86|QRSL1,-0.051,0
