_MEMBER_MyList,_LogP_MyList,GO,_PATTERN_,_RANK_,GiniIndex,Category,CategoryID,Description,PARENT_GO,LogP,Enrichment,Z-score,#TotalGeneInLibrary,#GeneInGO,#GeneInHitList,#GeneInGOAndHitList,%InGO,STDV %InGO,GeneID,Hits,Log(q-value),EvidenceCutoff
1,-5.7,C4521042,M1,1,0,DisGeNET,35,Complete Trisomy 21 Syndrome,,-5.7,4.4,6.4,30169,668,154,15,9.7,2.4,148|410|613|648|966|1291|3815|5121|8208|8295|8878|9619|10891|26060|80781,ADRA1A|ARSA|BCR|BMI1|CD59|COL6A1|KIT|PCP4|CHAF1B|TRRAP|SQSTM1|ABCG1|PPARGC1A|APPL1|COL18A1,-1.5,0
1,-5.7,C0013080,M1,1,0,DisGeNET,35,Down Syndrome,,-5.7,4.1,6.2,30169,765,154,16,10,2.5,148|410|613|648|966|1291|3772|3815|5121|8208|8295|8878|9619|10891|26060|80781,ADRA1A|ARSA|BCR|BMI1|CD59|COL6A1|KCNJ15|KIT|PCP4|CHAF1B|TRRAP|SQSTM1|ABCG1|PPARGC1A|APPL1|COL18A1,-1.5,0
1,-4.8,C0428472,M1,1,0,DisGeNET,35,Serum HDL cholesterol measurement,,-4.8,6.2,6.3,30169,283,154,9,5.8,1.9,43|148|176|2150|7414|8125|25806|84649|93649,ACHE|ADRA1A|ACAN|F2RL1|VCL|ANP32A|VAX2|DGAT2|MYOCD,-0.94,0
1,-4.8,C3469521,M1,1,0,DisGeNET,35,"FANCONI ANEMIA, COMPLEMENTATION GROUP A (disorder)",,-4.8,5.5,6.1,30169,359,154,10,6.5,2,546|613|1663|2177|3815|5610|10891|26073|79187|92822,ATRX|BCR|DDX11|FANCD2|KIT|EIF2AK2|PPARGC1A|POLDIP2|FSD1|ZNF276,-0.94,0
1,-4.7,C0856169,M1,1,0,DisGeNET,35,Endothelial dysfunction,,-4.7,3.8,5.5,30169,716,154,14,9.1,2.3,148|176|2150|5610|6098|8878|9619|9771|10891|26060|26073|51548|79187|79924,ADRA1A|ACAN|F2RL1|EIF2AK2|ROS1|SQSTM1|ABCG1|RAPGEF5|PPARGC1A|APPL1|POLDIP2|SIRT6|FSD1|ADM2,-0.94,0
1,-4.6,C0029410,M1,1,0,DisGeNET,35,Osteoarthritis of hip,,-4.6,8.4,6.8,30169,164,154,7,4.5,1.7,176|410|4010|4185|7884|8125|8202,ACAN|ARSA|LMX1B|ADAM11|SLBP|ANP32A|NCOA3,-0.94,0
1,-4.5,C3887499,M1,1,0,DisGeNET,35,Renal cyst,,-4.5,8.1,6.6,30169,170,154,7,4.5,1.7,5314|7357|8100|8295|8462|26060|55746,PKHD1|UGCG|IFT88|TRRAP|KLF11|APPL1|NUP133,-0.94,0
1,-4.4,C0015625,M1,1,0,DisGeNET,35,Fanconi Anemia,,-4.4,5,5.7,30169,393,154,10,6.5,2,546|613|1663|2177|3815|5610|10891|26073|79187|92822,ATRX|BCR|DDX11|FANCD2|KIT|EIF2AK2|PPARGC1A|POLDIP2|FSD1|ZNF276,-0.94,0
1,-4.4,C0456909,M1,1,0,DisGeNET,35,Blindness,,-4.4,5,5.7,30169,393,154,10,6.5,2,546|762|2273|2581|6098|6101|8100|9619|10891|123016,ATRX|CA4|FHL1|GALC|ROS1|RP1|IFT88|ABCG1|PPARGC1A|TTC8,-0.94,0
1,-4.4,C0015672,M1,1,0,DisGeNET,35,Fatigue,,-4.4,3.6,5.2,30169,760,154,14,9.1,2.3,43|546|613|966|3815|4149|4791|5801|6098|8878|8914|9381|10891|26073,ACHE|ATRX|BCR|CD59|KIT|MAX|NFKB2|PTPRR|ROS1|SQSTM1|TIMELESS|OTOF|PPARGC1A|POLDIP2,-0.94,0
1,-4.4,C0221263,M1,1,0,DisGeNET,35,Cafe-au-Lait Spots,,-4.4,13,7.5,30169,74,154,5,3.2,1.4,1291|2177|3815|4149|9652,COL6A1|FANCD2|KIT|MAX|SKIC3,-0.94,0
1,-4.4,C0017601,M1,1,0,DisGeNET,35,Glaucoma,,-4.4,3.6,5.2,30169,769,154,14,9.1,2.3,43|762|4010|4804|6098|6101|7010|8100|8878|9184|9652|9771|80781|123016,ACHE|CA4|LMX1B|NGFR|ROS1|RP1|TEK|IFT88|SQSTM1|BUB3|SKIC3|RAPGEF5|COL18A1|TTC8,-0.94,0
1,-4.3,C1969372,M1,1,0,DisGeNET,35,Tubulointerstitial fibrosis,,-4.3,5.4,5.7,30169,327,154,9,5.8,1.9,648|2150|5314|7010|9771|10891|26073|55872|80781,BMI1|F2RL1|PKHD1|TEK|RAPGEF5|PPARGC1A|POLDIP2|PBK|COL18A1,-0.94,0
1,-4.1,C0022578,M1,1,0,DisGeNET,35,Keratoconus,,-4.1,5.8,5.7,30169,269,154,8,5.2,1.8,762|1291|4010|4804|6101|7357|8100|123016,CA4|COL6A1|LMX1B|NGFR|RP1|UGCG|IFT88|TTC8,-0.78,0
1,-4.1,C0018834,M1,1,0,DisGeNET,35,Heartburn,,-4.1,8.5,6.3,30169,139,154,6,3.9,1.6,148|176|2150|2494|3815|79054,ADRA1A|ACAN|F2RL1|NR5A2|KIT|TRPM8,-0.78,0
1,-4.1,C0020459,M1,1,0,DisGeNET,35,Hyperinsulinism,,-4.1,3.8,5,30169,620,154,12,7.8,2.2,309|762|966|3772|6098|6101|7010|8100|8462|10891|123016|284654,ANXA6|CA4|CD59|KCNJ15|ROS1|RP1|TEK|IFT88|KLF11|PPARGC1A|TTC8|RSPO1,-0.78,0
1,-4,C0002793,M1,1,0,DisGeNET,35,Anaplasia,,-4,4,5,30169,538,154,11,7.1,2.1,176|309|546|648|3815|7010|7082|8202|26073|55278|93649,ACAN|ANXA6|ATRX|BMI1|KIT|TEK|TJP1|NCOA3|POLDIP2|QRSL1|MYOCD,-0.77,0
1,-4,C0151889,M1,1,0,DisGeNET,35,Hyperreflexia,,-4,4,5,30169,539,154,11,7.1,2.1,410|546|762|2177|6101|8100|8506|8878|23259|54888|123016,ARSA|ATRX|CA4|FANCD2|RP1|IFT88|CNTNAP1|SQSTM1|DDHD2|NSUN2|TTC8,-0.77,0
1,-3.9,C1384666,M1,1,0,DisGeNET,35,hearing impairment,,-3.9,3.4,4.8,30169,740,154,13,8.4,2.2,1663|2177|2581|3815|4010|8295|8506|9184|9381|54888|123016|253827|284654,DDX11|FANCD2|GALC|KIT|LMX1B|TRRAP|CNTNAP1|BUB3|OTOF|NSUN2|TTC8|MSRB3|RSPO1,-0.77,0
1,-3.9,C0041696,M1,1,0,DisGeNET,35,Unipolar Depression,,-3.9,3.7,4.9,30169,641,154,12,7.8,2.2,148|410|613|1816|4010|4074|4804|5801|8914|9572|9771|57113,ADRA1A|ARSA|BCR|DRD5|LMX1B|M6PR|NGFR|PTPRR|TIMELESS|NR1D1|RAPGEF5|TRPC7,-0.77,0
1,-3.9,C1857679,M1,1,0,DisGeNET,35,Sloping forehead,,-3.9,7.9,6,30169,149,154,6,3.9,1.6,546|1663|2177|9184|10300|54888,ATRX|DDX11|FANCD2|BUB3|KATNB1|NSUN2,-0.77,0
1,-3.9,C0936282,M1,1,0,DisGeNET,35,Blastoma,,-3.9,29,9.1,30169,20,154,3,1.9,1.1,148|410|648,ADRA1A|ARSA|BMI1,-0.74,0
1,-3.8,C0003504,M1,1,0,DisGeNET,35,Aortic Valve Insufficiency,,-3.8,4.7,5.1,30169,377,154,9,5.8,1.9,148|613|6098|9184|9652|26073|55278|55872|79187,ADRA1A|BCR|ROS1|BUB3|SKIC3|POLDIP2|QRSL1|PBK|FSD1,-0.74,0
1,-3.8,C0178664,M1,1,0,DisGeNET,35,Glomerulosclerosis (disorder),,-3.8,6.2,5.6,30169,221,154,7,4.5,1.7,2150|4010|4149|6098|7082|9771|26073,F2RL1|LMX1B|MAX|ROS1|TJP1|RAPGEF5|POLDIP2,-0.74,0
1,-3.8,C0019569,M1,1,0,DisGeNET,35,Hirschsprung Disease,,-3.8,4.6,5.1,30169,384,154,9,5.8,1.9,43|148|546|648|1291|2177|2273|3815|5801,ACHE|ADRA1A|ATRX|BMI1|COL6A1|FANCD2|FHL1|KIT|PTPRR,-0.72,0
1,-3.8,C0020255,M1,1,0,DisGeNET,35,Hydrocephalus,,-3.8,4.1,4.9,30169,473,154,10,6.5,2,43|648|2177|2581|7357|8506|54888|54986|80781|123016,ACHE|BMI1|FANCD2|GALC|UGCG|CNTNAP1|NSUN2|ULK4|COL18A1|TTC8,-0.72,0
1,-3.8,C0029124,M1,1,0,DisGeNET,35,Optic Atrophy,,-3.8,3.8,4.8,30169,568,154,11,7.1,2.1,410|546|762|2581|4791|6101|7884|8100|8506|84816|123016,ARSA|ATRX|CA4|GALC|NFKB2|RP1|SLBP|IFT88|CNTNAP1|RTN4IP1|TTC8,-0.72,0
1,-3.6,C1836926,M1,1,0,DisGeNET,35,Bone spicule pigmentation of the retina,,-3.6,24,8.2,30169,24,154,3,1.9,1.1,762|6101|123016,CA4|RP1|TTC8,-0.59,0
1,-3.6,C0018798,M1,1,0,DisGeNET,35,Congenital Heart Defects,,-3.6,4.3,4.9,30169,406,154,9,5.8,1.9,1291|2177|5314|7010|8295|10300|10891|55278|79187,COL6A1|FANCD2|PKHD1|TEK|TRRAP|KATNB1|PPARGC1A|QRSL1|FSD1,-0.59,0
1,-3.6,C0340279,M1,1,0,DisGeNET,35,Ventricular hypertrophy,,-3.6,13,6.7,30169,60,154,4,2.6,1.3,2273|5314|7414|93649,FHL1|PKHD1|VCL|MYOCD,-0.59,0
1,-3.5,C0263630,M1,1,0,DisGeNET,35,"Hypertrophic disorder of skin, unspecified",,-3.5,13,6.6,30169,62,154,4,2.6,1.3,309|26073|79187|93649,ANXA6|POLDIP2|FSD1|MYOCD,-0.58,0
1,-3.5,C3160718,M1,1,0,DisGeNET,35,"PARKINSON DISEASE, LATE-ONSET",,-3.5,5.6,5.1,30169,247,154,7,4.5,1.7,410|1816|2581|4804|6433|10891|80781,ARSA|DRD5|GALC|NGFR|SFSWAP|PPARGC1A|COL18A1,-0.58,0
1,-3.5,C0007114,M1,1,0,DisGeNET,35,Malignant neoplasm of skin,,-3.5,3.9,4.7,30169,508,154,10,6.5,2,148|648|2494|3815|4804|8451|8878|26073|51548|55872,ADRA1A|BMI1|NR5A2|KIT|NGFR|CUL4A|SQSTM1|POLDIP2|SIRT6|PBK,-0.58,0
1,-3.5,C0009241,M1,1,0,DisGeNET,35,Cognition Disorders,,-3.5,3.6,4.5,30169,607,154,11,7.1,2.1,43|148|648|4804|7082|8125|8878|9619|10891|26073|348654,ACHE|ADRA1A|BMI1|NGFR|TJP1|ANP32A|SQSTM1|ABCG1|PPARGC1A|POLDIP2|GEN1,-0.58,0
1,-3.5,C1806780,M1,1,0,DisGeNET,35,Increased CSF protein,,-3.5,23,7.9,30169,26,154,3,1.9,1.1,410|966|2581,ARSA|CD59|GALC,-0.57,0
1,-3.5,C3900098,M1,1,0,DisGeNET,35,Adult Myelodysplastic Syndrome,,-3.5,4.7,4.9,30169,332,154,8,5.2,1.8,546|613|648|966|2177|3815|8506|26073,ATRX|BCR|BMI1|CD59|FANCD2|KIT|CNTNAP1|POLDIP2,-0.57,0
1,-3.5,C2347761,M1,1,0,DisGeNET,35,Childhood Myelodysplastic Syndrome,,-3.5,4.7,4.8,30169,335,154,8,5.2,1.8,546|613|648|966|2177|3815|8506|26073,ATRX|BCR|BMI1|CD59|FANCD2|KIT|CNTNAP1|POLDIP2,-0.56,0
1,-3.5,C0026985,M1,1,0,DisGeNET,35,Myelodysplasia,,-3.5,6.5,5.3,30169,181,154,6,3.9,1.6,546|613|2177|3815|9184|26073,ATRX|BCR|FANCD2|KIT|BUB3|POLDIP2,-0.56,0
1,-3.4,C0279583,M1,1,0,DisGeNET,35,Childhood T Acute Lymphoblastic Leukemia,,-3.4,8.2,5.7,30169,119,154,5,3.2,1.4,410|613|966|2177|3815,ARSA|BCR|CD59|FANCD2|KIT,-0.54,0
1,-3.4,C0542476,M1,1,0,DisGeNET,35,Forgetful,,-3.4,4.1,4.6,30169,429,154,9,5.8,1.9,43|148|410|2177|4804|5610|8878|10891|26073,ACHE|ADRA1A|ARSA|FANCD2|NGFR|EIF2AK2|SQSTM1|PPARGC1A|POLDIP2,-0.54,0
1,-3.4,C0522224,M1,1,0,DisGeNET,35,Paralysed,,-3.4,12,6.2,30169,68,154,4,2.6,1.3,966|8506|8878|10891,CD59|CNTNAP1|SQSTM1|PPARGC1A,-0.53,0
1,-3.4,C1963099,M1,1,0,DisGeNET,35,"Myelodysplasia, CTCAE",,-3.4,12,6.2,30169,68,154,4,2.6,1.3,546|2177|3815|9184,ATRX|FANCD2|KIT|BUB3,-0.53,0
1,-3.4,C0006266,M1,1,0,DisGeNET,35,Bronchospasm,,-3.4,20,7.4,30169,29,154,3,1.9,1.1,176|546|6098,ACAN|ATRX|ROS1,-0.51,0
1,-3.3,C0302142,M1,1,0,DisGeNET,35,Deformity,,-3.3,4.5,4.7,30169,350,154,8,5.2,1.8,43|5314|6098|7010|8100|9381|10300|26033,ACHE|PKHD1|ROS1|TEK|IFT88|OTOF|KATNB1|ATRNL1,-0.51,0
1,-3.3,C0234252,M1,1,0,DisGeNET,35,Mechanical pain,,-3.3,20,7.3,30169,30,154,3,1.9,1.1,309|2150|3815,ANXA6|F2RL1|KIT,-0.51,0
1,-3.3,C0017921,M1,1,0,DisGeNET,35,Glycogen storage disease type II,,-3.3,6.1,5.1,30169,194,154,6,3.9,1.6,966|2273|2581|9619|10891|80781,CD59|FHL1|GALC|ABCG1|PPARGC1A|COL18A1,-0.5,0
1,-3.3,C0153690,M1,1,0,DisGeNET,35,Secondary malignant neoplasm of bone,,-3.3,3.3,4.3,30169,647,154,11,7.1,2.1,148|966|2150|3815|6098|7010|8506|8878|26033|26073|79187,ADRA1A|CD59|F2RL1|KIT|ROS1|TEK|CNTNAP1|SQSTM1|ATRNL1|POLDIP2|FSD1,-0.5,0
1,-3.3,C0392885,M1,1,0,DisGeNET,35,High density lipoprotein measurement,,-3.3,3.6,4.4,30169,545,154,10,6.5,2,43|148|176|2150|7414|8125|23211|25806|84649|93649,ACHE|ADRA1A|ACAN|F2RL1|VCL|ANP32A|ZC3H4|VAX2|DGAT2|MYOCD,-0.5,0
1,-3.3,C0236734,M1,1,0,DisGeNET,35,Caffeine related disorders,,-3.3,4.4,4.6,30169,359,154,8,5.2,1.8,43|176|546|2177|6098|8878|10891|26073,ACHE|ACAN|ATRX|FANCD2|ROS1|SQSTM1|PPARGC1A|POLDIP2,-0.5,0
1,-3.2,C0233794,M1,1,0,DisGeNET,35,Memory impairment,,-3.2,3.1,4.2,30169,763,154,12,7.8,2.2,43|148|410|2177|4804|5610|7082|8125|8878|9572|10891|26073,ACHE|ADRA1A|ARSA|FANCD2|NGFR|EIF2AK2|TJP1|ANP32A|SQSTM1|NR1D1|PPARGC1A|POLDIP2,-0.48,0
1,-3.2,C1704327,M1,1,0,DisGeNET,35,Bone Sarcoma,,-3.2,18,7,30169,32,154,3,1.9,1.1,546|3815|80781,ATRX|KIT|COL18A1,-0.48,0
1,-3.2,C4288891,M1,1,0,DisGeNET,35,Infant T Acute Lymphoblastic Leukemia,,-3.2,10,5.9,30169,75,154,4,2.6,1.3,410|613|966|3815,ARSA|BCR|CD59|KIT,-0.47,0
1,-3.2,C0007194,M1,1,0,DisGeNET,35,Hypertrophic Cardiomyopathy,,-3.2,3.5,4.3,30169,559,154,10,6.5,2,966|2177|2273|4634|7414|10891|55278|79187|80781|93649,CD59|FANCD2|FHL1|MYL3|VCL|PPARGC1A|QRSL1|FSD1|COL18A1|MYOCD,-0.46,0
1,-3.2,C1449563,M1,1,0,DisGeNET,35,"Cardiomyopathy, Familial Idiopathic",,-3.2,3,4.1,30169,772,154,12,7.8,2.2,648|966|3815|4634|6098|7010|7414|8878|8914|10891|79187|93649,BMI1|CD59|KIT|MYL3|ROS1|TEK|VCL|SQSTM1|TIMELESS|PPARGC1A|FSD1|MYOCD,-0.46,0
1,-3.2,C1850049,M1,1,0,DisGeNET,35,Clinodactyly of the 5th finger,,-3.2,4.8,4.6,30169,284,154,7,4.5,1.7,546|613|2177|4010|8295|9184|54888,ATRX|BCR|FANCD2|LMX1B|TRRAP|BUB3|NSUN2,-0.45,0
1,-3.2,C0040420,M1,1,0,DisGeNET,35,Tonometry,,-3.2,5.7,4.9,30169,206,154,6,3.9,1.6,1291|4010|5314|5801|219623|284654,COL6A1|LMX1B|PKHD1|PTPRR|TMEM26|RSPO1,-0.44,0
1,-3.1,C0023448,M1,1,0,DisGeNET,35,Lymphoid leukemia,,-3.1,4.8,4.6,30169,288,154,7,4.5,1.7,613|648|3815|5610|8506|55278|80781,BCR|BMI1|KIT|EIF2AK2|CNTNAP1|QRSL1|COL18A1,-0.43,0
1,-3.1,C0020473,M1,1,0,DisGeNET,35,Hyperlipidemia,,-3.1,3.7,4.3,30169,472,154,9,5.8,1.9,43|410|4010|9771|23030|26033|26073|79187|84649,ACHE|ARSA|LMX1B|RAPGEF5|KDM4B|ATRNL1|POLDIP2|FSD1|DGAT2,-0.42,0
1,-3.1,C1328504,M1,1,0,DisGeNET,35,Hormone refractory prostate cancer,,-3.1,3.2,4.1,30169,683,154,11,7.1,2.1,148|309|613|648|1291|2494|6098|8202|10891|23030|79054,ADRA1A|ANXA6|BCR|BMI1|COL6A1|NR5A2|ROS1|NCOA3|PPARGC1A|KDM4B|TRPM8,-0.41,0
1,-3.1,C0238288,M1,1,0,DisGeNET,35,"Muscular Dystrophy, Facioscapulohumeral",,-3.1,6.9,5,30169,142,154,5,3.2,1.4,176|2273|8208|26033|26073,ACAN|FHL1|CHAF1B|ATRNL1|POLDIP2,-0.41,0
1,-3.1,C0022665,M1,1,0,DisGeNET,35,Kidney Neoplasm,,-3.1,4.6,4.5,30169,295,154,7,4.5,1.7,43|3815|4149|4804|5610|79187|80781,ACHE|KIT|MAX|NGFR|EIF2AK2|FSD1|COL18A1,-0.41,0
1,-3.1,C1709527,M1,1,0,DisGeNET,35,B Acute Lymphoblastic Leukemia with t(9;22)(q34.1;q11.2); BCR-ABL1,,-3.1,9.4,5.5,30169,83,154,4,2.6,1.3,613|648|6098|8506,BCR|BMI1|ROS1|CNTNAP1,-0.4,0
1,-3.1,C0442874,M1,1,0,DisGeNET,35,Neuropathy,,-3.1,3.7,4.2,30169,483,154,9,5.8,1.9,43|613|2150|4804|8506|10891|26073|79054|84649,ACHE|BCR|F2RL1|NGFR|CNTNAP1|PPARGC1A|POLDIP2|TRPM8|DGAT2,-0.4,0
1,-3,C1442903,M1,1,0,DisGeNET,35,Exostoses,,-3,16,6.5,30169,37,154,3,1.9,1.1,176|966|4010,ACAN|CD59|LMX1B,-0.4,0
1,-3,C1849097,M1,1,0,DisGeNET,35,Loss of ability to walk,,-3,16,6.5,30169,37,154,3,1.9,1.1,1291|2581|55958,COL6A1|GALC|KLHL9,-0.4,0
1,-3,C0036220,M1,1,0,DisGeNET,35,Kaposi Sarcoma,,-3,3.6,4.2,30169,488,154,9,5.8,1.9,148|309|613|3815|5610|7010|51548|79187|80781,ADRA1A|ANXA6|BCR|KIT|EIF2AK2|TEK|SIRT6|FSD1|COL18A1,-0.38,0
1,-3,C0024433,M1,1,0,DisGeNET,35,Macrostomia,,-3,6.6,4.9,30169,148,154,5,3.2,1.4,546|1663|8295|9652|54888,ATRX|DDX11|TRRAP|SKIC3|NSUN2,-0.38,0
1,-3,C0020619,M1,1,0,DisGeNET,35,Hypogonadism,,-3,4.5,4.4,30169,305,154,7,4.5,1.7,546|762|2177|6101|8100|26033|123016,ATRX|CA4|FANCD2|RP1|IFT88|ATRNL1|TTC8,-0.38,0
1,-3,C0541794,M1,1,0,DisGeNET,35,Skeletal muscle atrophy,,-3,4.5,4.4,30169,306,154,7,4.5,1.7,966|1291|2273|8506|8878|10891|123016,CD59|COL6A1|FHL1|CNTNAP1|SQSTM1|PPARGC1A|TTC8,-0.38,0
1,-3,C0264716,M1,1,0,DisGeNET,35,Chronic heart failure,,-3,5.3,4.6,30169,223,154,6,3.9,1.6,148|6098|9771|10891|79187|79924,ADRA1A|ROS1|RAPGEF5|PPARGC1A|FSD1|ADM2,-0.38,0
1,-3,C1857486,M1,1,0,DisGeNET,35,"Low-set, posteriorly rotated ears",,-3,5.3,4.6,30169,223,154,6,3.9,1.6,176|546|5314|9184|54888|123016,ACAN|ATRX|PKHD1|BUB3|NSUN2|TTC8,-0.38,0
1,-3,C0023798,M1,1,0,DisGeNET,35,Lipoma,,-3,9,5.4,30169,87,154,4,2.6,1.3,176|8878|51548|253827,ACAN|SQSTM1|SIRT6|MSRB3,-0.38,0
1,-3,C4024818,M1,1,0,DisGeNET,35,Progressive night blindness,,-3,9,5.4,30169,87,154,4,2.6,1.3,762|6101|8100|123016,CA4|RP1|IFT88|TTC8,-0.38,0
1,-3,C0376618,M1,1,0,DisGeNET,35,Endotoxemia,,-3,3.9,4.2,30169,401,154,8,5.2,1.8,148|966|5610|6098|7010|8878|26073|79693,ADRA1A|CD59|EIF2AK2|ROS1|TEK|SQSTM1|POLDIP2|YRDC,-0.37,0
1,-2.9,C0085636,M1,1,0,DisGeNET,35,Photophobia,,-2.9,5.2,4.5,30169,227,154,6,3.9,1.6,546|762|6101|8100|84816|123016,ATRX|CA4|RP1|IFT88|RTN4IP1|TTC8,-0.36,0
1,-2.9,C0278883,M1,1,0,DisGeNET,35,Metastatic melanoma,,-2.9,3.5,4.1,30169,504,154,9,5.8,1.9,410|648|1663|3815|4074|4804|8878|51548|80781,ARSA|BMI1|DDX11|KIT|M6PR|NGFR|SQSTM1|SIRT6|COL18A1,-0.35,0
1,-2.9,C0002878,M1,1,0,DisGeNET,35,"Anemia, Hemolytic",,-2.9,6.4,4.8,30169,154,154,5,3.2,1.4,966|2177|4791|7357|8880,CD59|FANCD2|NFKB2|UGCG|FUBP1,-0.35,0
1,-2.9,C1840077,M1,1,0,DisGeNET,35,Anteverted nostril,,-2.9,3.9,4.1,30169,407,154,8,5.2,1.8,546|762|6101|8100|8295|8506|9652|123016,ATRX|CA4|RP1|IFT88|TRRAP|CNTNAP1|SKIC3|TTC8,-0.35,0
1,-2.9,C0234985,M1,1,0,DisGeNET,35,Mental deterioration,,-2.9,3.5,4,30169,508,154,9,5.8,1.9,43|410|2177|5610|7010|8125|8878|10891|26073,ACHE|ARSA|FANCD2|EIF2AK2|TEK|ANP32A|SQSTM1|PPARGC1A|POLDIP2,-0.35,0
1,-2.9,C0018790,M1,1,0,DisGeNET,35,Cardiac Arrest,,-2.9,3.8,4.1,30169,411,154,8,5.2,1.8,43|309|410|6098|7010|7357|9771|26073,ACHE|ANXA6|ARSA|ROS1|TEK|UGCG|RAPGEF5|POLDIP2,-0.35,0
1,-2.9,C0020626,M1,1,0,DisGeNET,35,Hypoparathyroidism,,-2.9,8.5,5.2,30169,92,154,4,2.6,1.3,148|2273|54888|55278,ADRA1A|FHL1|NSUN2|QRSL1,-0.35,0
1,-2.9,C0280781,M1,1,0,DisGeNET,35,Adult Pilocytic Astrocytoma,,-2.9,8.5,5.2,30169,92,154,4,2.6,1.3,546|3815|26073|80781,ATRX|KIT|POLDIP2|COL18A1,-0.35,0
1,-2.9,C0334121,M1,1,0,DisGeNET,35,Inflammatory Myofibroblastic Tumor,,-2.9,8.5,5.2,30169,92,154,4,2.6,1.3,3815|6098|7884|8878,KIT|ROS1|SLBP|SQSTM1,-0.35,0
1,-2.9,C4721772,M1,1,0,DisGeNET,35,Postoperative delirium,,-2.9,14,6,30169,42,154,3,1.9,1.1,43|410|79104,ACHE|ARSA|MEG8,-0.35,0
1,-2.9,C0026847,M1,1,0,DisGeNET,35,Spinal Muscular Atrophy,,-2.9,4.3,4.2,30169,320,154,7,4.5,1.7,43|3815|8506|8878|9572|10891|26073,ACHE|KIT|CNTNAP1|SQSTM1|NR1D1|PPARGC1A|POLDIP2,-0.35,0
1,-2.9,C0023480,M1,1,0,DisGeNET,35,"Leukemia, Myelomonocytic, Chronic",,-2.9,6.2,4.7,30169,158,154,5,3.2,1.4,43|613|3815|6098|8506,ACHE|BCR|KIT|ROS1|CNTNAP1,-0.35,0
1,-2.9,C0678230,M1,1,0,DisGeNET,35,Congenital Epicanthus,,-2.9,3.8,4.1,30169,417,154,8,5.2,1.8,546|1663|2177|8295|8506|9184|54888|80781,ATRX|DDX11|FANCD2|TRRAP|CNTNAP1|BUB3|NSUN2|COL18A1,-0.35,0
1,-2.8,C0220641,M1,1,0,DisGeNET,35,Lip and Oral Cavity Carcinoma,,-2.8,2.9,3.8,30169,734,154,11,7.1,2.1,648|2273|4804|5801|6098|8125|8208|8878|9184|11199|55872,BMI1|FHL1|NGFR|PTPRR|ROS1|ANP32A|CHAF1B|SQSTM1|BUB3|ANXA10|PBK,-0.35,0
1,-2.8,C0281361,M1,1,0,DisGeNET,35,Adenocarcinoma of pancreas,,-2.8,3.4,4,30169,518,154,9,5.8,1.9,410|2150|2494|7010|8202|8878|11199|26073|79054,ARSA|F2RL1|NR5A2|TEK|NCOA3|SQSTM1|ANXA10|POLDIP2|TRPM8,-0.35,0
1,-2.8,C0521158,M1,1,0,DisGeNET,35,Recurrent tumor,,-2.8,2.9,3.8,30169,735,154,11,7.1,2.1,148|546|648|2177|3815|6098|7010|8878|8914|11199|80781,ADRA1A|ATRX|BMI1|FANCD2|KIT|ROS1|TEK|SQSTM1|TIMELESS|ANXA10|COL18A1,-0.35,0
1,-2.8,C0205768,M1,1,0,DisGeNET,35,Subependymal Giant Cell Astrocytoma,,-2.8,13,5.9,30169,44,154,3,1.9,1.1,309|546|8202,ANXA6|ATRX|NCOA3,-0.35,0
1,-2.8,C0220603,M1,1,0,DisGeNET,35,Childhood Brain Neoplasm,,-2.8,13,5.9,30169,44,154,3,1.9,1.1,648|3815|4804,BMI1|KIT|NGFR,-0.35,0
1,-2.8,C0018923,M1,1,0,DisGeNET,35,Hemangiosarcoma,,-2.8,6,4.6,30169,162,154,5,3.2,1.4,309|3815|6098|7010|80781,ANXA6|KIT|ROS1|TEK|COL18A1,-0.35,0
1,-2.8,C0023524,M1,1,0,DisGeNET,35,"Leukoencephalopathy, Progressive Multifocal",,-2.8,4.9,4.3,30169,240,154,6,3.9,1.6,546|613|8202|8878|10891|26073,ATRX|BCR|NCOA3|SQSTM1|PPARGC1A|POLDIP2,-0.35,0
1,-2.8,C1510885,M1,1,0,DisGeNET,35,Angiogenic Switch,,-2.8,8.2,5,30169,96,154,4,2.6,1.3,148|2150|26073|80781,ADRA1A|F2RL1|POLDIP2|COL18A1,-0.35,0
1,-2.8,C0334583,M1,1,0,DisGeNET,35,Pilocytic Astrocytoma,,-2.8,6,4.6,30169,163,154,5,3.2,1.4,546|3815|8202|26073|80781,ATRX|KIT|NCOA3|POLDIP2|COL18A1,-0.35,0
1,-2.8,C0410158,M1,1,0,DisGeNET,35,Muscle damage,,-2.8,6,4.6,30169,163,154,5,3.2,1.4,2273|10891|26033|26073|79187,FHL1|PPARGC1A|ATRNL1|POLDIP2|FSD1,-0.35,0
1,-2.8,C0751295,M1,1,0,DisGeNET,35,Memory Loss,,-2.8,6,4.6,30169,163,154,5,3.2,1.4,43|7884|8125|26073|79187,ACHE|SLBP|ANP32A|POLDIP2|FSD1,-0.35,0
1,-2.8,C1332995,M1,1,0,DisGeNET,35,Childhood Pilocytic Astrocytoma,,-2.8,8.1,5,30169,97,154,4,2.6,1.3,546|3815|26073|80781,ATRX|KIT|POLDIP2|COL18A1,-0.35,0
1,-2.8,C0023464,M1,1,0,DisGeNET,35,Acute biphenotypic leukemia,,-2.8,13,5.8,30169,45,154,3,1.9,1.1,613|648|3815,BCR|BMI1|KIT,-0.35,0
1,-2.8,C0035613,M1,1,0,DisGeNET,35,Rift Valley Fever,,-2.8,13,5.8,30169,45,154,3,1.9,1.1,309|8878|26073,ANXA6|SQSTM1|POLDIP2,-0.35,0
1,-2.8,C0949664,M1,1,0,DisGeNET,35,Tauopathies,,-2.8,4.8,4.3,30169,245,154,6,3.9,1.6,43|4804|6098|8878|10891|26073,ACHE|NGFR|ROS1|SQSTM1|PPARGC1A|POLDIP2,-0.33,0
1,-2.8,C1849367,M1,1,0,DisGeNET,35,Nasal bridge wide,,-2.8,3.7,4,30169,429,154,8,5.2,1.8,546|762|3815|6101|8100|8295|9652|123016,ATRX|CA4|KIT|RP1|IFT88|TRRAP|SKIC3|TTC8,-0.33,0
1,-2.8,C1857451,M1,1,0,DisGeNET,35,Acth-Independent Macronodular Adrenal Hyperplasia,,-2.8,13,5.7,30169,46,154,3,1.9,1.1,148|23122|27290,ADRA1A|CLASP2|SPINK4,-0.33,0
1,-2.8,C0598935,M1,1,0,DisGeNET,35,Tumor Initiation,,-2.8,3.3,3.9,30169,533,154,9,5.8,1.9,148|648|4804|6098|8202|8878|10891|26073|79187,ADRA1A|BMI1|NGFR|ROS1|NCOA3|SQSTM1|PPARGC1A|POLDIP2|FSD1,-0.32,0
1,-2.8,C0268800,M1,1,0,DisGeNET,35,Simple renal cyst,,-2.8,7.8,4.9,30169,100,154,4,2.6,1.3,5314|8295|8462|26060,PKHD1|TRRAP|KLF11|APPL1,-0.32,0
1,-2.7,C0153381,M1,1,0,DisGeNET,35,Malignant neoplasm of mouth,,-2.7,2.9,3.7,30169,756,154,11,7.1,2.1,648|2273|4804|5801|6098|8125|8208|8878|9184|11199|55872,BMI1|FHL1|NGFR|PTPRR|ROS1|ANP32A|CHAF1B|SQSTM1|BUB3|ANXA10|PBK,-0.32,0
1,-2.7,C4021786,M1,1,0,DisGeNET,35,Atypical scarring of skin,,-2.7,7.8,4.9,30169,101,154,4,2.6,1.3,762|6101|8100|123016,CA4|RP1|IFT88|TTC8,-0.32,0
1,-2.7,C1512127,M1,1,0,DisGeNET,35,HER2 gene amplification,,-2.7,5.8,4.5,30169,170,154,5,3.2,1.4,3815|6098|8202|9572|26073,KIT|ROS1|NCOA3|NR1D1|POLDIP2,-0.32,0
1,-2.7,C0279592,M1,1,0,DisGeNET,35,Adult T Acute Lymphoblastic Leukemia,,-2.7,7.7,4.8,30169,102,154,4,2.6,1.3,410|613|966|3815,ARSA|BCR|CD59|KIT,-0.32,0
1,-2.7,C3811653,M1,1,0,DisGeNET,35,Experimental Organism Basal Cell Carcinoma,,-2.7,3.6,3.9,30169,437,154,8,5.2,1.8,148|648|6098|7010|26073|51548|55872|80781,ADRA1A|BMI1|ROS1|TEK|POLDIP2|SIRT6|PBK|COL18A1,-0.32,0
1,-2.7,C4082299,M1,1,0,DisGeNET,35,Bulbar palsy,,-2.7,12,5.6,30169,48,154,3,1.9,1.1,410|8506|8878,ARSA|CNTNAP1|SQSTM1,-0.32,0
1,-2.7,C0007112,M1,1,0,DisGeNET,35,Adenocarcinoma of prostate,,-2.7,4,4,30169,342,154,7,4.5,1.7,613|3815|6098|8125|8878|79187|80781,BCR|KIT|ROS1|ANP32A|SQSTM1|FSD1|COL18A1,-0.32,0
1,-2.7,C0023487,M1,1,0,DisGeNET,35,Acute Promyelocytic Leukemia,,-2.7,3,3.7,30169,651,154,10,6.5,2,546|613|2150|3815|4804|8202|8506|8878|9572|55278,ATRX|BCR|F2RL1|KIT|NGFR|NCOA3|CNTNAP1|SQSTM1|NR1D1|QRSL1,-0.32,0
1,-2.7,C0002622,M1,1,0,DisGeNET,35,Amnesia,,-2.7,5.7,4.4,30169,173,154,5,3.2,1.4,43|7884|8125|26073|79187,ACHE|SLBP|ANP32A|POLDIP2|FSD1,-0.31,0
1,-2.7,C0030521,M1,1,0,DisGeNET,35,Parathyroid Neoplasms,,-2.7,7.5,4.8,30169,104,154,4,2.6,1.3,148|546|648|55278,ADRA1A|ATRX|BMI1|QRSL1,-0.31,0
1,-2.7,C0018939,M1,1,0,DisGeNET,35,Hematological Disease,,-2.7,4.6,4.1,30169,255,154,6,3.9,1.6,613|3815|7010|8880|26033|55278,BCR|KIT|TEK|FUBP1|ATRNL1|QRSL1,-0.31,0
1,-2.7,C1318485,M1,1,0,DisGeNET,35,Liver regeneration disorder,,-2.7,4,4,30169,346,154,7,4.5,1.7,2177|8125|8878|10891|26033|26073|51548,FANCD2|ANP32A|SQSTM1|PPARGC1A|ATRNL1|POLDIP2|SIRT6,-0.31,0
1,-2.7,C0342276,M1,1,0,DisGeNET,35,Maturity onset diabetes mellitus in young,,-2.7,7.5,4.8,30169,105,154,4,2.6,1.3,2177|8462|8880|26060,FANCD2|KLF11|FUBP1|APPL1,-0.31,0
1,-2.7,C1834582,M1,1,0,DisGeNET,35,"MYELOPROLIFERATIVE SYNDROME, TRANSIENT",,-2.7,7.5,4.8,30169,105,154,4,2.6,1.3,2177|3815|8878|55278,FANCD2|KIT|SQSTM1|QRSL1,-0.31,0
1,-2.7,C0342649,M1,1,0,DisGeNET,35,Vascular calcification,,-2.7,4.6,4.1,30169,257,154,6,3.9,1.6,309|10891|23030|26033|26073|79924,ANXA6|PPARGC1A|KDM4B|ATRNL1|POLDIP2|ADM2,-0.31,0
1,-2.7,C0427144,M1,1,0,DisGeNET,35,Toe-walking gait,,-2.7,12,5.5,30169,50,154,3,1.9,1.1,410|1291|2273,ARSA|COL6A1|FHL1,-0.31,0
1,-2.6,C0031117,M1,1,0,DisGeNET,35,Peripheral Neuropathy,,-2.6,3.9,3.9,30169,351,154,7,4.5,1.7,410|966|2150|4804|9619|26073|84649,ARSA|CD59|F2RL1|NGFR|ABCG1|POLDIP2|DGAT2,-0.29,0
1,-2.6,C0427149,M1,1,0,DisGeNET,35,"Gait, Drop Foot",,-2.6,12,5.4,30169,51,154,3,1.9,1.1,2273|8878|55958,FHL1|SQSTM1|KLHL9,-0.29,0
1,-2.6,C0020429,M1,1,0,DisGeNET,35,Hyperalgesia,,-2.6,3.5,3.8,30169,451,154,8,5.2,1.8,148|2150|4804|5610|6539|11199|26073|79054,ADRA1A|F2RL1|NGFR|EIF2AK2|SLC6A12|ANXA10|POLDIP2|TRPM8,-0.29,0
1,-2.6,C0006413,M1,1,0,DisGeNET,35,Burkitt Lymphoma,,-2.6,3.2,3.7,30169,556,154,9,5.8,1.9,489|613|648|966|3815|4149|4791|6098|55872,ATP2A3|BCR|BMI1|CD59|KIT|MAX|NFKB2|ROS1|PBK,-0.29,0
1,-2.6,C4721806,M1,1,0,DisGeNET,35,"Carcinoma, Basal Cell",,-2.6,3.2,3.7,30169,557,154,9,5.8,1.9,148|648|6098|7010|8100|26073|51548|55872|80781,ADRA1A|BMI1|ROS1|TEK|IFT88|POLDIP2|SIRT6|PBK|COL18A1,-0.29,0
1,-2.6,C0018784,M1,1,0,DisGeNET,35,Sensorineural Hearing Loss (disorder),,-2.6,2.8,3.6,30169,783,154,11,7.1,2.1,148|546|613|762|3815|4010|6101|7414|8100|9381|123016,ADRA1A|ATRX|BCR|CA4|KIT|LMX1B|RP1|VCL|IFT88|OTOF|TTC8,-0.29,0
1,-2.6,C0220668,M1,1,0,DisGeNET,35,Congenital contractural arachnodactyly,,-2.6,3.2,3.7,30169,559,154,9,5.8,1.9,2150|4791|6098|7010|7414|9619|11199|26033|55278,F2RL1|NFKB2|ROS1|TEK|VCL|ABCG1|ANXA10|ATRNL1|QRSL1,-0.28,0
1,-2.6,C3887461,M1,1,0,DisGeNET,35,Head and Neck Carcinoma,,-2.6,2.7,3.5,30169,786,154,11,7.1,2.1,43|648|2150|2177|2581|6098|7357|8914|26073|80781|114784,ACHE|BMI1|F2RL1|FANCD2|GALC|ROS1|UGCG|TIMELESS|POLDIP2|COL18A1|CSMD2,-0.28,0
1,-2.6,C0041948,M1,1,0,DisGeNET,35,Uremia,,-2.6,7.1,4.6,30169,110,154,4,2.6,1.3,7010|26033|80781|93649,TEK|ATRNL1|COL18A1|MYOCD,-0.28,0
1,-2.6,C0022672,M1,1,0,DisGeNET,35,Acute Kidney Tubular Necrosis,,-2.6,11,5.3,30169,53,154,3,1.9,1.1,410|648|7010,ARSA|BMI1|TEK,-0.28,0
1,-2.6,C1861869,M1,1,0,DisGeNET,35,Underdeveloped supraorbital ridges,,-2.6,11,5.3,30169,53,154,3,1.9,1.1,8506|9652|54888,CNTNAP1|SKIC3|NSUN2,-0.28,0
1,-2.6,C0152021,M1,1,0,DisGeNET,35,Congenital heart disease,,-2.6,4.4,4,30169,267,154,6,3.9,1.6,410|4634|9771|26073|55278|93649,ARSA|MYL3|RAPGEF5|POLDIP2|QRSL1|MYOCD,-0.27,0
1,-2.6,C0271183,M1,1,0,DisGeNET,35,Severe myopia,,-2.6,5.3,4.2,30169,184,154,5,3.2,1.4,176|5801|80781|123016|284654,ACAN|PTPRR|COL18A1|TTC8|RSPO1,-0.27,0
1,-2.6,C0278838,M1,1,0,DisGeNET,35,Prostate cancer recurrent,,-2.6,11,5.2,30169,54,154,3,1.9,1.1,613|648|79187,BCR|BMI1|FSD1,-0.27,0
1,-2.6,C1257763,M1,1,0,DisGeNET,35,Overnutrition,,-2.6,11,5.2,30169,54,154,3,1.9,1.1,43|8878|10891,ACHE|SQSTM1|PPARGC1A,-0.27,0
1,-2.6,C0042133,M1,1,0,DisGeNET,35,Uterine Fibroids,,-2.6,3.1,3.6,30169,569,154,9,5.8,1.9,613|3815|5121|5801|8462|8878|57606|79187|93649,BCR|KIT|PCP4|PTPRR|KLF11|SQSTM1|SLAIN2|FSD1|MYOCD,-0.27,0
1,-2.6,C0151650,M1,1,0,DisGeNET,35,Renal fibrosis,,-2.6,3.1,3.6,30169,570,154,9,5.8,1.9,648|2150|2494|10891|26060|26073|51548|79924|93649,BMI1|F2RL1|NR5A2|PPARGC1A|APPL1|POLDIP2|SIRT6|ADM2|MYOCD,-0.27,0
1,-2.6,C0042580,M1,1,0,DisGeNET,35,Vesico-Ureteral Reflux,,-2.6,5.2,4.2,30169,187,154,5,3.2,1.4,546|4010|8295|80781|348654,ATRX|LMX1B|TRRAP|COL18A1|GEN1,-0.27,0
1,-2.6,C0158986,M1,1,0,DisGeNET,35,Neonatal hypoglycemia,,-2.6,11,5.1,30169,55,154,3,1.9,1.1,2581|8462|26060,GALC|KLF11|APPL1,-0.26,0
1,-2.5,C1292778,M1,1,0,DisGeNET,35,Chronic myeloproliferative disorder,,-2.5,3.7,3.8,30169,366,154,7,4.5,1.7,613|3815|7010|8100|8506|9619|26073,BCR|KIT|TEK|IFT88|CNTNAP1|ABCG1|POLDIP2,-0.26,0
1,-2.5,C0243038,M1,1,0,DisGeNET,35,"Carcinoma, Lewis Lung",,-2.5,5.2,4.1,30169,188,154,5,3.2,1.4,8878|10891|26073|79187|80781,SQSTM1|PPARGC1A|POLDIP2|FSD1|COL18A1,-0.26,0
1,-2.5,C0042373,M1,1,0,DisGeNET,35,Vascular Diseases,,-2.5,2.8,3.5,30169,688,154,10,6.5,2,148|966|6098|7010|9619|10891|79924|80781|93649|348654,ADRA1A|CD59|ROS1|TEK|ABCG1|PPARGC1A|ADM2|COL18A1|MYOCD|GEN1,-0.26,0
1,-2.5,C0345905,M1,1,0,DisGeNET,35,Intrahepatic Cholangiocarcinoma,,-2.5,3.3,3.7,30169,470,154,8,5.2,1.8,410|648|2150|6098|7884|8451|11199|26073,ARSA|BMI1|F2RL1|ROS1|SLBP|CUL4A|ANXA10|POLDIP2,-0.25,0
1,-2.5,C0242339,M1,1,0,DisGeNET,35,Dyslipidemias,,-2.5,3.3,3.6,30169,471,154,8,5.2,1.8,309|410|2494|8202|9771|26033|51548|84649,ANXA6|ARSA|NR5A2|NCOA3|RAPGEF5|ATRNL1|SIRT6|DGAT2,-0.25,0
1,-2.5,C0002726,M1,1,0,DisGeNET,35,Amyloidosis,,-2.5,2.8,3.5,30169,694,154,10,6.5,2,43|176|410|613|2177|6098|8878|9619|10891|26073,ACHE|ACAN|ARSA|BCR|FANCD2|ROS1|SQSTM1|ABCG1|PPARGC1A|POLDIP2,-0.25,0
1,-2.5,C0452138,M1,1,0,DisGeNET,35,"Sensorineural hearing loss, bilateral",,-2.5,6.7,4.4,30169,117,154,4,2.6,1.3,410|8878|9381|253827,ARSA|SQSTM1|OTOF|MSRB3,-0.25,0
1,-2.5,C1842876,M1,1,0,DisGeNET,35,Depressed nasal ridge,,-2.5,6.7,4.4,30169,117,154,4,2.6,1.3,546|5314|9184|9652,ATRX|PKHD1|BUB3|SKIC3,-0.25,0
1,-2.5,C1860787,M1,1,0,DisGeNET,35,DOWN SYNDROME CRITICAL REGION,,-2.5,10,5,30169,57,154,3,1.9,1.1,148|8208|80781,ADRA1A|CHAF1B|COL18A1,-0.25,0
1,-2.5,C0278764,M1,1,0,DisGeNET,35,Adult Burkitt Lymphoma,,-2.5,3.3,3.6,30169,475,154,8,5.2,1.8,489|613|648|966|3815|4149|4791|55872,ATP2A3|BCR|BMI1|CD59|KIT|MAX|NFKB2|PBK,-0.25,0
1,-2.5,C0033300,M1,1,0,DisGeNET,35,Progeria,,-2.5,6.6,4.4,30169,118,154,4,2.6,1.3,176|6098|8878|51548,ACAN|ROS1|SQSTM1|SIRT6,-0.25,0
1,-2.5,C0232197,M1,1,0,DisGeNET,35,Fibrillation,,-2.5,6.6,4.4,30169,118,154,4,2.6,1.3,43|410|4804|6098,ACHE|ARSA|NGFR|ROS1,-0.25,0
1,-2.5,C0278879,M1,1,0,DisGeNET,35,Childhood Burkitt Lymphoma,,-2.5,3.3,3.6,30169,477,154,8,5.2,1.8,489|613|648|966|3815|4149|4791|55872,ATP2A3|BCR|BMI1|CD59|KIT|MAX|NFKB2|PBK,-0.25,0
1,-2.5,C0026850,M1,1,0,DisGeNET,35,Muscular Dystrophy,,-2.5,4.2,3.9,30169,280,154,6,3.9,1.6,43|309|1291|2273|6098|9184,ACHE|ANXA6|COL6A1|FHL1|ROS1|BUB3,-0.25,0
1,-2.5,C0085413,M1,1,0,DisGeNET,35,"Polycystic Kidney, Autosomal Dominant",,-2.5,4.2,3.9,30169,280,154,6,3.9,1.6,966|5314|8100|9771|10891|79187,CD59|PKHD1|IFT88|RAPGEF5|PPARGC1A|FSD1,-0.25,0
1,-2.5,C0025990,M1,1,0,DisGeNET,35,Micrognathism,,-2.5,3,3.5,30169,586,154,9,5.8,1.9,546|1291|2177|5314|8295|8506|9184|54888|55746,ATRX|COL6A1|FANCD2|PKHD1|TRRAP|CNTNAP1|BUB3|NSUN2|NUP133,-0.25,0
1,-2.5,C0027708,M1,1,0,DisGeNET,35,Nephroblastoma,,-2.5,3,3.5,30169,586,154,9,5.8,1.9,613|966|3815|4010|4149|4804|5314|9184|55278,BCR|CD59|KIT|LMX1B|MAX|NGFR|PKHD1|BUB3|QRSL1,-0.25,0
1,-2.5,C1519346,M1,1,0,DisGeNET,35,Skin Carcinogenesis,,-2.5,5,4.1,30169,194,154,5,3.2,1.4,2150|2177|3815|51548|55872,F2RL1|FANCD2|KIT|SIRT6|PBK,-0.25,0
1,-2.5,C0018794,M1,1,0,DisGeNET,35,Heart Block,,-2.5,10,5,30169,58,154,3,1.9,1.1,43|79054|93649,ACHE|TRPM8|MYOCD,-0.25,0
1,-2.5,C1260926,M1,1,0,DisGeNET,35,Abnormal pigmentation,,-2.5,10,5,30169,58,154,3,1.9,1.1,2177|9184|54888,FANCD2|BUB3|NSUN2,-0.25,0
1,-2.5,C1266119,M1,1,0,DisGeNET,35,Solitary fibrous tumor,,-2.5,10,5,30169,58,154,3,1.9,1.1,3815|6098|26073,KIT|ROS1|POLDIP2,-0.25,0
1,-2.5,C1857640,M1,1,0,DisGeNET,35,Decreased nerve conduction velocity,,-2.5,10,5,30169,58,154,3,1.9,1.1,410|2581|8506,ARSA|GALC|CNTNAP1,-0.25,0
1,-2.5,C1378511,M1,1,0,DisGeNET,35,Undifferentiated leukemia,,-2.5,6.5,4.3,30169,120,154,4,2.6,1.3,613|648|3815|8506,BCR|BMI1|KIT|CNTNAP1,-0.24,0
1,-2.4,C0015732,M1,1,0,DisGeNET,35,Fecal Incontinence,,-2.4,9.8,4.9,30169,60,154,3,1.9,1.1,43|410|613,ACHE|ARSA|BCR,-0.22,0
1,-2.4,C0007124,M1,1,0,DisGeNET,35,Noninfiltrating Intraductal Carcinoma,,-2.4,3.2,3.5,30169,486,154,8,5.2,1.8,613|966|2494|3815|7357|8202|51548|55872,BCR|CD59|NR5A2|KIT|UGCG|NCOA3|SIRT6|PBK,-0.22,0
1,-2.4,C1445957,M1,1,0,DisGeNET,35,Serum total cholesterol measurement,,-2.4,3.2,3.5,30169,486,154,8,5.2,1.8,176|4074|6101|7414|9619|23211|80781|84649,ACAN|M6PR|RP1|VCL|ABCG1|ZC3H4|COL18A1|DGAT2,-0.22,0
1,-2.4,C0339573,M1,1,0,DisGeNET,35,"Glaucoma, Primary Open Angle",,-2.4,3.6,3.6,30169,383,154,7,4.5,1.7,2581|4010|4791|5314|6098|7010|80781,GALC|LMX1B|NFKB2|PKHD1|ROS1|TEK|COL18A1,-0.22,0
1,-2.4,C0271650,M1,1,0,DisGeNET,35,Impaired glucose tolerance,,-2.4,3,3.5,30169,596,154,9,5.8,1.9,613|966|2494|6098|8462|10891|26073|51548|79054,BCR|CD59|NR5A2|ROS1|KLF11|PPARGC1A|POLDIP2|SIRT6|TRPM8,-0.22,0
1,-2.4,C0023470,M1,1,0,DisGeNET,35,Myeloid Leukemia,,-2.4,3.6,3.6,30169,385,154,7,4.5,1.7,613|648|3815|7010|8880|26073|55278,BCR|BMI1|KIT|TEK|FUBP1|POLDIP2|QRSL1,-0.21,0
1,-2.4,C0035309,M1,1,0,DisGeNET,35,Retinal Diseases,,-2.4,2.7,3.4,30169,714,154,10,6.5,2,148|966|2150|6101|7010|8462|9572|10891|26060|26073,ADRA1A|CD59|F2RL1|RP1|TEK|KLF11|NR1D1|PPARGC1A|APPL1|POLDIP2,-0.21,0
1,-2.4,C0085702,M1,1,0,DisGeNET,35,Monocytosis,,-2.4,9.6,4.8,30169,61,154,3,1.9,1.1,613|7010|8506,BCR|TEK|CNTNAP1,-0.21,0
1,-2.4,C0011265,M1,1,0,DisGeNET,35,Presenile dementia,,-2.4,2.7,3.4,30169,718,154,10,6.5,2,43|410|2150|2177|7357|8878|9619|9771|10891|114784,ACHE|ARSA|F2RL1|FANCD2|UGCG|SQSTM1|ABCG1|RAPGEF5|PPARGC1A|CSMD2,-0.2,0
1,-2.4,C0028756,M1,1,0,DisGeNET,35,"Obesity, Morbid",,-2.4,4.8,3.9,30169,203,154,5,3.2,1.4,43|8202|8878|10891|26060,ACHE|NCOA3|SQSTM1|PPARGC1A|APPL1,-0.2,0
1,-2.4,C1840069,M1,1,0,DisGeNET,35,Sandal gap,,-2.4,9.5,4.8,30169,62,154,3,1.9,1.1,613|1291|54888,BCR|COL6A1|NSUN2,-0.2,0
1,-2.4,C0563625,M1,1,0,DisGeNET,35,Agnosia for Pain,,-2.4,4.8,3.9,30169,204,154,5,3.2,1.4,148|410|3815|26073|79054,ADRA1A|ARSA|KIT|POLDIP2|TRPM8,-0.2,0
1,-2.4,C0085605,M1,1,0,DisGeNET,35,Liver Failure,,-2.4,4,3.7,30169,293,154,6,3.9,1.6,546|6098|6539|8878|8914|9652,ATRX|ROS1|SLC6A12|SQSTM1|TIMELESS|SKIC3,-0.2,0
1,-2.4,C0162309,M1,1,0,DisGeNET,35,Adrenoleukodystrophy,,-2.4,4,3.7,30169,294,154,6,3.9,1.6,6098|7082|8878|26073|51548|84649,ROS1|TJP1|SQSTM1|POLDIP2|SIRT6|DGAT2,-0.2,0
1,-2.4,C2750440,M1,1,0,DisGeNET,35,"FATTY LIVER DISEASE, NONALCOHOLIC, SUSCEPTIBILITY TO, 1",,-2.4,9.3,4.7,30169,63,154,3,1.9,1.1,10891|51548|84649,PPARGC1A|SIRT6|DGAT2,-0.2,0
1,-2.4,C2750441,M1,1,0,DisGeNET,35,"LIVER DISEASE, ALCOHOLIC, SUSCEPTIBILITY TO, 1",,-2.4,9.3,4.7,30169,63,154,3,1.9,1.1,10891|51548|84649,PPARGC1A|SIRT6|DGAT2,-0.2,0
1,-2.4,C3150651,M1,1,0,DisGeNET,35,"FATTY LIVER DISEASE, NONALCOHOLIC, SUSCEPTIBILITY TO, 2",,-2.4,9.3,4.7,30169,63,154,3,1.9,1.1,10891|51548|84649,PPARGC1A|SIRT6|DGAT2,-0.2,0
1,-2.4,C0011175,M1,1,0,DisGeNET,35,Dehydration,,-2.4,4,3.7,30169,295,154,6,3.9,1.6,176|3815|5314|6539|26073|84649,ACAN|KIT|PKHD1|SLC6A12|POLDIP2|DGAT2,-0.2,0
1,-2.4,C0267026,M1,1,0,DisGeNET,35,Actinic cheilitis,,-2.4,9.2,4.7,30169,64,154,3,1.9,1.1,176|4804|6098,ACAN|NGFR|ROS1,-0.19,0
1,-2.4,C0849640,M1,1,0,DisGeNET,35,skin damage,,-2.4,9.2,4.7,30169,64,154,3,1.9,1.1,6098|7357|8451,ROS1|UGCG|CUL4A,-0.19,0
1,-2.4,C3160712,M1,1,0,DisGeNET,35,"Palpitations, CTCAE",,-2.4,9.2,4.7,30169,64,154,3,1.9,1.1,546|4149|4634,ATRX|MAX|MYL3,-0.19,0
1,-2.4,C0276138,M1,1,0,DisGeNET,35,Viral myocarditis,,-2.4,6.1,4.1,30169,129,154,4,2.6,1.3,2150|10891|26073|79187,F2RL1|PPARGC1A|POLDIP2|FSD1,-0.19,0
1,-2.4,C4721579,M1,1,0,DisGeNET,35,Secondary malignant neoplasm of colon and/or rectum,,-2.4,3.5,3.5,30169,397,154,7,4.5,1.7,309|4149|6098|7010|9619|55872|80781,ANXA6|MAX|ROS1|TEK|ABCG1|PBK|COL18A1,-0.19,0
1,-2.4,C0039101,M1,1,0,DisGeNET,35,synovial sarcoma,,-2.4,3.9,3.6,30169,299,154,6,3.9,1.6,546|613|2150|3815|8202|26073,ATRX|BCR|F2RL1|KIT|NCOA3|POLDIP2,-0.18,0
1,-2.3,C0476403,M1,1,0,DisGeNET,35,Electromyogram abnormal,,-2.3,6,4.1,30169,130,154,4,2.6,1.3,1291|2581|7414|8506,COL6A1|GALC|VCL|CNTNAP1,-0.18,0
1,-2.3,C0920646,M1,1,0,DisGeNET,35,Ischemia of kidney,,-2.3,6,4.1,30169,131,154,4,2.6,1.3,966|26060|26073|51548,CD59|APPL1|POLDIP2|SIRT6,-0.18,0
1,-2.3,C3548479,M1,1,0,DisGeNET,35,response to bronchodilator,,-2.3,6,4.1,30169,131,154,4,2.6,1.3,4634|5314|54986|253827,MYL3|PKHD1|ULK4|MSRB3,-0.18,0
1,-2.3,C0023440,M1,1,0,DisGeNET,35,Acute Erythroblastic Leukemia,,-2.3,3.9,3.6,30169,302,154,6,3.9,1.6,148|309|613|648|3815|51727,ADRA1A|ANXA6|BCR|BMI1|KIT|CMPK1,-0.18,0
1,-2.3,C0947751,M1,1,0,DisGeNET,35,Vascular inflammations,,-2.3,3.9,3.6,30169,305,154,6,3.9,1.6,2150|7010|10891|26073|51548|93649,F2RL1|TEK|PPARGC1A|POLDIP2|SIRT6|MYOCD,-0.16,0
1,-2.3,C0740391,M1,1,0,DisGeNET,35,Middle Cerebral Artery Occlusion,,-2.3,2.8,3.3,30169,626,154,9,5.8,1.9,43|7010|7082|8462|8878|26073|55872|79187|285704,ACHE|TEK|TJP1|KLF11|SQSTM1|POLDIP2|PBK|FSD1|RGMB,-0.16,0
1,-2.3,C0231341,M1,1,0,DisGeNET,35,Premature aging syndrome,,-2.3,5.8,4,30169,136,154,4,2.6,1.3,648|8451|10891|51548,BMI1|CUL4A|PPARGC1A|SIRT6,-0.14,0
1,-2.3,C0011615,M1,1,0,DisGeNET,35,"Dermatitis, Atopic",,-2.3,2.6,3.2,30169,751,154,10,6.5,2,309|966|2150|4185|4804|6098|8914|26073|79054|79924,ANXA6|CD59|F2RL1|ADAM11|NGFR|ROS1|TIMELESS|POLDIP2|TRPM8|ADM2,-0.13,0
1,-2.3,C0026848,M1,1,0,DisGeNET,35,Myopathy,,-2.3,2.8,3.3,30169,633,154,9,5.8,1.9,43|309|966|1291|2273|4791|7414|8506|8878,ACHE|ANXA6|CD59|COL6A1|FHL1|NFKB2|VCL|CNTNAP1|SQSTM1,-0.13,0
1,-2.3,C1134719,M1,1,0,DisGeNET,35,Invasive Ductal Breast Carcinoma,,-2.3,3.3,3.4,30169,414,154,7,4.5,1.7,309|648|2494|3815|6098|7357|8878,ANXA6|BMI1|NR5A2|KIT|ROS1|UGCG|SQSTM1,-0.12,0
1,-2.3,C0030252,M1,1,0,DisGeNET,35,Palpitations,,-2.3,8.4,4.4,30169,70,154,3,1.9,1.1,546|4149|4634,ATRX|MAX|MYL3,-0.12,0
1,-2.3,C0151744,M1,1,0,DisGeNET,35,Myocardial Ischemia,,-2.3,2.6,3.2,30169,756,154,10,6.5,2,2150|3815|6098|7357|9619|10891|26073|79187|79924|80781,F2RL1|KIT|ROS1|UGCG|ABCG1|PPARGC1A|POLDIP2|FSD1|ADM2|COL18A1,-0.12,0
1,-2.2,C0085669,M1,1,0,DisGeNET,35,Acute leukemia,,-2.2,2.8,3.2,30169,639,154,9,5.8,1.9,546|613|648|966|2177|3815|4804|5610|8506,ATRX|BCR|BMI1|CD59|FANCD2|KIT|NGFR|EIF2AK2|CNTNAP1,-0.12,0
1,-2.2,C0013404,M1,1,0,DisGeNET,35,Dyspnea,,-2.2,4.4,3.7,30169,222,154,5,3.2,1.4,546|966|7414|8878|10891,ATRX|CD59|VCL|SQSTM1|PPARGC1A,-0.12,0
1,-2.2,C0008487,M1,1,0,DisGeNET,35,Chordoma,,-2.2,5.6,3.9,30169,140,154,4,2.6,1.3,176|3815|8880|79187,ACAN|KIT|FUBP1|FSD1,-0.11,0
1,-2.2,C0279986,M1,1,0,DisGeNET,35,Childhood Leiomyosarcoma,,-2.2,5.6,3.9,30169,140,154,4,2.6,1.3,1036|3815|5121|93649,CDO1|KIT|PCP4|MYOCD,-0.11,0
1,-2.2,C0278876,M1,1,0,DisGeNET,35,Adult Medulloblastoma,,-2.2,2.6,3.1,30169,762,154,10,6.5,2,43|148|613|648|3815|4804|23030|26073|80781|114801,ACHE|ADRA1A|BCR|BMI1|KIT|NGFR|KDM4B|POLDIP2|COL18A1|TMEM200A,-0.11,0
1,-2.2,C0008370,M1,1,0,DisGeNET,35,Cholestasis,,-2.2,3.3,3.3,30169,420,154,7,4.5,1.7,1291|4149|5314|7082|10891|26033|84649,COL6A1|MAX|PKHD1|TJP1|PPARGC1A|ATRNL1|DGAT2,-0.11,0
1,-2.2,C0278607,M1,1,0,DisGeNET,35,Adult Leiomyosarcoma,,-2.2,5.6,3.9,30169,141,154,4,2.6,1.3,1036|3815|5121|93649,CDO1|KIT|PCP4|MYOCD,-0.11,0
1,-2.2,C0030297,M1,1,0,DisGeNET,35,Pancreatic Neoplasm,,-2.2,2.6,3.1,30169,764,154,10,6.5,2,546|2150|2494|3815|4804|7010|8202|11199|79054|80781,ATRX|F2RL1|NR5A2|KIT|NGFR|TEK|NCOA3|ANXA10|TRPM8|COL18A1,-0.11,0
1,-2.2,C0023474,M1,1,0,DisGeNET,35,"Leukemia, Myeloid, Chronic-Phase",,-2.2,8.2,4.4,30169,72,154,3,1.9,1.1,613|648|8506,BCR|BMI1|CNTNAP1,-0.11,0
1,-2.2,C0234119,M1,1,0,DisGeNET,35,Neuromuscular inhibition,,-2.2,8.2,4.4,30169,72,154,3,1.9,1.1,43|966|26033,ACHE|CD59|ATRNL1,-0.11,0
1,-2.2,C1145670,M1,1,0,DisGeNET,35,Respiratory Failure,,-2.2,3.7,3.5,30169,319,154,6,3.9,1.6,43|410|648|1291|8878|10891,ACHE|ARSA|BMI1|COL6A1|SQSTM1|PPARGC1A,-0.11,0
1,-2.2,C0019294,M1,1,0,DisGeNET,35,"Hernia, Inguinal",,-2.2,4.4,3.6,30169,225,154,5,3.2,1.4,410|546|613|8295|9652,ARSA|ATRX|BCR|TRRAP|SKIC3,-0.11,0
1,-2.2,C0027796,M1,1,0,DisGeNET,35,Neuralgia,,-2.2,2.6,3.1,30169,767,154,10,6.5,2,148|2150|4804|5610|6098|8878|11199|26073|79054|79187,ADRA1A|F2RL1|NGFR|EIF2AK2|ROS1|SQSTM1|ANXA10|POLDIP2|TRPM8|FSD1,-0.11,0
1,-2.2,C0278996,M1,1,0,DisGeNET,35,Malignant Head and Neck Neoplasm,,-2.2,2.6,3.1,30169,767,154,10,6.5,2,43|648|2177|2581|6098|7357|8914|26073|80781|114784,ACHE|BMI1|FANCD2|GALC|ROS1|UGCG|TIMELESS|POLDIP2|COL18A1|CSMD2,-0.11,0
1,-2.2,C0017205,M1,1,0,DisGeNET,35,Gaucher Disease,,-2.2,5.5,3.8,30169,143,154,4,2.6,1.3,410|2581|7357|26073,ARSA|GALC|UGCG|POLDIP2,-0.1,0
1,-2.2,C1335177,M1,1,0,DisGeNET,35,Ovarian Serous Adenocarcinoma,,-2.2,5.5,3.8,30169,143,154,4,2.6,1.3,6098|7010|8295|284654,ROS1|TEK|TRRAP|RSPO1,-0.1,0
1,-2.2,C0041834,M1,1,0,DisGeNET,35,Erythema,,-2.2,4.3,3.6,30169,227,154,5,3.2,1.4,2150|3815|4804|7884|84248,F2RL1|KIT|NGFR|SLBP|FYTTD1,-0.1,0
1,-2.2,C1704272,M1,1,0,DisGeNET,35,Benign Prostatic Hyperplasia,,-2.2,2.5,3.1,30169,770,154,10,6.5,2,148|1036|2150|3815|4804|6570|7414|8878|26073|84109,ADRA1A|CDO1|F2RL1|KIT|NGFR|SLC18A1|VCL|SQSTM1|POLDIP2|QRFPR,-0.1,0
1,-2.2,C0278510,M1,1,0,DisGeNET,35,Childhood Medulloblastoma,,-2.2,2.5,3.1,30169,771,154,10,6.5,2,43|148|613|648|3815|4804|23030|26073|80781|114801,ACHE|ADRA1A|BCR|BMI1|KIT|NGFR|KDM4B|POLDIP2|COL18A1|TMEM200A,-0.1,0
1,-2.2,C0265101,M1,1,0,DisGeNET,35,Carotid artery occlusion,,-2.2,7.9,4.3,30169,74,154,3,1.9,1.1,410|8878|26073,ARSA|SQSTM1|POLDIP2,-0.097,0
1,-2.2,C0238198,M1,1,0,DisGeNET,35,Gastrointestinal Stromal Tumors,,-2.2,2.9,3.2,30169,538,154,8,5.2,1.8,613|648|3815|4149|4791|7010|7162|8100,BCR|BMI1|KIT|MAX|NFKB2|TEK|TPBG|IFT88,-0.094,0
1,-2.2,C0037579,M1,1,0,DisGeNET,35,Soft Tissue Neoplasms,,-2.2,5.4,3.8,30169,145,154,4,2.6,1.3,648|3815|4804|6098,BMI1|KIT|NGFR|ROS1,-0.094,0
1,-2.2,C0022104,M1,1,0,DisGeNET,35,Irritable Bowel Syndrome,,-2.2,3.2,3.3,30169,429,154,7,4.5,1.7,43|148|410|2150|3815|7414|80781,ACHE|ADRA1A|ARSA|F2RL1|KIT|VCL|COL18A1,-0.094,0
1,-2.2,C3203102,M1,1,0,DisGeNET,35,Idiopathic pulmonary arterial hypertension,,-2.2,2.5,3.1,30169,776,154,10,6.5,2,43|410|613|2273|6098|7010|10891|26073|79187|80781,ACHE|ARSA|BCR|FHL1|ROS1|TEK|PPARGC1A|POLDIP2|FSD1|COL18A1,-0.094,0
1,-2.2,C1301700,M1,1,0,DisGeNET,35,Cardiovascular morbidity,,-2.2,7.8,4.2,30169,75,154,3,1.9,1.1,3815|10891|80781,KIT|PPARGC1A|COL18A1,-0.092,0
1,-2.2,C0346957,M1,1,0,DisGeNET,35,Disseminated Malignant Neoplasm,,-2.2,4.2,3.5,30169,232,154,5,3.2,1.4,410|6098|7010|9619|93649,ARSA|ROS1|TEK|ABCG1|MYOCD,-0.083,0
1,-2.2,C0259783,M1,1,0,DisGeNET,35,mixed gliomas,,-2.2,7.7,4.2,30169,76,154,3,1.9,1.1,546|648|6098,ATRX|BMI1|ROS1,-0.079,0
1,-2.2,C4551472,M1,1,0,DisGeNET,35,Hypertrophic obstructive cardiomyopathy,,-2.2,4.2,3.5,30169,233,154,5,3.2,1.4,966|2273|4634|7414|55278,CD59|FHL1|MYL3|VCL|QRSL1,-0.079,0
1,-2.1,C0035334,M1,1,0,DisGeNET,35,Retinitis Pigmentosa,,-2.1,2.9,3.2,30169,546,154,8,5.2,1.8,148|762|6101|6397|8100|26073|80781|123016,ADRA1A|CA4|RP1|SEC14L1|IFT88|POLDIP2|COL18A1|TTC8,-0.075,0
1,-2.1,C0004930,M1,1,0,DisGeNET,35,Behavior Disorders,,-2.1,7.6,4.2,30169,77,154,3,1.9,1.1,4010|8878|54986,LMX1B|SQSTM1|ULK4,-0.074,0
1,-2.1,C0162739,M1,1,0,DisGeNET,35,HELLP Syndrome,,-2.1,7.6,4.2,30169,77,154,3,1.9,1.1,966|7162|26073,CD59|TPBG|POLDIP2,-0.074,0
1,-2.1,C0010692,M1,1,0,DisGeNET,35,Cystitis,,-2.1,5.3,3.7,30169,149,154,4,2.6,1.3,43|2150|4804|8878,ACHE|F2RL1|NGFR|SQSTM1,-0.074,0
1,-2.1,C0018965,M1,1,0,DisGeNET,35,Hematuria,,-2.1,4.2,3.5,30169,235,154,5,3.2,1.4,1291|4010|4149|9771|55746,COL6A1|LMX1B|MAX|RAPGEF5|NUP133,-0.074,0
1,-2.1,C4721453,M1,1,0,DisGeNET,35,Peripheral Nervous System Diseases,,-2.1,2.9,3.1,30169,549,154,8,5.2,1.8,410|966|2150|4804|8506|9619|26073|84649,ARSA|CD59|F2RL1|NGFR|CNTNAP1|ABCG1|POLDIP2|DGAT2,-0.073,0
1,-2.1,C2347748,M1,1,0,DisGeNET,35,Adult Erythroleukemia,,-2.1,4.2,3.5,30169,236,154,5,3.2,1.4,148|309|613|648|3815,ADRA1A|ANXA6|BCR|BMI1|KIT,-0.073,0
1,-2.1,C0002874,M1,1,0,DisGeNET,35,Aplastic Anemia,,-2.1,4.1,3.5,30169,237,154,5,3.2,1.4,966|1088|2177|3815|55278,CD59|CEACAM8|FANCD2|KIT|QRSL1,-0.073,0
1,-2.1,C0266435,M1,1,0,DisGeNET,35,Congenital hypoplasia of penis,,-2.1,4.1,3.5,30169,237,154,5,3.2,1.4,546|762|6101|8100|123016,ATRX|CA4|RP1|IFT88|TTC8,-0.073,0
1,-2.1,C4520840,M1,1,0,DisGeNET,35,Erythroleukemia (Erythroid/Myeloid),,-2.1,4.1,3.5,30169,237,154,5,3.2,1.4,148|309|613|648|3815,ADRA1A|ANXA6|BCR|BMI1|KIT,-0.073,0
1,-2.1,C0018824,M1,1,0,DisGeNET,35,Heart valve disease,,-2.1,7.4,4.1,30169,79,154,3,1.9,1.1,3775|9450|80781,KCNK1|LY86|COL18A1,-0.064,0
1,-2.1,C0342257,M1,1,0,DisGeNET,35,Complications of Diabetes Mellitus,,-2.1,4.1,3.4,30169,240,154,5,3.2,1.4,613|966|6098|7010|9771,BCR|CD59|ROS1|TEK|RAPGEF5,-0.06,0
1,-2.1,C3888194,M1,1,0,DisGeNET,35,MIXED LINEAGE LEUKEMIA,,-2.1,4.1,3.4,30169,240,154,5,3.2,1.4,613|648|6098|23030|23091,BCR|BMI1|ROS1|KDM4B|ZC3H13,-0.06,0
1,-2.1,C0079745,M1,1,0,DisGeNET,35,"Lymphoma, Large-Cell, Follicular",,-2.1,5.1,3.7,30169,153,154,4,2.6,1.3,966|3815|8202|26073,CD59|KIT|NCOA3|POLDIP2,-0.06,0
1,-2.1,C0398650,M1,1,0,DisGeNET,35,Immune thrombocytopenic purpura,,-2.1,3.5,3.3,30169,338,154,6,3.9,1.6,648|2581|4791|6098|8914|79054,BMI1|GALC|NFKB2|ROS1|TIMELESS|TRPM8,-0.06,0
1,-2.1,C4277690,M1,1,0,DisGeNET,35,Ciliopathies,,-2.1,4.1,3.4,30169,241,154,5,3.2,1.4,5121|5314|8100|8295|123016,PCP4|PKHD1|IFT88|TRRAP|TTC8,-0.057,0
1,-2.1,C0149630,M1,1,0,DisGeNET,35,Bicuspid aortic valve,,-2.1,5.1,3.6,30169,154,154,4,2.6,1.3,176|9652|26073|55278,ACAN|SKIC3|POLDIP2|QRSL1,-0.054,0
1,-2.1,C0002893,M1,1,0,DisGeNET,35,Refractory anemias,,-2.1,3.5,3.3,30169,340,154,6,3.9,1.6,43|966|2273|3815|8202|26033,ACHE|CD59|FHL1|KIT|NCOA3|ATRNL1,-0.053,0
1,-2.1,C0025500,M1,1,0,DisGeNET,35,Mesothelioma,,-2.1,2.8,3.1,30169,560,154,8,5.2,1.8,148|2177|3815|7010|7162|8451|9619|79187,ADRA1A|FANCD2|KIT|TEK|TPBG|CUL4A|ABCG1|FSD1,-0.051,0
1,-2.1,C0158266,M1,1,0,DisGeNET,35,Intervertebral Disc Degeneration,,-2.1,3.4,3.2,30169,342,154,6,3.9,1.6,176|4804|8878|10891|26073|51548,ACAN|NGFR|SQSTM1|PPARGC1A|POLDIP2|SIRT6,-0.048,0
1,-2.1,C0006111,M1,1,0,DisGeNET,35,Brain Diseases,,-2.1,3.4,3.2,30169,345,154,6,3.9,1.6,410|6098|7082|8878|10891|23030,ARSA|ROS1|TJP1|SQSTM1|PPARGC1A|KDM4B,-0.033,0
1,-2.1,C0242383,M1,1,0,DisGeNET,35,Age related macular degeneration,,-2.1,2.6,3,30169,685,154,9,5.8,1.9,966|2273|6098|8878|9619|10891|26073|80781|123016,CD59|FHL1|ROS1|SQSTM1|ABCG1|PPARGC1A|POLDIP2|COL18A1|TTC8,-0.033,0
1,-2.1,C0476397,M1,1,0,DisGeNET,35,Electroretinogram abnormal,,-2.1,5,3.6,30169,158,154,4,2.6,1.3,762|6101|8100|123016,CA4|RP1|IFT88|TTC8,-0.03,0
1,-2,C0023051,M1,1,0,DisGeNET,35,Laryngeal Diseases,,-2,4.9,3.6,30169,159,154,4,2.6,1.3,176|2581|8208|79054,ACAN|GALC|CHAF1B|TRPM8,-0.024,0
1,-2,C0151908,M1,1,0,DisGeNET,35,Dry skin,,-2,4.9,3.6,30169,159,154,4,2.6,1.3,1291|9652|54888|79054,COL6A1|SKIC3|NSUN2|TRPM8,-0.024,0
1,-2,C0162770,M1,1,0,DisGeNET,35,Right Ventricular Hypertrophy,,-2,4.9,3.5,30169,160,154,4,2.6,1.3,410|7010|10891|26073,ARSA|TEK|PPARGC1A|POLDIP2,-0.016,0
1,-2,C0339525,M1,1,0,DisGeNET,35,Autosomal dominant retinitis pigmentosa,,-2,6.9,3.9,30169,85,154,3,1.9,1.1,148|762|6101,ADRA1A|CA4|RP1,-0.0096,0
1,-2,C0853662,M1,1,0,DisGeNET,35,Oestrogen deficiency,,-2,6.9,3.9,30169,85,154,3,1.9,1.1,648|7082|51548,BMI1|TJP1|SIRT6,-0.0096,0
1,-2,C3714636,M1,1,0,DisGeNET,35,Pneumonitis,,-2,2.5,2.9,30169,696,154,9,5.8,1.9,410|2150|4791|5121|6098|8914|26073|79054|201292,ARSA|F2RL1|NFKB2|PCP4|ROS1|TIMELESS|POLDIP2|TRPM8|TRIM65,-0.0021,0
1,-2,C0162298,M1,1,0,DisGeNET,35,Joint stiffness,,-2,4.8,3.5,30169,163,154,4,2.6,1.3,546|1291|2273|4010,ATRX|COL6A1|FHL1|LMX1B,0,0
1,-2,C0392514,M1,1,0,DisGeNET,35,Hereditary hemochromatosis,,-2,3.9,3.3,30169,254,154,5,3.2,1.4,148|966|4634|8878|54888,ADRA1A|CD59|MYL3|SQSTM1|NSUN2,0,0
