Name,Category,CategoryID,GO,Description,PARENT_GO,LogP,Enrichment,Z-score,#TotalGeneInLibrary,#GeneInGO,#GeneInHitList,#GeneInGOAndHitList,%InGO,STDV %InGO,GeneID,Hits,Log(q-value)
MyList,KEGG Pathway,24,hsa05202,Transcriptional misregulation in cancer,,-8.6,23,13,30182,193,55,8,15,4.8,604|860|4094|4613|5077|5218|6667|7403,BCL6|RUNX2|MAF|MYCN|PAX3|CDK14|SP1|KDM6A,-4.9
MyList,GO Biological Processes,19,GO:0045596,negative regulation of cell differentiation,19_GO:0032502 developmental process,-8.3,9.2,9.5,30182,716,55,12,22,5.6,60|604|2551|4088|4602|4613|4773|5465|6095|7291|30812|51564,ACTB|BCL6|GABPA|SMAD3|MYB|MYCN|NFATC2|PPARA|RORA|TWIST1|SOX8|HDAC7,-4.7
MyList,GO Biological Processes,19,GO:1901699,cellular response to nitrogen compound,19_GO:0050896 response to stimulus,-7.7,9.4,9.2,30182,643,55,11,20,5.4,60|546|1958|2534|2551|2741|3784|4988|6667|23175|57492,ACTB|ATRX|EGR1|FYN|GABPA|GLRA1|KCNQ1|OPRM1|SP1|LPIN1|ARID1B,-4.4
MyList,GO Biological Processes,19,GO:0050678,regulation of epithelial cell proliferation,19_GO:0050789 regulation of biological process,-7.2,12,9.5,30182,419,55,9,16,5,860|1750|4088|4613|4853|6667|6869|7291|9500,RUNX2|DLX6|SMAD3|MYCN|NOTCH2|SP1|TACR1|TWIST1|MAGED1,-4
MyList,GO Biological Processes,19,GO:0071417,cellular response to organonitrogen compound,19_GO:0050896 response to stimulus,-7,9.4,8.7,30182,586,55,10,18,5.2,60|1958|2534|2551|2741|3784|4988|6667|23175|57492,ACTB|EGR1|FYN|GABPA|GLRA1|KCNQ1|OPRM1|SP1|LPIN1|ARID1B,-3.9
MyList,WikiPathways,27,WP3651,Pathways affected in adenoid cystic carcinoma,,-6.9,42,14,30182,65,55,5,9.1,3.9,546|4602|4613|7403|8289,ATRX|MYB|MYCN|KDM6A|ARID1A,-3.9
MyList,WikiPathways,27,WP236,Adipogenesis,,-6.8,25,12,30182,131,55,6,11,4.2,4088|5465|6095|6667|7291|23175,SMAD3|PPARA|RORA|SP1|TWIST1|LPIN1,-3.9
MyList,GO Biological Processes,19,GO:0050679,positive regulation of epithelial cell proliferation,19_GO:0048518 positive regulation of biological process,-6.8,17,10,30182,225,55,7,13,4.5,860|1750|4613|4853|6667|6869|7291,RUNX2|DLX6|MYCN|NOTCH2|SP1|TACR1|TWIST1,-3.8
MyList,Canonical Pathways,11,M167,PID AP1 PATHWAY,,-6.7,39,14,30182,70,55,5,9.1,3.9,1958|4094|4602|4773|6667,EGR1|MAF|MYB|NFATC2|SP1,-3.8
MyList,GO Biological Processes,19,GO:0035108,limb morphogenesis,19_GO:0032502 developmental process,-6.6,23,11,30182,146,55,6,11,4.2,546|860|1750|4613|4853|7291,ATRX|RUNX2|DLX6|MYCN|NOTCH2|TWIST1,-3.8
MyList,GO Biological Processes,19,GO:0035107,appendage morphogenesis,19_GO:0032502 developmental process,-6.6,23,11,30182,146,55,6,11,4.2,546|860|1750|4613|4853|7291,ATRX|RUNX2|DLX6|MYCN|NOTCH2|TWIST1,-3.8
MyList,GO Biological Processes,19,GO:0071407,cellular response to organic cyclic compound,19_GO:0050896 response to stimulus,-6.5,9.7,8.5,30182,510,55,9,16,5,60|1958|2551|3784|4988|5465|6095|6667|8289,ACTB|EGR1|GABPA|KCNQ1|OPRM1|PPARA|RORA|SP1|ARID1A,-3.8
MyList,WikiPathways,27,WP706,Sudden infant death syndrome (SIDS) susceptibility pathways,,-6.3,21,11,30182,160,55,6,11,4.2,1958|3784|4602|6095|6667|6869,EGR1|KCNQ1|MYB|RORA|SP1|TACR1,-3.6
MyList,GO Biological Processes,19,GO:0048511,rhythmic process,19_GO:0048511 rhythmic process,-6.2,14,9.2,30182,275,55,7,13,4.5,1958|4988|5465|6095|6667|7291|9500,EGR1|OPRM1|PPARA|RORA|SP1|TWIST1|MAGED1,-3.5
MyList,GO Biological Processes,19,GO:0060173,limb development,19_GO:0032502 developmental process,-6,18,9.9,30182,182,55,6,11,4.2,546|860|1750|4613|4853|7291,ATRX|RUNX2|DLX6|MYCN|NOTCH2|TWIST1,-3.4
MyList,GO Biological Processes,19,GO:0048736,appendage development,19_GO:0032502 developmental process,-6,18,9.9,30182,182,55,6,11,4.2,546|860|1750|4613|4853|7291,ATRX|RUNX2|DLX6|MYCN|NOTCH2|TWIST1,-3.4
MyList,GO Biological Processes,19,GO:0048562,embryonic organ morphogenesis,19_GO:0032502 developmental process,-6,13,8.9,30182,292,55,7,13,4.5,860|1750|3784|4088|4613|4853|7291,RUNX2|DLX6|KCNQ1|SMAD3|MYCN|NOTCH2|TWIST1,-3.4
MyList,Reactome Gene Sets,6,R-HSA-2426168,Activation of gene expression by SREBF (SREBP),,-6,52,14,30182,42,55,4,7.3,3.5,4801|4802|5465|6667,NFYB|NFYC|PPARA|SP1,-3.4
MyList,GO Biological Processes,19,GO:0010720,positive regulation of cell development,19_GO:0032502 developmental process,-6,10,8.2,30182,432,55,8,15,4.8,60|604|1523|4853|4988|8289|30812|57492,ACTB|BCL6|CUX1|NOTCH2|OPRM1|ARID1A|SOX8|ARID1B,-3.4
MyList,WikiPathways,27,WP2064,Neural crest differentiation,,-5.9,27,11,30182,101,55,5,9.1,3.9,4602|4853|5077|7291|51564,MYB|NOTCH2|PAX3|TWIST1|HDAC7,-3.4
MyList,GO Biological Processes,19,GO:0042110,T cell activation,19_GO:0002376 immune system process,-5.9,13,8.7,30182,304,55,7,13,4.5,604|860|1958|2534|4088|4602|6095,BCL6|RUNX2|EGR1|FYN|SMAD3|MYB|RORA,-3.3
MyList,KEGG Pathway,24,hsa04928,"Parathyroid hormone synthesis, secretion and action",,-5.8,26,11,30182,106,55,5,9.1,3.9,860|1958|6667|10488|90993,RUNX2|EGR1|SP1|CREB3|CREB3L1,-3.3
MyList,WikiPathways,27,WP4321,Thermogenesis,,-5.8,25,11,30182,108,55,5,9.1,3.9,60|8289|10488|57492|90993,ACTB|ARID1A|CREB3|ARID1B|CREB3L1,-3.3
MyList,CORUM,33,CORUM:189,BAF complex,,-5.8,1.3e+02,19,30182,13,55,3,5.5,3.1,60|8289|57492,ACTB|ARID1A|ARID1B,-3.3
MyList,GO Biological Processes,19,GO:1901652,response to peptide,19_GO:0050896 response to stimulus,-5.8,9.6,7.9,30182,456,55,8,15,4.8,1958|2534|3663|3784|5465|6667|23175|57492,EGR1|FYN|IRF5|KCNQ1|PPARA|SP1|LPIN1|ARID1B,-3.3
MyList,GO Biological Processes,19,GO:0046649,lymphocyte activation,19_GO:0002376 immune system process,-5.7,9.5,7.8,30182,464,55,8,15,4.8,604|860|1958|2534|4088|4602|4853|6095,BCL6|RUNX2|EGR1|FYN|SMAD3|MYB|NOTCH2|RORA,-3.3
MyList,KEGG Pathway,24,hsa04725,Cholinergic synapse,,-5.7,24,11,30182,113,55,5,9.1,3.9,2534|2786|3784|10488|90993,FYN|GNG4|KCNQ1|CREB3|CREB3L1,-3.2
MyList,GO Biological Processes,19,GO:0051251,positive regulation of lymphocyte activation,19_GO:0002376 immune system process,-5.7,12,8.3,30182,327,55,7,13,4.5,60|604|2534|4773|6869|8289|57492,ACTB|BCL6|FYN|NFATC2|TACR1|ARID1A|ARID1B,-3.2
MyList,Reactome Gene Sets,6,R-HSA-1989781,PPARA activates gene expression,,-5.6,23,10,30182,117,55,5,9.1,3.9,4801|4802|5465|6095|6667,NFYB|NFYC|PPARA|RORA|SP1,-3.2
MyList,Reactome Gene Sets,6,R-HSA-400206,Regulation of lipid metabolism by PPARalpha,,-5.6,23,10,30182,119,55,5,9.1,3.9,4801|4802|5465|6095|6667,NFYB|NFYC|PPARA|RORA|SP1,-3.2
MyList,GO Biological Processes,19,GO:0030326,embryonic limb morphogenesis,19_GO:0032502 developmental process,-5.6,23,10,30182,120,55,5,9.1,3.9,860|1750|4613|4853|7291,RUNX2|DLX6|MYCN|NOTCH2|TWIST1,-3.2
MyList,GO Biological Processes,19,GO:0035113,embryonic appendage morphogenesis,19_GO:0032502 developmental process,-5.6,23,10,30182,120,55,5,9.1,3.9,860|1750|4613|4853|7291,RUNX2|DLX6|MYCN|NOTCH2|TWIST1,-3.2
MyList,GO Biological Processes,19,GO:0019216,regulation of lipid metabolic process,19_GO:0008152 metabolic process,-5.5,11,8.1,30182,344,55,7,13,4.5,238|1958|5465|6095|7291|11218|23175,ALK|EGR1|PPARA|RORA|TWIST1|DDX20|LPIN1,-3.1
MyList,Reactome Gene Sets,6,R-HSA-1655829,Regulation of cholesterol biosynthesis by SREBP (SREBF),,-5.5,40,12,30182,55,55,4,7.3,3.5,4801|4802|5465|6667,NFYB|NFYC|PPARA|SP1,-3.1
MyList,Reactome Gene Sets,6,R-HSA-9614657,FOXO-mediated transcription of cell death genes,,-5.5,1e+02,17,30182,16,55,3,5.5,3.1,604|4801|4802,BCL6|NFYB|NFYC,-3.1
MyList,KEGG Pathway,24,hsa05166,Human T-cell leukemia virus 1 infection,,-5.5,15,8.8,30182,222,55,6,11,4.2,1958|4088|4773|4801|10488|90993,EGR1|SMAD3|NFATC2|NFYB|CREB3|CREB3L1,-3.1
MyList,GO Biological Processes,19,GO:0045471,response to ethanol,19_GO:0050896 response to stimulus,-5.5,22,10,30182,126,55,5,9.1,3.9,2534|2741|4988|5465|6869,FYN|GLRA1|OPRM1|PPARA|TACR1,-3.1
MyList,GO Biological Processes,19,GO:0070848,response to growth factor,19_GO:0050896 response to stimulus,-5.4,8.4,7.3,30182,520,55,8,15,4.8,860|1958|2534|4088|4853|4988|7291|9372,RUNX2|EGR1|FYN|SMAD3|NOTCH2|OPRM1|TWIST1|ZFYVE9,-3
MyList,GO Biological Processes,19,GO:0001775,cell activation,19_GO:0032501 multicellular organismal process,-5.3,7,6.9,30182,705,55,9,16,5,60|604|860|1958|2534|4088|4602|4853|6095,ACTB|BCL6|RUNX2|EGR1|FYN|SMAD3|MYB|NOTCH2|RORA,-3
MyList,GO Biological Processes,19,GO:0001649,osteoblast differentiation,19_GO:0032502 developmental process,-5.3,20,9.5,30182,137,55,5,9.1,3.9,860|4088|7291|30812|90993,RUNX2|SMAD3|TWIST1|SOX8|CREB3L1,-3
MyList,Canonical Pathways,11,M145,PID P53 DOWNSTREAM PATHWAY,,-5.3,20,9.5,30182,137,55,5,9.1,3.9,604|3663|4801|4802|6667,BCL6|IRF5|NFYB|NFYC|SP1,-3
MyList,Canonical Pathways,11,M254,PID MYC REPRESS PATHWAY,,-5.3,35,11,30182,63,55,4,7.3,3.5,4088|4801|4802|6667,SMAD3|NFYB|NFYC|SP1,-3
MyList,GO Biological Processes,19,GO:0002696,positive regulation of leukocyte activation,19_GO:0002376 immune system process,-5.3,10,7.7,30182,377,55,7,13,4.5,60|604|2534|4773|6869|8289|57492,ACTB|BCL6|FYN|NFATC2|TACR1|ARID1A|ARID1B,-3
MyList,Canonical Pathways,11,M28,PID IL4 2PATHWAY,,-5.2,34,11,30182,64,55,4,7.3,3.5,604|4602|4988|6667,BCL6|MYB|OPRM1|SP1,-2.9
MyList,Reactome Gene Sets,6,R-HSA-9614085,FOXO-mediated transcription,,-5.2,34,11,30182,65,55,4,7.3,3.5,604|4088|4801|4802,BCL6|SMAD3|NFYB|NFYC,-2.9
MyList,Canonical Pathways,11,M255,PID HIF1 TFPATHWAY,,-5.2,33,11,30182,66,55,4,7.3,3.5,4088|6095|6667|51564,SMAD3|RORA|SP1|HDAC7,-2.9
MyList,GO Biological Processes,19,GO:0050867,positive regulation of cell activation,19_GO:0048518 positive regulation of biological process,-5.1,9.7,7.5,30182,394,55,7,13,4.5,60|604|2534|4773|6869|8289|57492,ACTB|BCL6|FYN|NFATC2|TACR1|ARID1A|ARID1B,-2.9
MyList,GO Biological Processes,19,GO:1902893,regulation of miRNA transcription,19_GO:0008152 metabolic process,-5.1,32,11,30182,68,55,4,7.3,3.5,1958|4088|4602|5465,EGR1|SMAD3|MYB|PPARA,-2.9
MyList,GO Biological Processes,19,GO:0032922,circadian regulation of gene expression,19_GO:0048511 rhythmic process,-5.1,31,11,30182,71,55,4,7.3,3.5,1958|5465|6095|9500,EGR1|PPARA|RORA|MAGED1,-2.8
MyList,KEGG Pathway,24,hsa04520,Adherens junction,,-5.1,31,11,30182,71,55,4,7.3,3.5,60|2534|4088|29119,ACTB|FYN|SMAD3|CTNNA3,-2.8
MyList,WikiPathways,27,WP289,Myometrial relaxation and contraction pathways,,-5,18,8.9,30182,156,55,5,9.1,3.9,60|2551|2786|6667|10488,ACTB|GABPA|GNG4|SP1|CREB3,-2.8
MyList,GO Biological Processes,19,GO:0048598,embryonic morphogenesis,19_GO:0032502 developmental process,-5,7.6,6.8,30182,581,55,8,15,4.8,860|1750|3784|4088|4613|4853|7291|30812,RUNX2|DLX6|KCNQ1|SMAD3|MYCN|NOTCH2|TWIST1|SOX8,-2.8
MyList,GO Biological Processes,19,GO:1903706,regulation of hemopoiesis,19_GO:0002376 immune system process,-5,9.3,7.2,30182,415,55,7,13,4.5,60|604|2551|4602|4853|8289|57492,ACTB|BCL6|GABPA|MYB|NOTCH2|ARID1A|ARID1B,-2.8
MyList,GO Biological Processes,19,GO:0045321,leukocyte activation,19_GO:0002376 immune system process,-5,7.5,6.8,30182,584,55,8,15,4.8,604|860|1958|2534|4088|4602|4853|6095,BCL6|RUNX2|EGR1|FYN|SMAD3|MYB|NOTCH2|RORA,-2.8
MyList,GO Biological Processes,19,GO:0045661,regulation of myoblast differentiation,19_GO:0032502 developmental process,-5,30,11,30182,74,55,4,7.3,3.5,60|8289|30812|57492,ACTB|ARID1A|SOX8|ARID1B,-2.8
MyList,GO Biological Processes,19,GO:0044057,regulation of system process,19_GO:0032501 multicellular organismal process,-5,7.4,6.7,30182,591,55,8,15,4.8,2741|3784|4088|4988|5465|6869|23175|29119,GLRA1|KCNQ1|SMAD3|OPRM1|PPARA|TACR1|LPIN1|CTNNA3,-2.7
MyList,GO Biological Processes,19,GO:0030098,lymphocyte differentiation,19_GO:0002376 immune system process,-4.9,12,7.7,30182,280,55,6,11,4.2,604|860|1958|4602|4853|6095,BCL6|RUNX2|EGR1|MYB|NOTCH2|RORA,-2.7
MyList,GO Biological Processes,19,GO:0002694,regulation of leukocyte activation,19_GO:0002376 immune system process,-4.9,7.3,6.7,30182,598,55,8,15,4.8,60|604|2534|4773|6095|6869|8289|57492,ACTB|BCL6|FYN|NFATC2|RORA|TACR1|ARID1A|ARID1B,-2.7
MyList,Reactome Gene Sets,6,R-HSA-5663202,Diseases of signal transduction by growth factor receptors and second messengers,,-4.9,8.9,7,30182,433,55,7,13,4.5,60|238|1523|2534|4088|9372|51564,ACTB|ALK|CUX1|FYN|SMAD3|ZFYVE9|HDAC7,-2.7
MyList,GO Biological Processes,19,GO:0007610,behavior,19_GO:0032501 multicellular organismal process,-4.9,7.2,6.6,30182,607,55,8,15,4.8,238|1958|2534|2741|3784|4988|5465|6869,ALK|EGR1|FYN|GLRA1|KCNQ1|OPRM1|PPARA|TACR1,-2.7
MyList,GO Biological Processes,19,GO:2000628,regulation of miRNA metabolic process,19_GO:0008152 metabolic process,-4.8,27,10,30182,81,55,4,7.3,3.5,1958|4088|4602|5465,EGR1|SMAD3|MYB|PPARA,-2.7
MyList,GO Biological Processes,19,GO:0010942,positive regulation of cell death,19_GO:0048518 positive regulation of biological process,-4.8,7.1,6.5,30182,621,55,8,15,4.8,604|1958|2534|3663|4613|4853|9500|11218,BCL6|EGR1|FYN|IRF5|MYCN|NOTCH2|MAGED1|DDX20,-2.6
MyList,GO Biological Processes,19,GO:0030217,T cell differentiation,19_GO:0002376 immune system process,-4.8,16,8.4,30182,173,55,5,9.1,3.9,604|860|1958|4602|6095,BCL6|RUNX2|EGR1|MYB|RORA,-2.6
MyList,GO Biological Processes,19,GO:0048568,embryonic organ development,19_GO:0032502 developmental process,-4.8,8.5,6.9,30182,450,55,7,13,4.5,860|1750|3784|4088|4613|4853|7291,RUNX2|DLX6|KCNQ1|SMAD3|MYCN|NOTCH2|TWIST1,-2.6
MyList,GO Biological Processes,19,GO:2000819,regulation of nucleotide-excision repair,19_GO:0050896 response to stimulus,-4.7,59,13,30182,28,55,3,5.5,3.1,60|8289|57492,ACTB|ARID1A|ARID1B,-2.6
MyList,GO Biological Processes,19,GO:1902107,positive regulation of leukocyte differentiation,19_GO:0002376 immune system process,-4.7,15,8.1,30182,184,55,5,9.1,3.9,60|604|4853|8289|57492,ACTB|BCL6|NOTCH2|ARID1A|ARID1B,-2.5
MyList,GO Biological Processes,19,GO:1903708,positive regulation of hemopoiesis,19_GO:0002376 immune system process,-4.7,15,8.1,30182,184,55,5,9.1,3.9,60|604|4853|8289|57492,ACTB|BCL6|NOTCH2|ARID1A|ARID1B,-2.5
MyList,GO Biological Processes,19,GO:0050865,regulation of cell activation,19_GO:0032501 multicellular organismal process,-4.6,6.7,6.3,30182,655,55,8,15,4.8,60|604|2534|4773|6095|6869|8289|57492,ACTB|BCL6|FYN|NFATC2|RORA|TACR1|ARID1A|ARID1B,-2.5
MyList,GO Biological Processes,19,GO:0030097,hemopoiesis,19_GO:0032502 developmental process,-4.6,6.7,6.3,30182,659,55,8,15,4.8,604|860|1958|3784|4094|4602|4853|6095,BCL6|RUNX2|EGR1|KCNQ1|MAF|MYB|NOTCH2|RORA,-2.5
MyList,Reactome Gene Sets,6,R-HSA-381119,Unfolded Protein Response (UPR),,-4.6,23,9.3,30182,94,55,4,7.3,3.5,4801|4802|10488|90993,NFYB|NFYC|CREB3|CREB3L1,-2.5
MyList,GO Biological Processes,19,GO:1903131,mononuclear cell differentiation,19_GO:0032502 developmental process,-4.6,10,7.1,30182,324,55,6,11,4.2,604|860|1958|4602|4853|6095,BCL6|RUNX2|EGR1|MYB|NOTCH2|RORA,-2.4
MyList,WikiPathways,27,WP3414,Initiation of transcription and translation elongation at the HIV-1 LTR,,-4.6,51,12,30182,32,55,3,5.5,3.1,4773|6667|51564,NFATC2|SP1|HDAC7,-2.4
MyList,GO Biological Processes,19,GO:0048704,embryonic skeletal system morphogenesis,19_GO:0032502 developmental process,-4.6,23,9.2,30182,95,55,4,7.3,3.5,860|4088|4613|7291,RUNX2|SMAD3|MYCN|TWIST1,-2.4
MyList,GO Biological Processes,19,GO:0071363,cellular response to growth factor stimulus,19_GO:0050896 response to stimulus,-4.5,7.9,6.5,30182,488,55,7,13,4.5,860|1958|2534|4088|4853|7291|9372,RUNX2|EGR1|FYN|SMAD3|NOTCH2|TWIST1|ZFYVE9,-2.4
MyList,GO Biological Processes,19,GO:0007178,transmembrane receptor protein serine/threonine kinase signaling pathway,19_GO:0023052 signaling,-4.5,14,7.7,30182,202,55,5,9.1,3.9,860|1958|4088|4853|9372,RUNX2|EGR1|SMAD3|NOTCH2|ZFYVE9,-2.4
MyList,GO Biological Processes,19,GO:0051249,regulation of lymphocyte activation,19_GO:0002376 immune system process,-4.5,7.6,6.4,30182,503,55,7,13,4.5,60|604|2534|4773|6869|8289|57492,ACTB|BCL6|FYN|NFATC2|TACR1|ARID1A|ARID1B,-2.4
MyList,GO Biological Processes,19,GO:0008283,cell population proliferation,19_GO:0009987 cellular process,-4.4,6.3,6,30182,699,55,8,15,4.8,604|860|1958|2534|4613|4853|6095|7291,BCL6|RUNX2|EGR1|FYN|MYCN|NOTCH2|RORA|TWIST1,-2.3
MyList,KEGG Pathway,24,hsa05207,Chemical carcinogenesis - receptor activation,,-4.4,13,7.5,30182,212,55,5,9.1,3.9,604|4853|5465|10488|90993,BCL6|NOTCH2|PPARA|CREB3|CREB3L1,-2.3
MyList,Reactome Gene Sets,6,R-HSA-6785807,Interleukin-4 and Interleukin-13 signaling,,-4.3,20,8.6,30182,108,55,4,7.3,3.5,604|4988|6095|7291,BCL6|OPRM1|RORA|TWIST1,-2.3
MyList,GO Biological Processes,19,GO:0032868,response to insulin,19_GO:0050896 response to stimulus,-4.3,13,7.4,30182,217,55,5,9.1,3.9,1958|3784|5465|6667|23175,EGR1|KCNQ1|PPARA|SP1|LPIN1,-2.2
MyList,GO Biological Processes,19,GO:0080135,regulation of cellular response to stress,19_GO:0050896 response to stimulus,-4.3,6,5.9,30182,726,55,8,15,4.8,60|2534|4988|7291|8289|10488|57492|90993,ACTB|FYN|OPRM1|TWIST1|ARID1A|CREB3|ARID1B|CREB3L1,-2.2
MyList,KEGG Pathway,24,hsa05200,Pathways in cancer,,-4.3,7.2,6.2,30182,531,55,7,13,4.5,238|2786|4088|4853|6667|29119|374654,ALK|GNG4|SMAD3|NOTCH2|SP1|CTNNA3|KIF7,-2.2
MyList,GO Biological Processes,19,GO:0070316,regulation of G0 to G1 transition,19_GO:0050789 regulation of biological process,-4.3,42,11,30182,39,55,3,5.5,3.1,60|8289|57492,ACTB|ARID1A|ARID1B,-2.2
MyList,GO Biological Processes,19,GO:0002294,"CD4-positive, alpha-beta T cell differentiation involved in immune response",19_GO:0002376 immune system process,-4.3,42,11,30182,39,55,3,5.5,3.1,604|4602|6095,BCL6|MYB|RORA,-2.2
MyList,GO Biological Processes,19,GO:0042093,T-helper cell differentiation,19_GO:0002376 immune system process,-4.3,42,11,30182,39,55,3,5.5,3.1,604|4602|6095,BCL6|MYB|RORA,-2.2
MyList,Reactome Gene Sets,6,R-HSA-1280215,Cytokine Signaling in Immune system,,-4.3,6,5.9,30182,730,55,8,15,4.8,604|1958|2534|3663|4088|4988|6095|7291,BCL6|EGR1|FYN|IRF5|SMAD3|OPRM1|RORA|TWIST1,-2.2
MyList,GO Biological Processes,19,GO:0002293,alpha-beta T cell differentiation involved in immune response,19_GO:0002376 immune system process,-4.3,41,11,30182,40,55,3,5.5,3.1,604|4602|6095,BCL6|MYB|RORA,-2.2
MyList,GO Biological Processes,19,GO:0035136,forelimb morphogenesis,19_GO:0032502 developmental process,-4.3,41,11,30182,40,55,3,5.5,3.1,546|860|7291,ATRX|RUNX2|TWIST1,-2.2
MyList,GO Biological Processes,19,GO:0002287,alpha-beta T cell activation involved in immune response,19_GO:0002376 immune system process,-4.3,41,11,30182,40,55,3,5.5,3.1,604|4602|6095,BCL6|MYB|RORA,-2.2
MyList,GO Biological Processes,19,GO:0051052,regulation of DNA metabolic process,19_GO:0008152 metabolic process,-4.3,7.1,6.1,30182,541,55,7,13,4.5,60|546|604|7291|8289|23175|57492,ACTB|ATRX|BCL6|TWIST1|ARID1A|LPIN1|ARID1B,-2.2
MyList,GO Biological Processes,19,GO:0043434,response to peptide hormone,19_GO:0050896 response to stimulus,-4.3,8.9,6.5,30182,369,55,6,11,4.2,1958|3784|5465|6667|23175|57492,EGR1|KCNQ1|PPARA|SP1|LPIN1|ARID1B,-2.2
MyList,KEGG Pathway,24,hsa05163,Human cytomegalovirus infection,,-4.2,12,7.2,30182,225,55,5,9.1,3.9,2786|4773|6667|10488|90993,GNG4|NFATC2|SP1|CREB3|CREB3L1,-2.2
MyList,WikiPathways,27,WP4659,Gastrin signaling pathway,,-4.2,19,8.3,30182,115,55,4,7.3,3.5,1958|2534|6667|51564,EGR1|FYN|SP1|HDAC7,-2.2
MyList,GO Biological Processes,19,GO:0045582,positive regulation of T cell differentiation,19_GO:0002376 immune system process,-4.2,19,8.3,30182,116,55,4,7.3,3.5,60|604|8289|57492,ACTB|BCL6|ARID1A|ARID1B,-2.2
MyList,GO Biological Processes,19,GO:1903037,regulation of leukocyte cell-cell adhesion,19_GO:0050789 regulation of biological process,-4.2,8.7,6.4,30182,378,55,6,11,4.2,60|604|2534|5465|8289|57492,ACTB|BCL6|FYN|PPARA|ARID1A|ARID1B,-2.2
MyList,KEGG Pathway,24,hsa04714,Thermogenesis,,-4.2,12,7.1,30182,232,55,5,9.1,3.9,60|8289|10488|57492|90993,ACTB|ARID1A|CREB3|ARID1B|CREB3L1,-2.1
MyList,GO Biological Processes,19,GO:0030278,regulation of ossification,19_GO:0032501 multicellular organismal process,-4.2,18,8.1,30182,119,55,4,7.3,3.5,860|4088|6869|7291,RUNX2|SMAD3|TACR1|TWIST1,-2.1
MyList,GO Biological Processes,19,GO:0051568,histone H3-K4 methylation,19_GO:0008152 metabolic process,-4.2,38,10,30182,43,55,3,5.5,3.1,4801|4802|7403,NFYB|NFYC|KDM6A,-2.1
MyList,GO Biological Processes,19,GO:0045663,positive regulation of myoblast differentiation,19_GO:0032502 developmental process,-4.2,38,10,30182,43,55,3,5.5,3.1,60|8289|57492,ACTB|ARID1A|ARID1B,-2.1
MyList,GO Biological Processes,19,GO:0007423,sensory organ development,19_GO:0032502 developmental process,-4.2,6.9,6,30182,559,55,7,13,4.5,1750|3784|4088|4094|4853|7291|30812,DLX6|KCNQ1|SMAD3|MAF|NOTCH2|TWIST1|SOX8,-2.1
MyList,GO Biological Processes,19,GO:1902532,negative regulation of intracellular signal transduction,19_GO:0023052 signaling,-4.2,6.8,6,30182,561,55,7,13,4.5,604|5465|6095|7291|10488|51564|90993,BCL6|PPARA|RORA|TWIST1|CREB3|HDAC7|CREB3L1,-2.1
MyList,Reactome Gene Sets,6,R-HSA-8878166,Transcriptional regulation by RUNX2,,-4.1,18,8.1,30182,121,55,4,7.3,3.5,860|1750|4094|7291,RUNX2|DLX6|MAF|TWIST1,-2.1
MyList,GO Biological Processes,19,GO:0002292,T cell differentiation involved in immune response,19_GO:0002376 immune system process,-4.1,37,10,30182,44,55,3,5.5,3.1,604|4602|6095,BCL6|MYB|RORA,-2.1
MyList,Reactome Gene Sets,6,R-HSA-8878171,Transcriptional regulation by RUNX1,,-4.1,11,7,30182,239,55,5,9.1,3.9,860|4602|4773|8289|57492,RUNX2|MYB|NFATC2|ARID1A|ARID1B,-2.1
MyList,Canonical Pathways,11,M60,PID NFAT TFPATHWAY,,-4.1,37,10,30182,45,55,3,5.5,3.1,1958|4094|4773,EGR1|MAF|NFATC2,-2.1
MyList,GO Biological Processes,19,GO:0048701,embryonic cranial skeleton morphogenesis,19_GO:0032502 developmental process,-4.1,37,10,30182,45,55,3,5.5,3.1,860|4088|7291,RUNX2|SMAD3|TWIST1,-2.1
MyList,GO Biological Processes,19,GO:0009725,response to hormone,19_GO:0050896 response to stimulus,-4.1,5.6,5.6,30182,784,55,8,15,4.8,1958|3784|5465|6667|6869|8289|23175|57492,EGR1|KCNQ1|PPARA|SP1|TACR1|ARID1A|LPIN1|ARID1B,-2.1
MyList,GO Biological Processes,19,GO:0050870,positive regulation of T cell activation,19_GO:0002376 immune system process,-4,11,6.8,30182,249,55,5,9.1,3.9,60|604|2534|8289|57492,ACTB|BCL6|FYN|ARID1A|ARID1B,-2
MyList,GO Biological Processes,19,GO:0048706,embryonic skeletal system development,19_GO:0032502 developmental process,-4,17,7.8,30182,129,55,4,7.3,3.5,860|4088|4613|7291,RUNX2|SMAD3|MYCN|TWIST1,-2
MyList,GO Biological Processes,19,GO:0035094,response to nicotine,19_GO:0050896 response to stimulus,-4,34,9.9,30182,48,55,3,5.5,3.1,3784|5465|6869,KCNQ1|PPARA|TACR1,-2
MyList,Canonical Pathways,11,M288,PID HES HEY PATHWAY,,-4,34,9.9,30182,48,55,3,5.5,3.1,860|4602|7291,RUNX2|MYB|TWIST1,-2
MyList,GO Biological Processes,19,GO:0045621,positive regulation of lymphocyte differentiation,19_GO:0002376 immune system process,-4,17,7.8,30182,130,55,4,7.3,3.5,60|604|8289|57492,ACTB|BCL6|ARID1A|ARID1B,-2
MyList,GO Biological Processes,19,GO:0097305,response to alcohol,19_GO:0050896 response to stimulus,-4,11,6.8,30182,251,55,5,9.1,3.9,2534|2741|4988|5465|6869,FYN|GLRA1|OPRM1|PPARA|TACR1,-2
MyList,GO Biological Processes,19,GO:0002521,leukocyte differentiation,19_GO:0032502 developmental process,-4,8.1,6.2,30182,406,55,6,11,4.2,604|860|1958|4602|4853|6095,BCL6|RUNX2|EGR1|MYB|NOTCH2|RORA,-2
MyList,GO Biological Processes,19,GO:0090257,regulation of muscle system process,19_GO:0032501 multicellular organismal process,-4,11,6.7,30182,254,55,5,9.1,3.9,3784|4088|5465|6869|29119,KCNQ1|SMAD3|PPARA|TACR1|CTNNA3,-2
MyList,WikiPathways,27,WP366,TGF-beta signaling pathway,,-4,17,7.7,30182,132,55,4,7.3,3.5,860|4088|6667|9372,RUNX2|SMAD3|SP1|ZFYVE9,-2
MyList,KEGG Pathway,24,hsa04728,Dopaminergic synapse,,-4,17,7.7,30182,132,55,4,7.3,3.5,2786|5521|10488|90993,GNG4|PPP2R2B|CREB3|CREB3L1,-2
MyList,GO Biological Processes,19,GO:0002285,lymphocyte activation involved in immune response,19_GO:0002376 immune system process,-4,17,7.7,30182,133,55,4,7.3,3.5,604|4602|4853|6095,BCL6|MYB|NOTCH2|RORA,-2
MyList,GO Biological Processes,19,GO:2000779,regulation of double-strand break repair,19_GO:0050896 response to stimulus,-4,17,7.7,30182,133,55,4,7.3,3.5,60|7291|8289|57492,ACTB|TWIST1|ARID1A|ARID1B,-2
MyList,GO Biological Processes,19,GO:2000378,negative regulation of reactive oxygen species metabolic process,19_GO:0048519 negative regulation of biological process,-4,33,9.7,30182,50,55,3,5.5,3.1,2534|4613|5465,FYN|MYCN|PPARA,-2
MyList,GO Biological Processes,19,GO:1902895,positive regulation of miRNA transcription,19_GO:0048518 positive regulation of biological process,-4,32,9.6,30182,51,55,3,5.5,3.1,1958|4088|4602,EGR1|SMAD3|MYB,-2
MyList,GO Biological Processes,19,GO:0043367,"CD4-positive, alpha-beta T cell differentiation",19_GO:0002376 immune system process,-4,32,9.6,30182,51,55,3,5.5,3.1,604|4602|6095,BCL6|MYB|RORA,-2
MyList,GO Biological Processes,19,GO:0007623,circadian rhythm,19_GO:0048511 rhythmic process,-3.9,16,7.5,30182,137,55,4,7.3,3.5,1958|5465|6095|9500,EGR1|PPARA|RORA|MAGED1,-2
MyList,GO Biological Processes,19,GO:0030968,endoplasmic reticulum unfolded protein response,19_GO:0023052 signaling,-3.9,32,9.5,30182,52,55,3,5.5,3.1,10488|79139|90993,CREB3|DERL1|CREB3L1,-1.9
MyList,KEGG Pathway,24,hsa04915,Estrogen signaling pathway,,-3.9,16,7.5,30182,138,55,4,7.3,3.5,4988|6667|10488|90993,OPRM1|SP1|CREB3|CREB3L1,-1.9
MyList,GO Biological Processes,19,GO:0030855,epithelial cell differentiation,19_GO:0032502 developmental process,-3.9,6.2,5.6,30182,615,55,7,13,4.5,546|1750|3784|4088|4094|4853|30812,ATRX|DLX6|KCNQ1|SMAD3|MAF|NOTCH2|SOX8,-1.9
MyList,GO Biological Processes,19,GO:0090596,sensory organ morphogenesis,19_GO:0032502 developmental process,-3.9,10,6.5,30182,266,55,5,9.1,3.9,1750|3784|4853|7291|30812,DLX6|KCNQ1|NOTCH2|TWIST1|SOX8,-1.9
MyList,GO Biological Processes,19,GO:0035065,regulation of histone acetylation,19_GO:0008152 metabolic process,-3.9,31,9.4,30182,53,55,3,5.5,3.1,4801|4802|7291,NFYB|NFYC|TWIST1,-1.9
MyList,GO Biological Processes,19,GO:0031056,regulation of histone modification,19_GO:0008152 metabolic process,-3.9,16,7.4,30182,141,55,4,7.3,3.5,604|4801|4802|7291,BCL6|NFYB|NFYC|TWIST1,-1.9
MyList,GO Biological Processes,19,GO:0032330,regulation of chondrocyte differentiation,19_GO:0032502 developmental process,-3.9,30,9.3,30182,54,55,3,5.5,3.1,860|4088|4094,RUNX2|SMAD3|MAF,-1.9
MyList,GO Biological Processes,19,GO:0030534,adult behavior,19_GO:0032501 multicellular organismal process,-3.9,15,7.3,30182,143,55,4,7.3,3.5,238|2741|4988|5465,ALK|GLRA1|OPRM1|PPARA,-1.9
MyList,GO Biological Processes,19,GO:0007167,enzyme-linked receptor protein signaling pathway,19_GO:0023052 signaling,-3.9,6.1,5.5,30182,626,55,7,13,4.5,238|860|1958|2534|4088|4853|9372,ALK|RUNX2|EGR1|FYN|SMAD3|NOTCH2|ZFYVE9,-1.9
MyList,GO Biological Processes,19,GO:0030099,myeloid cell differentiation,19_GO:0032502 developmental process,-3.9,10,6.4,30182,273,55,5,9.1,3.9,604|3784|4094|4602|4853,BCL6|KCNQ1|MAF|MYB|NOTCH2,-1.9
MyList,GO Biological Processes,19,GO:1903039,positive regulation of leukocyte cell-cell adhesion,19_GO:0048518 positive regulation of biological process,-3.9,10,6.4,30182,273,55,5,9.1,3.9,60|604|2534|8289|57492,ACTB|BCL6|FYN|ARID1A|ARID1B,-1.9
MyList,WikiPathways,27,WP560,TGF-beta receptor signaling,,-3.9,30,9.2,30182,55,55,3,5.5,3.1,860|4088|9372,RUNX2|SMAD3|ZFYVE9,-1.9
MyList,Reactome Gene Sets,6,R-HSA-3247509,Chromatin modifying enzymes,,-3.8,10,6.4,30182,274,55,5,9.1,3.9,60|5077|7403|8289|57492,ACTB|PAX3|KDM6A|ARID1A|ARID1B,-1.9
MyList,Reactome Gene Sets,6,R-HSA-4839726,Chromatin organization,,-3.8,10,6.4,30182,274,55,5,9.1,3.9,60|5077|7403|8289|57492,ACTB|PAX3|KDM6A|ARID1A|ARID1B,-1.9
MyList,GO Biological Processes,19,GO:0006325,chromatin organization,19_GO:0009987 cellular process,-3.8,6.1,5.5,30182,633,55,7,13,4.5,60|546|3784|7403|8289|51564|57492,ACTB|ATRX|KCNQ1|KDM6A|ARID1A|HDAC7|ARID1B,-1.9
MyList,GO Biological Processes,19,GO:0045667,regulation of osteoblast differentiation,19_GO:0032502 developmental process,-3.8,15,7.2,30182,147,55,4,7.3,3.5,860|4088|7291|51564,RUNX2|SMAD3|TWIST1|HDAC7,-1.9
MyList,GO Biological Processes,19,GO:0001503,ossification,19_GO:0032501 multicellular organismal process,-3.8,9.9,6.3,30182,278,55,5,9.1,3.9,860|4088|7291|30812|90993,RUNX2|SMAD3|TWIST1|SOX8|CREB3L1,-1.9
MyList,WikiPathways,27,WP4879,Overlap between signal transduction pathways contributing to LMNA laminopathies,,-3.8,29,9,30182,57,55,3,5.5,3.1,60|860|4088,ACTB|RUNX2|SMAD3,-1.9
MyList,GO Biological Processes,19,GO:0001666,response to hypoxia,19_GO:0050896 response to stimulus,-3.8,9.8,6.3,30182,280,55,5,9.1,3.9,1958|4088|5465|6095|7291,EGR1|SMAD3|PPARA|RORA|TWIST1,-1.9
MyList,GO Biological Processes,19,GO:0040029,epigenetic regulation of gene expression,19_GO:0008152 metabolic process,-3.8,15,7.2,30182,149,55,4,7.3,3.5,546|3784|8289|57492,ATRX|KCNQ1|ARID1A|ARID1B,-1.8
MyList,GO Biological Processes,19,GO:0002009,morphogenesis of an epithelium,19_GO:0032502 developmental process,-3.8,7.3,5.8,30182,451,55,6,11,4.2,60|4088|4613|4853|7291|30812,ACTB|SMAD3|MYCN|NOTCH2|TWIST1|SOX8,-1.8
MyList,WikiPathways,27,WP4666,Hepatitis B infection,,-3.8,15,7.1,30182,151,55,4,7.3,3.5,4088|4773|10488|90993,SMAD3|NFATC2|CREB3|CREB3L1,-1.8
MyList,GO Biological Processes,19,GO:0043009,chordate embryonic development,19_GO:0032502 developmental process,-3.8,5.9,5.4,30182,648,55,7,13,4.5,860|2551|4088|4613|4853|7291|30812,RUNX2|GABPA|SMAD3|MYCN|NOTCH2|TWIST1|SOX8,-1.8
MyList,WikiPathways,27,WP4816,TGF-beta receptor signaling in skeletal dysplasias,,-3.8,28,8.8,30182,59,55,3,5.5,3.1,860|4088|9372,RUNX2|SMAD3|ZFYVE9,-1.8
MyList,Reactome Gene Sets,6,R-HSA-8957322,Metabolism of steroids,,-3.7,14,7,30182,154,55,4,7.3,3.5,4801|4802|5465|6667,NFYB|NFYC|PPARA|SP1,-1.8
MyList,KEGG Pathway,24,hsa04261,Adrenergic signaling in cardiomyocytes,,-3.7,14,7,30182,154,55,4,7.3,3.5,3784|5521|10488|90993,KCNQ1|PPP2R2B|CREB3|CREB3L1,-1.8
MyList,GO Biological Processes,19,GO:2000630,positive regulation of miRNA metabolic process,19_GO:0048518 positive regulation of biological process,-3.7,27,8.8,30182,60,55,3,5.5,3.1,1958|4088|4602,EGR1|SMAD3|MYB,-1.8
MyList,GO Biological Processes,19,GO:0050994,regulation of lipid catabolic process,19_GO:0008152 metabolic process,-3.7,27,8.7,30182,61,55,3,5.5,3.1,238|5465|7291,ALK|PPARA|TWIST1,-1.8
MyList,GO Biological Processes,19,GO:0045668,negative regulation of osteoblast differentiation,19_GO:0032502 developmental process,-3.7,27,8.7,30182,61,55,3,5.5,3.1,4088|7291|51564,SMAD3|TWIST1|HDAC7,-1.8
MyList,GO Biological Processes,19,GO:0036293,response to decreased oxygen levels,19_GO:0050896 response to stimulus,-3.7,9.4,6.1,30182,293,55,5,9.1,3.9,1958|4088|5465|6095|7291,EGR1|SMAD3|PPARA|RORA|TWIST1,-1.8
MyList,KEGG Pathway,24,hsa04390,Hippo signaling pathway,,-3.7,14,7,30182,157,55,4,7.3,3.5,60|4088|5521|29119,ACTB|SMAD3|PPP2R2B|CTNNA3,-1.8
MyList,GO Biological Processes,19,GO:0018205,peptidyl-lysine modification,19_GO:0008152 metabolic process,-3.7,9.3,6.1,30182,294,55,5,9.1,3.9,60|4801|4802|7403|51564,ACTB|NFYB|NFYC|KDM6A|HDAC7,-1.8
MyList,GO Biological Processes,19,GO:2000756,regulation of peptidyl-lysine acetylation,19_GO:0008152 metabolic process,-3.7,27,8.6,30182,62,55,3,5.5,3.1,4801|4802|7291,NFYB|NFYC|TWIST1,-1.8
MyList,GO Biological Processes,19,GO:0009792,embryo development ending in birth or egg hatching,19_GO:0032502 developmental process,-3.7,5.7,5.3,30182,670,55,7,13,4.5,860|2551|4088|4613|4853|7291|30812,RUNX2|GABPA|SMAD3|MYCN|NOTCH2|TWIST1|SOX8,-1.8
MyList,GO Biological Processes,19,GO:0035239,tube morphogenesis,19_GO:0032502 developmental process,-3.7,5.7,5.3,30182,670,55,7,13,4.5,4088|4613|4853|6095|7291|30812|51564,SMAD3|MYCN|NOTCH2|RORA|TWIST1|SOX8|HDAC7,-1.8
MyList,Reactome Gene Sets,6,R-HSA-449147,Signaling by Interleukins,,-3.7,7,5.6,30182,473,55,6,11,4.2,604|2534|4088|4988|6095|7291,BCL6|FYN|SMAD3|OPRM1|RORA|TWIST1,-1.7
MyList,KEGG Pathway,24,hsa05161,Hepatitis B,,-3.7,14,6.8,30182,162,55,4,7.3,3.5,4088|4773|10488|90993,SMAD3|NFATC2|CREB3|CREB3L1,-1.7
MyList,GO Biological Processes,19,GO:0035710,"CD4-positive, alpha-beta T cell activation",19_GO:0002376 immune system process,-3.7,26,8.5,30182,64,55,3,5.5,3.1,604|4602|6095,BCL6|MYB|RORA,-1.7
MyList,WikiPathways,27,WP2849,Hematopoietic stem cell differentiation,,-3.7,26,8.5,30182,64,55,3,5.5,3.1,3663|4602|4773,IRF5|MYB|NFATC2,-1.7
MyList,GO Biological Processes,19,GO:0051054,positive regulation of DNA metabolic process,19_GO:0048518 positive regulation of biological process,-3.6,9.1,6,30182,303,55,5,9.1,3.9,60|546|8289|23175|57492,ACTB|ATRX|ARID1A|LPIN1|ARID1B,-1.7
MyList,KEGG Pathway,24,hsa04927,Cortisol synthesis and secretion,,-3.6,25,8.4,30182,65,55,3,5.5,3.1,6667|10488|90993,SP1|CREB3|CREB3L1,-1.7
MyList,KEGG Pathway,24,hsa05321,Inflammatory bowel disease,,-3.6,25,8.4,30182,65,55,3,5.5,3.1,4088|4094|6095,SMAD3|MAF|RORA,-1.7
MyList,GO Biological Processes,19,GO:0045785,positive regulation of cell adhesion,19_GO:0048518 positive regulation of biological process,-3.6,6.8,5.5,30182,482,55,6,11,4.2,60|604|2534|4088|8289|57492,ACTB|BCL6|FYN|SMAD3|ARID1A|ARID1B,-1.7
MyList,KEGG Pathway,24,hsa05225,Hepatocellular carcinoma,,-3.6,13,6.7,30182,168,55,4,7.3,3.5,60|4088|8289|57492,ACTB|SMAD3|ARID1A|ARID1B,-1.7
MyList,GO Biological Processes,19,GO:0060562,epithelial tube morphogenesis,19_GO:0032502 developmental process,-3.6,8.8,5.9,30182,313,55,5,9.1,3.9,4088|4613|4853|7291|30812,SMAD3|MYCN|NOTCH2|TWIST1|SOX8,-1.7
MyList,GO Biological Processes,19,GO:0022407,regulation of cell-cell adhesion,19_GO:0050789 regulation of biological process,-3.6,6.7,5.4,30182,491,55,6,11,4.2,60|604|2534|5465|8289|57492,ACTB|BCL6|FYN|PPARA|ARID1A|ARID1B,-1.7
MyList,GO Biological Processes,19,GO:0034968,histone lysine methylation,19_GO:0008152 metabolic process,-3.6,24,8.1,30182,69,55,3,5.5,3.1,4801|4802|7403,NFYB|NFYC|KDM6A,-1.7
MyList,GO Biological Processes,19,GO:1902105,regulation of leukocyte differentiation,19_GO:0002376 immune system process,-3.5,8.6,5.8,30182,319,55,5,9.1,3.9,60|604|4853|8289|57492,ACTB|BCL6|NOTCH2|ARID1A|ARID1B,-1.6
MyList,GO Biological Processes,19,GO:0070482,response to oxygen levels,19_GO:0050896 response to stimulus,-3.5,8.6,5.8,30182,320,55,5,9.1,3.9,1958|4088|5465|6095|7291,EGR1|SMAD3|PPARA|RORA|TWIST1,-1.6
MyList,GO Biological Processes,19,GO:0022409,positive regulation of cell-cell adhesion,19_GO:0048518 positive regulation of biological process,-3.5,8.5,5.8,30182,321,55,5,9.1,3.9,60|604|2534|8289|57492,ACTB|BCL6|FYN|ARID1A|ARID1B,-1.6
MyList,GO Biological Processes,19,GO:0046632,alpha-beta T cell differentiation,19_GO:0002376 immune system process,-3.5,23,8,30182,71,55,3,5.5,3.1,604|4602|6095,BCL6|MYB|RORA,-1.6
MyList,GO Biological Processes,19,GO:0061061,muscle structure development,19_GO:0032502 developmental process,-3.5,6.5,5.4,30182,504,55,6,11,4.2,1958|4773|5077|6095|7291|30812,EGR1|NFATC2|PAX3|RORA|TWIST1|SOX8,-1.6
MyList,GO Biological Processes,19,GO:1904888,cranial skeletal system development,19_GO:0032502 developmental process,-3.5,23,7.9,30182,72,55,3,5.5,3.1,860|4088|7291,RUNX2|SMAD3|TWIST1,-1.6
MyList,GO Biological Processes,19,GO:0043010,camera-type eye development,19_GO:0032502 developmental process,-3.5,8.4,5.7,30182,327,55,5,9.1,3.9,4088|4094|4853|7291|30812,SMAD3|MAF|NOTCH2|TWIST1|SOX8,-1.6
MyList,GO Biological Processes,19,GO:0061035,regulation of cartilage development,19_GO:0032502 developmental process,-3.5,23,7.9,30182,73,55,3,5.5,3.1,860|4088|4094,RUNX2|SMAD3|MAF,-1.6
MyList,Reactome Gene Sets,6,R-HSA-8939902,Regulation of RUNX2 expression and activity,,-3.5,23,7.9,30182,73,55,3,5.5,3.1,860|1750|7291,RUNX2|DLX6|TWIST1,-1.6
MyList,WikiPathways,27,WP3584,MECP2 and associated Rett syndrome,,-3.5,23,7.9,30182,73,55,3,5.5,3.1,604|1750|6667,BCL6|DLX6|SP1,-1.6
MyList,GO Biological Processes,19,GO:0045580,regulation of T cell differentiation,19_GO:0002376 immune system process,-3.5,12,6.4,30182,180,55,4,7.3,3.5,60|604|8289|57492,ACTB|BCL6|ARID1A|ARID1B,-1.6
MyList,GO Biological Processes,19,GO:0042060,wound healing,19_GO:0050896 response to stimulus,-3.5,8.3,5.7,30182,331,55,5,9.1,3.9,60|4088|4853|4988|5465,ACTB|SMAD3|NOTCH2|OPRM1|PPARA,-1.6
MyList,GO Biological Processes,19,GO:0046890,regulation of lipid biosynthetic process,19_GO:0008152 metabolic process,-3.5,12,6.4,30182,182,55,4,7.3,3.5,1958|5465|11218|23175,EGR1|PPARA|DDX20|LPIN1,-1.6
MyList,GO Biological Processes,19,GO:0019233,sensory perception of pain,19_GO:0032501 multicellular organismal process,-3.4,22,7.7,30182,76,55,3,5.5,3.1,2534|4988|6869,FYN|OPRM1|TACR1,-1.6
MyList,KEGG Pathway,24,hsa05034,Alcoholism,,-3.4,12,6.3,30182,187,55,4,7.3,3.5,2786|10488|51564|90993,GNG4|CREB3|HDAC7|CREB3L1,-1.5
MyList,GO Biological Processes,19,GO:0008217,regulation of blood pressure,19_GO:0032501 multicellular organismal process,-3.4,12,6.3,30182,187,55,4,7.3,3.5,3784|4088|5465|6869,KCNQ1|SMAD3|PPARA|TACR1,-1.5
MyList,GO Biological Processes,19,GO:0050728,negative regulation of inflammatory response,19_GO:0048519 negative regulation of biological process,-3.4,12,6.3,30182,187,55,4,7.3,3.5,2534|4088|5465|6095,FYN|SMAD3|PPARA|RORA,-1.5
MyList,GO Biological Processes,19,GO:1901983,regulation of protein acetylation,19_GO:0008152 metabolic process,-3.4,21,7.7,30182,77,55,3,5.5,3.1,4801|4802|7291,NFYB|NFYC|TWIST1,-1.5
MyList,WikiPathways,27,WP4172,PI3K-Akt signaling pathway,,-3.4,8.1,5.6,30182,339,55,5,9.1,3.9,2786|4602|5521|10488|90993,GNG4|MYB|PPP2R2B|CREB3|CREB3L1,-1.5
MyList,GO Biological Processes,19,GO:0034620,cellular response to unfolded protein,19_GO:0050896 response to stimulus,-3.4,21,7.6,30182,78,55,3,5.5,3.1,10488|79139|90993,CREB3|DERL1|CREB3L1,-1.5
MyList,GO Biological Processes,19,GO:0002286,T cell activation involved in immune response,19_GO:0002376 immune system process,-3.4,21,7.6,30182,78,55,3,5.5,3.1,604|4602|6095,BCL6|MYB|RORA,-1.5
MyList,GO Biological Processes,19,GO:0030308,negative regulation of cell growth,19_GO:0040007 growth,-3.4,11,6.2,30182,191,55,4,7.3,3.5,604|2786|4088|5465,BCL6|GNG4|SMAD3|PPARA,-1.5
MyList,GO Biological Processes,19,GO:0090287,regulation of cellular response to growth factor stimulus,19_GO:0050896 response to stimulus,-3.4,8,5.5,30182,345,55,5,9.1,3.9,860|4088|4853|5465|90993,RUNX2|SMAD3|NOTCH2|PPARA|CREB3L1,-1.5
MyList,GO Biological Processes,19,GO:0045664,regulation of neuron differentiation,19_GO:0032502 developmental process,-3.4,11,6.2,30182,193,55,4,7.3,3.5,238|604|4613|30812,ALK|BCL6|MYCN|SOX8,-1.5
MyList,GO Biological Processes,19,GO:0002366,leukocyte activation involved in immune response,19_GO:0002376 immune system process,-3.3,11,6.1,30182,196,55,4,7.3,3.5,604|4602|4853|6095,BCL6|MYB|NOTCH2|RORA,-1.5
MyList,Canonical Pathways,11,M2,PID SMAD2 3NUCLEAR PATHWAY,,-3.3,20,7.4,30182,82,55,3,5.5,3.1,860|4088|6667,RUNX2|SMAD3|SP1,-1.5
MyList,KEGG Pathway,24,hsa04151,PI3K-Akt signaling pathway,,-3.3,7.8,5.5,30182,354,55,5,9.1,3.9,2786|4602|5521|10488|90993,GNG4|MYB|PPP2R2B|CREB3|CREB3L1,-1.5
MyList,GO Biological Processes,19,GO:0002263,cell activation involved in immune response,19_GO:0002376 immune system process,-3.3,11,6,30182,200,55,4,7.3,3.5,604|4602|4853|6095,BCL6|MYB|NOTCH2|RORA,-1.4
MyList,Canonical Pathways,11,M195,PID CMYB PATHWAY,,-3.3,20,7.3,30182,84,55,3,5.5,3.1,4094|4602|6667,MAF|MYB|SP1,-1.4
MyList,WikiPathways,27,WP3594,Circadian rhythm genes,,-3.3,11,6,30182,201,55,4,7.3,3.5,1958|5465|6095|9500,EGR1|PPARA|RORA|MAGED1,-1.4
MyList,GO Biological Processes,19,GO:2000781,positive regulation of double-strand break repair,19_GO:0048518 positive regulation of biological process,-3.3,19,7.2,30182,86,55,3,5.5,3.1,60|8289|57492,ACTB|ARID1A|ARID1B,-1.4
MyList,GO Biological Processes,19,GO:0048871,multicellular organismal homeostasis,19_GO:0042592 homeostatic process,-3.3,5.9,5,30182,559,55,6,11,4.2,60|238|604|1958|3784|4602,ACTB|ALK|BCL6|EGR1|KCNQ1|MYB,-1.4
MyList,GO Biological Processes,19,GO:0007507,heart development,19_GO:0032502 developmental process,-3.3,5.9,5,30182,562,55,6,11,4.2,3784|4088|4853|5465|7291|7403,KCNQ1|SMAD3|NOTCH2|PPARA|TWIST1|KDM6A,-1.4
MyList,GO Biological Processes,19,GO:0008589,regulation of smoothened signaling pathway,19_GO:0023052 signaling,-3.3,19,7.2,30182,87,55,3,5.5,3.1,860|6095|374654,RUNX2|RORA|KIF7,-1.4
MyList,Reactome Gene Sets,6,R-HSA-2262752,Cellular responses to stress,,-3.3,4.9,4.7,30182,789,55,7,13,4.5,4801|4802|5465|6095|6667|10488|90993,NFYB|NFYC|PPARA|RORA|SP1|CREB3|CREB3L1,-1.4
MyList,GO Biological Processes,19,GO:0051098,regulation of binding,19_GO:0065007 biological regulation,-3.3,7.4,5.3,30182,369,55,5,9.1,3.9,60|4088|5465|7291|79139,ACTB|SMAD3|PPARA|TWIST1|DERL1,-1.4
MyList,GO Biological Processes,19,GO:0018022,peptidyl-lysine methylation,19_GO:0008152 metabolic process,-3.2,19,7.1,30182,88,55,3,5.5,3.1,4801|4802|7403,NFYB|NFYC|KDM6A,-1.4
MyList,GO Biological Processes,19,GO:0048729,tissue morphogenesis,19_GO:0032502 developmental process,-3.2,5.8,4.9,30182,566,55,6,11,4.2,60|4088|4613|4853|7291|30812,ACTB|SMAD3|MYCN|NOTCH2|TWIST1|SOX8,-1.4
MyList,GO Biological Processes,19,GO:0030335,positive regulation of cell migration,19_GO:0040011 locomotion,-3.2,5.8,4.9,30182,569,55,6,11,4.2,4088|6667|6869|7291|10488|51564,SMAD3|SP1|TACR1|TWIST1|CREB3|HDAC7,-1.4
MyList,GO Biological Processes,19,GO:0001654,eye development,19_GO:0032502 developmental process,-3.2,7.4,5.3,30182,373,55,5,9.1,3.9,4088|4094|4853|7291|30812,SMAD3|MAF|NOTCH2|TWIST1|SOX8,-1.4
MyList,WikiPathways,27,WP69,T-cell receptor signaling pathway,,-3.2,18,7,30182,90,55,3,5.5,3.1,2534|4773|4988,FYN|NFATC2|OPRM1,-1.4
MyList,GO Biological Processes,19,GO:0016571,histone methylation,19_GO:0008152 metabolic process,-3.2,18,7,30182,90,55,3,5.5,3.1,4801|4802|7403,NFYB|NFYC|KDM6A,-1.4
MyList,GO Biological Processes,19,GO:0045619,regulation of lymphocyte differentiation,19_GO:0002376 immune system process,-3.2,10,5.8,30182,212,55,4,7.3,3.5,60|604|8289|57492,ACTB|BCL6|ARID1A|ARID1B,-1.4
MyList,GO Biological Processes,19,GO:0150063,visual system development,19_GO:0032502 developmental process,-3.2,7.3,5.2,30182,377,55,5,9.1,3.9,4088|4094|4853|7291|30812,SMAD3|MAF|NOTCH2|TWIST1|SOX8,-1.4
MyList,GO Biological Processes,19,GO:0050863,regulation of T cell activation,19_GO:0002376 immune system process,-3.2,7.3,5.2,30182,377,55,5,9.1,3.9,60|604|2534|8289|57492,ACTB|BCL6|FYN|ARID1A|ARID1B,-1.4
MyList,GO Biological Processes,19,GO:0030509,BMP signaling pathway,19_GO:0023052 signaling,-3.2,18,7,30182,91,55,3,5.5,3.1,860|1958|4853,RUNX2|EGR1|NOTCH2,-1.4
MyList,WikiPathways,27,WP138,Androgen receptor signaling pathway,,-3.2,18,7,30182,91,55,3,5.5,3.1,860|4088|6667,RUNX2|SMAD3|SP1,-1.4
MyList,GO Biological Processes,19,GO:0030071,regulation of mitotic metaphase/anaphase transition,19_GO:0050789 regulation of biological process,-3.2,18,7,30182,91,55,3,5.5,3.1,60|8289|57492,ACTB|ARID1A|ARID1B,-1.4
MyList,GO Biological Processes,19,GO:0006338,chromatin remodeling,19_GO:0009987 cellular process,-3.2,7.3,5.2,30182,378,55,5,9.1,3.9,60|546|7403|8289|57492,ACTB|ATRX|KDM6A|ARID1A|ARID1B,-1.4
MyList,GO Biological Processes,19,GO:0006282,regulation of DNA repair,19_GO:0050896 response to stimulus,-3.2,10,5.8,30182,214,55,4,7.3,3.5,60|7291|8289|57492,ACTB|TWIST1|ARID1A|ARID1B,-1.4
MyList,KEGG Pathway,24,hsa04658,Th1 and Th2 cell differentiation,,-3.2,18,6.9,30182,92,55,3,5.5,3.1,4094|4773|4853,MAF|NFATC2|NOTCH2,-1.4
MyList,GO Biological Processes,19,GO:0007631,feeding behavior,19_GO:0032501 multicellular organismal process,-3.2,18,6.9,30182,92,55,3,5.5,3.1,2534|4988|6869,FYN|OPRM1|TACR1,-1.4
MyList,Reactome Gene Sets,6,R-HSA-170834,Signaling by TGF-beta Receptor Complex,,-3.2,18,6.9,30182,93,55,3,5.5,3.1,4088|6667|9372,SMAD3|SP1|ZFYVE9,-1.4
MyList,GO Biological Processes,19,GO:0048880,sensory system development,19_GO:0032502 developmental process,-3.2,7.2,5.2,30182,383,55,5,9.1,3.9,4088|4094|4853|7291|30812,SMAD3|MAF|NOTCH2|TWIST1|SOX8,-1.4
MyList,GO Biological Processes,19,GO:0043583,ear development,19_GO:0032502 developmental process,-3.2,10,5.7,30182,218,55,4,7.3,3.5,1750|3784|4094|7291,DLX6|KCNQ1|MAF|TWIST1,-1.3
MyList,GO Biological Processes,19,GO:1902099,regulation of metaphase/anaphase transition of cell cycle,19_GO:0050789 regulation of biological process,-3.2,18,6.9,30182,94,55,3,5.5,3.1,60|8289|57492,ACTB|ARID1A|ARID1B,-1.3
MyList,KEGG Pathway,24,hsa04350,TGF-beta signaling pathway,,-3.2,17,6.8,30182,95,55,3,5.5,3.1,4088|6667|9372,SMAD3|SP1|ZFYVE9,-1.3
MyList,GO Biological Processes,19,GO:0002252,immune effector process,19_GO:0002376 immune system process,-3.1,7.1,5.1,30182,389,55,5,9.1,3.9,604|2534|4602|4853|6095,BCL6|FYN|MYB|NOTCH2|RORA,-1.3
MyList,GO Biological Processes,19,GO:0016570,histone modification,19_GO:0008152 metabolic process,-3.1,7.1,5.1,30182,389,55,5,9.1,3.9,60|604|4801|4802|7403,ACTB|BCL6|NFYB|NFYC|KDM6A,-1.3
MyList,GO Biological Processes,19,GO:0061448,connective tissue development,19_GO:0032502 developmental process,-3.1,9.9,5.7,30182,221,55,4,7.3,3.5,860|1958|4613|30812,RUNX2|EGR1|MYCN|SOX8,-1.3
MyList,GO Biological Processes,19,GO:2000147,positive regulation of cell motility,19_GO:0040011 locomotion,-3.1,5.5,4.8,30182,594,55,6,11,4.2,4088|6667|6869|7291|10488|51564,SMAD3|SP1|TACR1|TWIST1|CREB3|HDAC7,-1.3
MyList,GO Biological Processes,19,GO:0030218,erythrocyte differentiation,19_GO:0042592 homeostatic process,-3.1,17,6.8,30182,96,55,3,5.5,3.1,604|3784|4602,BCL6|KCNQ1|MYB,-1.3
MyList,GO Biological Processes,19,GO:0001701,in utero embryonic development,19_GO:0032502 developmental process,-3.1,7,5.1,30182,392,55,5,9.1,3.9,2551|4088|4853|7291|30812,GABPA|SMAD3|NOTCH2|TWIST1|SOX8,-1.3
MyList,WikiPathways,27,WP23,B cell receptor signaling pathway,,-3.1,17,6.7,30182,97,55,3,5.5,3.1,604|2534|4773,BCL6|FYN|NFATC2,-1.3
MyList,Reactome Gene Sets,6,R-HSA-391251,Protein folding,,-3.1,17,6.7,30182,97,55,3,5.5,3.1,60|2786|6902,ACTB|GNG4|TBCA,-1.3
MyList,GO Biological Processes,19,GO:0035967,cellular response to topologically incorrect protein,19_GO:0050896 response to stimulus,-3.1,17,6.7,30182,98,55,3,5.5,3.1,10488|79139|90993,CREB3|DERL1|CREB3L1,-1.3
MyList,GO Biological Processes,19,GO:0048705,skeletal system morphogenesis,19_GO:0032502 developmental process,-3.1,9.7,5.6,30182,226,55,4,7.3,3.5,860|4088|4613|7291,RUNX2|SMAD3|MYCN|TWIST1,-1.3
MyList,GO Biological Processes,19,GO:0019218,regulation of steroid metabolic process,19_GO:0008152 metabolic process,-3.1,17,6.7,30182,99,55,3,5.5,3.1,1958|6095|11218,EGR1|RORA|DDX20,-1.3
MyList,GO Biological Processes,19,GO:0046631,alpha-beta T cell activation,19_GO:0002376 immune system process,-3.1,16,6.6,30182,100,55,3,5.5,3.1,604|4602|6095,BCL6|MYB|RORA,-1.3
MyList,GO Biological Processes,19,GO:0040017,positive regulation of locomotion,19_GO:0040011 locomotion,-3.1,5.4,4.7,30182,609,55,6,11,4.2,4088|6667|6869|7291|10488|51564,SMAD3|SP1|TACR1|TWIST1|CREB3|HDAC7,-1.3
MyList,GO Biological Processes,19,GO:0071772,response to BMP,19_GO:0050896 response to stimulus,-3,16,6.5,30182,104,55,3,5.5,3.1,860|1958|4853,RUNX2|EGR1|NOTCH2,-1.2
MyList,GO Biological Processes,19,GO:0071773,cellular response to BMP stimulus,19_GO:0050896 response to stimulus,-3,16,6.5,30182,104,55,3,5.5,3.1,860|1958|4853,RUNX2|EGR1|NOTCH2,-1.2
MyList,GO Biological Processes,19,GO:0033045,regulation of sister chromatid segregation,19_GO:0050789 regulation of biological process,-3,16,6.5,30182,104,55,3,5.5,3.1,60|8289|57492,ACTB|ARID1A|ARID1B,-1.2
MyList,GO Biological Processes,19,GO:0050727,regulation of inflammatory response,19_GO:0050896 response to stimulus,-3,6.6,4.9,30182,414,55,5,9.1,3.9,604|2534|4088|5465|6095,BCL6|FYN|SMAD3|PPARA|RORA,-1.2
MyList,GO Biological Processes,19,GO:0034101,erythrocyte homeostasis,19_GO:0042592 homeostatic process,-3,16,6.4,30182,105,55,3,5.5,3.1,604|3784|4602,BCL6|KCNQ1|MYB,-1.2
MyList,KEGG Pathway,24,hsa04922,Glucagon signaling pathway,,-3,15,6.4,30182,107,55,3,5.5,3.1,5465|10488|90993,PPARA|CREB3|CREB3L1,-1.2
MyList,KEGG Pathway,24,hsa04931,Insulin resistance,,-3,15,6.3,30182,108,55,3,5.5,3.1,5465|10488|90993,PPARA|CREB3|CREB3L1,-1.2
MyList,KEGG Pathway,24,hsa04659,Th17 cell differentiation,,-3,15,6.3,30182,108,55,3,5.5,3.1,4088|4773|6095,SMAD3|NFATC2|RORA,-1.2
MyList,GO Biological Processes,19,GO:0033044,regulation of chromosome organization,19_GO:0050789 regulation of biological process,-2.9,8.8,5.3,30182,250,55,4,7.3,3.5,60|546|8289|57492,ACTB|ATRX|ARID1A|ARID1B,-1.2
MyList,WikiPathways,27,WP3888,VEGFA-VEGFR2 signaling pathway,,-2.9,6.4,4.8,30182,432,55,5,9.1,3.9,1958|2534|4773|6902|51564,EGR1|FYN|NFATC2|TBCA|HDAC7,-1.1
MyList,GO Biological Processes,19,GO:0042391,regulation of membrane potential,19_GO:0065007 biological regulation,-2.9,6.3,4.8,30182,433,55,5,9.1,3.9,2741|3784|4988|6869|29119,GLRA1|KCNQ1|OPRM1|TACR1|CTNNA3,-1.1
MyList,GO Biological Processes,19,GO:0045926,negative regulation of growth,19_GO:0040007 growth,-2.9,8.7,5.3,30182,252,55,4,7.3,3.5,604|2786|4088|5465,BCL6|GNG4|SMAD3|PPARA,-1.1
MyList,WikiPathways,27,WP5087,Malignant pleural mesothelioma,,-2.9,6.2,4.7,30182,440,55,5,9.1,3.9,60|2551|6667|7403|29119,ACTB|GABPA|SP1|KDM6A|CTNNA3,-1.1
MyList,GO Biological Processes,19,GO:0042752,regulation of circadian rhythm,19_GO:0048511 rhythmic process,-2.9,14,6.1,30182,116,55,3,5.5,3.1,5465|6095|9500,PPARA|RORA|MAGED1,-1.1
MyList,GO Biological Processes,19,GO:0009611,response to wounding,19_GO:0050896 response to stimulus,-2.9,6.2,4.7,30182,443,55,5,9.1,3.9,60|4088|4853|4988|5465,ACTB|SMAD3|NOTCH2|OPRM1|PPARA,-1.1
MyList,KEGG Pathway,24,hsa04152,AMPK signaling pathway,,-2.8,14,5.9,30182,121,55,3,5.5,3.1,5521|10488|90993,PPP2R2B|CREB3|CREB3L1,-1.1
MyList,GO Biological Processes,19,GO:0043414,macromolecule methylation,19_GO:0008152 metabolic process,-2.8,8.2,5.1,30182,267,55,4,7.3,3.5,546|4801|4802|7403,ATRX|NFYB|NFYC|KDM6A,-1.1
MyList,GO Biological Processes,19,GO:0042471,ear morphogenesis,19_GO:0032502 developmental process,-2.8,13,5.9,30182,122,55,3,5.5,3.1,1750|3784|7291,DLX6|KCNQ1|TWIST1,-1.1
MyList,Reactome Gene Sets,6,R-HSA-9006936,Signaling by TGFB family members,,-2.8,13,5.9,30182,122,55,3,5.5,3.1,4088|6667|9372,SMAD3|SP1|ZFYVE9,-1.1
MyList,GO Biological Processes,19,GO:0051960,regulation of nervous system development,19_GO:0032502 developmental process,-2.8,6,4.6,30182,461,55,5,9.1,3.9,1523|4613|4988|23175|30812,CUX1|MYCN|OPRM1|LPIN1|SOX8,-1
MyList,KEGG Pathway,24,hsa05020,Prion disease,,-2.8,8,5,30182,273,55,4,7.3,3.5,1958|2534|10488|90993,EGR1|FYN|CREB3|CREB3L1,-1
MyList,GO Biological Processes,19,GO:0006986,response to unfolded protein,19_GO:0050896 response to stimulus,-2.8,13,5.8,30182,125,55,3,5.5,3.1,10488|79139|90993,CREB3|DERL1|CREB3L1,-1
MyList,GO Biological Processes,19,GO:0042476,odontogenesis,19_GO:0032502 developmental process,-2.8,13,5.8,30182,125,55,3,5.5,3.1,860|5465|7291,RUNX2|PPARA|TWIST1,-1
MyList,GO Biological Processes,19,GO:2000027,regulation of animal organ morphogenesis,19_GO:0032502 developmental process,-2.8,13,5.8,30182,126,55,3,5.5,3.1,860|9500|30812,RUNX2|MAGED1|SOX8,-1
MyList,GO Biological Processes,19,GO:0048593,camera-type eye morphogenesis,19_GO:0032502 developmental process,-2.8,13,5.8,30182,127,55,3,5.5,3.1,4853|7291|30812,NOTCH2|TWIST1|SOX8,-1
MyList,KEGG Pathway,24,hsa04926,Relaxin signaling pathway,,-2.8,13,5.7,30182,129,55,3,5.5,3.1,2786|10488|90993,GNG4|CREB3|CREB3L1,-0.99
MyList,GO Biological Processes,19,GO:0045739,positive regulation of DNA repair,19_GO:0048518 positive regulation of biological process,-2.8,13,5.7,30182,130,55,3,5.5,3.1,60|8289|57492,ACTB|ARID1A|ARID1B,-0.98
MyList,GO Biological Processes,19,GO:0051983,regulation of chromosome segregation,19_GO:0050789 regulation of biological process,-2.8,13,5.7,30182,131,55,3,5.5,3.1,60|8289|57492,ACTB|ARID1A|ARID1B,-0.98
MyList,GO Biological Processes,19,GO:0031348,negative regulation of defense response,19_GO:0048519 negative regulation of biological process,-2.7,7.7,4.9,30182,284,55,4,7.3,3.5,2534|4088|5465|6095,FYN|SMAD3|PPARA|RORA,-0.97
MyList,GO Biological Processes,19,GO:0002262,myeloid cell homeostasis,19_GO:0042592 homeostatic process,-2.7,12,5.6,30182,132,55,3,5.5,3.1,604|3784|4602,BCL6|KCNQ1|MYB,-0.97
MyList,GO Biological Processes,19,GO:0072006,nephron development,19_GO:0032502 developmental process,-2.7,12,5.6,30182,133,55,3,5.5,3.1,1958|4853|30812,EGR1|NOTCH2|SOX8,-0.96
MyList,GO Biological Processes,19,GO:0072073,kidney epithelium development,19_GO:0032502 developmental process,-2.7,12,5.6,30182,134,55,3,5.5,3.1,4088|4853|30812,SMAD3|NOTCH2|SOX8,-0.95
MyList,GO Biological Processes,19,GO:1900180,regulation of protein localization to nucleus,19_GO:0051179 localization,-2.7,12,5.6,30182,134,55,3,5.5,3.1,2534|4088|9500,FYN|SMAD3|MAGED1,-0.95
MyList,GO Biological Processes,19,GO:0022898,regulation of transmembrane transporter activity,19_GO:0051179 localization,-2.7,7.6,4.8,30182,289,55,4,7.3,3.5,60|3784|4988|7291,ACTB|KCNQ1|OPRM1|TWIST1,-0.95
MyList,GO Biological Processes,19,GO:0010565,regulation of cellular ketone metabolic process,19_GO:0008152 metabolic process,-2.7,12,5.6,30182,135,55,3,5.5,3.1,1958|5465|7291,EGR1|PPARA|TWIST1,-0.95
MyList,GO Biological Processes,19,GO:0071456,cellular response to hypoxia,19_GO:0050896 response to stimulus,-2.7,12,5.6,30182,135,55,3,5.5,3.1,1958|6095|7291,EGR1|RORA|TWIST1,-0.95
MyList,GO Biological Processes,19,GO:0001819,positive regulation of cytokine production,19_GO:0048518 positive regulation of biological process,-2.7,5.6,4.4,30182,489,55,5,9.1,3.9,1958|3663|4088|6095|7291,EGR1|IRF5|SMAD3|RORA|TWIST1,-0.94
MyList,GO Biological Processes,19,GO:0008277,regulation of G protein-coupled receptor signaling pathway,19_GO:0023052 signaling,-2.7,12,5.5,30182,136,55,3,5.5,3.1,2786|4988|6855,GNG4|OPRM1|SYP,-0.94
MyList,GO Biological Processes,19,GO:0006275,regulation of DNA replication,19_GO:0008152 metabolic process,-2.7,12,5.5,30182,136,55,3,5.5,3.1,546|604|23175,ATRX|BCL6|LPIN1,-0.94
MyList,GO Biological Processes,19,GO:0009582,detection of abiotic stimulus,19_GO:0050896 response to stimulus,-2.7,12,5.5,30182,136,55,3,5.5,3.1,2534|3784|6869,FYN|KCNQ1|TACR1,-0.94
MyList,GO Biological Processes,19,GO:0003013,circulatory system process,19_GO:0032501 multicellular organismal process,-2.7,5.5,4.4,30182,495,55,5,9.1,3.9,2534|3784|4088|5465|6869,FYN|KCNQ1|SMAD3|PPARA|TACR1,-0.93
MyList,GO Biological Processes,19,GO:0001822,kidney development,19_GO:0032502 developmental process,-2.7,7.4,4.7,30182,295,55,4,7.3,3.5,1958|4088|4853|30812,EGR1|SMAD3|NOTCH2|SOX8,-0.93
MyList,KEGG Pathway,24,hsa04371,Apelin signaling pathway,,-2.7,12,5.5,30182,139,55,3,5.5,3.1,1958|2786|4088,EGR1|GNG4|SMAD3,-0.92
MyList,GO Biological Processes,19,GO:0008213,protein alkylation,19_GO:0008152 metabolic process,-2.7,12,5.5,30182,140,55,3,5.5,3.1,4801|4802|7403,NFYB|NFYC|KDM6A,-0.91
MyList,GO Biological Processes,19,GO:0006479,protein methylation,19_GO:0008152 metabolic process,-2.7,12,5.5,30182,140,55,3,5.5,3.1,4801|4802|7403,NFYB|NFYC|KDM6A,-0.91
MyList,GO Biological Processes,19,GO:0032870,cellular response to hormone stimulus,19_GO:0050896 response to stimulus,-2.7,5.5,4.3,30182,501,55,5,9.1,3.9,5465|6667|8289|23175|57492,PPARA|SP1|ARID1A|LPIN1|ARID1B,-0.91
MyList,WikiPathways,27,WP3932,Focal adhesion: PI3K-Akt-mTOR-signaling pathway,,-2.6,7.3,4.7,30182,302,55,4,7.3,3.5,2786|5521|10488|90993,GNG4|PPP2R2B|CREB3|CREB3L1,-0.9
MyList,Reactome Gene Sets,6,R-HSA-556833,Metabolism of lipids,,-2.6,4.4,4,30182,743,55,6,11,4.2,4801|4802|5465|6095|6667|23175,NFYB|NFYC|PPARA|RORA|SP1|LPIN1,-0.89
MyList,GO Biological Processes,19,GO:0036294,cellular response to decreased oxygen levels,19_GO:0050896 response to stimulus,-2.6,12,5.4,30182,143,55,3,5.5,3.1,1958|6095|7291,EGR1|RORA|TWIST1,-0.89
MyList,GO Biological Processes,19,GO:0001501,skeletal system development,19_GO:0032502 developmental process,-2.6,5.4,4.3,30182,507,55,5,9.1,3.9,860|1750|4088|4613|7291,RUNX2|DLX6|SMAD3|MYCN|TWIST1,-0.89
MyList,GO Biological Processes,19,GO:0072001,renal system development,19_GO:0032502 developmental process,-2.6,7.2,4.6,30182,305,55,4,7.3,3.5,1958|4088|4853|30812,EGR1|SMAD3|NOTCH2|SOX8,-0.88
MyList,GO Biological Processes,19,GO:0050671,positive regulation of lymphocyte proliferation,19_GO:0002376 immune system process,-2.6,11,5.3,30182,145,55,3,5.5,3.1,604|4773|6869,BCL6|NFATC2|TACR1,-0.88
MyList,GO Biological Processes,19,GO:0007517,muscle organ development,19_GO:0032502 developmental process,-2.6,7.2,4.6,30182,307,55,4,7.3,3.5,1958|5077|7291|30812,EGR1|PAX3|TWIST1|SOX8,-0.88
MyList,GO Biological Processes,19,GO:1901653,cellular response to peptide,19_GO:0050896 response to stimulus,-2.6,7.1,4.6,30182,310,55,4,7.3,3.5,2534|6667|23175|57492,FYN|SP1|LPIN1|ARID1B,-0.86
MyList,GO Biological Processes,19,GO:0035966,response to topologically incorrect protein,19_GO:0050896 response to stimulus,-2.6,11,5.3,30182,147,55,3,5.5,3.1,10488|79139|90993,CREB3|DERL1|CREB3L1,-0.86
MyList,GO Biological Processes,19,GO:2001020,regulation of response to DNA damage stimulus,19_GO:0050896 response to stimulus,-2.6,7.1,4.6,30182,311,55,4,7.3,3.5,60|7291|8289|57492,ACTB|TWIST1|ARID1A|ARID1B,-0.86
MyList,GO Biological Processes,19,GO:0032946,positive regulation of mononuclear cell proliferation,19_GO:0048518 positive regulation of biological process,-2.6,11,5.3,30182,148,55,3,5.5,3.1,604|4773|6869,BCL6|NFATC2|TACR1,-0.86
MyList,GO Biological Processes,19,GO:0032259,methylation,19_GO:0008152 metabolic process,-2.6,7,4.6,30182,314,55,4,7.3,3.5,546|4801|4802|7403,ATRX|NFYB|NFYC|KDM6A,-0.85
MyList,GO Biological Processes,19,GO:2000377,regulation of reactive oxygen species metabolic process,19_GO:0008152 metabolic process,-2.6,11,5.2,30182,150,55,3,5.5,3.1,2534|4613|5465,FYN|MYCN|PPARA,-0.84
MyList,GO Biological Processes,19,GO:0031644,regulation of nervous system process,19_GO:0032501 multicellular organismal process,-2.6,11,5.2,30182,150,55,3,5.5,3.1,2741|4988|23175,GLRA1|OPRM1|LPIN1,-0.84
MyList,Reactome Gene Sets,6,R-HSA-9006934,Signaling by Receptor Tyrosine Kinases,,-2.6,5.2,4.2,30182,524,55,5,9.1,3.9,60|238|1958|2534|4613,ACTB|ALK|EGR1|FYN|MYCN,-0.84
MyList,GO Biological Processes,19,GO:0048592,eye morphogenesis,19_GO:0032502 developmental process,-2.5,11,5.1,30182,155,55,3,5.5,3.1,4853|7291|30812,NOTCH2|TWIST1|SOX8,-0.81
MyList,KEGG Pathway,24,hsa04934,Cushing syndrome,,-2.5,11,5.1,30182,155,55,3,5.5,3.1,6667|10488|90993,SP1|CREB3|CREB3L1,-0.81
MyList,GO Biological Processes,19,GO:0032409,regulation of transporter activity,19_GO:0065007 biological regulation,-2.5,6.8,4.5,30182,324,55,4,7.3,3.5,60|3784|4988|7291,ACTB|KCNQ1|OPRM1|TWIST1,-0.8
MyList,GO Biological Processes,19,GO:0043065,positive regulation of apoptotic process,19_GO:0048518 positive regulation of biological process,-2.5,5.1,4.1,30182,536,55,5,9.1,3.9,604|3663|4853|9500|11218,BCL6|IRF5|NOTCH2|MAGED1|DDX20,-0.8
MyList,GO Biological Processes,19,GO:0010035,response to inorganic substance,19_GO:0050896 response to stimulus,-2.5,5.1,4.1,30182,540,55,5,9.1,3.9,546|860|2534|2741|6869,ATRX|RUNX2|FYN|GLRA1|TACR1,-0.79
MyList,GO Biological Processes,19,GO:0006954,inflammatory response,19_GO:0050896 response to stimulus,-2.5,5.1,4.1,30182,541,55,5,9.1,3.9,604|3663|4853|4988|6869,BCL6|IRF5|NOTCH2|OPRM1|TACR1,-0.79
MyList,GO Biological Processes,19,GO:0071453,cellular response to oxygen levels,19_GO:0050896 response to stimulus,-2.5,10,5.1,30182,158,55,3,5.5,3.1,1958|6095|7291,EGR1|RORA|TWIST1,-0.79
MyList,GO Biological Processes,19,GO:0062012,regulation of small molecule metabolic process,19_GO:0008152 metabolic process,-2.5,6.6,4.4,30182,331,55,4,7.3,3.5,1958|5465|6095|7291,EGR1|PPARA|RORA|TWIST1,-0.78
MyList,KEGG Pathway,24,hsa05165,Human papillomavirus infection,,-2.5,6.6,4.4,30182,331,55,4,7.3,3.5,4853|5521|10488|90993,NOTCH2|PPP2R2B|CREB3|CREB3L1,-0.78
MyList,GO Biological Processes,19,GO:0030522,intracellular receptor signaling pathway,19_GO:0023052 signaling,-2.5,10,5,30182,160,55,3,5.5,3.1,5465|6095|8289,PPARA|RORA|ARID1A,-0.78
MyList,GO Biological Processes,19,GO:0071560,cellular response to transforming growth factor beta stimulus,19_GO:0050896 response to stimulus,-2.5,10,5,30182,161,55,3,5.5,3.1,2534|4088|9372,FYN|SMAD3|ZFYVE9,-0.77
MyList,WikiPathways,27,WP4239,Epithelial to mesenchymal transition in colorectal cancer,,-2.5,10,5,30182,162,55,3,5.5,3.1,4088|4853|7291,SMAD3|NOTCH2|TWIST1,-0.76
MyList,GO Biological Processes,19,GO:0009895,negative regulation of catabolic process,19_GO:0048519 negative regulation of biological process,-2.5,6.6,4.4,30182,335,55,4,7.3,3.5,238|2534|4088|5465,ALK|FYN|SMAD3|PPARA,-0.76
MyList,GO Biological Processes,19,GO:0043068,positive regulation of programmed cell death,19_GO:0048518 positive regulation of biological process,-2.5,5,4,30182,553,55,5,9.1,3.9,604|3663|4853|9500|11218,BCL6|IRF5|NOTCH2|MAGED1|DDX20,-0.76
MyList,Reactome Gene Sets,6,R-HSA-9658195,Leishmania infection,,-2.5,10,5,30182,164,55,3,5.5,3.1,60|2534|2786,ACTB|FYN|GNG4,-0.75
MyList,GO Biological Processes,19,GO:0070665,positive regulation of leukocyte proliferation,19_GO:0048518 positive regulation of biological process,-2.5,9.9,4.9,30182,166,55,3,5.5,3.1,604|4773|6869,BCL6|NFATC2|TACR1,-0.74
MyList,GO Biological Processes,19,GO:2001022,positive regulation of response to DNA damage stimulus,19_GO:0048518 positive regulation of biological process,-2.5,9.9,4.9,30182,167,55,3,5.5,3.1,60|8289|57492,ACTB|ARID1A|ARID1B,-0.73
MyList,KEGG Pathway,24,hsa04022,cGMP-PKG signaling pathway,,-2.5,9.9,4.9,30182,167,55,3,5.5,3.1,4773|10488|90993,NFATC2|CREB3|CREB3L1,-0.73
MyList,GO Biological Processes,19,GO:0050673,epithelial cell proliferation,19_GO:0009987 cellular process,-2.5,9.9,4.9,30182,167,55,3,5.5,3.1,860|4613|4853,RUNX2|MYCN|NOTCH2,-0.73
MyList,GO Biological Processes,19,GO:0006366,transcription by RNA polymerase II,19_GO:0008152 metabolic process,-2.5,6.4,4.3,30182,343,55,4,7.3,3.5,546|604|4094|4773,ATRX|BCL6|MAF|NFATC2,-0.73
MyList,GO Biological Processes,19,GO:0071559,response to transforming growth factor beta,19_GO:0050896 response to stimulus,-2.4,9.8,4.9,30182,168,55,3,5.5,3.1,2534|4088|9372,FYN|SMAD3|ZFYVE9,-0.73
MyList,GO Biological Processes,19,GO:0006937,regulation of muscle contraction,19_GO:0032501 multicellular organismal process,-2.4,9.5,4.8,30182,173,55,3,5.5,3.1,3784|6869|29119,KCNQ1|TACR1|CTNNA3,-0.69
MyList,GO Biological Processes,19,GO:0010634,positive regulation of epithelial cell migration,19_GO:0040011 locomotion,-2.4,9.4,4.7,30182,176,55,3,5.5,3.1,6667|6869|51564,SP1|TACR1|HDAC7,-0.67
MyList,GO Biological Processes,19,GO:0050954,sensory perception of mechanical stimulus,19_GO:0032501 multicellular organismal process,-2.4,9.2,4.7,30182,179,55,3,5.5,3.1,2534|3784|5077,FYN|KCNQ1|PAX3,-0.65
MyList,GO Biological Processes,19,GO:0045216,cell-cell junction organization,19_GO:0009987 cellular process,-2.4,9.1,4.7,30182,180,55,3,5.5,3.1,60|4088|51564,ACTB|SMAD3|HDAC7,-0.65
MyList,Reactome Gene Sets,6,R-HSA-3108232,SUMO E3 ligases SUMOylate target proteins,,-2.3,9,4.7,30182,182,55,3,5.5,3.1,5465|6095|51564,PPARA|RORA|HDAC7,-0.64
MyList,GO Biological Processes,19,GO:0048863,stem cell differentiation,19_GO:0032502 developmental process,-2.3,8.9,4.6,30182,184,55,3,5.5,3.1,860|7291|30812,RUNX2|TWIST1|SOX8,-0.62
MyList,GO Biological Processes,19,GO:0001818,negative regulation of cytokine production,19_GO:0048519 negative regulation of biological process,-2.3,5.9,4.1,30182,371,55,4,7.3,3.5,604|5465|7291|51564,BCL6|PPARA|TWIST1|HDAC7,-0.62
MyList,GO Biological Processes,19,GO:0002064,epithelial cell development,19_GO:0032502 developmental process,-2.3,8.9,4.6,30182,185,55,3,5.5,3.1,546|4853|30812,ATRX|NOTCH2|SOX8,-0.62
MyList,GO Biological Processes,19,GO:2000045,regulation of G1/S transition of mitotic cell cycle,19_GO:0050789 regulation of biological process,-2.3,8.9,4.6,30182,186,55,3,5.5,3.1,60|8289|57492,ACTB|ARID1A|ARID1B,-0.61
MyList,WikiPathways,27,WP2877,Vitamin D receptor pathway,,-2.3,8.8,4.6,30182,187,55,3,5.5,3.1,604|3663|4773,BCL6|IRF5|NFATC2,-0.61
MyList,Reactome Gene Sets,6,R-HSA-2990846,SUMOylation,,-2.3,8.8,4.6,30182,188,55,3,5.5,3.1,5465|6095|51564,PPARA|RORA|HDAC7,-0.6
MyList,GO Biological Processes,19,GO:0048839,inner ear development,19_GO:0032502 developmental process,-2.3,8.7,4.5,30182,190,55,3,5.5,3.1,1750|3784|4094,DLX6|KCNQ1|MAF,-0.59
MyList,GO Biological Processes,19,GO:0050767,regulation of neurogenesis,19_GO:0032502 developmental process,-2.3,5.8,4,30182,381,55,4,7.3,3.5,1523|4613|4988|30812,CUX1|MYCN|OPRM1|SOX8,-0.59
MyList,GO Biological Processes,19,GO:0034762,regulation of transmembrane transport,19_GO:0051179 localization,-2.3,4.4,3.7,30182,619,55,5,9.1,3.9,60|2534|3784|4988|7291,ACTB|FYN|KCNQ1|OPRM1|TWIST1,-0.57
MyList,GO Biological Processes,19,GO:0032970,regulation of actin filament-based process,19_GO:0050789 regulation of biological process,-2.3,5.7,4,30182,387,55,4,7.3,3.5,4088|4853|6869|29119,SMAD3|NOTCH2|TACR1|CTNNA3,-0.56
MyList,GO Biological Processes,19,GO:0007626,locomotory behavior,19_GO:0032501 multicellular organismal process,-2.3,8.4,4.5,30182,195,55,3,5.5,3.1,238|1958|2741,ALK|EGR1|GLRA1,-0.56
MyList,GO Biological Processes,19,GO:0043393,regulation of protein binding,19_GO:0065007 biological regulation,-2.2,8.2,4.4,30182,201,55,3,5.5,3.1,60|5465|79139,ACTB|PPARA|DERL1,-0.53
MyList,KEGG Pathway,24,hsa05415,Diabetic cardiomyopathy,,-2.2,8.1,4.3,30182,203,55,3,5.5,3.1,4088|5465|6667,SMAD3|PPARA|SP1,-0.52
MyList,KEGG Pathway,24,hsa05203,Viral carcinogenesis,,-2.2,8.1,4.3,30182,204,55,3,5.5,3.1,10488|51564|90993,CREB3|HDAC7|CREB3L1,-0.51
MyList,GO Biological Processes,19,GO:0008015,blood circulation,19_GO:0032501 multicellular organismal process,-2.2,5.4,3.8,30182,403,55,4,7.3,3.5,3784|4088|5465|6869,KCNQ1|SMAD3|PPARA|TACR1,-0.51
MyList,GO Biological Processes,19,GO:0045637,regulation of myeloid cell differentiation,19_GO:0002376 immune system process,-2.2,7.7,4.2,30182,214,55,3,5.5,3.1,2551|4602|4853,GABPA|MYB|NOTCH2,-0.46
MyList,GO Biological Processes,19,GO:1902806,regulation of cell cycle G1/S phase transition,19_GO:0050789 regulation of biological process,-2.2,7.7,4.2,30182,214,55,3,5.5,3.1,60|8289|57492,ACTB|ARID1A|ARID1B,-0.46
MyList,GO Biological Processes,19,GO:0009612,response to mechanical stimulus,19_GO:0050896 response to stimulus,-2.1,7.7,4.2,30182,215,55,3,5.5,3.1,2534|3784|6869,FYN|KCNQ1|TACR1,-0.45
MyList,GO Biological Processes,19,GO:0001558,regulation of cell growth,19_GO:0040007 growth,-2.1,5.2,3.7,30182,420,55,4,7.3,3.5,604|2786|4088|5465,BCL6|GNG4|SMAD3|PPARA,-0.45
MyList,WikiPathways,27,WP5115,Network map of SARS-CoV-2 signaling pathway,,-2.1,7.6,4.1,30182,218,55,3,5.5,3.1,60|1958|2534,ACTB|EGR1|FYN,-0.44
MyList,GO Biological Processes,19,GO:0034976,response to endoplasmic reticulum stress,19_GO:0050896 response to stimulus,-2.1,7.4,4.1,30182,221,55,3,5.5,3.1,10488|79139|90993,CREB3|DERL1|CREB3L1,-0.42
MyList,Reactome Gene Sets,6,R-HSA-8939211,ESR-mediated signaling,,-2.1,7.4,4.1,30182,223,55,3,5.5,3.1,2786|4602|6667,GNG4|MYB|SP1,-0.41
MyList,KEGG Pathway,24,hsa04024,cAMP signaling pathway,,-2.1,7.3,4.1,30182,225,55,3,5.5,3.1,5465|10488|90993,PPARA|CREB3|CREB3L1,-0.4
MyList,GO Biological Processes,19,GO:0006936,muscle contraction,19_GO:0032501 multicellular organismal process,-2.1,7.2,4,30182,228,55,3,5.5,3.1,2741|3784|6869,GLRA1|KCNQ1|TACR1,-0.39
MyList,GO Biological Processes,19,GO:0032102,negative regulation of response to external stimulus,19_GO:0048519 negative regulation of biological process,-2.1,5,3.6,30182,443,55,4,7.3,3.5,2534|4088|5465|6095,FYN|SMAD3|PPARA|RORA,-0.38
MyList,GO Biological Processes,19,GO:0050769,positive regulation of neurogenesis,19_GO:0032502 developmental process,-2.1,7.1,4,30182,232,55,3,5.5,3.1,1523|4988|30812,CUX1|OPRM1|SOX8,-0.37
MyList,Reactome Gene Sets,6,R-HSA-157118,Signaling by NOTCH,,-2,7,3.9,30182,236,55,3,5.5,3.1,4088|4853|51564,SMAD3|NOTCH2|HDAC7,-0.35
MyList,GO Biological Processes,19,GO:0050670,regulation of lymphocyte proliferation,19_GO:0002376 immune system process,-2,6.9,3.9,30182,239,55,3,5.5,3.1,604|4773|6869,BCL6|NFATC2|TACR1,-0.34
MyList,GO Biological Processes,19,GO:0060485,mesenchyme development,19_GO:0032502 developmental process,-2,6.8,3.9,30182,241,55,3,5.5,3.1,4088|7291|30812,SMAD3|TWIST1|SOX8,-0.33
MyList,GO Biological Processes,19,GO:0071375,cellular response to peptide hormone stimulus,19_GO:0050896 response to stimulus,-2,6.8,3.9,30182,243,55,3,5.5,3.1,6667|23175|57492,SP1|LPIN1|ARID1B,-0.32
MyList,GO Biological Processes,19,GO:0032944,regulation of mononuclear cell proliferation,19_GO:0050789 regulation of biological process,-2,6.8,3.9,30182,243,55,3,5.5,3.1,604|4773|6869,BCL6|NFATC2|TACR1,-0.32
MyList_MCODE_ALL,CORUM,33,CORUM:189,BAF complex,,-9.6,1.7e+03,72,30182,13,4,3,75,22,60|8289|57492,ACTB|ARID1A|ARID1B,-5.6
MyList_MCODE_ALL,GO Biological Processes,19,GO:2000819,regulation of nucleotide-excision repair,19_GO:0050896 response to stimulus,-8.5,8.1e+02,49,30182,28,4,3,75,22,60|8289|57492,ACTB|ARID1A|ARID1B,-4.9
MyList_MCODE_ALL,GO Biological Processes,19,GO:0070316,regulation of G0 to G1 transition,19_GO:0050789 regulation of biological process,-8.1,5.8e+02,42,30182,39,4,3,75,22,60|8289|57492,ACTB|ARID1A|ARID1B,-4.7
MyList_MCODE_ALL,GO Biological Processes,19,GO:0045663,positive regulation of myoblast differentiation,19_GO:0032502 developmental process,-8,5.3e+02,40,30182,43,4,3,75,22,60|8289|57492,ACTB|ARID1A|ARID1B,-4.6
MyList_MCODE_ALL,GO Biological Processes,19,GO:0045661,regulation of myoblast differentiation,19_GO:0032502 developmental process,-7.2,3.1e+02,30,30182,74,4,3,75,22,60|8289|57492,ACTB|ARID1A|ARID1B,-4
MyList_MCODE_ALL,GO Biological Processes,19,GO:2000781,positive regulation of double-strand break repair,19_GO:0048518 positive regulation of biological process,-7,2.6e+02,28,30182,86,4,3,75,22,60|8289|57492,ACTB|ARID1A|ARID1B,-3.9
MyList_MCODE_ALL,GO Biological Processes,19,GO:0030071,regulation of mitotic metaphase/anaphase transition,19_GO:0050789 regulation of biological process,-7,2.5e+02,27,30182,91,4,3,75,22,60|8289|57492,ACTB|ARID1A|ARID1B,-3.9
MyList_MCODE_ALL,GO Biological Processes,19,GO:1902099,regulation of metaphase/anaphase transition of cell cycle,19_GO:0050789 regulation of biological process,-6.9,2.4e+02,27,30182,94,4,3,75,22,60|8289|57492,ACTB|ARID1A|ARID1B,-3.9
MyList_MCODE_ALL,GO Biological Processes,19,GO:0033045,regulation of sister chromatid segregation,19_GO:0050789 regulation of biological process,-6.8,2.2e+02,25,30182,104,4,3,75,22,60|8289|57492,ACTB|ARID1A|ARID1B,-3.8
MyList_MCODE_ALL,WikiPathways,27,WP4321,Thermogenesis,,-6.8,2.1e+02,25,30182,108,4,3,75,22,60|8289|57492,ACTB|ARID1A|ARID1B,-3.8
MyList_MCODE_ALL,GO Biological Processes,19,GO:0045582,positive regulation of T cell differentiation,19_GO:0002376 immune system process,-6.7,2e+02,24,30182,116,4,3,75,22,60|8289|57492,ACTB|ARID1A|ARID1B,-3.8
MyList_MCODE_ALL,GO Biological Processes,19,GO:0045621,positive regulation of lymphocyte differentiation,19_GO:0002376 immune system process,-6.5,1.7e+02,23,30182,130,4,3,75,22,60|8289|57492,ACTB|ARID1A|ARID1B,-3.8
MyList_MCODE_ALL,GO Biological Processes,19,GO:0045739,positive regulation of DNA repair,19_GO:0048518 positive regulation of biological process,-6.5,1.7e+02,23,30182,130,4,3,75,22,60|8289|57492,ACTB|ARID1A|ARID1B,-3.8
MyList_MCODE_ALL,GO Biological Processes,19,GO:0051983,regulation of chromosome segregation,19_GO:0050789 regulation of biological process,-6.5,1.7e+02,23,30182,131,4,3,75,22,60|8289|57492,ACTB|ARID1A|ARID1B,-3.8
MyList_MCODE_ALL,GO Biological Processes,19,GO:2000779,regulation of double-strand break repair,19_GO:0050896 response to stimulus,-6.5,1.7e+02,23,30182,133,4,3,75,22,60|8289|57492,ACTB|ARID1A|ARID1B,-3.8
MyList_MCODE_ALL,GO Biological Processes,19,GO:2001022,positive regulation of response to DNA damage stimulus,19_GO:0048518 positive regulation of biological process,-6.2,1.4e+02,20,30182,167,4,3,75,22,60|8289|57492,ACTB|ARID1A|ARID1B,-3.5
MyList_MCODE_ALL,KEGG Pathway,24,hsa05225,Hepatocellular carcinoma,,-6.2,1.3e+02,20,30182,168,4,3,75,22,60|8289|57492,ACTB|ARID1A|ARID1B,-3.5
MyList_MCODE_ALL,GO Biological Processes,19,GO:0045580,regulation of T cell differentiation,19_GO:0002376 immune system process,-6.1,1.3e+02,19,30182,180,4,3,75,22,60|8289|57492,ACTB|ARID1A|ARID1B,-3.4
MyList_MCODE_ALL,GO Biological Processes,19,GO:1902107,positive regulation of leukocyte differentiation,19_GO:0002376 immune system process,-6.1,1.2e+02,19,30182,184,4,3,75,22,60|8289|57492,ACTB|ARID1A|ARID1B,-3.4
MyList_MCODE_ALL,GO Biological Processes,19,GO:1903708,positive regulation of hemopoiesis,19_GO:0002376 immune system process,-6.1,1.2e+02,19,30182,184,4,3,75,22,60|8289|57492,ACTB|ARID1A|ARID1B,-3.4
MyList_MCODE_ALL,GO Biological Processes,19,GO:2000045,regulation of G1/S transition of mitotic cell cycle,19_GO:0050789 regulation of biological process,-6,1.2e+02,19,30182,186,4,3,75,22,60|8289|57492,ACTB|ARID1A|ARID1B,-3.4
MyList_MCODE_ALL,GO Biological Processes,19,GO:0045619,regulation of lymphocyte differentiation,19_GO:0002376 immune system process,-5.9,1.1e+02,18,30182,212,4,3,75,22,60|8289|57492,ACTB|ARID1A|ARID1B,-3.3
MyList_MCODE_ALL,GO Biological Processes,19,GO:1902806,regulation of cell cycle G1/S phase transition,19_GO:0050789 regulation of biological process,-5.9,1.1e+02,18,30182,214,4,3,75,22,60|8289|57492,ACTB|ARID1A|ARID1B,-3.3
MyList_MCODE_ALL,GO Biological Processes,19,GO:0006282,regulation of DNA repair,19_GO:0050896 response to stimulus,-5.9,1.1e+02,18,30182,214,4,3,75,22,60|8289|57492,ACTB|ARID1A|ARID1B,-3.3
MyList_MCODE_ALL,KEGG Pathway,24,hsa04714,Thermogenesis,,-5.7,98,17,30182,232,4,3,75,22,60|8289|57492,ACTB|ARID1A|ARID1B,-3.3
MyList_MCODE_ALL,GO Biological Processes,19,GO:0050870,positive regulation of T cell activation,19_GO:0002376 immune system process,-5.7,91,16,30182,249,4,3,75,22,60|8289|57492,ACTB|ARID1A|ARID1B,-3.2
MyList_MCODE_ALL,GO Biological Processes,19,GO:0033044,regulation of chromosome organization,19_GO:0050789 regulation of biological process,-5.7,91,16,30182,250,4,3,75,22,60|8289|57492,ACTB|ARID1A|ARID1B,-3.2
MyList_MCODE_ALL,GO Biological Processes,19,GO:1903039,positive regulation of leukocyte cell-cell adhesion,19_GO:0048518 positive regulation of biological process,-5.5,83,16,30182,273,4,3,75,22,60|8289|57492,ACTB|ARID1A|ARID1B,-3.1
MyList_MCODE_ALL,Reactome Gene Sets,6,R-HSA-3247509,Chromatin modifying enzymes,,-5.5,83,16,30182,274,4,3,75,22,60|8289|57492,ACTB|ARID1A|ARID1B,-3.1
MyList_MCODE_ALL,Reactome Gene Sets,6,R-HSA-4839726,Chromatin organization,,-5.5,83,16,30182,274,4,3,75,22,60|8289|57492,ACTB|ARID1A|ARID1B,-3.1
MyList_MCODE_ALL,GO Biological Processes,19,GO:0051054,positive regulation of DNA metabolic process,19_GO:0048518 positive regulation of biological process,-5.4,75,15,30182,303,4,3,75,22,60|8289|57492,ACTB|ARID1A|ARID1B,-3
MyList_MCODE_ALL,GO Biological Processes,19,GO:2001020,regulation of response to DNA damage stimulus,19_GO:0050896 response to stimulus,-5.4,73,15,30182,311,4,3,75,22,60|8289|57492,ACTB|ARID1A|ARID1B,-3
MyList_MCODE_ALL,GO Biological Processes,19,GO:1902105,regulation of leukocyte differentiation,19_GO:0002376 immune system process,-5.3,71,14,30182,319,4,3,75,22,60|8289|57492,ACTB|ARID1A|ARID1B,-3
MyList_MCODE_ALL,GO Biological Processes,19,GO:0022409,positive regulation of cell-cell adhesion,19_GO:0048518 positive regulation of biological process,-5.3,71,14,30182,321,4,3,75,22,60|8289|57492,ACTB|ARID1A|ARID1B,-3
MyList_MCODE_ALL,GO Biological Processes,19,GO:0051251,positive regulation of lymphocyte activation,19_GO:0002376 immune system process,-5.3,69,14,30182,327,4,3,75,22,60|8289|57492,ACTB|ARID1A|ARID1B,-3
MyList_MCODE_ALL,GO Biological Processes,19,GO:1901990,regulation of mitotic cell cycle phase transition,19_GO:0050789 regulation of biological process,-5.2,63,14,30182,357,4,3,75,22,60|8289|57492,ACTB|ARID1A|ARID1B,-2.9
MyList_MCODE_ALL,GO Biological Processes,19,GO:0002696,positive regulation of leukocyte activation,19_GO:0002376 immune system process,-5.1,60,13,30182,377,4,3,75,22,60|8289|57492,ACTB|ARID1A|ARID1B,-2.9
MyList_MCODE_ALL,GO Biological Processes,19,GO:0050863,regulation of T cell activation,19_GO:0002376 immune system process,-5.1,60,13,30182,377,4,3,75,22,60|8289|57492,ACTB|ARID1A|ARID1B,-2.9
MyList_MCODE_ALL,GO Biological Processes,19,GO:1903037,regulation of leukocyte cell-cell adhesion,19_GO:0050789 regulation of biological process,-5.1,60,13,30182,378,4,3,75,22,60|8289|57492,ACTB|ARID1A|ARID1B,-2.9
MyList_MCODE_ALL,GO Biological Processes,19,GO:0006338,chromatin remodeling,19_GO:0009987 cellular process,-5.1,60,13,30182,378,4,3,75,22,60|8289|57492,ACTB|ARID1A|ARID1B,-2.9
MyList_MCODE_ALL,GO Biological Processes,19,GO:0050867,positive regulation of cell activation,19_GO:0048518 positive regulation of biological process,-5.1,57,13,30182,394,4,3,75,22,60|8289|57492,ACTB|ARID1A|ARID1B,-2.8
MyList_MCODE_ALL,GO Biological Processes,19,GO:1903706,regulation of hemopoiesis,19_GO:0002376 immune system process,-5,55,13,30182,415,4,3,75,22,60|8289|57492,ACTB|ARID1A|ARID1B,-2.8
MyList_MCODE_ALL,GO Biological Processes,19,GO:0010720,positive regulation of cell development,19_GO:0032502 developmental process,-4.9,52,12,30182,432,4,3,75,22,60|8289|57492,ACTB|ARID1A|ARID1B,-2.7
MyList_MCODE_ALL,GO Biological Processes,19,GO:1901987,regulation of cell cycle phase transition,19_GO:0050789 regulation of biological process,-4.9,50,12,30182,457,4,3,75,22,60|8289|57492,ACTB|ARID1A|ARID1B,-2.7
MyList_MCODE_ALL,GO Biological Processes,19,GO:0045785,positive regulation of cell adhesion,19_GO:0048518 positive regulation of biological process,-4.8,47,12,30182,482,4,3,75,22,60|8289|57492,ACTB|ARID1A|ARID1B,-2.6
MyList_MCODE_ALL,GO Biological Processes,19,GO:0022407,regulation of cell-cell adhesion,19_GO:0050789 regulation of biological process,-4.8,46,12,30182,491,4,3,75,22,60|8289|57492,ACTB|ARID1A|ARID1B,-2.6
MyList_MCODE_ALL,GO Biological Processes,19,GO:0051249,regulation of lymphocyte activation,19_GO:0002376 immune system process,-4.7,45,11,30182,503,4,3,75,22,60|8289|57492,ACTB|ARID1A|ARID1B,-2.6
MyList_MCODE_ALL,GO Biological Processes,19,GO:0007346,regulation of mitotic cell cycle,19_GO:0050789 regulation of biological process,-4.7,44,11,30182,517,4,3,75,22,60|8289|57492,ACTB|ARID1A|ARID1B,-2.6
MyList_MCODE_ALL,GO Biological Processes,19,GO:0051052,regulation of DNA metabolic process,19_GO:0008152 metabolic process,-4.6,42,11,30182,541,4,3,75,22,60|8289|57492,ACTB|ARID1A|ARID1B,-2.5
MyList_MCODE_ALL,GO Biological Processes,19,GO:0002694,regulation of leukocyte activation,19_GO:0002376 immune system process,-4.5,38,10,30182,598,4,3,75,22,60|8289|57492,ACTB|ARID1A|ARID1B,-2.4
MyList_MCODE_ALL,GO Biological Processes,19,GO:0006325,chromatin organization,19_GO:0009987 cellular process,-4.4,36,10,30182,633,4,3,75,22,60|8289|57492,ACTB|ARID1A|ARID1B,-2.3
MyList_MCODE_ALL,GO Biological Processes,19,GO:0050865,regulation of cell activation,19_GO:0032501 multicellular organismal process,-4.4,35,10,30182,655,4,3,75,22,60|8289|57492,ACTB|ARID1A|ARID1B,-2.3
MyList_MCODE_ALL,GO Biological Processes,19,GO:0080135,regulation of cellular response to stress,19_GO:0050896 response to stimulus,-4.3,31,9.5,30182,726,4,3,75,22,60|8289|57492,ACTB|ARID1A|ARID1B,-2.2
MyList_MCODE_ALL,GO Biological Processes,19,GO:0010564,regulation of cell cycle process,19_GO:0050789 regulation of biological process,-4.2,30,9.3,30182,747,4,3,75,22,60|8289|57492,ACTB|ARID1A|ARID1B,-2.2
MyList_SUB1_MCODE_1,CORUM,33,CORUM:189,BAF complex,,-9.6,1.7e+03,72,30182,13,4,3,75,22,60|8289|57492,ACTB|ARID1A|ARID1B,-5.6
MyList_SUB1_MCODE_1,GO Biological Processes,19,GO:2000819,regulation of nucleotide-excision repair,19_GO:0050896 response to stimulus,-8.5,8.1e+02,49,30182,28,4,3,75,22,60|8289|57492,ACTB|ARID1A|ARID1B,-4.9
MyList_SUB1_MCODE_1,GO Biological Processes,19,GO:0070316,regulation of G0 to G1 transition,19_GO:0050789 regulation of biological process,-8.1,5.8e+02,42,30182,39,4,3,75,22,60|8289|57492,ACTB|ARID1A|ARID1B,-4.7
MyList_SUB1_MCODE_1,GO Biological Processes,19,GO:0045663,positive regulation of myoblast differentiation,19_GO:0032502 developmental process,-8,5.3e+02,40,30182,43,4,3,75,22,60|8289|57492,ACTB|ARID1A|ARID1B,-4.6
MyList_SUB1_MCODE_1,GO Biological Processes,19,GO:0045661,regulation of myoblast differentiation,19_GO:0032502 developmental process,-7.2,3.1e+02,30,30182,74,4,3,75,22,60|8289|57492,ACTB|ARID1A|ARID1B,-4
MyList_SUB1_MCODE_1,GO Biological Processes,19,GO:2000781,positive regulation of double-strand break repair,19_GO:0048518 positive regulation of biological process,-7,2.6e+02,28,30182,86,4,3,75,22,60|8289|57492,ACTB|ARID1A|ARID1B,-3.9
MyList_SUB1_MCODE_1,GO Biological Processes,19,GO:0030071,regulation of mitotic metaphase/anaphase transition,19_GO:0050789 regulation of biological process,-7,2.5e+02,27,30182,91,4,3,75,22,60|8289|57492,ACTB|ARID1A|ARID1B,-3.9
MyList_SUB1_MCODE_1,GO Biological Processes,19,GO:1902099,regulation of metaphase/anaphase transition of cell cycle,19_GO:0050789 regulation of biological process,-6.9,2.4e+02,27,30182,94,4,3,75,22,60|8289|57492,ACTB|ARID1A|ARID1B,-3.9
MyList_SUB1_MCODE_1,GO Biological Processes,19,GO:0033045,regulation of sister chromatid segregation,19_GO:0050789 regulation of biological process,-6.8,2.2e+02,25,30182,104,4,3,75,22,60|8289|57492,ACTB|ARID1A|ARID1B,-3.8
MyList_SUB1_MCODE_1,WikiPathways,27,WP4321,Thermogenesis,,-6.8,2.1e+02,25,30182,108,4,3,75,22,60|8289|57492,ACTB|ARID1A|ARID1B,-3.8
MyList_SUB1_MCODE_1,GO Biological Processes,19,GO:0045582,positive regulation of T cell differentiation,19_GO:0002376 immune system process,-6.7,2e+02,24,30182,116,4,3,75,22,60|8289|57492,ACTB|ARID1A|ARID1B,-3.8
MyList_SUB1_MCODE_1,GO Biological Processes,19,GO:0045621,positive regulation of lymphocyte differentiation,19_GO:0002376 immune system process,-6.5,1.7e+02,23,30182,130,4,3,75,22,60|8289|57492,ACTB|ARID1A|ARID1B,-3.8
MyList_SUB1_MCODE_1,GO Biological Processes,19,GO:0045739,positive regulation of DNA repair,19_GO:0048518 positive regulation of biological process,-6.5,1.7e+02,23,30182,130,4,3,75,22,60|8289|57492,ACTB|ARID1A|ARID1B,-3.8
MyList_SUB1_MCODE_1,GO Biological Processes,19,GO:0051983,regulation of chromosome segregation,19_GO:0050789 regulation of biological process,-6.5,1.7e+02,23,30182,131,4,3,75,22,60|8289|57492,ACTB|ARID1A|ARID1B,-3.8
MyList_SUB1_MCODE_1,GO Biological Processes,19,GO:2000779,regulation of double-strand break repair,19_GO:0050896 response to stimulus,-6.5,1.7e+02,23,30182,133,4,3,75,22,60|8289|57492,ACTB|ARID1A|ARID1B,-3.8
MyList_SUB1_MCODE_1,GO Biological Processes,19,GO:2001022,positive regulation of response to DNA damage stimulus,19_GO:0048518 positive regulation of biological process,-6.2,1.4e+02,20,30182,167,4,3,75,22,60|8289|57492,ACTB|ARID1A|ARID1B,-3.5
MyList_SUB1_MCODE_1,KEGG Pathway,24,hsa05225,Hepatocellular carcinoma,,-6.2,1.3e+02,20,30182,168,4,3,75,22,60|8289|57492,ACTB|ARID1A|ARID1B,-3.5
MyList_SUB1_MCODE_1,GO Biological Processes,19,GO:0045580,regulation of T cell differentiation,19_GO:0002376 immune system process,-6.1,1.3e+02,19,30182,180,4,3,75,22,60|8289|57492,ACTB|ARID1A|ARID1B,-3.4
MyList_SUB1_MCODE_1,GO Biological Processes,19,GO:1902107,positive regulation of leukocyte differentiation,19_GO:0002376 immune system process,-6.1,1.2e+02,19,30182,184,4,3,75,22,60|8289|57492,ACTB|ARID1A|ARID1B,-3.4
MyList_SUB1_MCODE_1,GO Biological Processes,19,GO:1903708,positive regulation of hemopoiesis,19_GO:0002376 immune system process,-6.1,1.2e+02,19,30182,184,4,3,75,22,60|8289|57492,ACTB|ARID1A|ARID1B,-3.4
MyList_SUB1_MCODE_1,GO Biological Processes,19,GO:2000045,regulation of G1/S transition of mitotic cell cycle,19_GO:0050789 regulation of biological process,-6,1.2e+02,19,30182,186,4,3,75,22,60|8289|57492,ACTB|ARID1A|ARID1B,-3.4
MyList_SUB1_MCODE_1,GO Biological Processes,19,GO:0045619,regulation of lymphocyte differentiation,19_GO:0002376 immune system process,-5.9,1.1e+02,18,30182,212,4,3,75,22,60|8289|57492,ACTB|ARID1A|ARID1B,-3.3
MyList_SUB1_MCODE_1,GO Biological Processes,19,GO:1902806,regulation of cell cycle G1/S phase transition,19_GO:0050789 regulation of biological process,-5.9,1.1e+02,18,30182,214,4,3,75,22,60|8289|57492,ACTB|ARID1A|ARID1B,-3.3
MyList_SUB1_MCODE_1,GO Biological Processes,19,GO:0006282,regulation of DNA repair,19_GO:0050896 response to stimulus,-5.9,1.1e+02,18,30182,214,4,3,75,22,60|8289|57492,ACTB|ARID1A|ARID1B,-3.3
MyList_SUB1_MCODE_1,KEGG Pathway,24,hsa04714,Thermogenesis,,-5.7,98,17,30182,232,4,3,75,22,60|8289|57492,ACTB|ARID1A|ARID1B,-3.3
MyList_SUB1_MCODE_1,GO Biological Processes,19,GO:0050870,positive regulation of T cell activation,19_GO:0002376 immune system process,-5.7,91,16,30182,249,4,3,75,22,60|8289|57492,ACTB|ARID1A|ARID1B,-3.2
MyList_SUB1_MCODE_1,GO Biological Processes,19,GO:0033044,regulation of chromosome organization,19_GO:0050789 regulation of biological process,-5.7,91,16,30182,250,4,3,75,22,60|8289|57492,ACTB|ARID1A|ARID1B,-3.2
MyList_SUB1_MCODE_1,GO Biological Processes,19,GO:1903039,positive regulation of leukocyte cell-cell adhesion,19_GO:0048518 positive regulation of biological process,-5.5,83,16,30182,273,4,3,75,22,60|8289|57492,ACTB|ARID1A|ARID1B,-3.1
MyList_SUB1_MCODE_1,Reactome Gene Sets,6,R-HSA-3247509,Chromatin modifying enzymes,,-5.5,83,16,30182,274,4,3,75,22,60|8289|57492,ACTB|ARID1A|ARID1B,-3.1
MyList_SUB1_MCODE_1,Reactome Gene Sets,6,R-HSA-4839726,Chromatin organization,,-5.5,83,16,30182,274,4,3,75,22,60|8289|57492,ACTB|ARID1A|ARID1B,-3.1
MyList_SUB1_MCODE_1,GO Biological Processes,19,GO:0051054,positive regulation of DNA metabolic process,19_GO:0048518 positive regulation of biological process,-5.4,75,15,30182,303,4,3,75,22,60|8289|57492,ACTB|ARID1A|ARID1B,-3
MyList_SUB1_MCODE_1,GO Biological Processes,19,GO:2001020,regulation of response to DNA damage stimulus,19_GO:0050896 response to stimulus,-5.4,73,15,30182,311,4,3,75,22,60|8289|57492,ACTB|ARID1A|ARID1B,-3
MyList_SUB1_MCODE_1,GO Biological Processes,19,GO:1902105,regulation of leukocyte differentiation,19_GO:0002376 immune system process,-5.3,71,14,30182,319,4,3,75,22,60|8289|57492,ACTB|ARID1A|ARID1B,-3
MyList_SUB1_MCODE_1,GO Biological Processes,19,GO:0022409,positive regulation of cell-cell adhesion,19_GO:0048518 positive regulation of biological process,-5.3,71,14,30182,321,4,3,75,22,60|8289|57492,ACTB|ARID1A|ARID1B,-3
MyList_SUB1_MCODE_1,GO Biological Processes,19,GO:0051251,positive regulation of lymphocyte activation,19_GO:0002376 immune system process,-5.3,69,14,30182,327,4,3,75,22,60|8289|57492,ACTB|ARID1A|ARID1B,-3
MyList_SUB1_MCODE_1,GO Biological Processes,19,GO:1901990,regulation of mitotic cell cycle phase transition,19_GO:0050789 regulation of biological process,-5.2,63,14,30182,357,4,3,75,22,60|8289|57492,ACTB|ARID1A|ARID1B,-2.9
MyList_SUB1_MCODE_1,GO Biological Processes,19,GO:0002696,positive regulation of leukocyte activation,19_GO:0002376 immune system process,-5.1,60,13,30182,377,4,3,75,22,60|8289|57492,ACTB|ARID1A|ARID1B,-2.9
MyList_SUB1_MCODE_1,GO Biological Processes,19,GO:0050863,regulation of T cell activation,19_GO:0002376 immune system process,-5.1,60,13,30182,377,4,3,75,22,60|8289|57492,ACTB|ARID1A|ARID1B,-2.9
MyList_SUB1_MCODE_1,GO Biological Processes,19,GO:0006338,chromatin remodeling,19_GO:0009987 cellular process,-5.1,60,13,30182,378,4,3,75,22,60|8289|57492,ACTB|ARID1A|ARID1B,-2.9
MyList_SUB1_MCODE_1,GO Biological Processes,19,GO:1903037,regulation of leukocyte cell-cell adhesion,19_GO:0050789 regulation of biological process,-5.1,60,13,30182,378,4,3,75,22,60|8289|57492,ACTB|ARID1A|ARID1B,-2.9
MyList_SUB1_MCODE_1,GO Biological Processes,19,GO:0050867,positive regulation of cell activation,19_GO:0048518 positive regulation of biological process,-5.1,57,13,30182,394,4,3,75,22,60|8289|57492,ACTB|ARID1A|ARID1B,-2.8
MyList_SUB1_MCODE_1,GO Biological Processes,19,GO:1903706,regulation of hemopoiesis,19_GO:0002376 immune system process,-5,55,13,30182,415,4,3,75,22,60|8289|57492,ACTB|ARID1A|ARID1B,-2.8
MyList_SUB1_MCODE_1,GO Biological Processes,19,GO:0010720,positive regulation of cell development,19_GO:0032502 developmental process,-4.9,52,12,30182,432,4,3,75,22,60|8289|57492,ACTB|ARID1A|ARID1B,-2.7
MyList_SUB1_MCODE_1,GO Biological Processes,19,GO:1901987,regulation of cell cycle phase transition,19_GO:0050789 regulation of biological process,-4.9,50,12,30182,457,4,3,75,22,60|8289|57492,ACTB|ARID1A|ARID1B,-2.7
MyList_SUB1_MCODE_1,GO Biological Processes,19,GO:0045785,positive regulation of cell adhesion,19_GO:0048518 positive regulation of biological process,-4.8,47,12,30182,482,4,3,75,22,60|8289|57492,ACTB|ARID1A|ARID1B,-2.6
MyList_SUB1_MCODE_1,GO Biological Processes,19,GO:0022407,regulation of cell-cell adhesion,19_GO:0050789 regulation of biological process,-4.8,46,12,30182,491,4,3,75,22,60|8289|57492,ACTB|ARID1A|ARID1B,-2.6
MyList_SUB1_MCODE_1,GO Biological Processes,19,GO:0051249,regulation of lymphocyte activation,19_GO:0002376 immune system process,-4.7,45,11,30182,503,4,3,75,22,60|8289|57492,ACTB|ARID1A|ARID1B,-2.6
MyList_SUB1_MCODE_1,GO Biological Processes,19,GO:0007346,regulation of mitotic cell cycle,19_GO:0050789 regulation of biological process,-4.7,44,11,30182,517,4,3,75,22,60|8289|57492,ACTB|ARID1A|ARID1B,-2.6
MyList_SUB1_MCODE_1,GO Biological Processes,19,GO:0051052,regulation of DNA metabolic process,19_GO:0008152 metabolic process,-4.6,42,11,30182,541,4,3,75,22,60|8289|57492,ACTB|ARID1A|ARID1B,-2.5
MyList_SUB1_MCODE_1,GO Biological Processes,19,GO:0002694,regulation of leukocyte activation,19_GO:0002376 immune system process,-4.5,38,10,30182,598,4,3,75,22,60|8289|57492,ACTB|ARID1A|ARID1B,-2.4
MyList_SUB1_MCODE_1,GO Biological Processes,19,GO:0006325,chromatin organization,19_GO:0009987 cellular process,-4.4,36,10,30182,633,4,3,75,22,60|8289|57492,ACTB|ARID1A|ARID1B,-2.3
MyList_SUB1_MCODE_1,GO Biological Processes,19,GO:0050865,regulation of cell activation,19_GO:0032501 multicellular organismal process,-4.4,35,10,30182,655,4,3,75,22,60|8289|57492,ACTB|ARID1A|ARID1B,-2.3
MyList_SUB1_MCODE_1,GO Biological Processes,19,GO:0080135,regulation of cellular response to stress,19_GO:0050896 response to stimulus,-4.3,31,9.5,30182,726,4,3,75,22,60|8289|57492,ACTB|ARID1A|ARID1B,-2.2
MyList_SUB1_MCODE_1,GO Biological Processes,19,GO:0010564,regulation of cell cycle process,19_GO:0050789 regulation of biological process,-4.2,30,9.3,30182,747,4,3,75,22,60|8289|57492,ACTB|ARID1A|ARID1B,-2.2
