Name,Category,CategoryID,GO,Description,PARENT_GO,LogP,Enrichment,Z-score,#TotalGeneInLibrary,#GeneInGO,#GeneInHitList,#GeneInGOAndHitList,%InGO,STDV %InGO,GeneID,Hits,Log(q-value)
MyList,GO Biological Processes,19,GO:0007389,pattern specification process,19_GO:0032502 developmental process,-6.7,10,8.8,30182,448,59,9,15,4.7,90|444|4223|5087|5727|5992|7026|50937|219670,ACVR1|ASPH|MEOX2|PBX1|PTCH1|RFX4|NR2F2|CDON|ENKUR,-2.3
MyList,GO Biological Processes,19,GO:0045667,regulation of osteoblast differentiation,19_GO:0032502 developmental process,-6.4,21,11,30182,147,59,6,10,3.9,90|468|1052|3727|5727|6096,ACVR1|ATF4|CEBPD|JUND|PTCH1|RORB,-2.3
MyList,GO Biological Processes,19,GO:0008283,cell population proliferation,19_GO:0009987 cellular process,-6,7.3,7.5,30182,699,59,10,17,4.9,444|2099|5087|5727|5813|6659|6772|8650|50937|79977,ASPH|ESR1|PBX1|PTCH1|PURA|SOX4|STAT1|NUMB|CDON|GRHL2,-2.2
MyList,GO Biological Processes,19,GO:0003002,regionalization,19_GO:0032502 developmental process,-6,10,8.2,30182,401,59,8,14,4.5,90|4223|5087|5727|5992|7026|50937|219670,ACVR1|MEOX2|PBX1|PTCH1|RFX4|NR2F2|CDON|ENKUR,-2.2
MyList,GO Biological Processes,19,GO:0048736,appendage development,19_GO:0032502 developmental process,-5.8,17,9.5,30182,182,59,6,10,3.9,444|4223|5087|5727|6659|79977,ASPH|MEOX2|PBX1|PTCH1|SOX4|GRHL2,-2.2
MyList,GO Biological Processes,19,GO:0060173,limb development,19_GO:0032502 developmental process,-5.8,17,9.5,30182,182,59,6,10,3.9,444|4223|5087|5727|6659|79977,ASPH|MEOX2|PBX1|PTCH1|SOX4|GRHL2,-2.2
MyList,GO Biological Processes,19,GO:0060537,muscle tissue development,19_GO:0032502 developmental process,-5.4,11,7.9,30182,333,59,7,12,4.2,90|4223|5727|6840|7026|50937|79784,ACVR1|MEOX2|PTCH1|SVIL|NR2F2|CDON|MYH14,-1.9
MyList,Reactome Gene Sets,6,R-HSA-198725,Nuclear Events (kinase and transcription factor activation),,-5.2,34,11,30182,61,59,4,6.8,3.3,2002|3727|6196|6457,ELK1|JUND|RPS6KA2|SH3GL3,-1.8
MyList,GO Biological Processes,19,GO:0007519,skeletal muscle tissue development,19_GO:0032502 developmental process,-5.2,19,9.3,30182,134,59,5,8.5,3.6,4223|6840|7026|50937|79784,MEOX2|SVIL|NR2F2|CDON|MYH14,-1.8
MyList,GO Biological Processes,19,GO:0001655,urogenital system development,19_GO:0032502 developmental process,-5.1,32,11,30182,63,59,4,6.8,3.3,90|2099|5087|5727,ACVR1|ESR1|PBX1|PTCH1,-1.8
MyList,GO Biological Processes,19,GO:0035108,limb morphogenesis,19_GO:0032502 developmental process,-5,18,8.9,30182,146,59,5,8.5,3.6,444|5087|5727|6659|79977,ASPH|PBX1|PTCH1|SOX4|GRHL2,-1.7
MyList,GO Biological Processes,19,GO:0035107,appendage morphogenesis,19_GO:0032502 developmental process,-5,18,8.9,30182,146,59,5,8.5,3.6,444|5087|5727|6659|79977,ASPH|PBX1|PTCH1|SOX4|GRHL2,-1.7
MyList,GO Biological Processes,19,GO:0060538,skeletal muscle organ development,19_GO:0032502 developmental process,-5,17,8.8,30182,147,59,5,8.5,3.6,4223|6840|7026|50937|79784,MEOX2|SVIL|NR2F2|CDON|MYH14,-1.7
MyList,GO Biological Processes,19,GO:0030522,intracellular receptor signaling pathway,19_GO:0023052 signaling,-4.8,16,8.4,30182,160,59,5,8.5,3.6,2099|6096|7026|23180|133522,ESR1|RORB|NR2F2|RFTN1|PPARGC1B,-1.6
MyList,GO Biological Processes,19,GO:0048511,rhythmic process,19_GO:0048511 rhythmic process,-4.8,11,7.5,30182,275,59,6,10,3.9,468|2099|3727|5187|6096|10075,ATF4|ESR1|JUND|PER1|RORB|HUWE1,-1.6
MyList,WikiPathways,27,WP437,EGF/EGFR signaling pathway,,-4.8,16,8.4,30182,162,59,5,8.5,3.6,2002|3727|6196|6457|6772,ELK1|JUND|RPS6KA2|SH3GL3|STAT1,-1.6
MyList,GO Biological Processes,19,GO:0061138,morphogenesis of a branching epithelium,19_GO:0032502 developmental process,-4.7,16,8.3,30182,165,59,5,8.5,3.6,90|2099|5087|5727|79977,ACVR1|ESR1|PBX1|PTCH1|GRHL2,-1.6
MyList,GO Biological Processes,19,GO:0010720,positive regulation of cell development,19_GO:0032502 developmental process,-4.7,8.3,6.8,30182,432,59,7,12,4.2,2309|5789|6659|6792|8650|50937|133522,FOXO3|PTPRD|SOX4|CDKL5|NUMB|CDON|PPARGC1B,-1.6
MyList,GO Biological Processes,19,GO:0001763,morphogenesis of a branching structure,19_GO:0032502 developmental process,-4.6,15,8,30182,175,59,5,8.5,3.6,90|2099|5087|5727|79977,ACVR1|ESR1|PBX1|PTCH1|GRHL2,-1.6
MyList,GO Biological Processes,19,GO:0030855,epithelial cell differentiation,19_GO:0032502 developmental process,-4.6,6.7,6.3,30182,615,59,8,14,4.5,90|468|2099|5357|5727|6659|7026|79977,ACVR1|ATF4|ESR1|PLS1|PTCH1|SOX4|NR2F2|GRHL2,-1.6
MyList,GO Biological Processes,19,GO:0048568,embryonic organ development,19_GO:0032502 developmental process,-4.6,8,6.6,30182,450,59,7,12,4.2,90|468|5087|5357|5727|7026|79977,ACVR1|ATF4|PBX1|PLS1|PTCH1|NR2F2|GRHL2,-1.5
MyList,KEGG Pathway,24,hsa04211,Longevity regulating pathway,,-4.5,23,9.2,30182,89,59,4,6.8,3.3,468|2309|9586|51422,ATF4|FOXO3|CREB5|PRKAG2,-1.5
MyList,GO Biological Processes,19,GO:0060562,epithelial tube morphogenesis,19_GO:0032502 developmental process,-4.5,9.8,6.9,30182,313,59,6,10,3.9,90|2099|5087|5727|6659|79977,ACVR1|ESR1|PBX1|PTCH1|SOX4|GRHL2,-1.5
MyList,WikiPathways,27,WP4149,White fat cell differentiation,,-4.5,48,12,30182,32,59,3,5.1,2.9,1052|1879|7026,CEBPD|EBF1|NR2F2,-1.5
MyList,KEGG Pathway,24,hsa04710,Circadian rhythm,,-4.4,45,11,30182,34,59,3,5.1,2.9,5187|6096|51422,PER1|RORB|PRKAG2,-1.5
MyList,GO Biological Processes,19,GO:0045648,positive regulation of erythrocyte differentiation,19_GO:0042592 homeostatic process,-4.4,45,11,30182,34,59,3,5.1,2.9,2113|2309|6772,ETS1|FOXO3|STAT1,-1.5
MyList,GO Biological Processes,19,GO:0009792,embryo development ending in birth or egg hatching,19_GO:0032502 developmental process,-4.3,6.1,5.9,30182,670,59,8,14,4.5,90|4223|5087|5727|6659|7026|56977|79977,ACVR1|MEOX2|PBX1|PTCH1|SOX4|NR2F2|STOX2|GRHL2,-1.4
MyList,GO Biological Processes,19,GO:0035239,tube morphogenesis,19_GO:0032502 developmental process,-4.3,6.1,5.9,30182,670,59,8,14,4.5,90|2099|4223|5087|5727|6659|7026|79977,ACVR1|ESR1|MEOX2|PBX1|PTCH1|SOX4|NR2F2|GRHL2,-1.4
MyList,GO Biological Processes,19,GO:0045639,positive regulation of myeloid cell differentiation,19_GO:0002376 immune system process,-4.3,20,8.5,30182,103,59,4,6.8,3.3,2113|2309|6772|133522,ETS1|FOXO3|STAT1|PPARGC1B,-1.4
MyList,GO Biological Processes,19,GO:0071407,cellular response to organic cyclic compound,19_GO:0050896 response to stimulus,-4.2,7,6.1,30182,510,59,7,12,4.2,90|468|2002|2099|5727|6772|133522,ACVR1|ATF4|ELK1|ESR1|PTCH1|STAT1|PPARGC1B,-1.4
MyList,KEGG Pathway,24,hsa04931,Insulin resistance,,-4.2,19,8.3,30182,108,59,4,6.8,3.3,6196|9586|51422|133522,RPS6KA2|CREB5|PRKAG2|PPARGC1B,-1.4
MyList,Reactome Gene Sets,6,R-HSA-9031628,NGF-stimulated transcription,,-4.2,39,11,30182,39,59,3,5.1,2.9,2002|3727|6457,ELK1|JUND|SH3GL3,-1.4
MyList,WikiPathways,27,WP127,IL-5 signaling pathway,,-4.2,38,10,30182,40,59,3,5.1,2.9,2002|2309|6772,ELK1|FOXO3|STAT1,-1.3
MyList,Reactome Gene Sets,6,R-HSA-9006934,Signaling by Receptor Tyrosine Kinases,,-4.1,6.8,6,30182,524,59,7,12,4.2,2002|2099|3727|6196|6457|6772|26999,ELK1|ESR1|JUND|RPS6KA2|SH3GL3|STAT1|CYFIP2,-1.3
MyList,Reactome Gene Sets,6,R-HSA-187037,Signaling by NTRK1 (TRKA),,-4.1,18,8,30182,115,59,4,6.8,3.3,2002|3727|6196|6457,ELK1|JUND|RPS6KA2|SH3GL3,-1.3
MyList,KEGG Pathway,24,hsa04152,AMPK signaling pathway,,-4,17,7.8,30182,121,59,4,6.8,3.3,2309|5523|9586|51422,FOXO3|PPP2R3A|CREB5|PRKAG2,-1.2
MyList,GO Biological Processes,19,GO:0007423,sensory organ development,19_GO:0032502 developmental process,-4,6.4,5.7,30182,559,59,7,12,4.2,468|1052|5087|5357|6096|50937|79977,ATF4|CEBPD|PBX1|PLS1|RORB|CDON|GRHL2,-1.2
MyList,Canonical Pathways,11,M183,PID IL6 7 PATHWAY,,-4,33,9.6,30182,47,59,3,5.1,2.9,1052|5791|6772,CEBPD|PTPRE|STAT1,-1.2
MyList,GO Biological Processes,19,GO:0045646,regulation of erythrocyte differentiation,19_GO:0042592 homeostatic process,-4,33,9.6,30182,47,59,3,5.1,2.9,2113|2309|6772,ETS1|FOXO3|STAT1,-1.2
MyList,WikiPathways,27,WP1541,Energy metabolism,,-3.9,32,9.5,30182,48,59,3,5.1,2.9,2309|51422|133522,FOXO3|PRKAG2|PPARGC1B,-1.2
MyList,Canonical Pathways,11,M186,PID PDGFRB PATHWAY,,-3.9,16,7.5,30182,129,59,4,6.8,3.3,2002|3727|6772|26999,ELK1|JUND|STAT1|CYFIP2,-1.2
MyList,GO Biological Processes,19,GO:0048598,embryonic morphogenesis,19_GO:0032502 developmental process,-3.9,6.2,5.6,30182,581,59,7,12,4.2,90|5087|5357|5727|6659|50937|79977,ACVR1|PBX1|PLS1|PTCH1|SOX4|CDON|GRHL2,-1.1
MyList,GO Biological Processes,19,GO:0043124,negative regulation of I-kappaB kinase/NF-kappaB signaling,19_GO:0023052 signaling,-3.9,30,9.2,30182,51,59,3,5.1,2.9,2099|5187|6772,ESR1|PER1|STAT1,-1.1
MyList,Reactome Gene Sets,6,R-HSA-166520,Signaling by NTRKs,,-3.9,15,7.3,30182,134,59,4,6.8,3.3,2002|3727|6196|6457,ELK1|JUND|RPS6KA2|SH3GL3,-1.1
MyList,GO Biological Processes,19,GO:0007623,circadian rhythm,19_GO:0048511 rhythmic process,-3.8,15,7.2,30182,137,59,4,6.8,3.3,468|3727|5187|10075,ATF4|JUND|PER1|HUWE1,-1.1
MyList,GO Biological Processes,19,GO:0048754,branching morphogenesis of an epithelial tube,19_GO:0032502 developmental process,-3.8,15,7.2,30182,137,59,4,6.8,3.3,90|2099|5087|5727,ACVR1|ESR1|PBX1|PTCH1,-1.1
MyList,GO Biological Processes,19,GO:0006351,DNA-templated transcription,19_GO:0008152 metabolic process,-3.8,6,5.4,30182,599,59,7,12,4.2,468|862|1052|2099|2309|3727|133522,ATF4|RUNX1T1|CEBPD|ESR1|FOXO3|JUND|PPARGC1B,-1.1
MyList,GO Biological Processes,19,GO:0097659,nucleic acid-templated transcription,19_GO:0008152 metabolic process,-3.8,6,5.4,30182,601,59,7,12,4.2,468|862|1052|2099|2309|3727|133522,ATF4|RUNX1T1|CEBPD|ESR1|FOXO3|JUND|PPARGC1B,-1.1
MyList,WikiPathways,27,WP2380,Brain-derived neurotrophic factor (BDNF) signaling pathway,,-3.7,14,7,30182,144,59,4,6.8,3.3,2002|2309|6772|6792,ELK1|FOXO3|STAT1|CDKL5,-1.1
MyList,WikiPathways,27,WP2853,Endoderm differentiation,,-3.7,14,7,30182,144,59,4,6.8,3.3,5087|6772|23007|79977,PBX1|STAT1|PLCH1|GRHL2,-1.1
MyList,GO Biological Processes,19,GO:0032774,RNA biosynthetic process,19_GO:0008152 metabolic process,-3.7,5.9,5.4,30182,612,59,7,12,4.2,468|862|1052|2099|2309|3727|133522,ATF4|RUNX1T1|CEBPD|ESR1|FOXO3|JUND|PPARGC1B,-1.1
MyList,WikiPathways,27,WP3888,VEGFA-VEGFR2 signaling pathway,,-3.7,7.1,5.7,30182,432,59,6,10,3.9,468|2002|2113|2309|6772|8650,ATF4|ELK1|ETS1|FOXO3|STAT1|NUMB,-1.1
MyList,WikiPathways,27,WP4666,Hepatitis B infection,,-3.7,14,6.8,30182,151,59,4,6.8,3.3,468|2002|6772|9586,ATF4|ELK1|STAT1|CREB5,-1
MyList,GO Biological Processes,19,GO:0045604,regulation of epidermal cell differentiation,19_GO:0032502 developmental process,-3.6,26,8.4,30182,60,59,3,5.1,2.9,5727|29841|79977,PTCH1|GRHL1|GRHL2,-1
MyList,GO Biological Processes,19,GO:0060135,maternal process involved in female pregnancy,19_GO:0022414 reproductive process,-3.6,25,8.4,30182,61,59,3,5.1,2.9,2099|7026|56977,ESR1|NR2F2|STOX2,-1
MyList,WikiPathways,27,WP2857,Mesodermal commitment pathway,,-3.6,13,6.8,30182,154,59,4,6.8,3.3,90|5087|23007|79977,ACVR1|PBX1|PLCH1|GRHL2,-1
MyList,GO Biological Processes,19,GO:0002009,morphogenesis of an epithelium,19_GO:0032502 developmental process,-3.6,6.8,5.5,30182,451,59,6,10,3.9,90|2099|5087|5727|6659|79977,ACVR1|ESR1|PBX1|PTCH1|SOX4|GRHL2,-1
MyList,GO Biological Processes,19,GO:0043009,chordate embryonic development,19_GO:0032502 developmental process,-3.6,5.5,5.2,30182,648,59,7,12,4.2,90|4223|5087|5727|6659|7026|79977,ACVR1|MEOX2|PBX1|PTCH1|SOX4|NR2F2|GRHL2,-0.99
MyList,KEGG Pathway,24,hsa04927,Cortisol synthesis and secretion,,-3.5,24,8.1,30182,65,59,3,5.1,2.9,468|5087|9586,ATF4|PBX1|CREB5,-0.97
MyList,KEGG Pathway,24,hsa05161,Hepatitis B,,-3.5,13,6.6,30182,162,59,4,6.8,3.3,468|2002|6772|9586,ATF4|ELK1|STAT1|CREB5,-0.97
MyList,GO Biological Processes,19,GO:0044262,cellular carbohydrate metabolic process,19_GO:0008152 metabolic process,-3.5,13,6.5,30182,163,59,4,6.8,3.3,2820|3098|3417|51422,GPD2|HK1|IDH1|PRKAG2,-0.97
MyList,Canonical Pathways,11,M295,SIG PIP3 SIGNALING IN CARDIAC MYOCTES,,-3.5,23,7.9,30182,67,59,3,5.1,2.9,2309|6196|9586,FOXO3|RPS6KA2|CREB5,-0.96
MyList,GO Biological Processes,19,GO:0045682,regulation of epidermis development,19_GO:0032502 developmental process,-3.5,23,7.9,30182,67,59,3,5.1,2.9,5727|29841|79977,PTCH1|GRHL1|GRHL2,-0.96
MyList,GO Biological Processes,19,GO:0030856,regulation of epithelial cell differentiation,19_GO:0032502 developmental process,-3.5,12,6.5,30182,166,59,4,6.8,3.3,5727|6772|29841|79977,PTCH1|STAT1|GRHL1|GRHL2,-0.96
MyList,GO Biological Processes,19,GO:1902893,regulation of miRNA transcription,19_GO:0008152 metabolic process,-3.5,23,7.9,30182,68,59,3,5.1,2.9,2099|2113|2309,ESR1|ETS1|FOXO3,-0.95
MyList,GO Biological Processes,19,GO:0007517,muscle organ development,19_GO:0032502 developmental process,-3.5,8.3,5.7,30182,307,59,5,8.5,3.6,4223|6840|7026|50937|79784,MEOX2|SVIL|NR2F2|CDON|MYH14,-0.94
MyList,Canonical Pathways,11,M167,PID AP1 PATHWAY,,-3.5,22,7.8,30182,70,59,3,5.1,2.9,2099|2113|3727,ESR1|ETS1|JUND,-0.94
MyList,KEGG Pathway,24,hsa04917,Prolactin signaling pathway,,-3.5,22,7.8,30182,70,59,3,5.1,2.9,2099|2309|6772,ESR1|FOXO3|STAT1,-0.94
MyList,GO Biological Processes,19,GO:0032922,circadian regulation of gene expression,19_GO:0048511 rhythmic process,-3.4,22,7.7,30182,71,59,3,5.1,2.9,468|5187|10075,ATF4|PER1|HUWE1,-0.93
MyList,GO Biological Processes,19,GO:1903317,regulation of protein maturation,19_GO:0008152 metabolic process,-3.4,22,7.7,30182,71,59,3,5.1,2.9,5992|6196|6659,RFX4|RPS6KA2|SOX4,-0.93
MyList,GO Biological Processes,19,GO:0000904,cell morphogenesis involved in differentiation,19_GO:0032502 developmental process,-3.4,6.3,5.2,30182,487,59,6,10,3.9,468|5357|5727|8650|26999|79977,ATF4|PLS1|PTCH1|NUMB|CYFIP2|GRHL2,-0.93
MyList,Reactome Gene Sets,6,R-HSA-8939902,Regulation of RUNX2 expression and activity,,-3.4,21,7.6,30182,73,59,3,5.1,2.9,2099|6772|133522,ESR1|STAT1|PPARGC1B,-0.91
MyList,GO Biological Processes,19,GO:0045669,positive regulation of osteoblast differentiation,19_GO:0032502 developmental process,-3.4,20,7.5,30182,75,59,3,5.1,2.9,90|1052|3727,ACVR1|CEBPD|JUND,-0.88
MyList,GO Biological Processes,19,GO:0061061,muscle structure development,19_GO:0032502 developmental process,-3.3,6.1,5.1,30182,504,59,6,10,3.9,90|4223|6840|7026|50937|79784,ACVR1|MEOX2|SVIL|NR2F2|CDON|MYH14,-0.88
MyList,WikiPathways,27,WP2034,Leptin signaling pathway,,-3.3,20,7.4,30182,76,59,3,5.1,2.9,2002|2099|6772,ELK1|ESR1|STAT1,-0.88
MyList,WikiPathways,27,WP2037,Prolactin signaling pathway,,-3.3,20,7.4,30182,76,59,3,5.1,2.9,2002|6196|6772,ELK1|RPS6KA2|STAT1,-0.88
MyList,GO Biological Processes,19,GO:0006417,regulation of translation,19_GO:0008152 metabolic process,-3.3,6.1,5.1,30182,506,59,6,10,3.9,468|2309|5187|5813|6659|25904,ATF4|FOXO3|PER1|PURA|SOX4|CNOT10,-0.88
MyList,Reactome Gene Sets,6,R-HSA-9009391,Extra-nuclear estrogen signaling,,-3.3,20,7.4,30182,77,59,3,5.1,2.9,2002|2099|2309,ELK1|ESR1|FOXO3,-0.87
MyList,GO Biological Processes,19,GO:0061053,somite development,19_GO:0032502 developmental process,-3.3,19,7.2,30182,80,59,3,5.1,2.9,4223|5523|5727,MEOX2|PPP2R3A|PTCH1,-0.83
MyList,GO Biological Processes,19,GO:2000628,regulation of miRNA metabolic process,19_GO:0008152 metabolic process,-3.3,19,7.2,30182,81,59,3,5.1,2.9,2099|2113|2309,ESR1|ETS1|FOXO3,-0.82
MyList,GO Biological Processes,19,GO:0071396,cellular response to lipid,19_GO:0050896 response to stimulus,-3.2,5.8,4.9,30182,527,59,6,10,3.9,90|2002|2099|5727|6096|133522,ACVR1|ELK1|ESR1|PTCH1|RORB|PPARGC1B,-0.81
MyList,KEGG Pathway,24,hsa05200,Pathways in cancer,,-3.2,5.8,4.9,30182,531,59,6,10,3.9,862|2002|2099|2113|5727|6772,RUNX1T1|ELK1|ESR1|ETS1|PTCH1|STAT1,-0.79
MyList,Reactome Gene Sets,6,R-HSA-381340,Transcriptional regulation of white adipocyte differentiation,,-3.2,18,7,30182,84,59,3,5.1,2.9,1052|1879|7026,CEBPD|EBF1|NR2F2,-0.79
MyList,GO Biological Processes,19,GO:0009953,dorsal/ventral pattern formation,19_GO:0032502 developmental process,-3.2,18,7,30182,85,59,3,5.1,2.9,90|5727|5992,ACVR1|PTCH1|RFX4,-0.78
MyList,Reactome Gene Sets,6,R-HSA-5632684,Hedgehog 'on' state,,-3.2,18,7,30182,85,59,3,5.1,2.9,5727|8650|50937,PTCH1|NUMB|CDON,-0.78
MyList,GO Biological Processes,19,GO:0061326,renal tubule development,19_GO:0032502 developmental process,-3.2,18,6.9,30182,86,59,3,5.1,2.9,5087|5727|6772,PBX1|PTCH1|STAT1,-0.78
MyList,WikiPathways,27,WP3594,Circadian rhythm genes,,-3.2,10,5.8,30182,201,59,4,6.8,3.3,468|3727|5187|6096,ATF4|JUND|PER1|RORB,-0.78
MyList,GO Biological Processes,19,GO:0009952,anterior/posterior pattern specification,19_GO:0032502 developmental process,-3.2,10,5.7,30182,204,59,4,6.8,3.3,4223|5087|7026|50937,MEOX2|PBX1|NR2F2|CDON,-0.76
MyList,GO Biological Processes,19,GO:0060993,kidney morphogenesis,19_GO:0032502 developmental process,-3.2,17,6.8,30182,88,59,3,5.1,2.9,5087|5727|6659,PBX1|PTCH1|SOX4,-0.76
MyList,GO Biological Processes,19,GO:0051591,response to cAMP,19_GO:0050896 response to stimulus,-3.1,17,6.8,30182,89,59,3,5.1,2.9,5187|6772|133522,PER1|STAT1|PPARGC1B,-0.75
MyList,GO Biological Processes,19,GO:0006979,response to oxidative stress,19_GO:0050896 response to stimulus,-3.1,7,5.1,30182,366,59,5,8.5,3.6,468|2309|3417|6772|133522,ATF4|FOXO3|IDH1|STAT1|PPARGC1B,-0.74
MyList,GO Biological Processes,19,GO:0007420,brain development,19_GO:0032502 developmental process,-3.1,4.6,4.5,30182,777,59,7,12,4.2,5087|5727|5992|7026|8650|50937|79977,PBX1|PTCH1|RFX4|NR2F2|NUMB|CDON|GRHL2,-0.73
MyList,GO Biological Processes,19,GO:1901216,positive regulation of neuron death,19_GO:0048518 positive regulation of biological process,-3.1,17,6.7,30182,92,59,3,5.1,2.9,468|2002|2309,ATF4|ELK1|FOXO3,-0.73
MyList,KEGG Pathway,24,hsa05207,Chemical carcinogenesis - receptor activation,,-3.1,9.7,5.6,30182,212,59,4,6.8,3.3,468|2099|6196|9586,ATF4|ESR1|RPS6KA2|CREB5,-0.73
MyList,GO Biological Processes,19,GO:0008585,female gonad development,19_GO:0022414 reproductive process,-3.1,17,6.6,30182,93,59,3,5.1,2.9,2099|3417|7026,ESR1|IDH1|NR2F2,-0.73
MyList,GO Biological Processes,19,GO:0001654,eye development,19_GO:0032502 developmental process,-3.1,6.9,5,30182,373,59,5,8.5,3.6,468|5087|6096|50937|79977,ATF4|PBX1|RORB|CDON|GRHL2,-0.73
MyList,GO Biological Processes,19,GO:0048729,tissue morphogenesis,19_GO:0032502 developmental process,-3.1,5.4,4.7,30182,566,59,6,10,3.9,90|2099|5087|5727|6659|79977,ACVR1|ESR1|PBX1|PTCH1|SOX4|GRHL2,-0.73
MyList,GO Biological Processes,19,GO:0045637,regulation of myeloid cell differentiation,19_GO:0002376 immune system process,-3.1,9.6,5.6,30182,214,59,4,6.8,3.3,2113|2309|6772|133522,ETS1|FOXO3|STAT1|PPARGC1B,-0.73
MyList,GO Biological Processes,19,GO:0008285,negative regulation of cell population proliferation,19_GO:0048519 negative regulation of biological process,-3.1,4.6,4.5,30182,787,59,7,12,4.2,444|2113|5727|6196|6659|6772|7026,ASPH|ETS1|PTCH1|RPS6KA2|SOX4|STAT1|NR2F2,-0.72
MyList,GO Biological Processes,19,GO:0150063,visual system development,19_GO:0032502 developmental process,-3.1,6.8,5,30182,377,59,5,8.5,3.6,468|5087|6096|50937|79977,ATF4|PBX1|RORB|CDON|GRHL2,-0.72
MyList,GO Biological Processes,19,GO:0034248,regulation of amide metabolic process,19_GO:0008152 metabolic process,-3.1,5.4,4.7,30182,571,59,6,10,3.9,468|2309|5187|5813|6659|25904,ATF4|FOXO3|PER1|PURA|SOX4|CNOT10,-0.72
MyList,GO Biological Processes,19,GO:0048880,sensory system development,19_GO:0032502 developmental process,-3,6.7,4.9,30182,383,59,5,8.5,3.6,468|5087|6096|50937|79977,ATF4|PBX1|RORB|CDON|GRHL2,-0.7
MyList,GO Biological Processes,19,GO:0046545,development of primary female sexual characteristics,19_GO:0022414 reproductive process,-3,16,6.5,30182,97,59,3,5.1,2.9,2099|3417|7026,ESR1|IDH1|NR2F2,-0.7
MyList,KEGG Pathway,24,hsa05166,Human T-cell leukemia virus 1 infection,,-3,9.2,5.4,30182,222,59,4,6.8,3.3,468|2002|2113|9586,ATF4|ELK1|ETS1|CREB5,-0.69
MyList,Reactome Gene Sets,6,R-HSA-8939211,ESR-mediated signaling,,-3,9.2,5.4,30182,223,59,4,6.8,3.3,2002|2099|2309|3727,ELK1|ESR1|FOXO3|JUND,-0.69
MyList,GO Biological Processes,19,GO:2000112,regulation of cellular macromolecule biosynthetic process,19_GO:0008152 metabolic process,-3,5.2,4.5,30182,594,59,6,10,3.9,468|2309|5187|5813|6659|25904,ATF4|FOXO3|PER1|PURA|SOX4|CNOT10,-0.65
MyList,GO Biological Processes,19,GO:0021510,spinal cord development,19_GO:0032502 developmental process,-3,15,6.3,30182,102,59,3,5.1,2.9,5727|5992|6659,PTCH1|RFX4|SOX4,-0.65
MyList,GO Biological Processes,19,GO:0050769,positive regulation of neurogenesis,19_GO:0032502 developmental process,-3,8.8,5.3,30182,232,59,4,6.8,3.3,5789|6792|8650|50937,PTPRD|CDKL5|NUMB|CDON,-0.64
MyList,GO Biological Processes,19,GO:0001841,neural tube formation,19_GO:0032502 developmental process,-2.9,15,6.2,30182,104,59,3,5.1,2.9,5727|6659|79977,PTCH1|SOX4|GRHL2,-0.64
MyList,Canonical Pathways,11,M164,PID ERBB1 DOWNSTREAM PATHWAY,,-2.9,15,6.2,30182,105,59,3,5.1,2.9,2002|6772|26999,ELK1|STAT1|CYFIP2,-0.63
MyList,KEGG Pathway,24,hsa04928,"Parathyroid hormone synthesis, secretion and action",,-2.9,14,6.2,30182,106,59,3,5.1,2.9,468|3727|9586,ATF4|JUND|CREB5,-0.62
MyList,KEGG Pathway,24,hsa04922,Glucagon signaling pathway,,-2.9,14,6.1,30182,107,59,3,5.1,2.9,468|9586|51422,ATF4|CREB5|PRKAG2,-0.61
MyList,GO Biological Processes,19,GO:0006091,generation of precursor metabolites and energy,19_GO:0008152 metabolic process,-2.9,6.2,4.7,30182,410,59,5,8.5,3.6,444|2820|3098|3417|51422,ASPH|GPD2|HK1|IDH1|PRKAG2,-0.61
MyList,WikiPathways,27,WP4321,Thermogenesis,,-2.9,14,6.1,30182,108,59,3,5.1,2.9,6196|9586|51422,RPS6KA2|CREB5|PRKAG2,-0.61
MyList,Reactome Gene Sets,6,R-HSA-6785807,Interleukin-4 and Interleukin-13 signaling,,-2.9,14,6.1,30182,108,59,3,5.1,2.9,1052|2309|6772,CEBPD|FOXO3|STAT1,-0.61
MyList,GO Biological Processes,19,GO:1903706,regulation of hemopoiesis,19_GO:0002376 immune system process,-2.9,6.2,4.7,30182,415,59,5,8.5,3.6,2113|2309|6659|6772|133522,ETS1|FOXO3|SOX4|STAT1|PPARGC1B,-0.6
MyList,GO Biological Processes,19,GO:0010942,positive regulation of cell death,19_GO:0048518 positive regulation of biological process,-2.9,4.9,4.4,30182,621,59,6,10,3.9,468|2002|2309|6196|6659|56259,ATF4|ELK1|FOXO3|RPS6KA2|SOX4|CTNNBL1,-0.6
MyList,GO Biological Processes,19,GO:0046660,female sex differentiation,19_GO:0022414 reproductive process,-2.8,14,5.9,30182,113,59,3,5.1,2.9,2099|3417|7026,ESR1|IDH1|NR2F2,-0.57
MyList,GO Biological Processes,19,GO:0045165,cell fate commitment,19_GO:0032502 developmental process,-2.8,8.2,5,30182,250,59,4,6.8,3.3,90|5727|7026|50937,ACVR1|PTCH1|NR2F2|CDON,-0.56
MyList,GO Biological Processes,19,GO:0000902,cell morphogenesis,19_GO:0032502 developmental process,-2.8,4.8,4.3,30182,643,59,6,10,3.9,468|5357|5727|8650|26999|79977,ATF4|PLS1|PTCH1|NUMB|CYFIP2|GRHL2,-0.53
MyList,GO Biological Processes,19,GO:0003007,heart morphogenesis,19_GO:0032502 developmental process,-2.8,7.9,4.9,30182,258,59,4,6.8,3.3,90|5727|6659|79977,ACVR1|PTCH1|SOX4|GRHL2,-0.53
MyList,Reactome Gene Sets,6,R-HSA-373760,L1CAM interactions,,-2.8,13,5.8,30182,119,59,3,5.1,2.9,1641|6196|8650,DCX|RPS6KA2|NUMB,-0.53
MyList,KEGG Pathway,24,hsa04722,Neurotrophin signaling pathway,,-2.8,13,5.8,30182,119,59,3,5.1,2.9,468|2309|6196,ATF4|FOXO3|RPS6KA2,-0.53
MyList,GO Biological Processes,19,GO:0030326,embryonic limb morphogenesis,19_GO:0032502 developmental process,-2.8,13,5.7,30182,120,59,3,5.1,2.9,5087|5727|79977,PBX1|PTCH1|GRHL2,-0.53
MyList,GO Biological Processes,19,GO:0035113,embryonic appendage morphogenesis,19_GO:0032502 developmental process,-2.8,13,5.7,30182,120,59,3,5.1,2.9,5087|5727|79977,PBX1|PTCH1|GRHL2,-0.53
MyList,GO Biological Processes,19,GO:0032355,response to estradiol,19_GO:0050896 response to stimulus,-2.8,13,5.7,30182,120,59,3,5.1,2.9,2099|5727|7026,ESR1|PTCH1|NR2F2,-0.53
MyList,KEGG Pathway,24,hsa04935,"Growth hormone synthesis, secretion and action",,-2.8,13,5.7,30182,120,59,3,5.1,2.9,468|6772|9586,ATF4|STAT1|CREB5,-0.53
MyList,Reactome Gene Sets,6,R-HSA-8878166,Transcriptional regulation by RUNX2,,-2.8,13,5.7,30182,121,59,3,5.1,2.9,2099|6772|133522,ESR1|STAT1|PPARGC1B,-0.52
MyList,GO Biological Processes,19,GO:0090596,sensory organ morphogenesis,19_GO:0032502 developmental process,-2.7,7.7,4.9,30182,266,59,4,6.8,3.3,468|5357|6096|50937,ATF4|PLS1|RORB|CDON,-0.5
MyList,GO Biological Processes,19,GO:0001838,embryonic epithelial tube formation,19_GO:0032502 developmental process,-2.7,12,5.6,30182,124,59,3,5.1,2.9,5727|6659|79977,PTCH1|SOX4|GRHL2,-0.5
MyList,GO Biological Processes,19,GO:0003231,cardiac ventricle development,19_GO:0032502 developmental process,-2.7,12,5.6,30182,126,59,3,5.1,2.9,90|6659|79977,ACVR1|SOX4|GRHL2,-0.48
MyList,GO Biological Processes,19,GO:0003206,cardiac chamber morphogenesis,19_GO:0032502 developmental process,-2.7,12,5.6,30182,126,59,3,5.1,2.9,90|6659|79977,ACVR1|SOX4|GRHL2,-0.48
MyList,GO Biological Processes,19,GO:0048593,camera-type eye morphogenesis,19_GO:0032502 developmental process,-2.7,12,5.5,30182,127,59,3,5.1,2.9,468|6096|50937,ATF4|RORB|CDON,-0.48
MyList,GO Biological Processes,19,GO:0046683,response to organophosphorus,19_GO:0050896 response to stimulus,-2.7,12,5.5,30182,129,59,3,5.1,2.9,5187|6772|133522,PER1|STAT1|PPARGC1B,-0.46
MyList,GO Biological Processes,19,GO:0007548,sex differentiation,19_GO:0022414 reproductive process,-2.7,7.4,4.7,30182,276,59,4,6.8,3.3,2099|3417|5087|7026,ESR1|IDH1|PBX1|NR2F2,-0.46
MyList,GO Biological Processes,19,GO:0051090,regulation of DNA-binding transcription factor activity,19_GO:0008152 metabolic process,-2.7,5.5,4.3,30182,465,59,5,8.5,3.6,2099|3727|5727|5813|133522,ESR1|JUND|PTCH1|PURA|PPARGC1B,-0.46
MyList,WikiPathways,27,WP236,Adipogenesis,,-2.7,12,5.4,30182,131,59,3,5.1,2.9,1052|1879|6772,CEBPD|EBF1|STAT1,-0.46
MyList,GO Biological Processes,19,GO:0005975,carbohydrate metabolic process,19_GO:0008152 metabolic process,-2.7,5.5,4.3,30182,467,59,5,8.5,3.6,468|2820|3098|3417|51422,ATF4|GPD2|HK1|IDH1|PRKAG2,-0.46
MyList,GO Biological Processes,19,GO:0051962,positive regulation of nervous system development,19_GO:0032502 developmental process,-2.7,7.3,4.7,30182,280,59,4,6.8,3.3,5789|6792|8650|50937,PTPRD|CDKL5|NUMB|CDON,-0.46
MyList,GO Biological Processes,19,GO:0072175,epithelial tube formation,19_GO:0032502 developmental process,-2.7,12,5.4,30182,132,59,3,5.1,2.9,5727|6659|79977,PTCH1|SOX4|GRHL2,-0.46
MyList,KEGG Pathway,24,hsa04728,Dopaminergic synapse,,-2.7,12,5.4,30182,132,59,3,5.1,2.9,468|5523|9586,ATF4|PPP2R3A|CREB5,-0.46
MyList,WikiPathways,27,WP3915,Angiopoietin-like protein 8 regulatory pathway,,-2.7,12,5.4,30182,132,59,3,5.1,2.9,2309|6196|51422,FOXO3|RPS6KA2|PRKAG2,-0.46
MyList,Reactome Gene Sets,6,R-HSA-449147,Signaling by Interleukins,,-2.6,5.4,4.3,30182,473,59,5,8.5,3.6,1052|2002|2309|6196|6772,CEBPD|ELK1|FOXO3|RPS6KA2|STAT1,-0.44
MyList,GO Biological Processes,19,GO:0048545,response to steroid hormone,19_GO:0050896 response to stimulus,-2.6,7.2,4.6,30182,284,59,4,6.8,3.3,90|2099|3417|133522,ACVR1|ESR1|IDH1|PPARGC1B,-0.44
MyList,GO Biological Processes,19,GO:0001764,neuron migration,19_GO:0032502 developmental process,-2.6,11,5.3,30182,136,59,3,5.1,2.9,1641|6792|7026,DCX|CDKL5|NR2F2,-0.43
MyList,KEGG Pathway,24,hsa04910,Insulin signaling pathway,,-2.6,11,5.3,30182,137,59,3,5.1,2.9,2002|3098|51422,ELK1|HK1|PRKAG2,-0.42
MyList,KEGG Pathway,24,hsa04915,Estrogen signaling pathway,,-2.6,11,5.3,30182,138,59,3,5.1,2.9,468|2099|9586,ATF4|ESR1|CREB5,-0.42
MyList,GO Biological Processes,19,GO:0048608,reproductive structure development,19_GO:0022414 reproductive process,-2.6,7,4.6,30182,291,59,4,6.8,3.3,2099|3417|5727|7026,ESR1|IDH1|PTCH1|NR2F2,-0.42
MyList,KEGG Pathway,24,hsa04010,MAPK signaling pathway,,-2.6,7,4.5,30182,294,59,4,6.8,3.3,468|2002|3727|6196,ATF4|ELK1|JUND|RPS6KA2,-0.4
MyList,GO Biological Processes,19,GO:0001822,kidney development,19_GO:0032502 developmental process,-2.6,6.9,4.5,30182,295,59,4,6.8,3.3,5087|5727|6659|6772,PBX1|PTCH1|SOX4|STAT1,-0.4
MyList,GO Biological Processes,19,GO:0061458,reproductive system development,19_GO:0032502 developmental process,-2.6,6.9,4.5,30182,295,59,4,6.8,3.3,2099|3417|5727|7026,ESR1|IDH1|PTCH1|NR2F2,-0.4
MyList,GO Biological Processes,19,GO:0045596,negative regulation of cell differentiation,19_GO:0032502 developmental process,-2.6,4.3,3.9,30182,716,59,6,10,3.9,862|5087|5727|6096|6772|79977,RUNX1T1|PBX1|PTCH1|RORB|STAT1|GRHL2,-0.4
MyList,WikiPathways,27,WP2858,Ectoderm differentiation,,-2.6,11,5.2,30182,142,59,3,5.1,2.9,7026|50937|51422,NR2F2|CDON|PRKAG2,-0.4
MyList,GO Biological Processes,19,GO:0014074,response to purine-containing compound,19_GO:0050896 response to stimulus,-2.6,11,5.2,30182,143,59,3,5.1,2.9,5187|6772|133522,PER1|STAT1|PPARGC1B,-0.39
MyList,Reactome Gene Sets,6,R-HSA-9006931,Signaling by Nuclear Receptors,,-2.6,6.8,4.5,30182,299,59,4,6.8,3.3,2002|2099|2309|3727,ELK1|ESR1|FOXO3|JUND,-0.39
MyList,GO Biological Processes,19,GO:0016331,morphogenesis of embryonic epithelium,19_GO:0032502 developmental process,-2.5,11,5.1,30182,145,59,3,5.1,2.9,5727|6659|79977,PTCH1|SOX4|GRHL2,-0.38
MyList,WikiPathways,27,WP3932,Focal adhesion: PI3K-Akt-mTOR-signaling pathway,,-2.5,6.8,4.5,30182,302,59,4,6.8,3.3,468|2309|5523|9586,ATF4|FOXO3|PPP2R3A|CREB5,-0.38
MyList,GO Biological Processes,19,GO:0072001,renal system development,19_GO:0032502 developmental process,-2.5,6.7,4.4,30182,305,59,4,6.8,3.3,5087|5727|6659|6772,PBX1|PTCH1|SOX4|STAT1,-0.37
MyList,GO Biological Processes,19,GO:0035148,tube formation,19_GO:0032502 developmental process,-2.5,10,5.1,30182,148,59,3,5.1,2.9,5727|6659|79977,PTCH1|SOX4|GRHL2,-0.37
MyList,GO Biological Processes,19,GO:0001501,skeletal system development,19_GO:0032502 developmental process,-2.5,5,4.1,30182,507,59,5,8.5,3.6,2313|5087|6659|79977|133522,FLI1|PBX1|SOX4|GRHL2|PPARGC1B,-0.36
MyList,Reactome Gene Sets,6,R-HSA-5358351,Signaling by Hedgehog,,-2.5,10,5,30182,149,59,3,5.1,2.9,5727|8650|50937,PTCH1|NUMB|CDON,-0.36
MyList,GO Biological Processes,19,GO:0071383,cellular response to steroid hormone stimulus,19_GO:0050896 response to stimulus,-2.5,10,5,30182,150,59,3,5.1,2.9,90|2099|133522,ACVR1|ESR1|PPARGC1B,-0.36
MyList,GO Biological Processes,19,GO:0001890,placenta development,19_GO:0032502 developmental process,-2.5,10,5,30182,151,59,3,5.1,2.9,7026|56977|79977,NR2F2|STOX2|GRHL2,-0.35
MyList,KEGG Pathway,24,hsa04261,Adrenergic signaling in cardiomyocytes,,-2.5,10,4.9,30182,154,59,3,5.1,2.9,468|5523|9586,ATF4|PPP2R3A|CREB5,-0.33
MyList,GO Biological Processes,19,GO:0009416,response to light stimulus,19_GO:0050896 response to stimulus,-2.5,6.5,4.3,30182,317,59,4,6.8,3.3,468|2002|3727|5187,ATF4|ELK1|JUND|PER1,-0.33
MyList,GO Biological Processes,19,GO:0048592,eye morphogenesis,19_GO:0032502 developmental process,-2.5,9.9,4.9,30182,155,59,3,5.1,2.9,468|6096|50937,ATF4|RORB|CDON,-0.33
MyList,KEGG Pathway,24,hsa04934,Cushing syndrome,,-2.5,9.9,4.9,30182,155,59,3,5.1,2.9,468|5087|9586,ATF4|PBX1|CREB5,-0.33
MyList,GO Biological Processes,19,GO:0008544,epidermis development,19_GO:0032502 developmental process,-2.4,6.4,4.3,30182,322,59,4,6.8,3.3,5357|5727|29841|79977,PLS1|PTCH1|GRHL1|GRHL2,-0.31
MyList,GO Biological Processes,19,GO:0021915,neural tube development,19_GO:0032502 developmental process,-2.4,9.7,4.8,30182,159,59,3,5.1,2.9,5727|6659|79977,PTCH1|SOX4|GRHL2,-0.3
MyList,WikiPathways,27,WP481,Insulin signaling,,-2.4,9.6,4.8,30182,160,59,3,5.1,2.9,2002|2309|6196,ELK1|FOXO3|RPS6KA2,-0.3
MyList,GO Biological Processes,19,GO:0043010,camera-type eye development,19_GO:0032502 developmental process,-2.4,6.3,4.2,30182,327,59,4,6.8,3.3,468|6096|50937|79977,ATF4|RORB|CDON|GRHL2,-0.3
MyList,GO Biological Processes,19,GO:0043065,positive regulation of apoptotic process,19_GO:0048518 positive regulation of biological process,-2.4,4.8,3.9,30182,536,59,5,8.5,3.6,468|2309|6196|6659|56259,ATF4|FOXO3|RPS6KA2|SOX4|CTNNBL1,-0.29
MyList,GO Biological Processes,19,GO:0009725,response to hormone,19_GO:0050896 response to stimulus,-2.4,3.9,3.7,30182,784,59,6,10,3.9,90|2099|3417|3727|6772|133522,ACVR1|ESR1|IDH1|JUND|STAT1|PPARGC1B,-0.26
MyList,GO Biological Processes,19,GO:0003205,cardiac chamber development,19_GO:0032502 developmental process,-2.4,9.2,4.7,30182,166,59,3,5.1,2.9,90|6659|79977,ACVR1|SOX4|GRHL2,-0.26
MyList,GO Biological Processes,19,GO:0050673,epithelial cell proliferation,19_GO:0009987 cellular process,-2.4,9.2,4.7,30182,167,59,3,5.1,2.9,2099|5727|5813,ESR1|PTCH1|PURA,-0.26
MyList,WikiPathways,27,WP4172,PI3K-Akt signaling pathway,,-2.4,6,4.1,30182,339,59,4,6.8,3.3,468|2309|5523|9586,ATF4|FOXO3|PPP2R3A|CREB5,-0.26
MyList,GO Biological Processes,19,GO:0006470,protein dephosphorylation,19_GO:0008152 metabolic process,-2.4,9.1,4.7,30182,168,59,3,5.1,2.9,5523|5789|5791,PPP2R3A|PTPRD|PTPRE,-0.26
MyList,GO Biological Processes,19,GO:0043068,positive regulation of programmed cell death,19_GO:0048518 positive regulation of biological process,-2.3,4.6,3.8,30182,553,59,5,8.5,3.6,468|2309|6196|6659|56259,ATF4|FOXO3|RPS6KA2|SOX4|CTNNBL1,-0.25
MyList,GO Biological Processes,19,GO:0006366,transcription by RNA polymerase II,19_GO:0008152 metabolic process,-2.3,6,4.1,30182,343,59,4,6.8,3.3,468|1052|2099|3727,ATF4|CEBPD|ESR1|JUND,-0.25
MyList,GO Biological Processes,19,GO:0007565,female pregnancy,19_GO:0022414 reproductive process,-2.3,8.9,4.6,30182,172,59,3,5.1,2.9,2099|7026|56977,ESR1|NR2F2|STOX2,-0.24
MyList,GO Biological Processes,19,GO:0007507,heart development,19_GO:0032502 developmental process,-2.3,4.6,3.8,30182,562,59,5,8.5,3.6,90|5727|6196|6659|79977,ACVR1|PTCH1|RPS6KA2|SOX4|GRHL2,-0.23
MyList,GO Biological Processes,19,GO:0050680,negative regulation of epithelial cell proliferation,19_GO:0048519 negative regulation of biological process,-2.3,8.7,4.5,30182,177,59,3,5.1,2.9,5727|6772|7026,PTCH1|STAT1|NR2F2,-0.21
MyList,GO Biological Processes,19,GO:0051345,positive regulation of hydrolase activity,19_GO:0065007 biological regulation,-2.3,4.5,3.7,30182,569,59,5,8.5,3.6,444|2099|6792|26999|133522,ASPH|ESR1|CDKL5|CYFIP2|PPARGC1B,-0.21
MyList,KEGG Pathway,24,hsa04151,PI3K-Akt signaling pathway,,-2.3,5.8,4,30182,354,59,4,6.8,3.3,468|2309|5523|9586,ATF4|FOXO3|PPP2R3A|CREB5,-0.21
MyList,GO Biological Processes,19,GO:0032535,regulation of cellular component size,19_GO:0065007 biological regulation,-2.3,5.8,4,30182,354,59,4,6.8,3.3,5357|6792|6840|26999,PLS1|CDKL5|SVIL|CYFIP2,-0.21
MyList,GO Biological Processes,19,GO:0045216,cell-cell junction organization,19_GO:0009987 cellular process,-2.3,8.5,4.5,30182,180,59,3,5.1,2.9,8650|29841|79977,NUMB|GRHL1|GRHL2,-0.2
MyList,GO Biological Processes,19,GO:1903708,positive regulation of hemopoiesis,19_GO:0002376 immune system process,-2.2,8.3,4.4,30182,184,59,3,5.1,2.9,2309|6659|133522,FOXO3|SOX4|PPARGC1B,-0.17
MyList,GO Biological Processes,19,GO:1902107,positive regulation of leukocyte differentiation,19_GO:0002376 immune system process,-2.2,8.3,4.4,30182,184,59,3,5.1,2.9,2309|6659|133522,FOXO3|SOX4|PPARGC1B,-0.17
MyList,GO Biological Processes,19,GO:0002064,epithelial cell development,19_GO:0032502 developmental process,-2.2,8.3,4.4,30182,185,59,3,5.1,2.9,468|2099|79977,ATF4|ESR1|GRHL2,-0.17
MyList,GO Biological Processes,19,GO:0044703,multi-organism reproductive process,19_GO:0022414 reproductive process,-2.2,8,4.3,30182,192,59,3,5.1,2.9,2099|7026|56977,ESR1|NR2F2|STOX2,-0.13
MyList,GO Biological Processes,19,GO:0002696,positive regulation of leukocyte activation,19_GO:0002376 immune system process,-2.2,5.4,3.8,30182,377,59,4,6.8,3.3,164|2309|3727|6659,AP1G1|FOXO3|JUND|SOX4,-0.13
MyList,GO Biological Processes,19,GO:0045664,regulation of neuron differentiation,19_GO:0032502 developmental process,-2.2,8,4.3,30182,193,59,3,5.1,2.9,5087|6457|50937,PBX1|SH3GL3|CDON,-0.13
MyList,KEGG Pathway,24,hsa05202,Transcriptional misregulation in cancer,,-2.2,8,4.3,30182,193,59,3,5.1,2.9,862|2313|5087,RUNX1T1|FLI1|PBX1,-0.13
MyList,GO Biological Processes,19,GO:0043433,negative regulation of DNA-binding transcription factor activity,19_GO:0008152 metabolic process,-2.2,7.9,4.3,30182,194,59,3,5.1,2.9,2099|5727|5813,ESR1|PTCH1|PURA,-0.12
MyList,GO Biological Processes,19,GO:0050767,regulation of neurogenesis,19_GO:0032502 developmental process,-2.2,5.4,3.8,30182,381,59,4,6.8,3.3,5789|6792|8650|50937,PTPRD|CDKL5|NUMB|CDON,-0.12
MyList,GO Biological Processes,19,GO:0016485,protein processing,19_GO:0008152 metabolic process,-2.2,7.8,4.2,30182,196,59,3,5.1,2.9,444|5727|26999,ASPH|PTCH1|CYFIP2,-0.12
MyList,GO Biological Processes,19,GO:0044706,multi-multicellular organism process,19_GO:0032501 multicellular organismal process,-2.1,7.6,4.2,30182,201,59,3,5.1,2.9,2099|7026|56977,ESR1|NR2F2|STOX2,-0.089
MyList,GO Biological Processes,19,GO:0001701,in utero embryonic development,19_GO:0032502 developmental process,-2.1,5.2,3.7,30182,392,59,4,6.8,3.3,90|5727|7026|79977,ACVR1|PTCH1|NR2F2|GRHL2,-0.087
MyList,GO Biological Processes,19,GO:0050867,positive regulation of cell activation,19_GO:0048518 positive regulation of biological process,-2.1,5.2,3.7,30182,394,59,4,6.8,3.3,164|2309|3727|6659,AP1G1|FOXO3|JUND|SOX4,-0.081
MyList,GO Biological Processes,19,GO:0030900,forebrain development,19_GO:0032502 developmental process,-2.1,5.2,3.7,30182,396,59,4,6.8,3.3,5992|7026|8650|50937,RFX4|NR2F2|NUMB|CDON,-0.076
MyList,KEGG Pathway,24,hsa05205,Proteoglycans in cancer,,-2.1,7.5,4.1,30182,205,59,3,5.1,2.9,2002|2099|5727,ELK1|ESR1|PTCH1,-0.074
MyList,GO Biological Processes,19,GO:0042593,glucose homeostasis,19_GO:0042592 homeostatic process,-2.1,7.4,4.1,30182,208,59,3,5.1,2.9,3098|5727|6659,HK1|PTCH1|SOX4,-0.059
MyList,GO Biological Processes,19,GO:0008015,blood circulation,19_GO:0032501 multicellular organismal process,-2.1,5.1,3.6,30182,403,59,4,6.8,3.3,2313|6196|6772|7026,FLI1|RPS6KA2|STAT1|NR2F2,-0.058
MyList,GO Biological Processes,19,GO:0033500,carbohydrate homeostasis,19_GO:0042592 homeostatic process,-2.1,7.3,4.1,30182,209,59,3,5.1,2.9,3098|5727|6659,HK1|PTCH1|SOX4,-0.058
MyList,GO Biological Processes,19,GO:0009612,response to mechanical stimulus,19_GO:0050896 response to stimulus,-2.1,7.1,4,30182,215,59,3,5.1,2.9,3727|5727|6772,JUND|PTCH1|STAT1,-0.027
MyList,GO Biological Processes,19,GO:0048667,cell morphogenesis involved in neuron differentiation,19_GO:0032502 developmental process,-2,4.9,3.5,30182,418,59,4,6.8,3.3,5357|5727|8650|26999,PLS1|PTCH1|NUMB|CYFIP2,-0.01
MyList,GO Biological Processes,19,GO:0048732,gland development,19_GO:0032502 developmental process,-2,4.9,3.5,30182,418,59,4,6.8,3.3,2002|2099|5087|5727,ELK1|ESR1|PBX1|PTCH1,-0.01
MyList,GO Biological Processes,19,GO:0008406,gonad development,19_GO:0022414 reproductive process,-2,7,3.9,30182,220,59,3,5.1,2.9,2099|3417|7026,ESR1|IDH1|NR2F2,-0.0058
MyList,GO Biological Processes,19,GO:0030097,hemopoiesis,19_GO:0032502 developmental process,-2,3.9,3.3,30182,659,59,5,8.5,3.6,468|1052|2313|5087|6659,ATF4|CEBPD|FLI1|PBX1|SOX4,-0.0046
MyList,GO Biological Processes,19,GO:0031669,cellular response to nutrient levels,19_GO:0050896 response to stimulus,-2,6.9,3.9,30182,221,59,3,5.1,2.9,468|2309|51422,ATF4|FOXO3|PRKAG2,-0.0046
MyList,GO Biological Processes,19,GO:0048514,blood vessel morphogenesis,19_GO:0032502 developmental process,-2,4.8,3.5,30182,422,59,4,6.8,3.3,90|4223|6659|7026,ACVR1|MEOX2|SOX4|NR2F2,-0.0044
MyList,GO Biological Processes,19,GO:0034599,cellular response to oxidative stress,19_GO:0050896 response to stimulus,-2,6.9,3.9,30182,224,59,3,5.1,2.9,468|2309|133522,ATF4|FOXO3|PPARGC1B,0
MyList,GO Biological Processes,19,GO:0045137,development of primary sexual characteristics,19_GO:0022414 reproductive process,-2,6.8,3.9,30182,225,59,3,5.1,2.9,2099|3417|7026,ESR1|IDH1|NR2F2,0
MyList,KEGG Pathway,24,hsa05163,Human cytomegalovirus infection,,-2,6.8,3.9,30182,225,59,3,5.1,2.9,468|2002|9586,ATF4|ELK1|CREB5,0
MyList,GO Biological Processes,19,GO:0000209,protein polyubiquitination,19_GO:0008152 metabolic process,-2,6.8,3.9,30182,226,59,3,5.1,2.9,7328|10075|55884,UBE2H|HUWE1|WSB2,0
