Category,CategoryID,GO,Description,PARENT_GO,LogP,Enrichment,Z-score,#TotalGeneInLibrary,#GeneInGO,#GeneInHitList,#GeneInGOAndHitList,%InGO,STDV %InGO,GeneID,Hits,Log(q-value),GeneList
GO Biological Processes,19,GO:0104004,cellular response to environmental stimulus,19_GO:0050896 response to stimulus,-7.4,7.2,8.4,30169,321,170,13,7.6,2,580|664|894|1111|1642|2033|2072|4312|4734|5743|6513|6872|80131,BARD1|BNIP3|CCND2|CHEK1|DDB1|EP300|ERCC4|MMP1|NEDD4|PTGS2|SLC2A1|TAF1|LRRC8E,-3.6,MyList
GO Biological Processes,19,GO:0071214,cellular response to abiotic stimulus,19_GO:0050896 response to stimulus,-7.4,7.2,8.4,30169,321,170,13,7.6,2,580|664|894|1111|1642|2033|2072|4312|4734|5743|6513|6872|80131,BARD1|BNIP3|CCND2|CHEK1|DDB1|EP300|ERCC4|MMP1|NEDD4|PTGS2|SLC2A1|TAF1|LRRC8E,-3.6,MyList
GO Biological Processes,19,GO:0034644,cellular response to UV,19_GO:0050896 response to stimulus,-7.4,16,11,30169,89,170,8,4.7,1.6,1111|1642|2033|2072|4312|4734|5743|6872,CHEK1|DDB1|EP300|ERCC4|MMP1|NEDD4|PTGS2|TAF1,-3.6,MyList
GO Biological Processes,19,GO:0009896,positive regulation of catabolic process,19_GO:0048518 positive regulation of biological process,-7.3,5.5,7.7,30169,519,170,16,9.4,2.2,351|580|664|857|1642|3416|4035|4734|6872|9475|10425|10533|83667|92140|143686|152503,APP|BARD1|BNIP3|CAV1|DDB1|IDE|LRP1|NEDD4|TAF1|ROCK2|ARIH2|ATG7|SESN2|MTDH|SESN3|SH3D19,-3.6,MyList
GO Biological Processes,19,GO:0007420,brain development,19_GO:0032502 developmental process,-7.2,4.4,7.2,30169,762,170,19,11,2.4,351|538|599|664|2016|3339|3746|4129|5270|6091|6513|6753|6872|7289|23648|26038|26047|54768|152330,APP|ATP7A|BCL2L2|BNIP3|EMX1|HSPG2|KCNC1|MAOB|SERPINE2|ROBO1|SLC2A1|SSTR3|TAF1|TULP3|SSBP3|CHD5|CNTNAP2|HYDIN|CNTN4,-3.6,MyList
GO Biological Processes,19,GO:0032412,regulation of ion transmembrane transporter activity,19_GO:0051179 localization,-7.1,7.6,8.3,30169,281,170,12,7.1,2,351|538|857|2859|3746|4734|4987|5532|9495|23171|23237|57657,APP|ATP7A|CAV1|GPR35|KCNC1|NEDD4|OPRL1|PPP3CB|AKAP5|GPD1L|ARC|HCN3,-3.6,MyList
GO Biological Processes,19,GO:0071478,cellular response to radiation,19_GO:0050896 response to stimulus,-7.1,9.9,9,30169,180,170,10,5.9,1.8,580|894|1111|1642|2033|2072|4312|4734|5743|6872,BARD1|CCND2|CHEK1|DDB1|EP300|ERCC4|MMP1|NEDD4|PTGS2|TAF1,-3.6,MyList
GO Biological Processes,19,GO:0022898,regulation of transmembrane transporter activity,19_GO:0051179 localization,-7,7.3,8.2,30169,291,170,12,7.1,2,351|538|857|2859|3746|4734|4987|5532|9495|23171|23237|57657,APP|ATP7A|CAV1|GPR35|KCNC1|NEDD4|OPRL1|PPP3CB|AKAP5|GPD1L|ARC|HCN3,-3.5,MyList
GO Biological Processes,19,GO:0008285,negative regulation of cell population proliferation,19_GO:0048519 negative regulation of biological process,-6.9,4.3,7,30169,790,170,19,11,2.4,351|857|1741|2627|3720|5270|5573|5743|6091|6753|8314|9788|9927|10253|11235|23515|26038|51621|80173,APP|CAV1|DLG3|GATA6|JARID2|SERPINE2|PRKAR1A|PTGS2|ROBO1|SSTR3|BAP1|MTSS1|MFN2|SPRY2|PDCD10|MORC3|CHD5|KLF13|IFT74,-3.5,MyList
GO Biological Processes,19,GO:0042176,regulation of protein catabolic process,19_GO:0008152 metabolic process,-6.8,6.4,7.8,30169,361,170,13,7.6,2,580|857|1642|3416|4035|4734|4843|5270|6872|10425|10533|152503|165324,BARD1|CAV1|DDB1|IDE|LRP1|NEDD4|NOS2|SERPINE2|TAF1|ARIH2|ATG7|SH3D19|UBXN2A,-3.5,MyList
Reactome Gene Sets,6,R-HSA-9006934,Signaling by Receptor Tyrosine Kinases,,-6.5,5.1,7.1,30169,521,170,15,8.8,2.2,102|857|1111|1302|2033|3399|4485|4734|5289|5921|6938|9475|10253|23237|55824,ADAM10|CAV1|CHEK1|COL11A2|EP300|ID3|MST1|NEDD4|PIK3C3|RASA1|TCF12|ROCK2|SPRY2|ARC|PAG1,-3.3,MyList
GO Biological Processes,19,GO:1903829,positive regulation of protein localization,19_GO:0051179 localization,-6.5,5.5,7.3,30169,451,170,14,8.2,2.1,2182|4035|5532|5743|8314|9475|9495|10425|10576|10979|11235|23171|79778|83667,ACSL4|LRP1|PPP3CB|PTGS2|BAP1|ROCK2|AKAP5|ARIH2|CCT2|FERMT2|PDCD10|GPD1L|MICALL2|SESN2,-3.3,MyList
GO Biological Processes,19,GO:0071482,cellular response to light stimulus,19_GO:0050896 response to stimulus,-6.5,12,9.2,30169,115,170,8,4.7,1.6,1111|1642|2033|2072|4312|4734|5743|6872,CHEK1|DDB1|EP300|ERCC4|MMP1|NEDD4|PTGS2|TAF1,-3.3,MyList
GO Biological Processes,19,GO:0045732,positive regulation of protein catabolic process,19_GO:0048518 positive regulation of biological process,-6.5,8.5,8.2,30169,209,170,10,5.9,1.8,580|857|1642|3416|4035|4734|6872|10425|10533|152503,BARD1|CAV1|DDB1|IDE|LRP1|NEDD4|TAF1|ARIH2|ATG7|SH3D19,-3.3,MyList
GO Biological Processes,19,GO:0032409,regulation of transporter activity,19_GO:0065007 biological regulation,-6.4,6.5,7.6,30169,326,170,12,7.1,2,351|538|857|2859|3746|4734|4987|5532|9495|23171|23237|57657,APP|ATP7A|CAV1|GPR35|KCNC1|NEDD4|OPRL1|PPP3CB|AKAP5|GPD1L|ARC|HCN3,-3.3,MyList
GO Biological Processes,19,GO:0048511,rhythmic process,19_GO:0048511 rhythmic process,-6.4,7.2,7.7,30169,270,170,11,6.5,1.9,1642|2033|3399|4843|4987|6421|9475|10533|54551|79723|285382,DDB1|EP300|ID3|NOS2|OPRL1|SFPQ|ROCK2|ATG7|MAGEL2|SUV39H2|C3orf70,-3.2,MyList
GO Biological Processes,19,GO:0043271,negative regulation of ion transport,19_GO:0051179 localization,-6.3,9.6,8.4,30169,167,170,9,5.3,1.7,538|857|2859|4129|4734|4987|5270|5532|5743,ATP7A|CAV1|GPR35|MAOB|NEDD4|OPRL1|SERPINE2|PPP3CB|PTGS2,-3.2,MyList
GO Biological Processes,19,GO:0007610,behavior,19_GO:0032501 multicellular organismal process,-5.8,4.5,6.5,30169,594,170,15,8.8,2.2,321|351|538|894|2033|2571|2834|4987|5270|5532|5743|23237|26047|56172|285382,APBA2|APP|ATP7A|CCND2|EP300|GAD1|PRLHR|OPRL1|SERPINE2|PPP3CB|PTGS2|ARC|CNTNAP2|ANKH|C3orf70,-2.7,MyList
GO Biological Processes,19,GO:0009314,response to radiation,19_GO:0050896 response to stimulus,-5.8,5.2,6.7,30169,446,170,13,7.6,2,351|580|894|1111|1642|2033|2072|3746|4312|4734|5743|6872|22976,APP|BARD1|CCND2|CHEK1|DDB1|EP300|ERCC4|KCNC1|MMP1|NEDD4|PTGS2|TAF1|PAXIP1,-2.7,MyList
GO Biological Processes,19,GO:2001257,regulation of cation channel activity,19_GO:0051179 localization,-5.7,8.1,7.5,30169,197,170,9,5.3,1.7,351|857|2859|3746|4987|5532|9495|23237|57657,APP|CAV1|GPR35|KCNC1|OPRL1|PPP3CB|AKAP5|ARC|HCN3,-2.7,MyList
GO Biological Processes,19,GO:0009411,response to UV,19_GO:0050896 response to stimulus,-5.7,9.5,7.9,30169,149,170,8,4.7,1.6,1111|1642|2033|2072|4312|4734|5743|6872,CHEK1|DDB1|EP300|ERCC4|MMP1|NEDD4|PTGS2|TAF1,-2.7,MyList
GO Biological Processes,19,GO:0034497,protein localization to phagophore assembly site,19_GO:0051179 localization,-5.7,42,13,30169,17,170,4,2.4,1.2,5289|9927|23192|23241,PIK3C3|MFN2|ATG4B|PACS2,-2.7,MyList
GO Biological Processes,19,GO:0070482,response to oxygen levels,19_GO:0050896 response to stimulus,-5.6,6,6.8,30169,325,170,11,6.5,1.9,538|664|857|2033|2627|4843|5328|5743|6513|10533|79723,ATP7A|BNIP3|CAV1|EP300|GATA6|NOS2|PLAU|PTGS2|SLC2A1|ATG7|SUV39H2,-2.6,MyList
GO Biological Processes,19,GO:1904062,regulation of cation transmembrane transport,19_GO:0051179 localization,-5.6,5.4,6.6,30169,394,170,12,7.1,2,351|538|857|2859|3746|4734|4987|5532|9495|23171|23237|57657,APP|ATP7A|CAV1|GPR35|KCNC1|NEDD4|OPRL1|PPP3CB|AKAP5|GPD1L|ARC|HCN3,-2.6,MyList
GO Biological Processes,19,GO:0048167,regulation of synaptic plasticity,19_GO:0023052 signaling,-5.5,7.7,7.3,30169,207,170,9,5.3,1.7,351|5270|5532|5743|9495|10858|23237|79772|152330,APP|SERPINE2|PPP3CB|PTGS2|AKAP5|CYP46A1|ARC|MCTP1|CNTN4,-2.6,MyList
GO Biological Processes,19,GO:0051051,negative regulation of transport,19_GO:0051179 localization,-5.4,4.8,6.3,30169,479,170,13,7.6,2,341|538|580|857|2859|4129|4734|4987|5270|5532|5743|11252|79772,APOC1|ATP7A|BARD1|CAV1|GPR35|MAOB|NEDD4|OPRL1|SERPINE2|PPP3CB|PTGS2|PACSIN2|MCTP1,-2.5,MyList
GO Biological Processes,19,GO:0000045,autophagosome assembly,19_GO:0008152 metabolic process,-5.4,14,8.7,30169,74,170,6,3.5,1.4,5289|9927|10533|23192|23241|165324,PIK3C3|MFN2|ATG7|ATG4B|PACS2|UBXN2A,-2.5,MyList
GO Biological Processes,19,GO:0001666,response to hypoxia,19_GO:0050896 response to stimulus,-5.3,6.2,6.7,30169,284,170,10,5.9,1.8,538|664|857|2033|2627|4843|5328|5743|6513|79723,ATP7A|BNIP3|CAV1|EP300|GATA6|NOS2|PLAU|PTGS2|SLC2A1|SUV39H2,-2.4,MyList
GO Biological Processes,19,GO:0042752,regulation of circadian rhythm,19_GO:0048511 rhythmic process,-5.3,10,7.7,30169,120,170,7,4.1,1.5,1642|4987|6421|9475|10533|54551|79723,DDB1|OPRL1|SFPQ|ROCK2|ATG7|MAGEL2|SUV39H2,-2.4,MyList
GO Biological Processes,19,GO:1905037,autophagosome organization,19_GO:0008152 metabolic process,-5.2,13,8.2,30169,81,170,6,3.5,1.4,5289|9927|10533|23192|23241|165324,PIK3C3|MFN2|ATG7|ATG4B|PACS2|UBXN2A,-2.3,MyList
GO Biological Processes,19,GO:0008038,neuron recognition,19_GO:0032502 developmental process,-5.1,18,9.1,30169,48,170,5,2.9,1.3,351|6091|26047|50863|152330,APP|ROBO1|CNTNAP2|NTM|CNTN4,-2.3,MyList
GO Biological Processes,19,GO:0016570,histone modification,19_GO:0008152 metabolic process,-5.1,5.4,6.3,30169,364,170,11,6.5,1.9,580|1642|2033|6421|6872|6944|8314|22976|26038|79723|79885,BARD1|DDB1|EP300|SFPQ|TAF1|VPS72|BAP1|PAXIP1|CHD5|SUV39H2|HDAC11,-2.3,MyList
GO Biological Processes,19,GO:0036293,response to decreased oxygen levels,19_GO:0050896 response to stimulus,-5.1,6,6.5,30169,297,170,10,5.9,1.8,538|664|857|2033|2627|4843|5328|5743|6513|79723,ATP7A|BNIP3|CAV1|EP300|GATA6|NOS2|PLAU|PTGS2|SLC2A1|SUV39H2,-2.3,MyList
GO Biological Processes,19,GO:0032092,positive regulation of protein binding,19_GO:0065007 biological regulation,-5,12,8,30169,86,170,6,3.5,1.4,351|857|2033|3416|4035|6872,APP|CAV1|EP300|IDE|LRP1|TAF1,-2.2,MyList
GO Biological Processes,19,GO:0050804,modulation of chemical synaptic transmission,19_GO:0023052 signaling,-5,4.8,6,30169,448,170,12,7.1,2,321|351|5270|5532|5743|9495|10858|11252|22839|23237|79772|152330,APBA2|APP|SERPINE2|PPP3CB|PTGS2|AKAP5|CYP46A1|PACSIN2|DLGAP4|ARC|MCTP1|CNTN4,-2.2,MyList
GO Biological Processes,19,GO:0099177,regulation of trans-synaptic signaling,19_GO:0023052 signaling,-5,4.7,6,30169,449,170,12,7.1,2,321|351|5270|5532|5743|9495|10858|11252|22839|23237|79772|152330,APBA2|APP|SERPINE2|PPP3CB|PTGS2|AKAP5|CYP46A1|PACSIN2|DLGAP4|ARC|MCTP1|CNTN4,-2.2,MyList
GO Biological Processes,19,GO:0009416,response to light stimulus,19_GO:0050896 response to stimulus,-4.9,5.6,6.2,30169,315,170,10,5.9,1.8,351|1111|1642|2033|2072|3746|4312|4734|5743|6872,APP|CHEK1|DDB1|EP300|ERCC4|KCNC1|MMP1|NEDD4|PTGS2|TAF1,-2.1,MyList
GO Biological Processes,19,GO:0043269,regulation of ion transport,19_GO:0051179 localization,-4.8,3.7,5.5,30169,718,170,15,8.8,2.2,351|538|857|2859|3746|4129|4734|4987|5270|5532|5743|9495|23171|23237|57657,APP|ATP7A|CAV1|GPR35|KCNC1|MAOB|NEDD4|OPRL1|SERPINE2|PPP3CB|PTGS2|AKAP5|GPD1L|ARC|HCN3,-2.1,MyList
GO Biological Processes,19,GO:1901699,cellular response to nitrogen compound,19_GO:0050896 response to stimulus,-4.7,3.8,5.5,30169,646,170,14,8.2,2.1,351|538|599|857|1111|3416|4035|5743|6872|9475|57657|79594|83667|143686,APP|ATP7A|BCL2L2|CAV1|CHEK1|IDE|LRP1|PTGS2|TAF1|ROCK2|HCN3|MUL1|SESN2|SESN3,-2,MyList
WikiPathways,27,WP3594,Circadian rhythm genes,,-4.7,7.1,6.5,30169,201,170,8,4.7,1.6,2033|3399|4843|4987|6421|9475|54551|79723,EP300|ID3|NOS2|OPRL1|SFPQ|ROCK2|MAGEL2|SUV39H2,-2,MyList
GO Biological Processes,19,GO:0048589,developmental growth,19_GO:0040007 growth,-4.7,4.8,5.8,30169,407,170,11,6.5,1.9,321|351|1111|2016|2033|2627|3720|5532|5573|10253|10425,APBA2|APP|CHEK1|EMX1|EP300|GATA6|JARID2|PPP3CB|PRKAR1A|SPRY2|ARIH2,-1.9,MyList
GO Biological Processes,19,GO:0040007,growth,19_GO:0040007 growth,-4.7,4.8,5.8,30169,407,170,11,6.5,1.9,321|351|1111|2016|2033|2627|3720|5532|5573|10253|10425,APBA2|APP|CHEK1|EMX1|EP300|GATA6|JARID2|PPP3CB|PRKAR1A|SPRY2|ARIH2,-1.9,MyList
GO Biological Processes,19,GO:0030162,regulation of proteolysis,19_GO:0008152 metabolic process,-4.6,3.5,5.3,30169,750,170,15,8.8,2.2,334|351|857|3700|4035|5270|5328|5743|6091|6872|9475|10425|64780|79594|152503,APLP2|APP|CAV1|ITIH4|LRP1|SERPINE2|PLAU|PTGS2|ROBO1|TAF1|ROCK2|ARIH2|MICAL1|MUL1|SH3D19,-1.9,MyList
GO Biological Processes,19,GO:0062197,cellular response to chemical stress,19_GO:0050896 response to stimulus,-4.6,5.9,6.1,30169,272,170,9,5.3,1.7,538|664|857|5743|6513|10533|11235|80131|83667,ATP7A|BNIP3|CAV1|PTGS2|SLC2A1|ATG7|PDCD10|LRRC8E|SESN2,-1.9,MyList
WikiPathways,27,WP4157,GABA metabolism (aka GHB),,-4.6,48,12,30169,11,170,3,1.8,1,2571|4129|5446,GAD1|MAOB|PON3,-1.9,MyList
GO Biological Processes,19,GO:0010959,regulation of metal ion transport,19_GO:0051179 localization,-4.5,4.6,5.6,30169,423,170,11,6.5,1.9,538|857|2859|3746|4734|4987|5270|5532|5743|9495|23171,ATP7A|CAV1|GPR35|KCNC1|NEDD4|OPRL1|SERPINE2|PPP3CB|PTGS2|AKAP5|GPD1L,-1.8,MyList
GO Biological Processes,19,GO:0071407,cellular response to organic cyclic compound,19_GO:0050896 response to stimulus,-4.4,4.2,5.4,30169,512,170,12,7.1,2,351|599|857|1111|3399|4734|5743|6753|6872|9475|57657|79594,APP|BCL2L2|CAV1|CHEK1|ID3|NEDD4|PTGS2|SSTR3|TAF1|ROCK2|HCN3|MUL1,-1.8,MyList
GO Biological Processes,19,GO:1904063,negative regulation of cation transmembrane transport,19_GO:0051179 localization,-4.4,9.8,6.9,30169,109,170,6,3.5,1.4,538|857|2859|4734|4987|5532,ATP7A|CAV1|GPR35|NEDD4|OPRL1|PPP3CB,-1.8,MyList
GO Biological Processes,19,GO:0071453,cellular response to oxygen levels,19_GO:0050896 response to stimulus,-4.4,7.7,6.4,30169,161,170,7,4.1,1.5,538|664|857|2627|5743|10533|79723,ATP7A|BNIP3|CAV1|GATA6|PTGS2|ATG7|SUV39H2,-1.8,MyList
GO Biological Processes,19,GO:0000902,cell morphogenesis,19_GO:0032502 developmental process,-4.4,3.6,5.2,30169,694,170,14,8.2,2.1,334|351|538|2016|2033|5532|6091|8314|10979|11252|23237|26047|79778|152330,APLP2|APP|ATP7A|EMX1|EP300|PPP3CB|ROBO1|BAP1|FERMT2|PACSIN2|ARC|CNTNAP2|MICALL2|CNTN4,-1.7,MyList
GO Biological Processes,19,GO:0034765,regulation of ion transmembrane transport,19_GO:0051179 localization,-4.4,4.1,5.4,30169,520,170,12,7.1,2,351|538|857|2859|3746|4734|4987|5532|9495|23171|23237|57657,APP|ATP7A|CAV1|GPR35|KCNC1|NEDD4|OPRL1|PPP3CB|AKAP5|GPD1L|ARC|HCN3,-1.7,MyList
GO Biological Processes,19,GO:0070201,regulation of establishment of protein localization,19_GO:0051179 localization,-4.3,4,5.3,30169,526,170,12,7.1,2,580|2182|4843|5289|5532|5743|8314|9495|10425|10576|11235|79778,BARD1|ACSL4|NOS2|PIK3C3|PPP3CB|PTGS2|BAP1|AKAP5|ARIH2|CCT2|PDCD10|MICALL2,-1.7,MyList
GO Biological Processes,19,GO:0045815,epigenetic maintenance of chromatin in transcription-competent conformation,19_GO:0048518 positive regulation of biological process,-4.3,41,11,30169,13,170,3,1.8,1,1111|2033|6944,CHEK1|EP300|VPS72,-1.7,MyList
GO Biological Processes,19,GO:0034766,negative regulation of ion transmembrane transport,19_GO:0051179 localization,-4.3,9.3,6.7,30169,115,170,6,3.5,1.4,538|857|2859|4734|4987|5532,ATP7A|CAV1|GPR35|NEDD4|OPRL1|PPP3CB,-1.7,MyList
GO Biological Processes,19,GO:0031329,regulation of cellular catabolic process,19_GO:0008152 metabolic process,-4.3,3.3,5,30169,798,170,15,8.8,2.2,341|351|664|857|2033|2072|4734|5289|6872|9475|10425|83667|92140|143686|152503,APOC1|APP|BNIP3|CAV1|EP300|ERCC4|NEDD4|PIK3C3|TAF1|ROCK2|ARIH2|SESN2|MTDH|SESN3|SH3D19,-1.7,MyList
GO Biological Processes,19,GO:0051346,negative regulation of hydrolase activity,19_GO:0065007 biological regulation,-4.3,4.8,5.5,30169,373,170,10,5.9,1.8,334|341|351|3700|4035|5270|5743|9475|10253|64780,APLP2|APOC1|APP|ITIH4|LRP1|SERPINE2|PTGS2|ROCK2|SPRY2|MICAL1,-1.7,MyList
GO Biological Processes,19,GO:0007219,Notch signaling pathway,19_GO:0023052 signaling,-4.3,9.1,6.6,30169,117,170,6,3.5,1.4,102|351|2762|23013|80173|113878,ADAM10|APP|GMDS|SPEN|IFT74|DTX2,-1.7,MyList
GO Biological Processes,19,GO:0043201,response to leucine,19_GO:0050896 response to stimulus,-4.2,38,10,30169,14,170,3,1.8,1,5289|83667|143686,PIK3C3|SESN2|SESN3,-1.6,MyList
WikiPathways,27,WP3614,Photodynamic therapy-induced HIF-1 survival signaling,,-4.2,19,8.2,30169,38,170,4,2.4,1.2,664|4843|5743|6513,BNIP3|NOS2|PTGS2|SLC2A1,-1.6,MyList
GO Biological Processes,19,GO:0052547,regulation of peptidase activity,19_GO:0008152 metabolic process,-4.2,4.3,5.3,30169,459,170,11,6.5,1.9,334|351|857|3700|4035|5270|5743|6091|9475|64780|79594,APLP2|APP|CAV1|ITIH4|LRP1|SERPINE2|PTGS2|ROBO1|ROCK2|MICAL1|MUL1,-1.6,MyList
WikiPathways,27,WP4549,Fragile X syndrome,,-4.2,8.8,6.5,30169,121,170,6,3.5,1.4,351|2571|3746|5573|9495|23237,APP|GAD1|KCNC1|PRKAR1A|AKAP5|ARC,-1.6,MyList
GO Biological Processes,19,GO:0030900,forebrain development,19_GO:0032502 developmental process,-4.2,4.6,5.4,30169,382,170,10,5.9,1.8,351|538|664|2016|3746|6091|6513|6753|26038|26047,APP|ATP7A|BNIP3|EMX1|KCNC1|ROBO1|SLC2A1|SSTR3|CHD5|CNTNAP2,-1.6,MyList
GO Biological Processes,19,GO:0051099,positive regulation of binding,19_GO:0065007 biological regulation,-4.2,7,6,30169,177,170,7,4.1,1.5,351|857|2033|3416|4035|6872|8664,APP|CAV1|EP300|IDE|LRP1|TAF1|EIF3D,-1.6,MyList
Reactome Gene Sets,6,R-HSA-9031628,NGF-stimulated transcription,,-4.2,18,8.1,30169,39,170,4,2.4,1.2,2033|3399|6938|23237,EP300|ID3|TCF12|ARC,-1.6,MyList
GO Biological Processes,19,GO:1904951,positive regulation of establishment of protein localization,19_GO:0051179 localization,-4.2,5.2,5.5,30169,310,170,9,5.3,1.7,2182|5532|5743|8314|9495|10425|10576|11235|79778,ACSL4|PPP3CB|PTGS2|BAP1|AKAP5|ARIH2|CCT2|PDCD10|MICALL2,-1.6,MyList
GO Biological Processes,19,GO:0022411,cellular component disassembly,19_GO:0009987 cellular process,-4.1,5.1,5.5,30169,313,170,9,5.3,1.7,102|664|4312|5289|6597|10533|23192|64780|285636,ADAM10|BNIP3|MMP1|PIK3C3|SMARCA4|ATG7|ATG4B|MICAL1|RIMOC1,-1.6,MyList
GO Biological Processes,19,GO:1902532,negative regulation of intracellular signal transduction,19_GO:0023052 signaling,-4.1,3.8,5.1,30169,554,170,12,7.1,2,599|857|4987|5270|5743|5921|9927|10253|23171|79594|83667|143686,BCL2L2|CAV1|OPRL1|SERPINE2|PTGS2|RASA1|MFN2|SPRY2|GPD1L|MUL1|SESN2|SESN3,-1.6,MyList
GO Biological Processes,19,GO:0018210,peptidyl-threonine modification,19_GO:0008152 metabolic process,-4.1,11,6.9,30169,78,170,5,2.9,1.3,1111|6872|9149|9475|442117,CHEK1|TAF1|DYRK1B|ROCK2|GALNTL6,-1.6,MyList
Canonical Pathways,11,M66,PID MYC ACTIV PATHWAY,,-4.1,11,6.9,30169,79,170,5,2.9,1.3,894|2033|6513|11235|92140,CCND2|EP300|SLC2A1|PDCD10|MTDH,-1.6,MyList
GO Biological Processes,19,GO:0016236,macroautophagy,19_GO:0008152 metabolic process,-4,6.6,5.8,30169,188,170,7,4.1,1.5,5289|9927|10533|23192|23241|165324|285636,PIK3C3|MFN2|ATG7|ATG4B|PACS2|UBXN2A|RIMOC1,-1.5,MyList
GO Biological Processes,19,GO:0007626,locomotory behavior,19_GO:0032501 multicellular organismal process,-4,6.5,5.7,30169,191,170,7,4.1,1.5,321|351|538|894|2571|5532|56172,APBA2|APP|ATP7A|CCND2|GAD1|PPP3CB|ANKH,-1.5,MyList
GO Biological Processes,19,GO:0043467,regulation of generation of precursor metabolites and energy,19_GO:0008152 metabolic process,-3.9,7.9,6.1,30169,134,170,6,3.5,1.4,351|538|664|2033|3416|4843,APP|ATP7A|BNIP3|EP300|IDE|NOS2,-1.4,MyList
GO Biological Processes,19,GO:0044403,biological process involved in symbiotic interaction,19_GO:0044419 biological process involved in interspecies interaction between organisms,-3.9,5.4,5.4,30169,261,170,8,4.7,1.6,857|1234|1642|2033|3416|5289|6597|9475,CAV1|CCR5|DDB1|EP300|IDE|PIK3C3|SMARCA4|ROCK2,-1.4,MyList
WikiPathways,27,WP5124,Alzheimer's disease,,-3.9,5.4,5.4,30169,263,170,8,4.7,1.6,102|351|3416|4035|4843|5289|5532|5743,ADAM10|APP|IDE|LRP1|NOS2|PIK3C3|PPP3CB|PTGS2,-1.4,MyList
GO Biological Processes,19,GO:1900271,regulation of long-term synaptic potentiation,19_GO:0023052 signaling,-3.9,15,7.4,30169,46,170,4,2.4,1.2,351|9495|10858|23237,APP|AKAP5|CYP46A1|ARC,-1.4,MyList
GO Biological Processes,19,GO:0071417,cellular response to organonitrogen compound,19_GO:0050896 response to stimulus,-3.9,3.6,4.8,30169,588,170,12,7.1,2,351|538|599|857|1111|3416|4035|5743|6872|57657|83667|143686,APP|ATP7A|BCL2L2|CAV1|CHEK1|IDE|LRP1|PTGS2|TAF1|HCN3|SESN2|SESN3,-1.4,MyList
GO Biological Processes,19,GO:0051223,regulation of protein transport,19_GO:0051179 localization,-3.9,3.9,4.9,30169,501,170,11,6.5,1.9,580|2182|4843|5289|5532|5743|8314|9495|10425|11235|79778,BARD1|ACSL4|NOS2|PIK3C3|PPP3CB|PTGS2|BAP1|AKAP5|ARIH2|PDCD10|MICALL2,-1.4,MyList
GO Biological Processes,19,GO:0062012,regulation of small molecule metabolic process,19_GO:0008152 metabolic process,-3.9,4.7,5.2,30169,339,170,9,5.3,1.7,341|351|857|1642|2033|4485|4843|5743|83667,APOC1|APP|CAV1|DDB1|EP300|MST1|NOS2|PTGS2|SESN2,-1.4,MyList
GO Biological Processes,19,GO:0032388,positive regulation of intracellular transport,19_GO:0051179 localization,-3.8,6.2,5.6,30169,199,170,7,4.1,1.5,4734|5743|8314|9495|10425|11235|79778,NEDD4|PTGS2|BAP1|AKAP5|ARIH2|PDCD10|MICALL2,-1.4,MyList
GO Biological Processes,19,GO:0031331,positive regulation of cellular catabolic process,19_GO:0048518 positive regulation of biological process,-3.8,4.2,5,30169,420,170,10,5.9,1.8,351|664|857|6872|9475|10425|83667|92140|143686|152503,APP|BNIP3|CAV1|TAF1|ROCK2|ARIH2|SESN2|MTDH|SESN3|SH3D19,-1.4,MyList
GO Biological Processes,19,GO:0032413,negative regulation of ion transmembrane transporter activity,19_GO:0051179 localization,-3.8,10,6.4,30169,89,170,5,2.9,1.3,857|2859|4734|4987|5532,CAV1|GPR35|NEDD4|OPRL1|PPP3CB,-1.4,MyList
GO Biological Processes,19,GO:0014074,response to purine-containing compound,19_GO:0050896 response to stimulus,-3.8,7.5,5.8,30169,142,170,6,3.5,1.4,351|1111|2627|5743|6872|57657,APP|CHEK1|GATA6|PTGS2|TAF1|HCN3,-1.4,MyList
GO Biological Processes,19,GO:0033135,regulation of peptidyl-serine phosphorylation,19_GO:0008152 metabolic process,-3.8,7.4,5.8,30169,143,170,6,3.5,1.4,351|857|5743|10253|11235|23171,APP|CAV1|PTGS2|SPRY2|PDCD10|GPD1L,-1.4,MyList
GO Biological Processes,19,GO:0007611,learning or memory,19_GO:0032501 multicellular organismal process,-3.8,5.2,5.2,30169,273,170,8,4.7,1.6,351|894|2033|4987|5532|5743|23237|26047,APP|CCND2|EP300|OPRL1|PPP3CB|PTGS2|ARC|CNTNAP2,-1.4,MyList
GO Biological Processes,19,GO:1901385,regulation of voltage-gated calcium channel activity,19_GO:0051179 localization,-3.8,14,7.1,30169,49,170,4,2.4,1.2,2859|4987|5532|9495,GPR35|OPRL1|PPP3CB|AKAP5,-1.4,MyList
GO Biological Processes,19,GO:0043457,regulation of cellular respiration,19_GO:0008152 metabolic process,-3.8,14,7.1,30169,49,170,4,2.4,1.2,538|664|3416|4843,ATP7A|BNIP3|IDE|NOS2,-1.4,MyList
GO Biological Processes,19,GO:0043086,negative regulation of catalytic activity,19_GO:0065007 biological regulation,-3.7,3.1,4.6,30169,796,170,14,8.2,2.1,334|341|351|857|3700|4035|5270|5573|5743|9475|9495|10253|57732|64780,APLP2|APOC1|APP|CAV1|ITIH4|LRP1|SERPINE2|PRKAR1A|PTGS2|ROCK2|AKAP5|SPRY2|ZFYVE28|MICAL1,-1.3,MyList
GO Biological Processes,19,GO:0051129,negative regulation of cellular component organization,19_GO:0048519 negative regulation of biological process,-3.7,3.3,4.6,30169,701,170,13,7.6,2,341|599|664|857|1111|2033|2072|9475|10253|11252|51225|79594|79772,APOC1|BCL2L2|BNIP3|CAV1|CHEK1|EP300|ERCC4|ROCK2|SPRY2|PACSIN2|ABI3|MUL1|MCTP1,-1.3,MyList
GO Biological Processes,19,GO:0045861,negative regulation of proteolysis,19_GO:0048519 negative regulation of biological process,-3.7,4.5,5,30169,352,170,9,5.3,1.7,334|351|3700|4035|5270|5328|5743|6872|64780,APLP2|APP|ITIH4|LRP1|SERPINE2|PLAU|PTGS2|TAF1|MICAL1,-1.3,MyList
GO Biological Processes,19,GO:0055093,response to hyperoxia,19_GO:0050896 response to stimulus,-3.7,27,8.6,30169,20,170,3,1.8,1,664|857|10533,BNIP3|CAV1|ATG7,-1.3,MyList
GO Biological Processes,19,GO:0010288,response to lead ion,19_GO:0050896 response to stimulus,-3.7,27,8.6,30169,20,170,3,1.8,1,351|538|5743,APP|ATP7A|PTGS2,-1.3,MyList
GO Biological Processes,19,GO:2000479,regulation of cAMP-dependent protein kinase activity,19_GO:0008152 metabolic process,-3.7,27,8.6,30169,20,170,3,1.8,1,4485|5573|83667,MST1|PRKAR1A|SESN2,-1.3,MyList
GO Biological Processes,19,GO:0030100,regulation of endocytosis,19_GO:0051179 localization,-3.7,5.9,5.4,30169,209,170,7,4.1,1.5,341|857|4035|5532|11252|23237|79772,APOC1|CAV1|LRP1|PPP3CB|PACSIN2|ARC|MCTP1,-1.3,MyList
GO Biological Processes,19,GO:0009612,response to mechanical stimulus,19_GO:0050896 response to stimulus,-3.7,5.9,5.4,30169,211,170,7,4.1,1.5,664|1111|3746|5270|5743|6513|26047,BNIP3|CHEK1|KCNC1|SERPINE2|PTGS2|SLC2A1|CNTNAP2,-1.3,MyList
GO Biological Processes,19,GO:0034762,regulation of transmembrane transport,19_GO:0051179 localization,-3.7,3.4,4.6,30169,618,170,12,7.1,2,351|538|857|2859|3746|4734|4987|5532|9495|23171|23237|57657,APP|ATP7A|CAV1|GPR35|KCNC1|NEDD4|OPRL1|PPP3CB|AKAP5|GPD1L|ARC|HCN3,-1.3,MyList
GO Biological Processes,19,GO:0007612,learning,19_GO:0032501 multicellular organismal process,-3.7,7.1,5.6,30169,150,170,6,3.5,1.4,351|4987|5532|5743|23237|26047,APP|OPRL1|PPP3CB|PTGS2|ARC|CNTNAP2,-1.3,MyList
GO Biological Processes,19,GO:0001944,vasculature development,19_GO:0032502 developmental process,-3.7,3.7,4.7,30169,528,170,11,6.5,1.9,538|857|2627|3339|4035|5532|5743|5921|6091|11235|22976,ATP7A|CAV1|GATA6|HSPG2|LRP1|PPP3CB|PTGS2|RASA1|ROBO1|PDCD10|PAXIP1,-1.3,MyList
GO Biological Processes,19,GO:0010042,response to manganese ion,19_GO:0050896 response to stimulus,-3.7,25,8.4,30169,21,170,3,1.8,1,351|538|5743,APP|ATP7A|PTGS2,-1.3,MyList
GO Biological Processes,19,GO:0007005,mitochondrion organization,19_GO:0009987 cellular process,-3.7,4,4.8,30169,442,170,10,5.9,1.8,538|599|664|9927|10452|10533|23192|79594|83667|285636,ATP7A|BCL2L2|BNIP3|MFN2|TOMM40|ATG7|ATG4B|MUL1|SESN2|RIMOC1,-1.3,MyList
Reactome Gene Sets,6,R-HSA-109582,Hemostasis,,-3.7,3.4,4.6,30169,621,170,12,7.1,2,334|351|857|2627|3700|4312|4843|5270|5328|5573|9927|64780,APLP2|APP|CAV1|GATA6|ITIH4|MMP1|NOS2|SERPINE2|PLAU|PRKAR1A|MFN2|MICAL1,-1.3,MyList
GO Biological Processes,19,GO:0006111,regulation of gluconeogenesis,19_GO:0008152 metabolic process,-3.6,13,6.8,30169,53,170,4,2.4,1.2,1642|2033|4485|83667,DDB1|EP300|MST1|SESN2,-1.3,MyList
GO Biological Processes,19,GO:0010035,response to inorganic substance,19_GO:0050896 response to stimulus,-3.6,3.7,4.7,30169,533,170,11,6.5,1.9,351|538|664|857|3746|4129|4734|5743|8314|11235|56172,APP|ATP7A|BNIP3|CAV1|KCNC1|MAOB|NEDD4|PTGS2|BAP1|PDCD10|ANKH,-1.3,MyList
GO Biological Processes,19,GO:0042149,cellular response to glucose starvation,19_GO:0050896 response to stimulus,-3.6,13,6.7,30169,54,170,4,2.4,1.2,5289|6513|83667|143686,PIK3C3|SLC2A1|SESN2|SESN3,-1.3,MyList
GO Biological Processes,19,GO:0034763,negative regulation of transmembrane transport,19_GO:0051179 localization,-3.6,6.9,5.5,30169,154,170,6,3.5,1.4,538|857|2859|4734|4987|5532,ATP7A|CAV1|GPR35|NEDD4|OPRL1|PPP3CB,-1.3,MyList
GO Biological Processes,19,GO:1901652,response to peptide,19_GO:0050896 response to stimulus,-3.6,3.9,4.7,30169,451,170,10,5.9,1.8,351|599|857|3416|4035|5743|6513|9475|83667|143686,APP|BCL2L2|CAV1|IDE|LRP1|PTGS2|SLC2A1|ROCK2|SESN2|SESN3,-1.3,MyList
GO Biological Processes,19,GO:0080135,regulation of cellular response to stress,19_GO:0050896 response to stimulus,-3.6,3.2,4.5,30169,726,170,13,7.6,2,351|580|857|1111|2033|2072|5743|6421|6597|6944|9475|11235|22976,APP|BARD1|CAV1|CHEK1|EP300|ERCC4|PTGS2|SFPQ|SMARCA4|VPS72|ROCK2|PDCD10|PAXIP1,-1.3,MyList
GO Biological Processes,19,GO:1990830,cellular response to leukemia inhibitory factor,19_GO:0050896 response to stimulus,-3.6,8.9,5.9,30169,100,170,5,2.9,1.3,3720|4144|10253|11235|165324,JARID2|MAT2A|SPRY2|PDCD10|UBXN2A,-1.3,MyList
GO Biological Processes,19,GO:0051668,localization within membrane,19_GO:0051179 localization,-3.6,3.6,4.6,30169,543,170,11,6.5,1.9,857|1741|9475|10452|10858|10979|23241|23471|57512|79778|254359,CAV1|DLG3|ROCK2|TOMM40|CYP46A1|FERMT2|PACS2|TRAM1|GPR158|MICALL2|ZDHHC24,-1.3,MyList
GO Biological Processes,19,GO:1990823,response to leukemia inhibitory factor,19_GO:0050896 response to stimulus,-3.6,8.8,5.9,30169,101,170,5,2.9,1.3,3720|4144|10253|11235|165324,JARID2|MAT2A|SPRY2|PDCD10|UBXN2A,-1.3,MyList
GO Biological Processes,19,GO:0090316,positive regulation of intracellular protein transport,19_GO:0051179 localization,-3.6,6.8,5.5,30169,157,170,6,3.5,1.4,5743|8314|9495|10425|11235|79778,PTGS2|BAP1|AKAP5|ARIH2|PDCD10|MICALL2,-1.3,MyList
GO Biological Processes,19,GO:0051222,positive regulation of protein transport,19_GO:0051179 localization,-3.6,4.8,5,30169,294,170,8,4.7,1.6,2182|5532|5743|8314|9495|10425|11235|79778,ACSL4|PPP3CB|PTGS2|BAP1|AKAP5|ARIH2|PDCD10|MICALL2,-1.3,MyList
GO Biological Processes,19,GO:0060627,regulation of vesicle-mediated transport,19_GO:0051179 localization,-3.6,3.6,4.6,30169,544,170,11,6.5,1.9,321|341|857|4035|5532|9495|11252|23237|51272|64780|79772,APBA2|APOC1|CAV1|LRP1|PPP3CB|AKAP5|PACSIN2|ARC|BET1L|MICAL1|MCTP1,-1.3,MyList
GO Biological Processes,19,GO:0072657,protein localization to membrane,19_GO:0051179 localization,-3.6,3.9,4.7,30169,456,170,10,5.9,1.8,857|1741|9475|10452|10858|10979|23241|23471|57512|254359,CAV1|DLG3|ROCK2|TOMM40|CYP46A1|FERMT2|PACS2|TRAM1|GPR158|ZDHHC24,-1.3,MyList
GO Biological Processes,19,GO:0045806,negative regulation of endocytosis,19_GO:0051179 localization,-3.5,13,6.6,30169,56,170,4,2.4,1.2,341|857|11252|79772,APOC1|CAV1|PACSIN2|MCTP1,-1.3,MyList
GO Biological Processes,19,GO:0061726,mitochondrion disassembly,19_GO:0009987 cellular process,-3.5,13,6.6,30169,56,170,4,2.4,1.2,664|10533|23192|285636,BNIP3|ATG7|ATG4B|RIMOC1,-1.3,MyList
GO Biological Processes,19,GO:0000422,autophagy of mitochondrion,19_GO:0008152 metabolic process,-3.5,13,6.6,30169,56,170,4,2.4,1.2,664|10533|23192|285636,BNIP3|ATG7|ATG4B|RIMOC1,-1.3,MyList
Reactome Gene Sets,6,R-HSA-9013422,RHOBTB1 GTPase cycle,,-3.5,23,8,30169,23,170,3,1.8,1,9475|10576|23013,ROCK2|CCT2|SPEN,-1.3,MyList
GO Biological Processes,19,GO:0033157,regulation of intracellular protein transport,19_GO:0051179 localization,-3.5,5.5,5.1,30169,225,170,7,4.1,1.5,580|5743|8314|9495|10425|11235|79778,BARD1|PTGS2|BAP1|AKAP5|ARIH2|PDCD10|MICALL2,-1.2,MyList
GO Biological Processes,19,GO:0072593,reactive oxygen species metabolic process,19_GO:0008152 metabolic process,-3.5,8.5,5.8,30169,104,170,5,2.9,1.3,538|664|4129|4843|83667,ATP7A|BNIP3|MAOB|NOS2|SESN2,-1.2,MyList
GO Biological Processes,19,GO:0006974,cellular response to DNA damage stimulus,19_GO:0050896 response to stimulus,-3.5,3.1,4.4,30169,742,170,13,7.6,2,580|599|1111|1642|2033|2072|4734|6421|6872|9149|9156|22976|83667,BARD1|BCL2L2|CHEK1|DDB1|EP300|ERCC4|NEDD4|SFPQ|TAF1|DYRK1B|EXO1|PAXIP1|SESN2,-1.2,MyList
GO Biological Processes,19,GO:0006914,autophagy,19_GO:0008152 metabolic process,-3.5,4.7,4.9,30169,300,170,8,4.7,1.6,664|5289|9927|10533|23192|23241|165324|285636,BNIP3|PIK3C3|MFN2|ATG7|ATG4B|PACS2|UBXN2A|RIMOC1,-1.2,MyList
GO Biological Processes,19,GO:0061919,process utilizing autophagic mechanism,19_GO:0009987 cellular process,-3.5,4.7,4.9,30169,300,170,8,4.7,1.6,664|5289|9927|10533|23192|23241|165324|285636,BNIP3|PIK3C3|MFN2|ATG7|ATG4B|PACS2|UBXN2A|RIMOC1,-1.2,MyList
GO Biological Processes,19,GO:0009636,response to toxic substance,19_GO:0050896 response to stimulus,-3.5,5.4,5.1,30169,228,170,7,4.1,1.5,538|2627|3746|4129|5446|5743|83667,ATP7A|GATA6|KCNC1|MAOB|PON3|PTGS2|SESN2,-1.2,MyList
GO Biological Processes,19,GO:1901386,negative regulation of voltage-gated calcium channel activity,19_GO:0051179 localization,-3.5,22,7.8,30169,24,170,3,1.8,1,2859|4987|5532,GPR35|OPRL1|PPP3CB,-1.2,MyList
GO Biological Processes,19,GO:0060038,cardiac muscle cell proliferation,19_GO:0040007 growth,-3.4,21,7.6,30169,25,170,3,1.8,1,2627|3720|5573,GATA6|JARID2|PRKAR1A,-1.2,MyList
GO Biological Processes,19,GO:0033138,positive regulation of peptidyl-serine phosphorylation,19_GO:0048518 positive regulation of biological process,-3.4,8.2,5.7,30169,108,170,5,2.9,1.3,351|857|5743|10253|11235,APP|CAV1|PTGS2|SPRY2|PDCD10,-1.2,MyList
GO Biological Processes,19,GO:0031175,neuron projection development,19_GO:0032502 developmental process,-3.4,3.2,4.3,30169,661,170,12,7.1,2,334|351|538|2016|4734|5532|5662|6091|23237|26047|79778|152330,APLP2|APP|ATP7A|EMX1|NEDD4|PPP3CB|PSD|ROBO1|ARC|CNTNAP2|MICALL2|CNTN4,-1.2,MyList
Reactome Gene Sets,6,R-HSA-5693532,DNA Double-Strand Break Repair,,-3.4,6.3,5.2,30169,168,170,6,3.5,1.4,580|1111|2072|8314|9156|22976,BARD1|CHEK1|ERCC4|BAP1|EXO1|PAXIP1,-1.2,MyList
Reactome Gene Sets,6,R-HSA-198725,Nuclear Events (kinase and transcription factor activation),,-3.4,12,6.3,30169,61,170,4,2.4,1.2,2033|3399|6938|23237,EP300|ID3|TCF12|ARC,-1.2,MyList
GO Biological Processes,19,GO:0018205,peptidyl-lysine modification,19_GO:0008152 metabolic process,-3.4,4.6,4.8,30169,311,170,8,4.7,1.6,538|2033|6872|6944|22976|26038|79594|79723,ATP7A|EP300|TAF1|VPS72|PAXIP1|CHD5|MUL1|SUV39H2,-1.2,MyList
GO Biological Processes,19,GO:0048858,cell projection morphogenesis,19_GO:0032502 developmental process,-3.4,3.7,4.5,30169,479,170,10,5.9,1.8,334|351|538|2016|5532|6091|11252|23237|26047|152330,APLP2|APP|ATP7A|EMX1|PPP3CB|ROBO1|PACSIN2|ARC|CNTNAP2|CNTN4,-1.2,MyList
GO Biological Processes,19,GO:0009792,embryo development ending in birth or egg hatching,19_GO:0032502 developmental process,-3.4,3.2,4.3,30169,665,170,12,7.1,2,102|321|538|1111|2016|2033|2182|2627|7289|8314|9927|23648,ADAM10|APBA2|ATP7A|CHEK1|EMX1|EP300|ACSL4|GATA6|TULP3|BAP1|MFN2|SSBP3,-1.2,MyList
GO Biological Processes,19,GO:0009725,response to hormone,19_GO:0050896 response to stimulus,-3.4,3,4.3,30169,764,170,13,7.6,2,857|2033|2627|3416|4129|4734|4843|5743|6513|6753|9475|83667|143686,CAV1|EP300|GATA6|IDE|MAOB|NEDD4|NOS2|PTGS2|SLC2A1|SSTR3|ROCK2|SESN2|SESN3,-1.2,MyList
GO Biological Processes,19,GO:0071900,regulation of protein serine/threonine kinase activity,19_GO:0008152 metabolic process,-3.4,4,4.6,30169,395,170,9,5.3,1.7,857|894|4485|5573|6091|10253|10979|11235|83667,CAV1|CCND2|MST1|PRKAR1A|ROBO1|SPRY2|FERMT2|PDCD10|SESN2,-1.1,MyList
GO Biological Processes,19,GO:0050890,cognition,19_GO:0032501 multicellular organismal process,-3.4,4.5,4.7,30169,314,170,8,4.7,1.6,351|894|2033|4987|5532|5743|23237|26047,APP|CCND2|EP300|OPRL1|PPP3CB|PTGS2|ARC|CNTNAP2,-1.1,MyList
GO Biological Processes,19,GO:0035239,tube morphogenesis,19_GO:0032502 developmental process,-3.4,3.2,4.3,30169,670,170,12,7.1,2,857|2627|3339|4035|5743|5921|6091|7289|9788|10253|11235|22976,CAV1|GATA6|HSPG2|LRP1|PTGS2|RASA1|ROBO1|TULP3|MTSS1|SPRY2|PDCD10|PAXIP1,-1.1,MyList
GO Biological Processes,19,GO:2001258,negative regulation of cation channel activity,19_GO:0051179 localization,-3.3,11,6.1,30169,63,170,4,2.4,1.2,857|2859|4987|5532,CAV1|GPR35|OPRL1|PPP3CB,-1.1,MyList
GO Biological Processes,19,GO:0045859,regulation of protein kinase activity,19_GO:0008152 metabolic process,-3.3,3.2,4.3,30169,672,170,12,7.1,2,351|857|894|1741|4485|5573|6091|10253|10979|11235|57732|83667,APP|CAV1|CCND2|DLG3|MST1|PRKAR1A|ROBO1|SPRY2|FERMT2|PDCD10|ZFYVE28|SESN2,-1.1,MyList
GO Biological Processes,19,GO:0051702,biological process involved in interaction with symbiont,19_GO:0044419 biological process involved in interspecies interaction between organisms,-3.3,7.9,5.5,30169,113,170,5,2.9,1.3,1642|2033|5289|6597|9475,DDB1|EP300|PIK3C3|SMARCA4|ROCK2,-1.1,MyList
GO Biological Processes,19,GO:0036296,response to increased oxygen levels,19_GO:0050896 response to stimulus,-3.3,20,7.3,30169,27,170,3,1.8,1,664|857|10533,BNIP3|CAV1|ATG7,-1.1,MyList
GO Biological Processes,19,GO:0071496,cellular response to external stimulus,19_GO:0050896 response to stimulus,-3.3,4.4,4.7,30169,320,170,8,4.7,1.6,664|1111|5289|5743|6513|10533|83667|143686,BNIP3|CHEK1|PIK3C3|PTGS2|SLC2A1|ATG7|SESN2|SESN3,-1.1,MyList
GO Biological Processes,19,GO:0010469,regulation of signaling receptor activity,19_GO:0023052 signaling,-3.3,6.1,5.1,30169,175,170,6,3.5,1.4,351|5328|6872|22839|23237|57732,APP|PLAU|TAF1|DLGAP4|ARC|ZFYVE28,-1.1,MyList
GO Biological Processes,19,GO:0032410,negative regulation of transporter activity,19_GO:0051179 localization,-3.3,7.7,5.4,30169,115,170,5,2.9,1.3,857|2859|4734|4987|5532,CAV1|GPR35|NEDD4|OPRL1|PPP3CB,-1.1,MyList
WikiPathways,27,WP428,Wnt signaling,,-3.3,7.7,5.4,30169,115,170,5,2.9,1.3,894|5328|5532|9475|23500,CCND2|PLAU|PPP3CB|ROCK2|DAAM2,-1.1,MyList
Canonical Pathways,11,M279,PID RB 1PATHWAY,,-3.3,11,6,30169,65,170,4,2.4,1.2,894|2033|6597|6872,CCND2|EP300|SMARCA4|TAF1,-1.1,MyList
Canonical Pathways,11,M235,PID TCR CALCIUM PATHWAY,,-3.3,19,7.2,30169,28,170,3,1.8,1,5532|5743|9495,PPP3CB|PTGS2|AKAP5,-1.1,MyList
GO Biological Processes,19,GO:0032970,regulation of actin filament-based process,19_GO:0050789 regulation of biological process,-3.3,3.9,4.5,30169,406,170,9,5.3,1.7,857|4035|5921|9475|9788|10979|23500|51225|54551,CAV1|LRP1|RASA1|ROCK2|MTSS1|FERMT2|DAAM2|ABI3|MAGEL2,-1.1,MyList
Canonical Pathways,11,M255,PID HIF1 TFPATHWAY,,-3.3,11,6,30169,66,170,4,2.4,1.2,664|2033|4843|6513,BNIP3|EP300|NOS2|SLC2A1,-1.1,MyList
GO Biological Processes,19,GO:0007033,vacuole organization,19_GO:0009987 cellular process,-3.3,6,5,30169,178,170,6,3.5,1.4,5289|9927|10533|23192|23241|165324,PIK3C3|MFN2|ATG7|ATG4B|PACS2|UBXN2A,-1.1,MyList
GO Biological Processes,19,GO:0007006,mitochondrial membrane organization,19_GO:0009987 cellular process,-3.3,7.6,5.4,30169,117,170,5,2.9,1.3,599|664|9927|10452|79594,BCL2L2|BNIP3|MFN2|TOMM40|MUL1,-1.1,MyList
GO Biological Processes,19,GO:0021987,cerebral cortex development,19_GO:0032502 developmental process,-3.3,7.6,5.4,30169,117,170,5,2.9,1.3,664|2016|6091|6513|26047,BNIP3|EMX1|ROBO1|SLC2A1|CNTNAP2,-1.1,MyList
GO Biological Processes,19,GO:0032990,cell part morphogenesis,19_GO:0032502 developmental process,-3.3,3.6,4.3,30169,498,170,10,5.9,1.8,334|351|538|2016|5532|6091|11252|23237|26047|152330,APLP2|APP|ATP7A|EMX1|PPP3CB|ROBO1|PACSIN2|ARC|CNTNAP2|CNTN4,-1.1,MyList
Reactome Gene Sets,6,R-HSA-112316,Neuronal System,,-3.3,3.9,4.4,30169,410,170,9,5.3,1.7,217|321|1741|2571|3746|5573|9495|22839|57657,ALDH2|APBA2|DLG3|GAD1|KCNC1|PRKAR1A|AKAP5|DLGAP4|HCN3,-1.1,MyList
GO Biological Processes,19,GO:0043200,response to amino acid,19_GO:0050896 response to stimulus,-3.3,7.5,5.3,30169,118,170,5,2.9,1.3,538|599|5289|83667|143686,ATP7A|BCL2L2|PIK3C3|SESN2|SESN3,-1.1,MyList
WikiPathways,27,WP2059,Alzheimer's disease and miRNA effects,,-3.2,4.3,4.6,30169,328,170,8,4.7,1.6,102|351|3416|4035|4843|5289|5532|5743,ADAM10|APP|IDE|LRP1|NOS2|PIK3C3|PPP3CB|PTGS2,-1.1,MyList
GO Biological Processes,19,GO:0006605,protein targeting,19_GO:0051179 localization,-3.2,4.9,4.7,30169,251,170,7,4.1,1.5,4734|5289|9927|10452|23471|200312|254359,NEDD4|PIK3C3|MFN2|TOMM40|TRAM1|RNF215|ZDHHC24,-1.1,MyList
GO Biological Processes,19,GO:0032989,cellular component morphogenesis,19_GO:0032502 developmental process,-3.2,3.3,4.2,30169,594,170,11,6.5,1.9,334|351|538|2016|5532|5573|6091|11252|23237|26047|152330,APLP2|APP|ATP7A|EMX1|PPP3CB|PRKAR1A|ROBO1|PACSIN2|ARC|CNTNAP2|CNTN4,-1.1,MyList
GO Biological Processes,19,GO:0003013,circulatory system process,19_GO:0032501 multicellular organismal process,-3.2,3.5,4.3,30169,502,170,10,5.9,1.8,857|2627|4035|4843|4987|5743|6513|9475|10979|23171,CAV1|GATA6|LRP1|NOS2|OPRL1|PTGS2|SLC2A1|ROCK2|FERMT2|GPD1L,-1.1,MyList
GO Biological Processes,19,GO:0018107,peptidyl-threonine phosphorylation,19_GO:0008152 metabolic process,-3.2,10,5.8,30169,69,170,4,2.4,1.2,1111|6872|9149|9475,CHEK1|TAF1|DYRK1B|ROCK2,-1.1,MyList
GO Biological Processes,19,GO:0008283,cell population proliferation,19_GO:0009987 cellular process,-3.2,3.1,4.1,30169,698,170,12,7.1,2,599|857|1111|2627|3720|5532|5573|8314|9788|10425|26047|80173,BCL2L2|CAV1|CHEK1|GATA6|JARID2|PPP3CB|PRKAR1A|BAP1|MTSS1|ARIH2|CNTNAP2|IFT74,-1.1,MyList
GO Biological Processes,19,GO:0001568,blood vessel development,19_GO:0032502 developmental process,-3.2,3.5,4.3,30169,507,170,10,5.9,1.8,538|857|2627|3339|4035|5743|5921|6091|11235|22976,ATP7A|CAV1|GATA6|HSPG2|LRP1|PTGS2|RASA1|ROBO1|PDCD10|PAXIP1,-1.1,MyList
Reactome Gene Sets,6,R-HSA-73894,DNA Repair,,-3.2,4.2,4.5,30169,336,170,8,4.7,1.6,580|1111|1642|2033|2072|8314|9156|22976,BARD1|CHEK1|DDB1|EP300|ERCC4|BAP1|EXO1|PAXIP1,-1,MyList
GO Biological Processes,19,GO:0032386,regulation of intracellular transport,19_GO:0051179 localization,-3.2,4.2,4.5,30169,336,170,8,4.7,1.6,580|4734|5743|8314|9495|10425|11235|79778,BARD1|NEDD4|PTGS2|BAP1|AKAP5|ARIH2|PDCD10|MICALL2,-1,MyList
KEGG Pathway,24,hsa00410,beta-Alanine metabolism,,-3.2,17,6.8,30169,31,170,3,1.8,1,217|1962|2571,ALDH2|EHHADH|GAD1,-1,MyList
GO Biological Processes,19,GO:0052548,regulation of endopeptidase activity,19_GO:0008152 metabolic process,-3.1,3.7,4.3,30169,428,170,9,5.3,1.7,334|351|3700|5270|5743|6091|9475|64780|79594,APLP2|APP|ITIH4|SERPINE2|PTGS2|ROBO1|ROCK2|MICAL1|MUL1,-1,MyList
GO Biological Processes,19,GO:0010466,negative regulation of peptidase activity,19_GO:0048519 negative regulation of biological process,-3.1,4.7,4.6,30169,263,170,7,4.1,1.5,334|351|3700|4035|5270|5743|64780,APLP2|APP|ITIH4|LRP1|SERPINE2|PTGS2|MICAL1,-1,MyList
GO Biological Processes,19,GO:0010942,positive regulation of cell death,19_GO:0048518 positive regulation of biological process,-3.1,3.2,4.1,30169,614,170,11,6.5,1.9,580|664|857|2627|3399|4035|4843|5743|6421|9927|10533,BARD1|BNIP3|CAV1|GATA6|ID3|LRP1|NOS2|PTGS2|SFPQ|MFN2|ATG7,-1,MyList
GO Biological Processes,19,GO:0031400,negative regulation of protein modification process,19_GO:0048519 negative regulation of biological process,-3.1,3.4,4.2,30169,519,170,10,5.9,1.8,857|3720|4035|5573|6872|9475|10253|23171|57732|64780,CAV1|JARID2|LRP1|PRKAR1A|TAF1|ROCK2|SPRY2|GPD1L|ZFYVE28|MICAL1,-1,MyList
GO Biological Processes,19,GO:1903955,positive regulation of protein targeting to mitochondrion,19_GO:0051179 localization,-3.1,17,6.7,30169,32,170,3,1.8,1,8314|10425|79778,BAP1|ARIH2|MICALL2,-1,MyList
GO Biological Processes,19,GO:1903715,regulation of aerobic respiration,19_GO:0008152 metabolic process,-3.1,17,6.7,30169,32,170,3,1.8,1,538|664|3416,ATP7A|BNIP3|IDE,-1,MyList
GO Biological Processes,19,GO:0014855,striated muscle cell proliferation,19_GO:0009987 cellular process,-3.1,17,6.7,30169,32,170,3,1.8,1,2627|3720|5573,GATA6|JARID2|PRKAR1A,-1,MyList
KEGG Pathway,24,hsa04136,Autophagy - other,,-3.1,17,6.7,30169,32,170,3,1.8,1,5289|10533|23192,PIK3C3|ATG7|ATG4B,-1,MyList
GO Biological Processes,19,GO:1990776,response to angiotensin,19_GO:0050896 response to stimulus,-3.1,17,6.7,30169,32,170,3,1.8,1,857|5743|9475,CAV1|PTGS2|ROCK2,-1,MyList
GO Biological Processes,19,GO:0010506,regulation of autophagy,19_GO:0008152 metabolic process,-3.1,4.1,4.4,30169,344,170,8,4.7,1.6,664|2033|2072|4734|5289|83667|92140|143686,BNIP3|EP300|ERCC4|NEDD4|PIK3C3|SESN2|MTDH|SESN3,-1,MyList
KEGG Pathway,24,hsa04115,p53 signaling pathway,,-3.1,9.7,5.6,30169,73,170,4,2.4,1.2,894|1111|83667|143686,CCND2|CHEK1|SESN2|SESN3,-1,MyList
GO Biological Processes,19,GO:0071260,cellular response to mechanical stimulus,19_GO:0050896 response to stimulus,-3.1,9.7,5.6,30169,73,170,4,2.4,1.2,664|1111|5743|6513,BNIP3|CHEK1|PTGS2|SLC2A1,-1,MyList
GO Biological Processes,19,GO:0042391,regulation of membrane potential,19_GO:0065007 biological regulation,-3.1,3.7,4.3,30169,431,170,9,5.3,1.7,351|664|857|2859|3746|4734|23171|57657|79594,APP|BNIP3|CAV1|GPR35|KCNC1|NEDD4|GPD1L|HCN3|MUL1,-1,MyList
GO Biological Processes,19,GO:0046683,response to organophosphorus,19_GO:0050896 response to stimulus,-3.1,6.9,5.1,30169,128,170,5,2.9,1.3,351|2627|5743|6872|57657,APP|GATA6|PTGS2|TAF1|HCN3,-0.99,MyList
GO Biological Processes,19,GO:0046578,regulation of Ras protein signal transduction,19_GO:0023052 signaling,-3.1,5.5,4.7,30169,193,170,6,3.5,1.4,2859|5662|5921|6091|9927|10253,GPR35|PSD|RASA1|ROBO1|MFN2|SPRY2,-0.99,MyList
GO Biological Processes,19,GO:0051926,negative regulation of calcium ion transport,19_GO:0051179 localization,-3.1,9.6,5.6,30169,74,170,4,2.4,1.2,2859|4987|5532|5743,GPR35|OPRL1|PPP3CB|PTGS2,-0.99,MyList
Reactome Gene Sets,6,R-HSA-1980143,Signaling by NOTCH1,,-3.1,9.6,5.6,30169,74,170,4,2.4,1.2,102|2033|79885|113878,ADAM10|EP300|HDAC11|DTX2,-0.99,MyList
GO Biological Processes,19,GO:0044703,multi-organism reproductive process,19_GO:0022414 reproductive process,-3.1,5.5,4.7,30169,194,170,6,3.5,1.4,538|2182|2834|5270|5743|6513,ATP7A|ACSL4|PRLHR|SERPINE2|PTGS2|SLC2A1,-0.99,MyList
GO Biological Processes,19,GO:0045936,negative regulation of phosphate metabolic process,19_GO:0048519 negative regulation of biological process,-3,3.6,4.2,30169,440,170,9,5.3,1.7,341|857|4035|5573|9475|10253|23171|57732|64780,APOC1|CAV1|LRP1|PRKAR1A|ROCK2|SPRY2|GPD1L|ZFYVE28|MICAL1,-0.95,MyList
WikiPathways,27,WP4241,Type 2 papillary renal cell carcinoma,,-3,16,6.4,30169,34,170,3,1.8,1,2033|6421|6513,EP300|SFPQ|SLC2A1,-0.95,MyList
GO Biological Processes,19,GO:0010563,negative regulation of phosphorus metabolic process,19_GO:0048519 negative regulation of biological process,-3,3.6,4.2,30169,441,170,9,5.3,1.7,341|857|4035|5573|9475|10253|23171|57732|64780,APOC1|CAV1|LRP1|PRKAR1A|ROCK2|SPRY2|GPD1L|ZFYVE28|MICAL1,-0.95,MyList
GO Biological Processes,19,GO:0001101,response to acid chemical,19_GO:0050896 response to stimulus,-3,6.7,4.9,30169,133,170,5,2.9,1.3,538|599|5289|83667|143686,ATP7A|BCL2L2|PIK3C3|SESN2|SESN3,-0.94,MyList
GO Biological Processes,19,GO:0043393,regulation of protein binding,19_GO:0065007 biological regulation,-3,5.3,4.6,30169,200,170,6,3.5,1.4,351|857|2033|3416|4035|6872,APP|CAV1|EP300|IDE|LRP1|TAF1,-0.93,MyList
GO Biological Processes,19,GO:0010564,regulation of cell cycle process,19_GO:0050789 regulation of biological process,-3,2.9,3.9,30169,735,170,12,7.1,2,351|580|894|1111|1642|5289|6421|6597|6872|9475|22976|256364,APP|BARD1|CCND2|CHEK1|DDB1|PIK3C3|SFPQ|SMARCA4|TAF1|ROCK2|PAXIP1|EML3,-0.93,MyList
Reactome Gene Sets,6,R-HSA-422356,Regulation of insulin secretion,,-3,9.1,5.4,30169,78,170,4,2.4,1.2,2182|5573|6513|9495,ACSL4|PRKAR1A|SLC2A1|AKAP5,-0.93,MyList
Reactome Gene Sets,6,R-HSA-9706574,RHOBTB GTPase Cycle,,-3,15,6.3,30169,35,170,3,1.8,1,9475|10576|23013,ROCK2|CCT2|SPEN,-0.93,MyList
WikiPathways,27,WP3617,Photodynamic therapy-induced NF-kB survival signaling,,-3,15,6.3,30169,35,170,3,1.8,1,599|4312|5743,BCL2L2|MMP1|PTGS2,-0.93,MyList
GO Biological Processes,19,GO:0010661,positive regulation of muscle cell apoptotic process,19_GO:0048518 positive regulation of biological process,-3,15,6.3,30169,35,170,3,1.8,1,664|2627|9927,BNIP3|GATA6|MFN2,-0.93,MyList
GO Biological Processes,19,GO:0010038,response to metal ion,19_GO:0050896 response to stimulus,-3,3.9,4.2,30169,360,170,8,4.7,1.6,351|538|664|857|3746|4129|4734|5743,APP|ATP7A|BNIP3|CAV1|KCNC1|MAOB|NEDD4|PTGS2,-0.92,MyList
GO Biological Processes,19,GO:0044706,multi-multicellular organism process,19_GO:0032501 multicellular organismal process,-3,5.2,4.6,30169,203,170,6,3.5,1.4,538|2182|2834|5270|5743|6513,ATP7A|ACSL4|PRLHR|SERPINE2|PTGS2|SLC2A1,-0.92,MyList
Reactome Gene Sets,6,R-HSA-1632852,Macroautophagy,,-3,6.5,4.9,30169,136,170,5,2.9,1.3,5289|9927|10452|10533|23192,PIK3C3|MFN2|TOMM40|ATG7|ATG4B,-0.92,MyList
GO Biological Processes,19,GO:0019725,cellular homeostasis,19_GO:0065007 biological regulation,-3,3,3.9,30169,641,170,11,6.5,1.9,351|538|664|857|3416|4753|4843|8314|10723|23241|80131,APP|ATP7A|BNIP3|CAV1|IDE|NELL2|NOS2|BAP1|SLC12A7|PACS2|LRRC8E,-0.92,MyList
GO Biological Processes,19,GO:0000904,cell morphogenesis involved in differentiation,19_GO:0032502 developmental process,-3,3.3,4,30169,544,170,10,5.9,1.8,334|351|2033|5532|6091|8314|10979|23237|79778|152330,APLP2|APP|EP300|PPP3CB|ROBO1|BAP1|FERMT2|ARC|MICALL2|CNTN4,-0.92,MyList
KEGG Pathway,24,hsa05203,Viral carcinogenesis,,-3,5.2,4.6,30169,204,170,6,3.5,1.4,894|1111|1234|1642|2033|79885,CCND2|CHEK1|CCR5|DDB1|EP300|HDAC11,-0.92,MyList
GO Biological Processes,19,GO:1901888,regulation of cell junction assembly,19_GO:0050789 regulation of biological process,-3,5.2,4.6,30169,204,170,6,3.5,1.4,351|857|9475|10979|26047|51225,APP|CAV1|ROCK2|FERMT2|CNTNAP2|ABI3,-0.92,MyList
GO Biological Processes,19,GO:1903749,positive regulation of establishment of protein localization to mitochondrion,19_GO:0051179 localization,-3,15,6.2,30169,36,170,3,1.8,1,8314|10425|79778,BAP1|ARIH2|MICALL2,-0.92,MyList
GO Biological Processes,19,GO:0071456,cellular response to hypoxia,19_GO:0050896 response to stimulus,-3,6.5,4.8,30169,137,170,5,2.9,1.3,538|664|2627|5743|79723,ATP7A|BNIP3|GATA6|PTGS2|SUV39H2,-0.92,MyList
GO Biological Processes,19,GO:0071230,cellular response to amino acid stimulus,19_GO:0050896 response to stimulus,-3,8.9,5.3,30169,80,170,4,2.4,1.2,538|599|83667|143686,ATP7A|BCL2L2|SESN2|SESN3,-0.92,MyList
GO Biological Processes,19,GO:2001259,positive regulation of cation channel activity,19_GO:0051179 localization,-3,8.9,5.3,30169,80,170,4,2.4,1.2,3746|5532|9495|23237,KCNC1|PPP3CB|AKAP5|ARC,-0.92,MyList
GO Biological Processes,19,GO:0043009,chordate embryonic development,19_GO:0032502 developmental process,-3,3,3.9,30169,643,170,11,6.5,1.9,102|321|538|1111|2016|2033|2627|7289|8314|9927|23648,ADAM10|APBA2|ATP7A|CHEK1|EMX1|EP300|GATA6|TULP3|BAP1|MFN2|SSBP3,-0.92,MyList
GO Biological Processes,19,GO:0060541,respiratory system development,19_GO:0032502 developmental process,-3,5.2,4.5,30169,205,170,6,3.5,1.4,538|2033|2627|7289|10253|54768,ATP7A|EP300|GATA6|TULP3|SPRY2|HYDIN,-0.92,MyList
GO Biological Processes,19,GO:0043068,positive regulation of programmed cell death,19_GO:0048518 positive regulation of biological process,-2.9,3.2,4,30169,547,170,10,5.9,1.8,580|664|857|2627|3399|4843|5743|6421|9927|10533,BARD1|BNIP3|CAV1|GATA6|ID3|NOS2|PTGS2|SFPQ|MFN2|ATG7,-0.91,MyList
GO Biological Processes,19,GO:0032956,regulation of actin cytoskeleton organization,19_GO:0050789 regulation of biological process,-2.9,3.9,4.2,30169,365,170,8,4.7,1.6,4035|5921|9475|9788|10979|23500|51225|54551,LRP1|RASA1|ROCK2|MTSS1|FERMT2|DAAM2|ABI3|MAGEL2,-0.91,MyList
GO Biological Processes,19,GO:0030163,protein catabolic process,19_GO:0008152 metabolic process,-2.9,2.8,3.9,30169,748,170,12,7.1,2,664|1642|3416|4734|5270|6872|8314|10425|55819|80232|165324|200312,BNIP3|DDB1|IDE|NEDD4|SERPINE2|TAF1|BAP1|ARIH2|RNF130|WDR26|UBXN2A|RNF215,-0.91,MyList
Canonical Pathways,11,M65,PID FRA PATHWAY,,-2.9,14,6.1,30169,37,170,3,1.8,1,2033|4312|5328,EP300|MMP1|PLAU,-0.9,MyList
Reactome Gene Sets,6,R-HSA-5685938,HDR through Single Strand Annealing (SSA),,-2.9,14,6.1,30169,37,170,3,1.8,1,580|2072|9156,BARD1|ERCC4|EXO1,-0.9,MyList
GO Biological Processes,19,GO:0008037,cell recognition,19_GO:0009987 cellular process,-2.9,5.1,4.5,30169,210,170,6,3.5,1.4,351|6091|10576|26047|50863|152330,APP|ROBO1|CCT2|CNTNAP2|NTM|CNTN4,-0.88,MyList
GO Biological Processes,19,GO:0007507,heart development,19_GO:0032502 developmental process,-2.9,3.2,3.9,30169,556,170,10,5.9,1.8,2033|2627|3399|3720|5532|5573|6091|9475|78987|80173,EP300|GATA6|ID3|JARID2|PPP3CB|PRKAR1A|ROBO1|ROCK2|CRELD1|IFT74,-0.88,MyList
GO Biological Processes,19,GO:0055017,cardiac muscle tissue growth,19_GO:0040007 growth,-2.9,14,6,30169,38,170,3,1.8,1,2627|3720|5573,GATA6|JARID2|PRKAR1A,-0.88,MyList
GO Biological Processes,19,GO:1904659,glucose transmembrane transport,19_GO:0051179 localization,-2.9,14,6,30169,38,170,3,1.8,1,6513|83667|154091,SLC2A1|SESN2|SLC2A12,-0.88,MyList
GO Biological Processes,19,GO:0051098,regulation of binding,19_GO:0065007 biological regulation,-2.9,3.8,4.1,30169,372,170,8,4.7,1.6,351|857|2033|2072|3416|4035|6872|8664,APP|CAV1|EP300|ERCC4|IDE|LRP1|TAF1|EIF3D,-0.88,MyList
GO Biological Processes,19,GO:0045862,positive regulation of proteolysis,19_GO:0048518 positive regulation of biological process,-2.9,3.8,4.1,30169,372,170,8,4.7,1.6,351|857|6091|6872|9475|10425|79594|152503,APP|CAV1|ROBO1|TAF1|ROCK2|ARIH2|MUL1|SH3D19,-0.88,MyList
GO Biological Processes,19,GO:0042594,response to starvation,19_GO:0050896 response to stimulus,-2.9,5,4.4,30169,211,170,6,3.5,1.4,5289|6513|6753|10533|83667|143686,PIK3C3|SLC2A1|SSTR3|ATG7|SESN2|SESN3,-0.88,MyList
GO Biological Processes,19,GO:0051851,modulation by host of symbiont process,19_GO:0044419 biological process involved in interspecies interaction between organisms,-2.9,8.5,5.1,30169,84,170,4,2.4,1.2,2033|5289|6597|9475,EP300|PIK3C3|SMARCA4|ROCK2,-0.87,MyList
GO Biological Processes,19,GO:0050821,protein stabilization,19_GO:0065007 biological regulation,-2.9,5,4.4,30169,214,170,6,3.5,1.4,2033|6872|10576|11235|23515|79594,EP300|TAF1|CCT2|PDCD10|MORC3|MUL1,-0.85,MyList
GO Biological Processes,19,GO:0031644,regulation of nervous system process,19_GO:0032501 multicellular organismal process,-2.8,6.1,4.7,30169,145,170,5,2.9,1.3,351|2859|4987|9475|22839,APP|GPR35|OPRL1|ROCK2|DLGAP4,-0.85,MyList
GO Biological Processes,19,GO:0036294,cellular response to decreased oxygen levels,19_GO:0050896 response to stimulus,-2.8,6.1,4.7,30169,145,170,5,2.9,1.3,538|664|2627|5743|79723,ATP7A|BNIP3|GATA6|PTGS2|SUV39H2,-0.85,MyList
GO Biological Processes,19,GO:0048812,neuron projection morphogenesis,19_GO:0032502 developmental process,-2.8,3.4,4,30169,469,170,9,5.3,1.7,334|351|538|2016|5532|6091|23237|26047|152330,APLP2|APP|ATP7A|EMX1|PPP3CB|ROBO1|ARC|CNTNAP2|CNTN4,-0.84,MyList
WikiPathways,27,WP4018,Clear cell renal cell carcinoma pathways,,-2.8,8.3,5.1,30169,86,170,4,2.4,1.2,2033|6513|8082|8314,EP300|SLC2A1|SSPN|BAP1,-0.84,MyList
GO Biological Processes,19,GO:0030335,positive regulation of cell migration,19_GO:0040011 locomotion,-2.8,3.1,3.9,30169,566,170,10,5.9,1.8,102|351|538|857|5328|5743|9475|10253|10979|11235,ADAM10|APP|ATP7A|CAV1|PLAU|PTGS2|ROCK2|SPRY2|FERMT2|PDCD10,-0.84,MyList
GO Biological Processes,19,GO:0060419,heart growth,19_GO:0040007 growth,-2.8,13,5.9,30169,40,170,3,1.8,1,2627|3720|5573,GATA6|JARID2|PRKAR1A,-0.83,MyList
GO Biological Processes,19,GO:1901998,toxin transport,19_GO:0051179 localization,-2.8,13,5.9,30169,40,170,3,1.8,1,102|664|10576,ADAM10|BNIP3|CCT2,-0.83,MyList
Reactome Gene Sets,6,R-HSA-5693616,Presynaptic phase of homologous DNA pairing and strand exchange,,-2.8,13,5.9,30169,40,170,3,1.8,1,580|1111|9156,BARD1|CHEK1|EXO1,-0.83,MyList
GO Biological Processes,19,GO:0060249,anatomical structure homeostasis,19_GO:0065007 biological regulation,-2.8,4.2,4.2,30169,296,170,7,4.1,1.5,351|580|857|4753|5743|6513|8314,APP|BARD1|CAV1|NELL2|PTGS2|SLC2A1|BAP1,-0.83,MyList
GO Biological Processes,19,GO:1900182,positive regulation of protein localization to nucleus,19_GO:0051179 localization,-2.8,8.2,5,30169,87,170,4,2.4,1.2,5743|10576|10979|83667,PTGS2|CCT2|FERMT2|SESN2,-0.83,MyList
GO Biological Processes,19,GO:0120039,plasma membrane bounded cell projection morphogenesis,19_GO:0032502 developmental process,-2.8,3.4,3.9,30169,474,170,9,5.3,1.7,334|351|538|2016|5532|6091|23237|26047|152330,APLP2|APP|ATP7A|EMX1|PPP3CB|ROBO1|ARC|CNTNAP2|CNTN4,-0.83,MyList
KEGG Pathway,24,hsa05010,Alzheimer disease,,-2.8,3.7,4,30169,384,170,8,4.7,1.6,102|351|3416|4035|4843|5289|5532|5743,ADAM10|APP|IDE|LRP1|NOS2|PIK3C3|PPP3CB|PTGS2,-0.82,MyList
GO Biological Processes,19,GO:0033002,muscle cell proliferation,19_GO:0009987 cellular process,-2.8,13,5.8,30169,41,170,3,1.8,1,2627|3720|5573,GATA6|JARID2|PRKAR1A,-0.82,MyList
GO Biological Processes,19,GO:0070050,neuron cellular homeostasis,19_GO:0065007 biological regulation,-2.8,13,5.8,30169,41,170,3,1.8,1,351|4753|8314,APP|NELL2|BAP1,-0.82,MyList
GO Biological Processes,19,GO:0008645,hexose transmembrane transport,19_GO:0051179 localization,-2.8,13,5.8,30169,41,170,3,1.8,1,6513|83667|154091,SLC2A1|SESN2|SLC2A12,-0.82,MyList
GO Biological Processes,19,GO:0071470,cellular response to osmotic stress,19_GO:0050896 response to stimulus,-2.8,13,5.8,30169,41,170,3,1.8,1,5743|6513|80131,PTGS2|SLC2A1|LRRC8E,-0.82,MyList
Canonical Pathways,11,M159,PID AMB2 NEUTROPHILS PATHWAY,,-2.8,13,5.8,30169,41,170,3,1.8,1,4035|4485|5328,LRP1|MST1|PLAU,-0.82,MyList
GO Biological Processes,19,GO:0071229,cellular response to acid chemical,19_GO:0050896 response to stimulus,-2.8,8,5,30169,89,170,4,2.4,1.2,538|599|83667|143686,ATP7A|BCL2L2|SESN2|SESN3,-0.81,MyList
GO Biological Processes,19,GO:0006839,mitochondrial transport,19_GO:0051179 localization,-2.8,5.9,4.5,30169,150,170,5,2.9,1.3,599|664|9927|10452|79594,BCL2L2|BNIP3|MFN2|TOMM40|MUL1,-0.81,MyList
GO Biological Processes,19,GO:0050806,positive regulation of synaptic transmission,19_GO:0023052 signaling,-2.8,5.9,4.5,30169,150,170,5,2.9,1.3,351|5270|5743|9495|23237,APP|SERPINE2|PTGS2|AKAP5|ARC,-0.81,MyList
GO Biological Processes,19,GO:0001701,in utero embryonic development,19_GO:0032502 developmental process,-2.8,3.7,4,30169,387,170,8,4.7,1.6,102|321|538|1111|2016|2627|8314|9927,ADAM10|APBA2|ATP7A|CHEK1|EMX1|GATA6|BAP1|MFN2,-0.81,MyList
Reactome Gene Sets,6,R-HSA-9612973,Autophagy,,-2.8,5.9,4.5,30169,151,170,5,2.9,1.3,5289|9927|10452|10533|23192,PIK3C3|MFN2|TOMM40|ATG7|ATG4B,-0.81,MyList
GO Biological Processes,19,GO:0006623,protein targeting to vacuole,19_GO:0051179 localization,-2.8,13,5.7,30169,42,170,3,1.8,1,4734|5289|200312,NEDD4|PIK3C3|RNF215,-0.8,MyList
KEGG Pathway,24,hsa00380,Tryptophan metabolism,,-2.8,13,5.7,30169,42,170,3,1.8,1,217|1962|4129,ALDH2|EHHADH|MAOB,-0.8,MyList
GO Biological Processes,19,GO:0043549,regulation of kinase activity,19_GO:0008152 metabolic process,-2.8,2.7,3.7,30169,786,170,12,7.1,2,351|857|894|1741|4485|5573|6091|10253|10979|11235|57732|83667,APP|CAV1|CCND2|DLG3|MST1|PRKAR1A|ROBO1|SPRY2|FERMT2|PDCD10|ZFYVE28|SESN2,-0.8,MyList
KEGG Pathway,24,hsa00071,Fatty acid degradation,,-2.7,12,5.6,30169,43,170,3,1.8,1,217|1962|2182,ALDH2|EHHADH|ACSL4,-0.78,MyList
Reactome Gene Sets,6,R-HSA-5693579,Homologous DNA Pairing and Strand Exchange,,-2.7,12,5.6,30169,43,170,3,1.8,1,580|1111|9156,BARD1|CHEK1|EXO1,-0.78,MyList
Reactome Gene Sets,6,R-HSA-6804756,Regulation of TP53 Activity through Phosphorylation,,-2.7,7.7,4.9,30169,92,170,4,2.4,1.2,580|1111|6872|9156,BARD1|CHEK1|TAF1|EXO1,-0.78,MyList
GO Biological Processes,19,GO:0000209,protein polyubiquitination,19_GO:0008152 metabolic process,-2.7,4.7,4.2,30169,228,170,6,3.5,1.4,580|4734|6872|10425|54551|79594,BARD1|NEDD4|TAF1|ARIH2|MAGEL2|MUL1,-0.76,MyList
GO Biological Processes,19,GO:0015749,monosaccharide transmembrane transport,19_GO:0051179 localization,-2.7,12,5.5,30169,44,170,3,1.8,1,6513|83667|154091,SLC2A1|SESN2|SLC2A12,-0.76,MyList
GO Biological Processes,19,GO:1901020,negative regulation of calcium ion transmembrane transporter activity,19_GO:0051179 localization,-2.7,12,5.5,30169,44,170,3,1.8,1,2859|4987|5532,GPR35|OPRL1|PPP3CB,-0.76,MyList
GO Biological Processes,19,GO:0070534,protein K63-linked ubiquitination,19_GO:0008152 metabolic process,-2.7,12,5.5,30169,44,170,3,1.8,1,4734|10425|54551,NEDD4|ARIH2|MAGEL2,-0.76,MyList
GO Biological Processes,19,GO:1903214,regulation of protein targeting to mitochondrion,19_GO:0051179 localization,-2.7,12,5.5,30169,44,170,3,1.8,1,8314|10425|79778,BAP1|ARIH2|MICALL2,-0.76,MyList
GO Biological Processes,19,GO:0044057,regulation of system process,19_GO:0032501 multicellular organismal process,-2.7,3,3.7,30169,590,170,10,5.9,1.8,351|857|2859|3720|4987|5743|9475|22839|23171|57657,APP|CAV1|GPR35|JARID2|OPRL1|PTGS2|ROCK2|DLGAP4|GPD1L|HCN3,-0.76,MyList
GO Biological Processes,19,GO:2000147,positive regulation of cell motility,19_GO:0040011 locomotion,-2.7,3,3.7,30169,592,170,10,5.9,1.8,102|351|538|857|5328|5743|9475|10253|10979|11235,ADAM10|APP|ATP7A|CAV1|PLAU|PTGS2|ROCK2|SPRY2|FERMT2|PDCD10,-0.75,MyList
GO Biological Processes,19,GO:1904646,cellular response to amyloid-beta,19_GO:0050896 response to stimulus,-2.7,12,5.5,30169,45,170,3,1.8,1,351|599|4035,APP|BCL2L2|LRP1,-0.74,MyList
GO Biological Processes,19,GO:0061097,regulation of protein tyrosine kinase activity,19_GO:0008152 metabolic process,-2.7,7.4,4.7,30169,96,170,4,2.4,1.2,351|857|1741|57732,APP|CAV1|DLG3|ZFYVE28,-0.72,MyList
GO Biological Processes,19,GO:0016241,regulation of macroautophagy,19_GO:0008152 metabolic process,-2.7,5.5,4.3,30169,160,170,5,2.9,1.3,664|4734|5289|83667|143686,BNIP3|NEDD4|PIK3C3|SESN2|SESN3,-0.72,MyList
Reactome Gene Sets,6,R-HSA-5633007,Regulation of TP53 Activity,,-2.7,5.5,4.3,30169,160,170,5,2.9,1.3,580|1111|2033|6872|9156,BARD1|CHEK1|EP300|TAF1|EXO1,-0.72,MyList
GO Biological Processes,19,GO:0034332,adherens junction organization,19_GO:0009987 cellular process,-2.7,12,5.4,30169,46,170,3,1.8,1,102|9788|10979,ADAM10|MTSS1|FERMT2,-0.72,MyList
Reactome Gene Sets,6,R-HSA-9609507,Protein localization,,-2.6,5.4,4.3,30169,163,170,5,2.9,1.3,351|1962|3416|4843|10452,APP|EHHADH|IDE|NOS2|TOMM40,-0.69,MyList
GO Biological Processes,19,GO:0033365,protein localization to organelle,19_GO:0051179 localization,-2.6,2.8,3.6,30169,709,170,11,6.5,1.9,580|3720|4734|5289|7289|9927|10452|11252|23471|23515|200312,BARD1|JARID2|NEDD4|PIK3C3|TULP3|MFN2|TOMM40|PACSIN2|TRAM1|MORC3|RNF215,-0.69,MyList
GO Biological Processes,19,GO:0006897,endocytosis,19_GO:0051179 localization,-2.6,3.2,3.7,30169,506,170,9,5.3,1.7,351|857|1755|3339|4035|4734|5289|11252|23237,APP|CAV1|DMBT1|HSPG2|LRP1|NEDD4|PIK3C3|PACSIN2|ARC,-0.69,MyList
GO Biological Processes,19,GO:0008015,blood circulation,19_GO:0032501 multicellular organismal process,-2.6,3.5,3.8,30169,411,170,8,4.7,1.6,857|2627|4843|4987|5743|9475|10979|23171,CAV1|GATA6|NOS2|OPRL1|PTGS2|ROCK2|FERMT2|GPD1L,-0.69,MyList
GO Biological Processes,19,GO:0040017,positive regulation of locomotion,19_GO:0040011 locomotion,-2.6,2.9,3.6,30169,607,170,10,5.9,1.8,102|351|538|857|5328|5743|9475|10253|10979|11235,ADAM10|APP|ATP7A|CAV1|PLAU|PTGS2|ROCK2|SPRY2|FERMT2|PDCD10,-0.69,MyList
Canonical Pathways,11,M288,PID HES HEY PATHWAY,,-2.6,11,5.3,30169,48,170,3,1.8,1,2033|2627|23013,EP300|GATA6|SPEN,-0.67,MyList
GO Biological Processes,19,GO:0016032,viral process,19_GO:0016032 viral process,-2.6,4.4,4,30169,242,170,6,3.5,1.4,857|1234|1642|3416|4734|8664,CAV1|CCR5|DDB1|IDE|NEDD4|EIF3D,-0.67,MyList
GO Biological Processes,19,GO:0021549,cerebellum development,19_GO:0032502 developmental process,-2.6,7,4.6,30169,101,170,4,2.4,1.2,538|3746|5270|6753,ATP7A|KCNC1|SERPINE2|SSTR3,-0.66,MyList
GO Biological Processes,19,GO:0009410,response to xenobiotic stimulus,19_GO:0050896 response to stimulus,-2.6,3.4,3.7,30169,418,170,8,4.7,1.6,2016|2627|3746|4129|4843|5446|5743|10858,EMX1|GATA6|KCNC1|MAOB|NOS2|PON3|PTGS2|CYP46A1,-0.66,MyList
WikiPathways,27,WP1971,Integrated cancer pathway,,-2.6,11,5.2,30169,49,170,3,1.8,1,580|1111|4312,BARD1|CHEK1|MMP1,-0.65,MyList
GO Biological Processes,19,GO:1901019,regulation of calcium ion transmembrane transporter activity,19_GO:0051179 localization,-2.6,7,4.5,30169,102,170,4,2.4,1.2,2859|4987|5532|9495,GPR35|OPRL1|PPP3CB|AKAP5,-0.65,MyList
GO Biological Processes,19,GO:0048514,blood vessel morphogenesis,19_GO:0032502 developmental process,-2.6,3.4,3.7,30169,421,170,8,4.7,1.6,857|3339|4035|5743|5921|6091|11235|22976,CAV1|HSPG2|LRP1|PTGS2|RASA1|ROBO1|PDCD10|PAXIP1,-0.64,MyList
GO Biological Processes,19,GO:0043255,regulation of carbohydrate biosynthetic process,19_GO:0008152 metabolic process,-2.6,6.9,4.5,30169,103,170,4,2.4,1.2,1642|2033|4485|83667,DDB1|EP300|MST1|SESN2,-0.64,MyList
GO Biological Processes,19,GO:1903008,organelle disassembly,19_GO:0009987 cellular process,-2.6,6.9,4.5,30169,103,170,4,2.4,1.2,664|10533|23192|285636,BNIP3|ATG7|ATG4B|RIMOC1,-0.64,MyList
KEGG Pathway,24,hsa04310,Wnt signaling pathway,,-2.5,5.2,4.2,30169,170,170,5,2.9,1.3,894|2033|5532|9475|23500,CCND2|EP300|PPP3CB|ROCK2|DAAM2,-0.64,MyList
GO Biological Processes,19,GO:1903747,regulation of establishment of protein localization to mitochondrion,19_GO:0051179 localization,-2.5,11,5.1,30169,50,170,3,1.8,1,8314|10425|79778,BAP1|ARIH2|MICALL2,-0.64,MyList
Reactome Gene Sets,6,R-HSA-177929,Signaling by EGFR,,-2.5,11,5.1,30169,50,170,3,1.8,1,102|10253|55824,ADAM10|SPRY2|PAG1,-0.64,MyList
KEGG Pathway,24,hsa00330,Arginine and proline metabolism,,-2.5,11,5.1,30169,50,170,3,1.8,1,217|4129|4843,ALDH2|MAOB|NOS2,-0.64,MyList
GO Biological Processes,19,GO:1902882,regulation of response to oxidative stress,19_GO:0050896 response to stimulus,-2.5,6.8,4.5,30169,104,170,4,2.4,1.2,6421|79772|83667|143686,SFPQ|MCTP1|SESN2|SESN3,-0.64,MyList
GO Biological Processes,19,GO:0000278,mitotic cell cycle,19_GO:0009987 cellular process,-2.5,2.9,3.5,30169,622,170,10,5.9,1.8,351|580|894|1111|5537|5921|8314|9475|10253|256364,APP|BARD1|CCND2|CHEK1|PPP6C|RASA1|BAP1|ROCK2|SPRY2|EML3,-0.64,MyList
GO Biological Processes,19,GO:1904064,positive regulation of cation transmembrane transport,19_GO:0051179 localization,-2.5,5.2,4.1,30169,171,170,5,2.9,1.3,857|3746|5532|9495|23237,CAV1|KCNC1|PPP3CB|AKAP5|ARC,-0.64,MyList
GO Biological Processes,19,GO:1903034,regulation of response to wounding,19_GO:0050896 response to stimulus,-2.5,5.2,4.1,30169,172,170,5,2.9,1.3,538|857|5270|5328|10979,ATP7A|CAV1|SERPINE2|PLAU|FERMT2,-0.63,MyList
GO Biological Processes,19,GO:1901796,regulation of signal transduction by p53 class mediator,19_GO:0023052 signaling,-2.5,6.8,4.5,30169,105,170,4,2.4,1.2,1111|2033|6872|26038,CHEK1|EP300|TAF1|CHD5,-0.63,MyList
GO Biological Processes,19,GO:0048588,developmental cell growth,19_GO:0040007 growth,-2.5,6.8,4.5,30169,105,170,4,2.4,1.2,351|2016|5532|10425,APP|EMX1|PPP3CB|ARIH2,-0.63,MyList
GO Biological Processes,19,GO:0046580,negative regulation of Ras protein signal transduction,19_GO:0023052 signaling,-2.5,10,5.1,30169,51,170,3,1.8,1,5921|9927|10253,RASA1|MFN2|SPRY2,-0.63,MyList
GO Biological Processes,19,GO:0035265,organ growth,19_GO:0040007 growth,-2.5,6.7,4.4,30169,106,170,4,2.4,1.2,2627|3720|5573|10253,GATA6|JARID2|PRKAR1A|SPRY2,-0.62,MyList
GO Biological Processes,19,GO:0021543,pallium development,19_GO:0032502 developmental process,-2.5,5.1,4.1,30169,174,170,5,2.9,1.3,664|2016|6091|6513|26047,BNIP3|EMX1|ROBO1|SLC2A1|CNTNAP2,-0.62,MyList
GO Biological Processes,19,GO:0045216,cell-cell junction organization,19_GO:0009987 cellular process,-2.5,5.1,4.1,30169,174,170,5,2.9,1.3,102|421|9788|10979|79778,ADAM10|ARVCF|MTSS1|FERMT2|MICALL2,-0.62,MyList
GO Biological Processes,19,GO:0007565,female pregnancy,19_GO:0022414 reproductive process,-2.5,5.1,4.1,30169,174,170,5,2.9,1.3,538|2182|2834|5743|6513,ATP7A|ACSL4|PRLHR|PTGS2|SLC2A1,-0.62,MyList
GO Biological Processes,19,GO:0010951,negative regulation of endopeptidase activity,19_GO:0048519 negative regulation of biological process,-2.5,4.2,3.9,30169,252,170,6,3.5,1.4,334|351|3700|5270|5743|64780,APLP2|APP|ITIH4|SERPINE2|PTGS2|MICAL1,-0.62,MyList
GO Biological Processes,19,GO:1903320,regulation of protein modification by small protein conjugation or removal,19_GO:0008152 metabolic process,-2.5,4.2,3.9,30169,252,170,6,3.5,1.4,857|6872|10253|22976|79594|165324,CAV1|TAF1|SPRY2|PAXIP1|MUL1|UBXN2A,-0.62,MyList
GO Biological Processes,19,GO:0001933,negative regulation of protein phosphorylation,19_GO:0048519 negative regulation of biological process,-2.5,3.7,3.7,30169,338,170,7,4.1,1.5,857|4035|5573|10253|23171|57732|64780,CAV1|LRP1|PRKAR1A|SPRY2|GPD1L|ZFYVE28|MICAL1,-0.62,MyList
GO Biological Processes,19,GO:0010823,negative regulation of mitochondrion organization,19_GO:0048519 negative regulation of biological process,-2.5,10,5,30169,52,170,3,1.8,1,599|664|79594,BCL2L2|BNIP3|MUL1,-0.62,MyList
GO Biological Processes,19,GO:0010906,regulation of glucose metabolic process,19_GO:0008152 metabolic process,-2.5,6.6,4.4,30169,107,170,4,2.4,1.2,1642|2033|4485|83667,DDB1|EP300|MST1|SESN2,-0.62,MyList
GO Biological Processes,19,GO:0016049,cell growth,19_GO:0040007 growth,-2.5,6.6,4.4,30169,107,170,4,2.4,1.2,351|2016|5532|10425,APP|EMX1|PPP3CB|ARIH2,-0.62,MyList
GO Biological Processes,19,GO:0009267,cellular response to starvation,19_GO:0050896 response to stimulus,-2.5,5.1,4.1,30169,175,170,5,2.9,1.3,5289|6513|10533|83667|143686,PIK3C3|SLC2A1|ATG7|SESN2|SESN3,-0.62,MyList
GO Biological Processes,19,GO:1903047,mitotic cell cycle process,19_GO:0009987 cellular process,-2.5,3,3.5,30169,529,170,9,5.3,1.7,351|580|894|1111|5537|5921|9475|10253|256364,APP|BARD1|CCND2|CHEK1|PPP6C|RASA1|ROCK2|SPRY2|EML3,-0.62,MyList
GO Biological Processes,19,GO:1902905,positive regulation of supramolecular fiber organization,19_GO:0048518 positive regulation of biological process,-2.5,5,4,30169,176,170,5,2.9,1.3,351|9475|9788|10979|54551,APP|ROCK2|MTSS1|FERMT2|MAGEL2,-0.61,MyList
GO Biological Processes,19,GO:0050680,negative regulation of epithelial cell proliferation,19_GO:0048519 negative regulation of biological process,-2.5,5,4,30169,176,170,5,2.9,1.3,857|6091|9788|11235|80173,CAV1|ROBO1|MTSS1|PDCD10|IFT74,-0.61,MyList
Reactome Gene Sets,6,R-HSA-163685,Integration of energy metabolism,,-2.5,6.6,4.4,30169,108,170,4,2.4,1.2,2182|5573|6513|9495,ACSL4|PRKAR1A|SLC2A1|AKAP5,-0.61,MyList
GO Biological Processes,19,GO:0043065,positive regulation of apoptotic process,19_GO:0048518 positive regulation of biological process,-2.5,3,3.5,30169,532,170,9,5.3,1.7,580|664|857|2627|3399|5743|6421|9927|10533,BARD1|BNIP3|CAV1|GATA6|ID3|PTGS2|SFPQ|MFN2|ATG7,-0.61,MyList
Canonical Pathways,11,M113,PID NFAT 3PATHWAY,,-2.5,10,5,30169,53,170,3,1.8,1,2033|5532|9495,EP300|PPP3CB|AKAP5,-0.61,MyList
WikiPathways,27,WP3286,Copper homeostasis,,-2.5,10,5,30169,53,170,3,1.8,1,102|351|538,ADAM10|APP|ATP7A,-0.61,MyList
GO Biological Processes,19,GO:0019058,viral life cycle,19_GO:0016032 viral process,-2.5,5,4,30169,177,170,5,2.9,1.3,857|1234|1642|3416|4734,CAV1|CCR5|DDB1|IDE|NEDD4,-0.61,MyList
WikiPathways,27,WP5097,CCL18 signaling pathway,,-2.5,9.9,4.9,30169,54,170,3,1.8,1,2033|6513|92140,EP300|SLC2A1|MTDH,-0.59,MyList
GO Biological Processes,19,GO:1902749,regulation of cell cycle G2/M phase transition,19_GO:0050789 regulation of biological process,-2.5,6.5,4.3,30169,110,170,4,2.4,1.2,351|580|1111|22976,APP|BARD1|CHEK1|PAXIP1,-0.59,MyList
GO Biological Processes,19,GO:0007218,neuropeptide signaling pathway,19_GO:0023052 signaling,-2.5,6.5,4.3,30169,110,170,4,2.4,1.2,2834|4987|6753|113091,PRLHR|OPRL1|SSTR3|PTH2,-0.59,MyList
GO Biological Processes,19,GO:0032446,protein modification by small protein conjugation,19_GO:0008152 metabolic process,-2.4,2.6,3.4,30169,749,170,11,6.5,1.9,580|1642|4734|6872|10425|10533|54551|55819|79594|113878|200312,BARD1|DDB1|NEDD4|TAF1|ARIH2|ATG7|MAGEL2|RNF130|MUL1|DTX2|RNF215,-0.58,MyList
GO Biological Processes,19,GO:0051603,proteolysis involved in protein catabolic process,19_GO:0008152 metabolic process,-2.4,2.8,3.4,30169,642,170,10,5.9,1.8,1642|3416|4734|6872|8314|10425|55819|80232|165324|200312,DDB1|IDE|NEDD4|TAF1|BAP1|ARIH2|RNF130|WDR26|UBXN2A|RNF215,-0.58,MyList
GO Biological Processes,19,GO:0051493,regulation of cytoskeleton organization,19_GO:0050789 regulation of biological process,-2.4,3,3.5,30169,539,170,9,5.3,1.7,4035|5921|9475|9788|10979|23500|51225|54551|256364,LRP1|RASA1|ROCK2|MTSS1|FERMT2|DAAM2|ABI3|MAGEL2|EML3,-0.58,MyList
GO Biological Processes,19,GO:0022037,metencephalon development,19_GO:0032502 developmental process,-2.4,6.4,4.3,30169,111,170,4,2.4,1.2,538|3746|5270|6753,ATP7A|KCNC1|SERPINE2|SSTR3,-0.58,MyList
Reactome Gene Sets,6,R-HSA-6794361,Neurexins and neuroligins,,-2.4,9.7,4.9,30169,55,170,3,1.8,1,321|1741|22839,APBA2|DLG3|DLGAP4,-0.58,MyList
GO Biological Processes,19,GO:1904645,response to amyloid-beta,19_GO:0050896 response to stimulus,-2.4,9.7,4.9,30169,55,170,3,1.8,1,351|599|4035,APP|BCL2L2|LRP1,-0.58,MyList
GO Biological Processes,19,GO:0002931,response to ischemia,19_GO:0050896 response to stimulus,-2.4,9.7,4.9,30169,55,170,3,1.8,1,599|857|9475,BCL2L2|CAV1|ROCK2,-0.58,MyList
GO Biological Processes,19,GO:0006338,chromatin remodeling,19_GO:0009987 cellular process,-2.4,3.6,3.6,30169,349,170,7,4.1,1.5,1111|2033|3720|6597|6944|26038|79723,CHEK1|EP300|JARID2|SMARCA4|VPS72|CHD5|SUV39H2,-0.57,MyList
WikiPathways,27,WP3646,Hepatitis C and hepatocellular carcinoma,,-2.4,9.5,4.8,30169,56,170,3,1.8,1,4312|4843|5743,MMP1|NOS2|PTGS2,-0.56,MyList
GO Biological Processes,19,GO:1903170,negative regulation of calcium ion transmembrane transport,19_GO:0051179 localization,-2.4,9.5,4.8,30169,56,170,3,1.8,1,2859|4987|5532,GPR35|OPRL1|PPP3CB,-0.56,MyList
GO Biological Processes,19,GO:0010001,glial cell differentiation,19_GO:0032502 developmental process,-2.4,4.8,3.9,30169,184,170,5,2.9,1.3,351|664|2016|4035|79885,APP|BNIP3|EMX1|LRP1|HDAC11,-0.55,MyList
GO Biological Processes,19,GO:0030323,respiratory tube development,19_GO:0032502 developmental process,-2.4,4.8,3.9,30169,185,170,5,2.9,1.3,538|2033|2627|7289|10253,ATP7A|EP300|GATA6|TULP3|SPRY2,-0.55,MyList
GO Biological Processes,19,GO:0051091,positive regulation of DNA-binding transcription factor activity,19_GO:0008152 metabolic process,-2.4,4,3.7,30169,266,170,6,3.5,1.4,351|857|2033|6597|6872|92140,APP|CAV1|EP300|SMARCA4|TAF1|MTDH,-0.55,MyList
GO Biological Processes,19,GO:0034219,carbohydrate transmembrane transport,19_GO:0051179 localization,-2.4,9.3,4.7,30169,57,170,3,1.8,1,6513|83667|154091,SLC2A1|SESN2|SLC2A12,-0.55,MyList
GO Biological Processes,19,GO:0048168,regulation of neuronal synaptic plasticity,19_GO:0023052 signaling,-2.4,9.3,4.7,30169,57,170,3,1.8,1,351|23237|79772,APP|ARC|MCTP1,-0.55,MyList
GO Biological Processes,19,GO:1901342,regulation of vasculature development,19_GO:0032502 developmental process,-2.4,3.5,3.6,30169,355,170,7,4.1,1.5,102|2627|3339|9475|10253|11235|92140,ADAM10|GATA6|HSPG2|ROCK2|SPRY2|PDCD10|MTDH,-0.55,MyList
Reactome Gene Sets,6,R-HSA-187037,Signaling by NTRK1 (TRKA),,-2.4,6.2,4.2,30169,115,170,4,2.4,1.2,2033|3399|6938|23237,EP300|ID3|TCF12|ARC,-0.55,MyList
GO Biological Processes,19,GO:0032414,positive regulation of ion transmembrane transporter activity,19_GO:0051179 localization,-2.4,6.2,4.2,30169,115,170,4,2.4,1.2,3746|5532|9495|23237,KCNC1|PPP3CB|AKAP5|ARC,-0.55,MyList
GO Biological Processes,19,GO:0034767,positive regulation of ion transmembrane transport,19_GO:0051179 localization,-2.4,4.8,3.9,30169,186,170,5,2.9,1.3,857|3746|5532|9495|23237,CAV1|KCNC1|PPP3CB|AKAP5|ARC,-0.55,MyList
GO Biological Processes,19,GO:0006109,regulation of carbohydrate metabolic process,19_GO:0008152 metabolic process,-2.4,4.8,3.9,30169,186,170,5,2.9,1.3,351|1642|2033|4485|83667,APP|DDB1|EP300|MST1|SESN2,-0.55,MyList
GO Biological Processes,19,GO:0051924,regulation of calcium ion transport,19_GO:0051179 localization,-2.4,4,3.7,30169,268,170,6,3.5,1.4,857|2859|4987|5532|5743|9495,CAV1|GPR35|OPRL1|PPP3CB|PTGS2|AKAP5,-0.54,MyList
GO Biological Processes,19,GO:0007389,pattern specification process,19_GO:0032502 developmental process,-2.4,3.1,3.4,30169,453,170,8,4.7,1.6,2016|2033|7289|23237|23500|23648|57801|80173,EMX1|EP300|TULP3|ARC|DAAM2|SSBP3|HES4|IFT74,-0.54,MyList
GO Biological Processes,19,GO:1901987,regulation of cell cycle phase transition,19_GO:0050789 regulation of biological process,-2.4,3.1,3.4,30169,453,170,8,4.7,1.6,351|580|894|1111|1642|6597|6872|22976,APP|BARD1|CCND2|CHEK1|DDB1|SMARCA4|TAF1|PAXIP1,-0.54,MyList
Reactome Gene Sets,6,R-HSA-2894862,Constitutive Signaling by NOTCH1 HD+PEST Domain Mutants,,-2.4,9.2,4.7,30169,58,170,3,1.8,1,102|2033|79885,ADAM10|EP300|HDAC11,-0.54,MyList
Reactome Gene Sets,6,R-HSA-2644603,Signaling by NOTCH1 in Cancer,,-2.4,9.2,4.7,30169,58,170,3,1.8,1,102|2033|79885,ADAM10|EP300|HDAC11,-0.54,MyList
Reactome Gene Sets,6,R-HSA-2644606,Constitutive Signaling by NOTCH1 PEST Domain Mutants,,-2.4,9.2,4.7,30169,58,170,3,1.8,1,102|2033|79885,ADAM10|EP300|HDAC11,-0.54,MyList
Reactome Gene Sets,6,R-HSA-2894858,Signaling by NOTCH1 HD+PEST Domain Mutants in Cancer,,-2.4,9.2,4.7,30169,58,170,3,1.8,1,102|2033|79885,ADAM10|EP300|HDAC11,-0.54,MyList
GO Biological Processes,19,GO:0051058,negative regulation of small GTPase mediated signal transduction,19_GO:0023052 signaling,-2.4,9.2,4.7,30169,58,170,3,1.8,1,5921|9927|10253,RASA1|MFN2|SPRY2,-0.54,MyList
Reactome Gene Sets,6,R-HSA-2644602,Signaling by NOTCH1 PEST Domain Mutants in Cancer,,-2.4,9.2,4.7,30169,58,170,3,1.8,1,102|2033|79885,ADAM10|EP300|HDAC11,-0.54,MyList
GO Biological Processes,19,GO:1903169,regulation of calcium ion transmembrane transport,19_GO:0051179 localization,-2.4,4.7,3.9,30169,188,170,5,2.9,1.3,857|2859|4987|5532|9495,CAV1|GPR35|OPRL1|PPP3CB|AKAP5,-0.54,MyList
GO Biological Processes,19,GO:0051090,regulation of DNA-binding transcription factor activity,19_GO:0008152 metabolic process,-2.4,3.1,3.4,30169,454,170,8,4.7,1.6,351|857|2033|3399|6597|6872|22976|92140,APP|CAV1|EP300|ID3|SMARCA4|TAF1|PAXIP1|MTDH,-0.54,MyList
GO Biological Processes,19,GO:0003018,vascular process in circulatory system,19_GO:0032501 multicellular organismal process,-2.4,3.9,3.7,30169,270,170,6,3.5,1.4,857|4035|5743|6513|9475|10979,CAV1|LRP1|PTGS2|SLC2A1|ROCK2|FERMT2,-0.54,MyList
GO Biological Processes,19,GO:0051896,regulation of protein kinase B signaling,19_GO:0023052 signaling,-2.4,4.7,3.8,30169,189,170,5,2.9,1.3,10253|10979|79594|92140|143686,SPRY2|FERMT2|MUL1|MTDH|SESN3,-0.53,MyList
Canonical Pathways,11,M17,PID NOTCH PATHWAY,,-2.3,9,4.6,30169,59,170,3,1.8,1,102|2033|23013,ADAM10|EP300|SPEN,-0.53,MyList
Canonical Pathways,11,M166,PID ATF2 PATHWAY,,-2.3,9,4.6,30169,59,170,3,1.8,1,2033|4843|5328,EP300|NOS2|PLAU,-0.53,MyList
GO Biological Processes,19,GO:0072666,establishment of protein localization to vacuole,19_GO:0051179 localization,-2.3,9,4.6,30169,59,170,3,1.8,1,4734|5289|200312,NEDD4|PIK3C3|RNF215,-0.53,MyList
GO Biological Processes,19,GO:0071709,membrane assembly,19_GO:0009987 cellular process,-2.3,9,4.6,30169,59,170,3,1.8,1,857|11252|165324,CAV1|PACSIN2|UBXN2A,-0.53,MyList
Reactome Gene Sets,6,R-HSA-3700989,Transcriptional Regulation by TP53,,-2.3,3.4,3.5,30169,362,170,7,4.1,1.5,580|1111|2033|6872|9156|83667|143686,BARD1|CHEK1|EP300|TAF1|EXO1|SESN2|SESN3,-0.53,MyList
GO Biological Processes,19,GO:0043434,response to peptide hormone,19_GO:0050896 response to stimulus,-2.3,3.4,3.5,30169,363,170,7,4.1,1.5,857|3416|5743|6513|9475|83667|143686,CAV1|IDE|PTGS2|SLC2A1|ROCK2|SESN2|SESN3,-0.52,MyList
GO Biological Processes,19,GO:0044282,small molecule catabolic process,19_GO:0008152 metabolic process,-2.3,3.4,3.5,30169,363,170,7,4.1,1.5,217|1962|2571|4843|5446|10858|83667,ALDH2|EHHADH|GAD1|NOS2|PON3|CYP46A1|SESN2,-0.52,MyList
GO Biological Processes,19,GO:0030198,extracellular matrix organization,19_GO:0009987 cellular process,-2.3,3.9,3.6,30169,274,170,6,3.5,1.4,102|351|538|857|1302|4312,ADAM10|APP|ATP7A|CAV1|COL11A2|MMP1,-0.52,MyList
GO Biological Processes,19,GO:0043062,extracellular structure organization,19_GO:0009987 cellular process,-2.3,3.9,3.6,30169,275,170,6,3.5,1.4,102|351|538|857|1302|4312,ADAM10|APP|ATP7A|CAV1|COL11A2|MMP1,-0.51,MyList
WikiPathways,27,WP4946,"DNA repair pathways, full network",,-2.3,5.9,4.1,30169,120,170,4,2.4,1.2,1111|1642|2072|9156,CHEK1|DDB1|ERCC4|EXO1,-0.51,MyList
GO Biological Processes,19,GO:0007613,memory,19_GO:0032501 multicellular organismal process,-2.3,5.9,4.1,30169,120,170,4,2.4,1.2,894|5532|5743|23237,CCND2|PPP3CB|PTGS2|ARC,-0.51,MyList
Reactome Gene Sets,6,R-HSA-9711123,Cellular response to chemical stress,,-2.3,4.6,3.8,30169,194,170,5,2.9,1.3,538|644|2033|79594|83667,ATP7A|BLVRA|EP300|MUL1|SESN2,-0.51,MyList
KEGG Pathway,24,hsa05167,Kaposi sarcoma-associated herpesvirus infection,,-2.3,4.6,3.8,30169,194,170,5,2.9,1.3,1234|2033|5289|5532|5743,CCR5|EP300|PIK3C3|PPP3CB|PTGS2,-0.51,MyList
GO Biological Processes,19,GO:0010952,positive regulation of peptidase activity,19_GO:0048518 positive regulation of biological process,-2.3,4.6,3.8,30169,194,170,5,2.9,1.3,351|857|6091|9475|79594,APP|CAV1|ROBO1|ROCK2|MUL1,-0.51,MyList
GO Biological Processes,19,GO:0032355,response to estradiol,19_GO:0050896 response to stimulus,-2.3,5.9,4,30169,121,170,4,2.4,1.2,599|4987|5743|6753,BCL2L2|OPRL1|PTGS2|SSTR3,-0.51,MyList
GO Biological Processes,19,GO:0031667,response to nutrient levels,19_GO:0050896 response to stimulus,-2.3,3.1,3.4,30169,464,170,8,4.7,1.6,664|5289|5743|6513|6753|10533|83667|143686,BNIP3|PIK3C3|PTGS2|SLC2A1|SSTR3|ATG7|SESN2|SESN3,-0.51,MyList
GO Biological Processes,19,GO:0045229,external encapsulating structure organization,19_GO:0009987 cellular process,-2.3,3.8,3.6,30169,277,170,6,3.5,1.4,102|351|538|857|1302|4312,ADAM10|APP|ATP7A|CAV1|COL11A2|MMP1,-0.51,MyList
GO Biological Processes,19,GO:0098900,regulation of action potential,19_GO:0050789 regulation of biological process,-2.3,8.7,4.5,30169,61,170,3,1.8,1,857|2859|57657,CAV1|GPR35|HCN3,-0.51,MyList
GO Biological Processes,19,GO:0043967,histone H4 acetylation,19_GO:0008152 metabolic process,-2.3,8.7,4.5,30169,61,170,3,1.8,1,2033|6944|26038,EP300|VPS72|CHD5,-0.51,MyList
GO Biological Processes,19,GO:0110053,regulation of actin filament organization,19_GO:0050789 regulation of biological process,-2.3,3.8,3.6,30169,278,170,6,3.5,1.4,5921|9475|9788|10979|23500|54551,RASA1|ROCK2|MTSS1|FERMT2|DAAM2|MAGEL2,-0.5,MyList
GO Biological Processes,19,GO:0042157,lipoprotein metabolic process,19_GO:0008152 metabolic process,-2.3,5.8,4,30169,122,170,4,2.4,1.2,341|5289|10533|254359,APOC1|PIK3C3|ATG7|ZDHHC24,-0.5,MyList
GO Biological Processes,19,GO:0043543,protein acylation,19_GO:0008152 metabolic process,-2.3,4.5,3.7,30169,196,170,5,2.9,1.3,2033|6872|6944|26038|254359,EP300|TAF1|VPS72|CHD5|ZDHHC24,-0.5,MyList
GO Biological Processes,19,GO:0045428,regulation of nitric oxide biosynthetic process,19_GO:0008152 metabolic process,-2.3,8.6,4.5,30169,62,170,3,1.8,1,857|5743|9475,CAV1|PTGS2|ROCK2,-0.5,MyList
GO Biological Processes,19,GO:0032233,positive regulation of actin filament bundle assembly,19_GO:0048518 positive regulation of biological process,-2.3,8.6,4.5,30169,62,170,3,1.8,1,9475|9788|10979,ROCK2|MTSS1|FERMT2,-0.5,MyList
Canonical Pathways,11,M54,PID IL12 2PATHWAY,,-2.3,8.6,4.5,30169,62,170,3,1.8,1,1234|4843|5532,CCR5|NOS2|PPP3CB,-0.5,MyList
GO Biological Processes,19,GO:0046902,regulation of mitochondrial membrane permeability,19_GO:0051179 localization,-2.3,8.6,4.5,30169,62,170,3,1.8,1,599|664|79594,BCL2L2|BNIP3|MUL1,-0.5,MyList
GO Biological Processes,19,GO:0099601,regulation of neurotransmitter receptor activity,19_GO:0023052 signaling,-2.3,8.6,4.5,30169,62,170,3,1.8,1,351|22839|23237,APP|DLGAP4|ARC,-0.5,MyList
GO Biological Processes,19,GO:0006511,ubiquitin-dependent protein catabolic process,19_GO:0008152 metabolic process,-2.3,2.8,3.3,30169,571,170,9,5.3,1.7,1642|4734|6872|8314|10425|55819|80232|165324|200312,DDB1|NEDD4|TAF1|BAP1|ARIH2|RNF130|WDR26|UBXN2A|RNF215,-0.49,MyList
GO Biological Processes,19,GO:0016567,protein ubiquitination,19_GO:0008152 metabolic process,-2.3,2.6,3.2,30169,680,170,10,5.9,1.8,580|1642|4734|6872|10425|54551|55819|79594|113878|200312,BARD1|DDB1|NEDD4|TAF1|ARIH2|MAGEL2|RNF130|MUL1|DTX2|RNF215,-0.49,MyList
Reactome Gene Sets,6,R-HSA-9033241,Peroxisomal protein import,,-2.3,8.5,4.5,30169,63,170,3,1.8,1,1962|3416|4843,EHHADH|IDE|NOS2,-0.49,MyList
Canonical Pathways,11,M10,PID BCR 5PATHWAY,,-2.3,8.5,4.5,30169,63,170,3,1.8,1,5532|5921|55824,PPP3CB|RASA1|PAG1,-0.49,MyList
GO Biological Processes,19,GO:0044091,membrane biogenesis,19_GO:0009987 cellular process,-2.3,8.5,4.5,30169,63,170,3,1.8,1,857|11252|165324,CAV1|PACSIN2|UBXN2A,-0.49,MyList
KEGG Pathway,24,hsa00310,Lysine degradation,,-2.3,8.5,4.5,30169,63,170,3,1.8,1,217|1962|79723,ALDH2|EHHADH|SUV39H2,-0.49,MyList
Reactome Gene Sets,6,R-HSA-381426,Regulation of Insulin-like Growth Factor (IGF) transport and uptake by Insulin-like Growth Factor Binding Proteins (IGFBPs),,-2.3,5.7,3.9,30169,125,170,4,2.4,1.2,102|334|351|4312,ADAM10|APLP2|APP|MMP1,-0.48,MyList
GO Biological Processes,19,GO:1904375,regulation of protein localization to cell periphery,19_GO:0051179 localization,-2.3,5.7,3.9,30169,125,170,4,2.4,1.2,102|4035|9495|51225,ADAM10|LRP1|AKAP5|ABI3,-0.48,MyList
GO Biological Processes,19,GO:0001952,regulation of cell-matrix adhesion,19_GO:0050789 regulation of biological process,-2.3,5.7,3.9,30169,125,170,4,2.4,1.2,5328|5921|9475|10979,PLAU|RASA1|ROCK2|FERMT2,-0.48,MyList
Reactome Gene Sets,6,R-HSA-9675108,Nervous system development,,-2.3,2.8,3.2,30169,577,170,9,5.3,1.7,102|1741|4753|5532|5921|6091|6597|9475|9495,ADAM10|DLG3|NELL2|PPP3CB|RASA1|ROBO1|SMARCA4|ROCK2|AKAP5,-0.48,MyList
Reactome Gene Sets,6,R-HSA-1442490,Collagen degradation,,-2.2,8.3,4.4,30169,64,170,3,1.8,1,102|1302|4312,ADAM10|COL11A2|MMP1,-0.47,MyList
GO Biological Processes,19,GO:0032411,positive regulation of transporter activity,19_GO:0051179 localization,-2.2,5.6,3.9,30169,126,170,4,2.4,1.2,3746|5532|9495|23237,KCNC1|PPP3CB|AKAP5|ARC,-0.47,MyList
Reactome Gene Sets,6,R-HSA-375276,Peptide ligand-binding receptors,,-2.2,4.4,3.7,30169,201,170,5,2.9,1.3,351|1234|2834|4987|6753,APP|CCR5|PRLHR|OPRL1|SSTR3,-0.47,MyList
GO Biological Processes,19,GO:0019941,modification-dependent protein catabolic process,19_GO:0008152 metabolic process,-2.2,2.7,3.2,30169,581,170,9,5.3,1.7,1642|4734|6872|8314|10425|55819|80232|165324|200312,DDB1|NEDD4|TAF1|BAP1|ARIH2|RNF130|WDR26|UBXN2A|RNF215,-0.46,MyList
GO Biological Processes,19,GO:0016573,histone acetylation,19_GO:0008152 metabolic process,-2.2,5.6,3.9,30169,127,170,4,2.4,1.2,2033|6872|6944|26038,EP300|TAF1|VPS72|CHD5,-0.46,MyList
GO Biological Processes,19,GO:0060560,developmental growth involved in morphogenesis,19_GO:0040007 growth,-2.2,5.6,3.9,30169,127,170,4,2.4,1.2,351|2016|5532|10253,APP|EMX1|PPP3CB|SPRY2,-0.46,MyList
GO Biological Processes,19,GO:0080164,regulation of nitric oxide metabolic process,19_GO:0008152 metabolic process,-2.2,8.2,4.4,30169,65,170,3,1.8,1,857|5743|9475,CAV1|PTGS2|ROCK2,-0.46,MyList
GO Biological Processes,19,GO:0032507,maintenance of protein location in cell,19_GO:0051179 localization,-2.2,8.2,4.4,30169,65,170,3,1.8,1,580|857|23515,BARD1|CAV1|MORC3,-0.46,MyList
GO Biological Processes,19,GO:0042326,negative regulation of phosphorylation,19_GO:0048519 negative regulation of biological process,-2.2,3.3,3.3,30169,381,170,7,4.1,1.5,857|4035|5573|10253|23171|57732|64780,CAV1|LRP1|PRKAR1A|SPRY2|GPD1L|ZFYVE28|MICAL1,-0.46,MyList
GO Biological Processes,19,GO:0043270,positive regulation of ion transport,19_GO:0051179 localization,-2.2,3.7,3.5,30169,289,170,6,3.5,1.4,857|3746|5532|9495|23171|23237,CAV1|KCNC1|PPP3CB|AKAP5|GPD1L|ARC,-0.45,MyList
Reactome Gene Sets,6,R-HSA-6782135,Dual incision in TC-NER,,-2.2,8.1,4.3,30169,66,170,3,1.8,1,1642|2033|2072,DDB1|EP300|ERCC4,-0.45,MyList
GO Biological Processes,19,GO:1902903,regulation of supramolecular fiber organization,19_GO:0050789 regulation of biological process,-2.2,3.2,3.3,30169,384,170,7,4.1,1.5,351|5921|9475|9788|10979|23500|54551,APP|RASA1|ROCK2|MTSS1|FERMT2|DAAM2|MAGEL2,-0.44,MyList
GO Biological Processes,19,GO:0040029,epigenetic regulation of gene expression,19_GO:0008152 metabolic process,-2.2,5.4,3.8,30169,131,170,4,2.4,1.2,1111|2033|3720|6944,CHEK1|EP300|JARID2|VPS72,-0.42,MyList
GO Biological Processes,19,GO:0006468,protein phosphorylation,19_GO:0008152 metabolic process,-2.2,2.5,3.1,30169,701,170,10,5.9,1.8,102|351|857|1111|5289|5532|6872|9149|9475|23515,ADAM10|APP|CAV1|CHEK1|PIK3C3|PPP3CB|TAF1|DYRK1B|ROCK2|MORC3,-0.42,MyList
GO Biological Processes,19,GO:0043632,modification-dependent macromolecule catabolic process,19_GO:0008152 metabolic process,-2.2,2.7,3.1,30169,593,170,9,5.3,1.7,1642|4734|6872|8314|10425|55819|80232|165324|200312,DDB1|NEDD4|TAF1|BAP1|ARIH2|RNF130|WDR26|UBXN2A|RNF215,-0.42,MyList
Reactome Gene Sets,6,R-HSA-5693567,HDR through Homologous Recombination (HRR) or Single Strand Annealing (SSA),,-2.2,5.4,3.8,30169,132,170,4,2.4,1.2,580|1111|2072|9156,BARD1|CHEK1|ERCC4|EXO1,-0.42,MyList
WikiPathways,27,WP366,TGF-beta signaling pathway,,-2.2,5.4,3.8,30169,132,170,4,2.4,1.2,351|857|2033|4312,APP|CAV1|EP300|MMP1,-0.42,MyList
WikiPathways,27,WP3942,PPAR signaling pathway,,-2.2,7.8,4.2,30169,68,170,3,1.8,1,1962|2182|4312,EHHADH|ACSL4|MMP1,-0.42,MyList
Reactome Gene Sets,6,R-HSA-5685942,HDR through Homologous Recombination (HRR),,-2.2,7.8,4.2,30169,68,170,3,1.8,1,580|1111|9156,BARD1|CHEK1|EXO1,-0.42,MyList
GO Biological Processes,19,GO:0034330,cell junction organization,19_GO:0009987 cellular process,-2.2,2.9,3.2,30169,489,170,8,4.7,1.6,102|351|421|4734|9788|10979|23237|79778,ADAM10|APP|ARVCF|NEDD4|MTSS1|FERMT2|ARC|MICALL2,-0.42,MyList
GO Biological Processes,19,GO:0031396,regulation of protein ubiquitination,19_GO:0008152 metabolic process,-2.2,4.2,3.5,30169,210,170,5,2.9,1.3,857|6872|10253|22976|165324,CAV1|TAF1|SPRY2|PAXIP1|UBXN2A,-0.41,MyList
GO Biological Processes,19,GO:0018393,internal peptidyl-lysine acetylation,19_GO:0008152 metabolic process,-2.2,5.3,3.8,30169,133,170,4,2.4,1.2,2033|6872|6944|26038,EP300|TAF1|VPS72|CHD5,-0.41,MyList
KEGG Pathway,24,hsa05031,Amphetamine addiction,,-2.2,7.7,4.2,30169,69,170,3,1.8,1,4129|5532|23237,MAOB|PPP3CB|ARC,-0.41,MyList
Reactome Gene Sets,6,R-HSA-372790,Signaling by GPCR,,-2.2,2.5,3.1,30169,708,170,10,5.9,1.8,351|1234|2834|2859|4987|5532|5573|6753|9475|113091,APP|CCR5|PRLHR|GPR35|OPRL1|PPP3CB|PRKAR1A|SSTR3|ROCK2|PTH2,-0.4,MyList
Reactome Gene Sets,6,R-HSA-166520,Signaling by NTRKs,,-2.1,5.3,3.8,30169,134,170,4,2.4,1.2,2033|3399|6938|23237,EP300|ID3|TCF12|ARC,-0.4,MyList
GO Biological Processes,19,GO:0009991,response to extracellular stimulus,19_GO:0050896 response to stimulus,-2.1,2.9,3.2,30169,494,170,8,4.7,1.6,664|5289|5743|6513|6753|10533|83667|143686,BNIP3|PIK3C3|PTGS2|SLC2A1|SSTR3|ATG7|SESN2|SESN3,-0.4,MyList
GO Biological Processes,19,GO:1900180,regulation of protein localization to nucleus,19_GO:0051179 localization,-2.1,5.3,3.7,30169,135,170,4,2.4,1.2,5743|10576|10979|83667,PTGS2|CCT2|FERMT2|SESN2,-0.4,MyList
GO Biological Processes,19,GO:0006475,internal protein amino acid acetylation,19_GO:0008152 metabolic process,-2.1,5.3,3.7,30169,135,170,4,2.4,1.2,2033|6872|6944|26038,EP300|TAF1|VPS72|CHD5,-0.4,MyList
GO Biological Processes,19,GO:0009952,anterior/posterior pattern specification,19_GO:0032502 developmental process,-2.1,4.2,3.5,30169,213,170,5,2.9,1.3,2033|7289|23237|23648|57801,EP300|TULP3|ARC|SSBP3|HES4,-0.4,MyList
GO Biological Processes,19,GO:0031623,receptor internalization,19_GO:0051179 localization,-2.1,7.6,4.2,30169,70,170,3,1.8,1,857|4035|4734,CAV1|LRP1|NEDD4,-0.4,MyList
GO Biological Processes,19,GO:1901016,regulation of potassium ion transmembrane transporter activity,19_GO:0051179 localization,-2.1,7.6,4.2,30169,70,170,3,1.8,1,857|3746|4734,CAV1|KCNC1|NEDD4,-0.4,MyList
GO Biological Processes,19,GO:0030193,regulation of blood coagulation,19_GO:0032501 multicellular organismal process,-2.1,7.6,4.2,30169,70,170,3,1.8,1,857|5270|5328,CAV1|SERPINE2|PLAU,-0.4,MyList
GO Biological Processes,19,GO:0001570,vasculogenesis,19_GO:0032502 developmental process,-2.1,7.6,4.2,30169,70,170,3,1.8,1,857|5921|22976,CAV1|RASA1|PAXIP1,-0.4,MyList
GO Biological Processes,19,GO:0043627,response to estrogen,19_GO:0050896 response to stimulus,-2.1,7.6,4.2,30169,70,170,3,1.8,1,857|2033|2627,CAV1|EP300|GATA6,-0.4,MyList
Canonical Pathways,11,M167,PID AP1 PATHWAY,,-2.1,7.6,4.2,30169,70,170,3,1.8,1,2033|4312|5328,EP300|MMP1|PLAU,-0.4,MyList
GO Biological Processes,19,GO:0018394,peptidyl-lysine acetylation,19_GO:0008152 metabolic process,-2.1,5.2,3.7,30169,136,170,4,2.4,1.2,2033|6872|6944|26038,EP300|TAF1|VPS72|CHD5,-0.39,MyList
GO Biological Processes,19,GO:0007623,circadian rhythm,19_GO:0048511 rhythmic process,-2.1,5.2,3.7,30169,136,170,4,2.4,1.2,2033|3399|4843|285382,EP300|ID3|NOS2|C3orf70,-0.39,MyList
GO Biological Processes,19,GO:0006281,DNA repair,19_GO:0050896 response to stimulus,-2.1,2.9,3.1,30169,498,170,8,4.7,1.6,580|1111|1642|2072|6421|9149|9156|22976,BARD1|CHEK1|DDB1|ERCC4|SFPQ|DYRK1B|EXO1|PAXIP1,-0.39,MyList
GO Biological Processes,19,GO:0030029,actin filament-based process,19_GO:0009987 cellular process,-2.1,2.6,3.1,30169,606,170,9,5.3,1.7,5573|9475|9788|11252|23171|23500|54551|64780|79778,PRKAR1A|ROCK2|MTSS1|PACSIN2|GPD1L|DAAM2|MAGEL2|MICAL1|MICALL2,-0.39,MyList
GO Biological Processes,19,GO:0061041,regulation of wound healing,19_GO:0050896 response to stimulus,-2.1,5.2,3.7,30169,137,170,4,2.4,1.2,857|5270|5328|10979,CAV1|SERPINE2|PLAU|FERMT2,-0.39,MyList
Canonical Pathways,11,M145,PID P53 DOWNSTREAM PATHWAY,,-2.1,5.2,3.7,30169,137,170,4,2.4,1.2,599|857|2033|6597,BCL2L2|CAV1|EP300|SMARCA4,-0.39,MyList
GO Biological Processes,19,GO:0030855,epithelial cell differentiation,19_GO:0032502 developmental process,-2.1,2.6,3.1,30169,607,170,9,5.3,1.7,857|1755|2016|2627|3399|9317|9788|54768|80173,CAV1|DMBT1|EMX1|GATA6|ID3|PTER|MTSS1|HYDIN|IFT74,-0.38,MyList
GO Biological Processes,19,GO:0045596,negative regulation of cell differentiation,19_GO:0032502 developmental process,-2.1,2.5,3,30169,718,170,10,5.9,1.8,351|857|3399|6597|10253|10979|23500|51621|55796|152330,APP|CAV1|ID3|SMARCA4|SPRY2|FERMT2|DAAM2|KLF13|MBNL3|CNTN4,-0.38,MyList
GO Biological Processes,19,GO:0006325,chromatin organization,19_GO:0009987 cellular process,-2.1,2.6,3.1,30169,608,170,9,5.3,1.7,1111|2033|3720|6597|6944|8314|26038|79723|79885,CHEK1|EP300|JARID2|SMARCA4|VPS72|BAP1|CHD5|SUV39H2|HDAC11,-0.38,MyList
GO Biological Processes,19,GO:0051056,regulation of small GTPase mediated signal transduction,19_GO:0023052 signaling,-2.1,3.5,3.3,30169,305,170,6,3.5,1.4,2859|5662|5921|6091|9927|10253,GPR35|PSD|RASA1|ROBO1|MFN2|SPRY2,-0.38,MyList
Reactome Gene Sets,6,R-HSA-5693538,Homology Directed Repair,,-2.1,5.1,3.7,30169,138,170,4,2.4,1.2,580|1111|2072|9156,BARD1|CHEK1|ERCC4|EXO1,-0.38,MyList
GO Biological Processes,19,GO:0044000,movement in host,19_GO:0044419 biological process involved in interspecies interaction between organisms,-2.1,5.1,3.7,30169,138,170,4,2.4,1.2,857|1234|1642|3416,CAV1|CCR5|DDB1|IDE,-0.38,MyList
GO Biological Processes,19,GO:0055074,calcium ion homeostasis,19_GO:0065007 biological regulation,-2.1,4.1,3.4,30169,217,170,5,2.9,1.3,351|664|857|23241|56172,APP|BNIP3|CAV1|PACS2|ANKH,-0.38,MyList
GO Biological Processes,19,GO:1900046,regulation of hemostasis,19_GO:0050789 regulation of biological process,-2.1,7.4,4.1,30169,72,170,3,1.8,1,857|5270|5328,CAV1|SERPINE2|PLAU,-0.38,MyList
GO Biological Processes,19,GO:0061061,muscle structure development,19_GO:0032502 developmental process,-2.1,2.8,3.1,30169,503,170,8,4.7,1.6,857|2033|2627|3399|5532|5573|6938|9149,CAV1|EP300|GATA6|ID3|PPP3CB|PRKAR1A|TCF12|DYRK1B,-0.38,MyList
GO Biological Processes,19,GO:0061515,myeloid cell development,19_GO:0002376 immune system process,-2.1,7.3,4.1,30169,73,170,3,1.8,1,351|2033|8314,APP|EP300|BAP1,-0.37,MyList
Reactome Gene Sets,6,R-HSA-1474228,Degradation of the extracellular matrix,,-2.1,5.1,3.6,30169,140,170,4,2.4,1.2,102|1302|3339|4312,ADAM10|COL11A2|HSPG2|MMP1,-0.37,MyList
GO Biological Processes,19,GO:0010638,positive regulation of organelle organization,19_GO:0048518 positive regulation of biological process,-2.1,2.8,3.1,30169,508,170,8,4.7,1.6,664|6421|9475|9788|10576|10979|54551|79594,BNIP3|SFPQ|ROCK2|MTSS1|CCT2|FERMT2|MAGEL2|MUL1,-0.36,MyList
KEGG Pathway,24,hsa04140,Autophagy - animal,,-2.1,5,3.6,30169,141,170,4,2.4,1.2,664|5289|10533|23192,BNIP3|PIK3C3|ATG7|ATG4B,-0.36,MyList
KEGG Pathway,24,hsa05206,MicroRNAs in cancer,,-2.1,3.4,3.2,30169,310,170,6,3.5,1.4,599|894|2033|5328|5743|10253,BCL2L2|CCND2|EP300|PLAU|PTGS2|SPRY2,-0.36,MyList
GO Biological Processes,19,GO:0090066,regulation of anatomical structure size,19_GO:0065007 biological regulation,-2.1,2.8,3.1,30169,509,170,8,4.7,1.6,538|857|5743|5921|9475|10723|23500|80131,ATP7A|CAV1|PTGS2|RASA1|ROCK2|SLC12A7|DAAM2|LRRC8E,-0.36,MyList
KEGG Pathway,24,hsa05166,Human T-cell leukemia virus 1 infection,,-2.1,4,3.4,30169,222,170,5,2.9,1.3,894|1111|2033|5532|6513,CCND2|CHEK1|EP300|PPP3CB|SLC2A1,-0.35,MyList
GO Biological Processes,19,GO:2001020,regulation of response to DNA damage stimulus,19_GO:0050896 response to stimulus,-2.1,3.4,3.2,30169,312,170,6,3.5,1.4,580|1111|2072|6597|6944|22976,BARD1|CHEK1|ERCC4|SMARCA4|VPS72|PAXIP1,-0.35,MyList
GO Biological Processes,19,GO:0097190,apoptotic signaling pathway,19_GO:0023052 signaling,-2.1,3.4,3.2,30169,312,170,6,3.5,1.4,599|664|857|2033|6753|11235,BCL2L2|BNIP3|CAV1|EP300|SSTR3|PDCD10,-0.35,MyList
GO Biological Processes,19,GO:0031669,cellular response to nutrient levels,19_GO:0050896 response to stimulus,-2.1,4,3.4,30169,223,170,5,2.9,1.3,5289|6513|10533|83667|143686,PIK3C3|SLC2A1|ATG7|SESN2|SESN3,-0.35,MyList
GO Biological Processes,19,GO:0050818,regulation of coagulation,19_GO:0032501 multicellular organismal process,-2.1,7.1,4,30169,75,170,3,1.8,1,857|5270|5328,CAV1|SERPINE2|PLAU,-0.35,MyList
GO Biological Processes,19,GO:0016239,positive regulation of macroautophagy,19_GO:0048518 positive regulation of biological process,-2.1,7.1,4,30169,75,170,3,1.8,1,664|83667|143686,BNIP3|SESN2|SESN3,-0.35,MyList
KEGG Pathway,24,hsa03320,PPAR signaling pathway,,-2.1,7.1,4,30169,75,170,3,1.8,1,1962|2182|4312,EHHADH|ACSL4|MMP1,-0.35,MyList
GO Biological Processes,19,GO:0045661,regulation of myoblast differentiation,19_GO:0032502 developmental process,-2.1,7.1,4,30169,75,170,3,1.8,1,3399|6597|55796,ID3|SMARCA4|MBNL3,-0.35,MyList
GO Biological Processes,19,GO:0072665,protein localization to vacuole,19_GO:0051179 localization,-2.1,7.1,4,30169,75,170,3,1.8,1,4734|5289|200312,NEDD4|PIK3C3|RNF215,-0.35,MyList
GO Biological Processes,19,GO:0051046,regulation of secretion,19_GO:0051179 localization,-2,2.6,3,30169,623,170,9,5.3,1.7,321|2182|4129|4843|4987|5289|5532|64780|79772,APBA2|ACSL4|MAOB|NOS2|OPRL1|PIK3C3|PPP3CB|MICAL1|MCTP1,-0.34,MyList
GO Biological Processes,19,GO:0055065,metal ion homeostasis,19_GO:0065007 biological regulation,-2,3,3.1,30169,412,170,7,4.1,1.5,351|538|664|857|10723|23241|56172,APP|ATP7A|BNIP3|CAV1|SLC12A7|PACS2|ANKH,-0.34,MyList
WikiPathways,27,WP2853,Endoderm differentiation,,-2,4.9,3.6,30169,144,170,4,2.4,1.2,351|2627|3720|154091,APP|GATA6|JARID2|SLC2A12,-0.34,MyList
GO Biological Processes,19,GO:0010508,positive regulation of autophagy,19_GO:0048518 positive regulation of biological process,-2,4.9,3.6,30169,144,170,4,2.4,1.2,664|83667|92140|143686,BNIP3|SESN2|MTDH|SESN3,-0.34,MyList
GO Biological Processes,19,GO:0046395,carboxylic acid catabolic process,19_GO:0008152 metabolic process,-2,3.9,3.3,30169,225,170,5,2.9,1.3,1962|2571|4843|5446|83667,EHHADH|GAD1|NOS2|PON3|SESN2,-0.34,MyList
WikiPathways,27,WP24,Peptide GPCRs,,-2,7,3.9,30169,76,170,3,1.8,1,1234|4987|6753,CCR5|OPRL1|SSTR3,-0.34,MyList
GO Biological Processes,19,GO:0040008,regulation of growth,19_GO:0040007 growth,-2,2.6,3,30169,624,170,9,5.3,1.7,102|351|2627|3720|5270|6597|8314|79594|83667,ADAM10|APP|GATA6|JARID2|SERPINE2|SMARCA4|BAP1|MUL1|SESN2,-0.34,MyList
GO Biological Processes,19,GO:0070848,response to growth factor,19_GO:0050896 response to stimulus,-2,2.7,3,30169,519,170,8,4.7,1.6,351|538|857|2627|3746|9475|10253|10979,APP|ATP7A|CAV1|GATA6|KCNC1|ROCK2|SPRY2|FERMT2,-0.33,MyList
GO Biological Processes,19,GO:0090559,regulation of membrane permeability,19_GO:0065007 biological regulation,-2,6.9,3.9,30169,77,170,3,1.8,1,599|664|79594,BCL2L2|BNIP3|MUL1,-0.33,MyList
GO Biological Processes,19,GO:0034968,histone lysine methylation,19_GO:0008152 metabolic process,-2,6.9,3.9,30169,77,170,3,1.8,1,22976|26038|79723,PAXIP1|CHD5|SUV39H2,-0.33,MyList
GO Biological Processes,19,GO:1901616,organic hydroxy compound catabolic process,19_GO:0008152 metabolic process,-2,6.9,3.9,30169,77,170,3,1.8,1,217|4129|10858,ALDH2|MAOB|CYP46A1,-0.33,MyList
GO Biological Processes,19,GO:1903036,positive regulation of response to wounding,19_GO:0048518 positive regulation of biological process,-2,6.9,3.9,30169,77,170,3,1.8,1,538|5328|10979,ATP7A|PLAU|FERMT2,-0.33,MyList
Reactome Gene Sets,6,R-HSA-418594,G alpha (i) signalling events,,-2,3.3,3.2,30169,318,170,6,3.5,1.4,351|1234|4987|5532|5573|6753,APP|CCR5|OPRL1|PPP3CB|PRKAR1A|SSTR3,-0.33,MyList
GO Biological Processes,19,GO:0016054,organic acid catabolic process,19_GO:0008152 metabolic process,-2,3.9,3.3,30169,229,170,5,2.9,1.3,1962|2571|4843|5446|83667,EHHADH|GAD1|NOS2|PON3|SESN2,-0.32,MyList
GO Biological Processes,19,GO:0071902,positive regulation of protein serine/threonine kinase activity,19_GO:0048518 positive regulation of biological process,-2,3.9,3.3,30169,229,170,5,2.9,1.3,894|6091|10253|10979|11235,CCND2|ROBO1|SPRY2|FERMT2|PDCD10,-0.32,MyList
GO Biological Processes,19,GO:1903533,regulation of protein targeting,19_GO:0051179 localization,-2,6.8,3.9,30169,78,170,3,1.8,1,8314|10425|79778,BAP1|ARIH2|MICALL2,-0.32,MyList
GO Biological Processes,19,GO:0006970,response to osmotic stress,19_GO:0050896 response to stimulus,-2,6.8,3.9,30169,78,170,3,1.8,1,5743|6513|80131,PTGS2|SLC2A1|LRRC8E,-0.32,MyList
GO Biological Processes,19,GO:0002520,immune system development,19_GO:0002376 immune system process,-2,2.4,2.9,30169,746,170,10,5.9,1.8,351|538|2033|3720|5532|8314|9156|10425|23648|147808,APP|ATP7A|EP300|JARID2|PPP3CB|BAP1|EXO1|ARIH2|SSBP3|ZNF784,-0.31,MyList
