_MEMBER_MyList,_LogP_MyList,GO,Description,_PATTERN_,_RANK_,GiniIndex
1,-3.6,GO:0034763,negative regulation of transmembrane transport,M1,1,0
1,-2.2,GO:0016573,histone acetylation,M1,1,0
1,-2.1,GO:0001570,vasculogenesis,M1,1,0
1,-2,GO:0040008,regulation of growth,M1,1,0
1,-2.6,GO:1903008,organelle disassembly,M1,1,0
1,-2.3,hsa05167,Kaposi sarcoma-associated herpesvirus infection,M1,1,0
1,-4.3,GO:0031329,regulation of cellular catabolic process,M1,1,0
1,-3.6,GO:0090316,positive regulation of intracellular protein transport,M1,1,0
1,-2.5,hsa04310,Wnt signaling pathway,M1,1,0
1,-2.6,M288,PID HES HEY PATHWAY,M1,1,0
1,-3.2,R-HSA-73894,DNA Repair,M1,1,0
1,-5.7,GO:0009411,response to UV,M1,1,0
1,-3.5,GO:0006974,cellular response to DNA damage stimulus,M1,1,0
1,-5.3,GO:0042752,regulation of circadian rhythm,M1,1,0
1,-2.3,GO:0032355,response to estradiol,M1,1,0
1,-3.3,GO:0032970,regulation of actin filament-based process,M1,1,0
1,-2.3,GO:0043967,histone H4 acetylation,M1,1,0
1,-3.5,GO:0061919,process utilizing autophagic mechanism,M1,1,0
1,-2.5,GO:0045216,cell-cell junction organization,M1,1,0
1,-2.3,GO:0110053,regulation of actin filament organization,M1,1,0
1,-2.6,GO:1901019,regulation of calcium ion transmembrane transporter activity,M1,1,0
1,-3.2,GO:0003013,circulatory system process,M1,1,0
1,-2.3,hsa00310,Lysine degradation,M1,1,0
1,-2.3,GO:0046902,regulation of mitochondrial membrane permeability,M1,1,0
1,-2.2,R-HSA-1442490,Collagen degradation,M1,1,0
1,-2.8,M159,PID AMB2 NEUTROPHILS PATHWAY,M1,1,0
1,-2.8,GO:0033002,muscle cell proliferation,M1,1,0
1,-3.5,GO:0045806,negative regulation of endocytosis,M1,1,0
1,-3.6,GO:1990830,cellular response to leukemia inhibitory factor,M1,1,0
1,-3.9,GO:0062012,regulation of small molecule metabolic process,M1,1,0
1,-3,WP4241,Type 2 papillary renal cell carcinoma,M1,1,0
1,-2.1,GO:0010638,positive regulation of organelle organization,M1,1,0
1,-2.5,GO:1904064,positive regulation of cation transmembrane transport,M1,1,0
1,-2.5,GO:0010823,negative regulation of mitochondrion organization,M1,1,0
1,-2.1,GO:2001020,regulation of response to DNA damage stimulus,M1,1,0
1,-2.9,GO:1904659,glucose transmembrane transport,M1,1,0
1,-2.3,GO:0043062,extracellular structure organization,M1,1,0
1,-2.1,GO:0061041,regulation of wound healing,M1,1,0
1,-3.9,GO:0044403,biological process involved in symbiotic interaction,M1,1,0
1,-3.1,GO:0010942,positive regulation of cell death,M1,1,0
1,-2.4,GO:0006109,regulation of carbohydrate metabolic process,M1,1,0
1,-3,R-HSA-1632852,Macroautophagy,M1,1,0
1,-2.1,GO:0031623,receptor internalization,M1,1,0
1,-3,R-HSA-422356,Regulation of insulin secretion,M1,1,0
1,-2.1,GO:0061061,muscle structure development,M1,1,0
1,-2.7,R-HSA-5633007,Regulation of TP53 Activity,M1,1,0
1,-2.9,GO:0051851,modulation by host of symbiont process,M1,1,0
1,-3,GO:0010564,regulation of cell cycle process,M1,1,0
1,-3.6,GO:0042149,cellular response to glucose starvation,M1,1,0
1,-2.5,GO:1903747,regulation of establishment of protein localization to mitochondrion,M1,1,0
1,-3.1,R-HSA-1980143,Signaling by NOTCH1,M1,1,0
1,-3.8,GO:0032413,negative regulation of ion transmembrane transporter activity,M1,1,0
1,-5.6,GO:1904062,regulation of cation transmembrane transport,M1,1,0
1,-2.5,GO:1902749,regulation of cell cycle G2/M phase transition,M1,1,0
1,-2.5,GO:0007218,neuropeptide signaling pathway,M1,1,0
1,-2.1,GO:0072665,protein localization to vacuole,M1,1,0
1,-2.4,GO:0003018,vascular process in circulatory system,M1,1,0
1,-4.3,GO:0070201,regulation of establishment of protein localization,M1,1,0
1,-2.3,R-HSA-381426,Regulation of Insulin-like Growth Factor (IGF) transport and uptake by Insulin-like Growth Factor Binding Proteins (IGFBPs),M1,1,0
1,-3.9,GO:1900271,regulation of long-term synaptic potentiation,M1,1,0
1,-4.3,GO:0051346,negative regulation of hydrolase activity,M1,1,0
1,-2.5,WP3286,Copper homeostasis,M1,1,0
1,-2,GO:0090559,regulation of membrane permeability,M1,1,0
1,-4.2,GO:0051099,positive regulation of binding,M1,1,0
1,-3.1,hsa04115,p53 signaling pathway,M1,1,0
1,-2.4,GO:1904645,response to amyloid-beta,M1,1,0
1,-3.6,GO:1990823,response to leukemia inhibitory factor,M1,1,0
1,-2.2,GO:0031396,regulation of protein ubiquitination,M1,1,0
1,-2.7,GO:1903214,regulation of protein targeting to mitochondrion,M1,1,0
1,-2.7,R-HSA-6804756,Regulation of TP53 Activity through Phosphorylation,M1,1,0
1,-3.5,GO:1901386,negative regulation of voltage-gated calcium channel activity,M1,1,0
1,-3.4,GO:0071900,regulation of protein serine/threonine kinase activity,M1,1,0
1,-3,WP3617,Photodynamic therapy-induced NF-kB survival signaling,M1,1,0
1,-2.3,GO:0016567,protein ubiquitination,M1,1,0
1,-4.3,GO:0034766,negative regulation of ion transmembrane transport,M1,1,0
1,-2.8,GO:0071229,cellular response to acid chemical,M1,1,0
1,-2.3,M166,PID ATF2 PATHWAY,M1,1,0
1,-3.1,GO:1903955,positive regulation of protein targeting to mitochondrion,M1,1,0
1,-4.5,GO:0010959,regulation of metal ion transport,M1,1,0
1,-6.5,GO:1903829,positive regulation of protein localization,M1,1,0
1,-5.2,GO:1905037,autophagosome organization,M1,1,0
1,-2.7,GO:0061097,regulation of protein tyrosine kinase activity,M1,1,0
1,-3,GO:1903749,positive regulation of establishment of protein localization to mitochondrion,M1,1,0
1,-3,GO:0045936,negative regulation of phosphate metabolic process,M1,1,0
1,-2.8,GO:0031644,regulation of nervous system process,M1,1,0
1,-3,GO:0071456,cellular response to hypoxia,M1,1,0
1,-2.8,GO:0001701,in utero embryonic development,M1,1,0
1,-5.6,GO:0070482,response to oxygen levels,M1,1,0
1,-2.8,GO:0060249,anatomical structure homeostasis,M1,1,0
1,-3.8,GO:0031331,positive regulation of cellular catabolic process,M1,1,0
1,-2.5,hsa00330,Arginine and proline metabolism,M1,1,0
1,-2.9,GO:0030163,protein catabolic process,M1,1,0
1,-3,GO:0044706,multi-multicellular organism process,M1,1,0
1,-3.7,GO:0034762,regulation of transmembrane transport,M1,1,0
1,-2.9,GO:0050821,protein stabilization,M1,1,0
1,-2.1,GO:0045661,regulation of myoblast differentiation,M1,1,0
1,-2.1,M145,PID P53 DOWNSTREAM PATHWAY,M1,1,0
1,-2.6,GO:0016032,viral process,M1,1,0
1,-3.2,GO:0006605,protein targeting,M1,1,0
1,-2.4,R-HSA-2894858,Signaling by NOTCH1 HD+PEST Domain Mutants in Cancer,M1,1,0
1,-2.1,hsa03320,PPAR signaling pathway,M1,1,0
1,-2.4,GO:0051896,regulation of protein kinase B signaling,M1,1,0
1,-2.3,GO:0007613,memory,M1,1,0
1,-5.1,GO:0016570,histone modification,M1,1,0
1,-7.2,GO:0007420,brain development,M1,1,0
1,-7.4,GO:0034644,cellular response to UV,M1,1,0
1,-3.3,M255,PID HIF1 TFPATHWAY,M1,1,0
1,-2.7,GO:0016241,regulation of macroautophagy,M1,1,0
1,-3.7,GO:0010288,response to lead ion,M1,1,0
1,-2.8,GO:1900182,positive regulation of protein localization to nucleus,M1,1,0
1,-4.1,GO:0022411,cellular component disassembly,M1,1,0
1,-2.2,GO:1902903,regulation of supramolecular fiber organization,M1,1,0
1,-2.2,GO:0040029,epigenetic regulation of gene expression,M1,1,0
1,-3,GO:0060541,respiratory system development,M1,1,0
1,-2.6,GO:0021549,cerebellum development,M1,1,0
1,-2.2,WP3942,PPAR signaling pathway,M1,1,0
1,-2.2,GO:0032507,maintenance of protein location in cell,M1,1,0
1,-4.7,GO:0048589,developmental growth,M1,1,0
1,-3.7,GO:0001944,vasculature development,M1,1,0
1,-2.1,GO:0006325,chromatin organization,M1,1,0
1,-2.2,R-HSA-6782135,Dual incision in TC-NER,M1,1,0
1,-2.7,GO:0034332,adherens junction organization,M1,1,0
1,-2.3,GO:0071709,membrane assembly,M1,1,0
1,-5.4,GO:0051051,negative regulation of transport,M1,1,0
1,-3.1,GO:1990776,response to angiotensin,M1,1,0
1,-2.3,GO:0043543,protein acylation,M1,1,0
1,-2.5,GO:1903034,regulation of response to wounding,M1,1,0
1,-2.1,hsa05206,MicroRNAs in cancer,M1,1,0
1,-7.4,GO:0071214,cellular response to abiotic stimulus,M1,1,0
1,-2.8,GO:0050806,positive regulation of synaptic transmission,M1,1,0
1,-2.1,GO:0006475,internal protein amino acid acetylation,M1,1,0
1,-3.6,GO:0051668,localization within membrane,M1,1,0
1,-3.4,GO:0009792,embryo development ending in birth or egg hatching,M1,1,0
1,-4.8,GO:0043269,regulation of ion transport,M1,1,0
1,-2.8,GO:0120039,plasma membrane bounded cell projection morphogenesis,M1,1,0
1,-2.2,GO:0043632,modification-dependent macromolecule catabolic process,M1,1,0
1,-3.3,GO:0043200,response to amino acid,M1,1,0
1,-3.1,GO:0010506,regulation of autophagy,M1,1,0
1,-2.1,GO:0055074,calcium ion homeostasis,M1,1,0
1,-5,GO:0032092,positive regulation of protein binding,M1,1,0
1,-4.4,GO:0071453,cellular response to oxygen levels,M1,1,0
1,-2,GO:0055065,metal ion homeostasis,M1,1,0
1,-5,GO:0099177,regulation of trans-synaptic signaling,M1,1,0
1,-2.5,R-HSA-177929,Signaling by EGFR,M1,1,0
1,-3,GO:0043009,chordate embryonic development,M1,1,0
1,-2.5,GO:0001933,negative regulation of protein phosphorylation,M1,1,0
1,-2.6,R-HSA-9609507,Protein localization,M1,1,0
1,-6.5,R-HSA-9006934,Signaling by Receptor Tyrosine Kinases,M1,1,0
1,-2.1,R-HSA-166520,Signaling by NTRKs,M1,1,0
1,-2.4,GO:1901342,regulation of vasculature development,M1,1,0
1,-2.1,GO:0097190,apoptotic signaling pathway,M1,1,0
1,-3.8,GO:0033135,regulation of peptidyl-serine phosphorylation,M1,1,0
1,-2,WP2853,Endoderm differentiation,M1,1,0
1,-2.1,GO:0030193,regulation of blood coagulation,M1,1,0
1,-2,GO:1903036,positive regulation of response to wounding,M1,1,0
1,-3.9,GO:0071417,cellular response to organonitrogen compound,M1,1,0
1,-3.5,GO:0000422,autophagy of mitochondrion,M1,1,0
1,-3.7,GO:0055093,response to hyperoxia,M1,1,0
1,-2.7,GO:0000209,protein polyubiquitination,M1,1,0
1,-4.2,R-HSA-9031628,NGF-stimulated transcription,M1,1,0
1,-2.4,GO:0051924,regulation of calcium ion transport,M1,1,0
1,-2.1,GO:0031669,cellular response to nutrient levels,M1,1,0
1,-4.1,M66,PID MYC ACTIV PATHWAY,M1,1,0
1,-5.5,GO:0048167,regulation of synaptic plasticity,M1,1,0
1,-4.1,GO:0018210,peptidyl-threonine modification,M1,1,0
1,-2.8,GO:0071470,cellular response to osmotic stress,M1,1,0
1,-2.5,GO:0043065,positive regulation of apoptotic process,M1,1,0
1,-2.1,R-HSA-5693538,Homology Directed Repair,M1,1,0
1,-2.3,GO:1904375,regulation of protein localization to cell periphery,M1,1,0
1,-2.9,R-HSA-5685938,HDR through Single Strand Annealing (SSA),M1,1,0
1,-3,GO:0010038,response to metal ion,M1,1,0
1,-3.4,GO:0048858,cell projection morphogenesis,M1,1,0
1,-2.4,GO:0007389,pattern specification process,M1,1,0
1,-2.5,M113,PID NFAT 3PATHWAY,M1,1,0
1,-2.8,R-HSA-5693616,Presynaptic phase of homologous DNA pairing and strand exchange,M1,1,0
1,-2.3,M10,PID BCR 5PATHWAY,M1,1,0
1,-2,WP24,Peptide GPCRs,M1,1,0
1,-2.3,R-HSA-3700989,Transcriptional Regulation by TP53,M1,1,0
1,-4.2,GO:0052547,regulation of peptidase activity,M1,1,0
1,-3.4,GO:0031175,neuron projection development,M1,1,0
1,-2.4,GO:1903169,regulation of calcium ion transmembrane transport,M1,1,0
1,-4.9,GO:0009416,response to light stimulus,M1,1,0
1,-3.1,GO:0044703,multi-organism reproductive process,M1,1,0
1,-2.4,GO:0051058,negative regulation of small GTPase mediated signal transduction,M1,1,0
1,-3.5,GO:0006914,autophagy,M1,1,0
1,-2.5,GO:0010906,regulation of glucose metabolic process,M1,1,0
1,-2.2,hsa05031,Amphetamine addiction,M1,1,0
1,-3.6,GO:1901652,response to peptide,M1,1,0
1,-4.7,GO:0040007,growth,M1,1,0
1,-3.4,GO:0050890,cognition,M1,1,0
1,-2.1,GO:0006281,DNA repair,M1,1,0
1,-4,GO:0016236,macroautophagy,M1,1,0
1,-3.3,GO:0032410,negative regulation of transporter activity,M1,1,0
1,-3.7,GO:0010042,response to manganese ion,M1,1,0
1,-3,GO:0010661,positive regulation of muscle cell apoptotic process,M1,1,0
1,-3.6,GO:0072657,protein localization to membrane,M1,1,0
1,-3.7,GO:0007005,mitochondrion organization,M1,1,0
1,-2.4,GO:0034219,carbohydrate transmembrane transport,M1,1,0
1,-3.1,GO:0010466,negative regulation of peptidase activity,M1,1,0
1,-5.4,GO:0000045,autophagosome assembly,M1,1,0
1,-2.2,GO:0080164,regulation of nitric oxide metabolic process,M1,1,0
1,-3.6,GO:0006111,regulation of gluconeogenesis,M1,1,0
1,-3.3,GO:0045859,regulation of protein kinase activity,M1,1,0
1,-2.3,R-HSA-9711123,Cellular response to chemical stress,M1,1,0
1,-2.7,GO:1901020,negative regulation of calcium ion transmembrane transporter activity,M1,1,0
1,-2.5,GO:1901796,regulation of signal transduction by p53 class mediator,M1,1,0
1,-3.1,GO:0031400,negative regulation of protein modification process,M1,1,0
1,-2.6,GO:0009410,response to xenobiotic stimulus,M1,1,0
1,-2.5,GO:0021543,pallium development,M1,1,0
1,-2,GO:0046395,carboxylic acid catabolic process,M1,1,0
1,-2.4,WP3646,Hepatitis C and hepatocellular carcinoma,M1,1,0
1,-2.4,GO:1903170,negative regulation of calcium ion transmembrane transport,M1,1,0
1,-4,GO:0007626,locomotory behavior,M1,1,0
1,-2.5,GO:0050680,negative regulation of epithelial cell proliferation,M1,1,0
1,-2.4,GO:1901987,regulation of cell cycle phase transition,M1,1,0
1,-5.7,GO:0034497,protein localization to phagophore assembly site,M1,1,0
1,-2.1,hsa04140,Autophagy - animal,M1,1,0
1,-2.6,GO:0006897,endocytosis,M1,1,0
1,-2.5,GO:1902882,regulation of response to oxidative stress,M1,1,0
1,-2.3,GO:0072666,establishment of protein localization to vacuole,M1,1,0
1,-2.8,hsa05010,Alzheimer disease,M1,1,0
1,-2.5,R-HSA-163685,Integration of energy metabolism,M1,1,0
1,-3.3,GO:0021987,cerebral cortex development,M1,1,0
1,-3.5,R-HSA-9013422,RHOBTB1 GTPase cycle,M1,1,0
1,-5.1,GO:0008038,neuron recognition,M1,1,0
1,-6.4,GO:0048511,rhythmic process,M1,1,0
1,-2,GO:0010508,positive regulation of autophagy,M1,1,0
1,-3.4,GO:0060038,cardiac muscle cell proliferation,M1,1,0
1,-2.7,GO:2000147,positive regulation of cell motility,M1,1,0
1,-2.5,GO:1903047,mitotic cell cycle process,M1,1,0
1,-2.6,GO:0033365,protein localization to organelle,M1,1,0
1,-2.1,GO:0030029,actin filament-based process,M1,1,0
1,-2.3,GO:0042157,lipoprotein metabolic process,M1,1,0
1,-7.1,GO:0032412,regulation of ion transmembrane transporter activity,M1,1,0
1,-2.2,R-HSA-5685942,HDR through Homologous Recombination (HRR),M1,1,0
1,-4.6,GO:0062197,cellular response to chemical stress,M1,1,0
1,-2.8,GO:0070050,neuron cellular homeostasis,M1,1,0
1,-4.4,GO:0034765,regulation of ion transmembrane transport,M1,1,0
1,-6.5,GO:0071482,cellular response to light stimulus,M1,1,0
1,-2.6,GO:0040017,positive regulation of locomotion,M1,1,0
1,-2.5,GO:0010951,negative regulation of endopeptidase activity,M1,1,0
1,-3,GO:0071230,cellular response to amino acid stimulus,M1,1,0
1,-2.7,GO:0044057,regulation of system process,M1,1,0
1,-3.6,GO:0060627,regulation of vesicle-mediated transport,M1,1,0
1,-2.8,GO:0060419,heart growth,M1,1,0
1,-7.1,GO:0071478,cellular response to radiation,M1,1,0
1,-2.3,GO:0045428,regulation of nitric oxide biosynthetic process,M1,1,0
1,-2.2,R-HSA-375276,Peptide ligand-binding receptors,M1,1,0
1,-2.6,WP1971,Integrated cancer pathway,M1,1,0
1,-2.5,GO:1903320,regulation of protein modification by small protein conjugation or removal,M1,1,0
1,-6.8,GO:0042176,regulation of protein catabolic process,M1,1,0
1,-5.3,GO:0001666,response to hypoxia,M1,1,0
1,-2.9,GO:0051098,regulation of binding,M1,1,0
1,-4.2,GO:1904951,positive regulation of establishment of protein localization,M1,1,0
1,-5.8,GO:0009314,response to radiation,M1,1,0
1,-3.2,GO:0018107,peptidyl-threonine phosphorylation,M1,1,0
1,-3.7,GO:0009612,response to mechanical stimulus,M1,1,0
1,-2.5,GO:0048588,developmental cell growth,M1,1,0
1,-2.2,GO:0019941,modification-dependent protein catabolic process,M1,1,0
1,-3.9,WP5124,Alzheimer's disease,M1,1,0
1,-2,GO:0070848,response to growth factor,M1,1,0
1,-2.3,M17,PID NOTCH PATHWAY,M1,1,0
1,-2.1,M167,PID AP1 PATHWAY,M1,1,0
1,-2.5,GO:0035265,organ growth,M1,1,0
1,-3.3,M235,PID TCR CALCIUM PATHWAY,M1,1,0
1,-2.8,WP4018,Clear cell renal cell carcinoma pathways,M1,1,0
1,-2,GO:0016054,organic acid catabolic process,M1,1,0
1,-2.1,GO:0018394,peptidyl-lysine acetylation,M1,1,0
1,-2.2,GO:0006468,protein phosphorylation,M1,1,0
1,-3.2,GO:0032386,regulation of intracellular transport,M1,1,0
1,-3.7,GO:0045861,negative regulation of proteolysis,M1,1,0
1,-2.1,GO:0009991,response to extracellular stimulus,M1,1,0
1,-2.2,GO:0034330,cell junction organization,M1,1,0
1,-2.9,GO:0042594,response to starvation,M1,1,0
1,-2.2,GO:0043270,positive regulation of ion transport,M1,1,0
1,-2.1,R-HSA-1474228,Degradation of the extracellular matrix,M1,1,0
1,-2.6,GO:0043255,regulation of carbohydrate biosynthetic process,M1,1,0
1,-3.1,GO:0042391,regulation of membrane potential,M1,1,0
1,-2.4,GO:0051603,proteolysis involved in protein catabolic process,M1,1,0
1,-4.6,WP4157,GABA metabolism (aka GHB),M1,1,0
1,-2.9,M65,PID FRA PATHWAY,M1,1,0
1,-2.4,GO:0022037,metencephalon development,M1,1,0
1,-2.4,GO:0006338,chromatin remodeling,M1,1,0
1,-4.2,GO:0030900,forebrain development,M1,1,0
1,-2.4,GO:0032414,positive regulation of ion transmembrane transporter activity,M1,1,0
1,-2.7,hsa00071,Fatty acid degradation,M1,1,0
1,-2.5,GO:0046580,negative regulation of Ras protein signal transduction,M1,1,0
1,-2.8,GO:0048812,neuron projection morphogenesis,M1,1,0
1,-2.4,GO:0030323,respiratory tube development,M1,1,0
1,-3.1,GO:0071260,cellular response to mechanical stimulus,M1,1,0
1,-2,GO:1903533,regulation of protein targeting,M1,1,0
1,-5.8,GO:0007610,behavior,M1,1,0
1,-4.3,GO:0045815,epigenetic maintenance of chromatin in transcription-competent conformation,M1,1,0
1,-4.6,GO:0030162,regulation of proteolysis,M1,1,0
1,-3.3,R-HSA-112316,Neuronal System,M1,1,0
1,-2.5,GO:0009267,cellular response to starvation,M1,1,0
1,-2.6,GO:0008015,blood circulation,M1,1,0
1,-2.9,GO:0055017,cardiac muscle tissue growth,M1,1,0
1,-2.3,GO:0032233,positive regulation of actin filament bundle assembly,M1,1,0
1,-2.5,GO:0019058,viral life cycle,M1,1,0
1,-2,GO:0034968,histone lysine methylation,M1,1,0
1,-2.8,GO:0036294,cellular response to decreased oxygen levels,M1,1,0
1,-2.4,GO:0034767,positive regulation of ion transmembrane transport,M1,1,0
1,-3.9,GO:0043467,regulation of generation of precursor metabolites and energy,M1,1,0
1,-3.4,R-HSA-198725,Nuclear Events (kinase and transcription factor activation),M1,1,0
1,-3.3,GO:0010469,regulation of signaling receptor activity,M1,1,0
1,-4.7,GO:1901699,cellular response to nitrogen compound,M1,1,0
1,-2.1,GO:0043627,response to estrogen,M1,1,0
1,-2.3,GO:0044282,small molecule catabolic process,M1,1,0
1,-3.5,GO:0072593,reactive oxygen species metabolic process,M1,1,0
1,-2.3,GO:0098900,regulation of action potential,M1,1,0
1,-3.6,GO:0051222,positive regulation of protein transport,M1,1,0
1,-3.7,GO:0043086,negative regulation of catalytic activity,M1,1,0
1,-2.1,GO:0061515,myeloid cell development,M1,1,0
1,-3.3,WP428,Wnt signaling,M1,1,0
1,-2.4,GO:0032446,protein modification by small protein conjugation,M1,1,0
1,-2.8,GO:1901998,toxin transport,M1,1,0
1,-3.3,M279,PID RB 1PATHWAY,M1,1,0
1,-3.5,GO:0009636,response to toxic substance,M1,1,0
1,-2.4,GO:0051493,regulation of cytoskeleton organization,M1,1,0
1,-2.1,GO:0090066,regulation of anatomical structure size,M1,1,0
1,-2.3,R-HSA-9675108,Nervous system development,M1,1,0
1,-2.3,GO:0001952,regulation of cell-matrix adhesion,M1,1,0
1,-2.3,GO:0044091,membrane biogenesis,M1,1,0
1,-2.8,GO:0043549,regulation of kinase activity,M1,1,0
1,-3.1,GO:1903715,regulation of aerobic respiration,M1,1,0
1,-2.5,GO:0007565,female pregnancy,M1,1,0
1,-2.1,GO:1900180,regulation of protein localization to nucleus,M1,1,0
1,-3.6,GO:0010035,response to inorganic substance,M1,1,0
1,-2.5,GO:0016049,cell growth,M1,1,0
1,-3.3,GO:0051702,biological process involved in interaction with symbiont,M1,1,0
1,-3.4,GO:0009725,response to hormone,M1,1,0
1,-2.4,GO:0010001,glial cell differentiation,M1,1,0
1,-2,GO:1901616,organic hydroxy compound catabolic process,M1,1,0
1,-3,GO:0000904,cell morphogenesis involved in differentiation,M1,1,0
1,-6.3,GO:0043271,negative regulation of ion transport,M1,1,0
1,-2.4,R-HSA-2644603,Signaling by NOTCH1 in Cancer,M1,1,0
1,-2.9,GO:0008037,cell recognition,M1,1,0
1,-2.9,GO:0045862,positive regulation of proteolysis,M1,1,0
1,-3.2,GO:0001568,blood vessel development,M1,1,0
1,-6.4,GO:0032409,regulation of transporter activity,M1,1,0
1,-3.1,hsa04136,Autophagy - other,M1,1,0
1,-5.7,GO:2001257,regulation of cation channel activity,M1,1,0
1,-3.1,GO:0052548,regulation of endopeptidase activity,M1,1,0
1,-6.9,GO:0008285,negative regulation of cell population proliferation,M1,1,0
1,-3,GO:1901888,regulation of cell junction assembly,M1,1,0
1,-3.7,GO:2000479,regulation of cAMP-dependent protein kinase activity,M1,1,0
1,-4.4,GO:0071407,cellular response to organic cyclic compound,M1,1,0
1,-2.8,GO:0008645,hexose transmembrane transport,M1,1,0
1,-3.4,GO:0035239,tube morphogenesis,M1,1,0
1,-3.7,GO:0051129,negative regulation of cellular component organization,M1,1,0
1,-2.8,GO:0006839,mitochondrial transport,M1,1,0
1,-2.1,GO:0044000,movement in host,M1,1,0
1,-3.3,GO:0036296,response to increased oxygen levels,M1,1,0
1,-2.8,hsa00380,Tryptophan metabolism,M1,1,0
1,-3.1,GO:0046578,regulation of Ras protein signal transduction,M1,1,0
1,-2.1,GO:0045596,negative regulation of cell differentiation,M1,1,0
1,-2.5,WP5097,CCL18 signaling pathway,M1,1,0
1,-3.2,WP2059,Alzheimer's disease and miRNA effects,M1,1,0
1,-2.3,WP4946,"DNA repair pathways, full network",M1,1,0
1,-2,GO:0051046,regulation of secretion,M1,1,0
1,-3.4,R-HSA-5693532,DNA Double-Strand Break Repair,M1,1,0
1,-3.3,GO:0007033,vacuole organization,M1,1,0
1,-2.2,R-HSA-372790,Signaling by GPCR,M1,1,0
1,-2.7,R-HSA-5693579,Homologous DNA Pairing and Strand Exchange,M1,1,0
1,-3.9,GO:0051223,regulation of protein transport,M1,1,0
1,-2.1,GO:0009952,anterior/posterior pattern specification,M1,1,0
1,-4.4,GO:0000902,cell morphogenesis,M1,1,0
1,-2.3,GO:0099601,regulation of neurotransmitter receptor activity,M1,1,0
1,-3,GO:0019725,cellular homeostasis,M1,1,0
1,-3.3,GO:0007006,mitochondrial membrane organization,M1,1,0
1,-2.2,GO:0032411,positive regulation of transporter activity,M1,1,0
1,-2.4,R-HSA-187037,Signaling by NTRK1 (TRKA),M1,1,0
1,-7.3,GO:0009896,positive regulation of catabolic process,M1,1,0
1,-2.4,GO:0051090,regulation of DNA-binding transcription factor activity,M1,1,0
1,-2.3,GO:0006511,ubiquitin-dependent protein catabolic process,M1,1,0
1,-2.1,GO:0030855,epithelial cell differentiation,M1,1,0
1,-3.8,GO:0007611,learning or memory,M1,1,0
1,-2.3,M54,PID IL12 2PATHWAY,M1,1,0
1,-2.7,GO:1904646,cellular response to amyloid-beta,M1,1,0
1,-2.4,R-HSA-2894862,Constitutive Signaling by NOTCH1 HD+PEST Domain Mutants,M1,1,0
1,-3.3,GO:0032990,cell part morphogenesis,M1,1,0
1,-3.3,GO:2001258,negative regulation of cation channel activity,M1,1,0
1,-4.2,GO:0043201,response to leucine,M1,1,0
1,-2.3,GO:0045229,external encapsulating structure organization,M1,1,0
1,-2.7,GO:0070534,protein K63-linked ubiquitination,M1,1,0
1,-2.1,GO:0050818,regulation of coagulation,M1,1,0
1,-2.1,hsa05166,Human T-cell leukemia virus 1 infection,M1,1,0
1,-2.6,GO:0048514,blood vessel morphogenesis,M1,1,0
1,-4.3,GO:0007219,Notch signaling pathway,M1,1,0
1,-5,GO:0050804,modulation of chemical synaptic transmission,M1,1,0
1,-3.7,GO:0007612,learning,M1,1,0
1,-2.2,GO:0042326,negative regulation of phosphorylation,M1,1,0
1,-2.8,GO:0030335,positive regulation of cell migration,M1,1,0
1,-2.1,GO:0051056,regulation of small GTPase mediated signal transduction,M1,1,0
1,-2.9,GO:0032956,regulation of actin cytoskeleton organization,M1,1,0
1,-3,R-HSA-9706574,RHOBTB GTPase Cycle,M1,1,0
1,-2.2,GO:0018393,internal peptidyl-lysine acetylation,M1,1,0
1,-3,GO:0010563,negative regulation of phosphorus metabolic process,M1,1,0
1,-3,GO:2001259,positive regulation of cation channel activity,M1,1,0
1,-3.8,GO:0014074,response to purine-containing compound,M1,1,0
1,-2.2,R-HSA-5693567,HDR through Homologous Recombination (HRR) or Single Strand Annealing (SSA),M1,1,0
1,-3.7,R-HSA-109582,Hemostasis,M1,1,0
1,-4.2,WP4549,Fragile X syndrome,M1,1,0
1,-2.5,GO:0000278,mitotic cell cycle,M1,1,0
1,-2.8,GO:0006623,protein targeting to vacuole,M1,1,0
1,-2.9,GO:0007507,heart development,M1,1,0
1,-4.2,WP3614,Photodynamic therapy-induced HIF-1 survival signaling,M1,1,0
1,-2.2,GO:0060560,developmental growth involved in morphogenesis,M1,1,0
1,-2.3,GO:0043434,response to peptide hormone,M1,1,0
1,-3.2,hsa00410,beta-Alanine metabolism,M1,1,0
1,-2.9,GO:0043068,positive regulation of programmed cell death,M1,1,0
1,-3.8,GO:0043457,regulation of cellular respiration,M1,1,0
1,-2.3,GO:0010952,positive regulation of peptidase activity,M1,1,0
1,-3.8,GO:0032388,positive regulation of intracellular transport,M1,1,0
1,-4.1,GO:1902532,negative regulation of intracellular signal transduction,M1,1,0
1,-2,GO:0002520,immune system development,M1,1,0
1,-4.4,GO:1904063,negative regulation of cation transmembrane transport,M1,1,0
1,-2,GO:0006970,response to osmotic stress,M1,1,0
1,-3,GO:0001101,response to acid chemical,M1,1,0
1,-3.1,GO:0046683,response to organophosphorus,M1,1,0
1,-2.5,GO:1902905,positive regulation of supramolecular fiber organization,M1,1,0
1,-3,hsa05203,Viral carcinogenesis,M1,1,0
1,-2.7,GO:0015749,monosaccharide transmembrane transport,M1,1,0
1,-2.2,WP366,TGF-beta signaling pathway,M1,1,0
1,-2.4,GO:0048168,regulation of neuronal synaptic plasticity,M1,1,0
1,-3.2,GO:0032989,cellular component morphogenesis,M1,1,0
1,-2.3,GO:0031667,response to nutrient levels,M1,1,0
1,-3.3,GO:0071496,cellular response to external stimulus,M1,1,0
1,-3.5,GO:0033157,regulation of intracellular protein transport,M1,1,0
1,-2.1,GO:0007623,circadian rhythm,M1,1,0
1,-3.7,GO:0030100,regulation of endocytosis,M1,1,0
1,-2.1,GO:1901016,regulation of potassium ion transmembrane transporter activity,M1,1,0
1,-3,GO:0043393,regulation of protein binding,M1,1,0
1,-3.5,GO:0061726,mitochondrion disassembly,M1,1,0
1,-2.4,R-HSA-6794361,Neurexins and neuroligins,M1,1,0
1,-2.3,R-HSA-9033241,Peroxisomal protein import,M1,1,0
1,-3.1,GO:0051926,negative regulation of calcium ion transport,M1,1,0
1,-7.4,GO:0104004,cellular response to environmental stimulus,M1,1,0
1,-3.2,GO:0008283,cell population proliferation,M1,1,0
1,-2.4,GO:0051091,positive regulation of DNA-binding transcription factor activity,M1,1,0
1,-2,R-HSA-418594,G alpha (i) signalling events,M1,1,0
1,-3.6,GO:0080135,regulation of cellular response to stress,M1,1,0
1,-3.1,GO:0014855,striated muscle cell proliferation,M1,1,0
1,-2.4,GO:0002931,response to ischemia,M1,1,0
1,-7,GO:0022898,regulation of transmembrane transporter activity,M1,1,0
1,-2.1,GO:0016239,positive regulation of macroautophagy,M1,1,0
1,-2.8,R-HSA-9612973,Autophagy,M1,1,0
1,-2.1,GO:1900046,regulation of hemostasis,M1,1,0
1,-2,GO:0071902,positive regulation of protein serine/threonine kinase activity,M1,1,0
1,-6.5,GO:0045732,positive regulation of protein catabolic process,M1,1,0
1,-5.1,GO:0036293,response to decreased oxygen levels,M1,1,0
1,-3.8,GO:1901385,regulation of voltage-gated calcium channel activity,M1,1,0
1,-2.4,R-HSA-2644606,Constitutive Signaling by NOTCH1 PEST Domain Mutants,M1,1,0
1,-2.4,R-HSA-2644602,Signaling by NOTCH1 PEST Domain Mutants in Cancer,M1,1,0
1,-4.7,WP3594,Circadian rhythm genes,M1,1,0
1,-3.4,GO:0018205,peptidyl-lysine modification,M1,1,0
1,-2.3,GO:0030198,extracellular matrix organization,M1,1,0
1,-3.4,GO:0033138,positive regulation of peptidyl-serine phosphorylation,M1,1,0
