_MEMBER_MyList,_LogP_MyList,GO,Description,_PATTERN_,_RANK_,CHILD_GO_MyList
1,-7.406961041715266,GO:0050896,response to stimulus,M1,1,GO:0104004 cellular response to environmental stimulus
1,-7.335756681810534,GO:0048518,positive regulation of biological process,M1,1,GO:0009896 positive regulation of catabolic process
1,-7.159788883932212,GO:0032502,developmental process,M1,1,GO:0007420 brain development
1,-7.126583598180004,GO:0051179,localization,M1,1,GO:0032412 regulation of ion transmembrane transporter activity
1,-6.91725768844379,GO:0048519,negative regulation of biological process,M1,1,GO:0008285 negative regulation of cell population proliferation
1,-6.8162149955164395,GO:0008152,metabolic process,M1,1,GO:0042176 regulation of protein catabolic process
1,-6.4327063913478195,GO:0065007,biological regulation,M1,1,GO:0032409 regulation of transporter activity
1,-6.373255081342514,GO:0048511,rhythmic process,M1,1,GO:0048511 rhythmic process
1,-5.816633669584936,GO:0032501,multicellular organismal process,M1,1,GO:0007610 behavior
1,-5.540892978593394,GO:0023052,signaling,M1,1,GO:0048167 regulation of synaptic plasticity
1,-4.669766562959761,GO:0040007,growth,M1,1,GO:0048589 developmental growth
1,-4.118901268151154,GO:0009987,cellular process,M1,1,GO:0022411 cellular component disassembly
1,-3.9080676594850376,GO:0044419,biological process involved in interspecies interaction between organisms,M1,1,GO:0044403 biological process involved in symbiotic interaction
1,-3.283123929456544,GO:0050789,regulation of biological process,M1,1,GO:0032970 regulation of actin filament-based process
1,-3.0763401622094033,GO:0022414,reproductive process,M1,1,GO:0044703 multi-organism reproductive process
1,-2.835897009706571,GO:0040011,locomotion,M1,1,GO:0030335 positive regulation of cell migration
1,-2.589216442875033,GO:0016032,viral process,M1,1,GO:0016032 viral process
1,-2.0865903578930722,GO:0002376,immune system process,M1,1,GO:0061515 myeloid cell development
