_MEMBER_MyList,_LogP_MyList,GO,_PATTERN_,_RANK_,GiniIndex,Category,CategoryID,Description,PARENT_GO,LogP,Enrichment,Z-score,#TotalGeneInLibrary,#GeneInGO,#GeneInHitList,#GeneInGOAndHitList,%InGO,STDV %InGO,GeneID,Hits,Log(q-value),EvidenceCutoff
1,-7.3,M39246,M1,1,0,Cell Type Signatures,7,LAKE ADULT KIDNEY C27 VASCULAR SMOOTH MUSCLE CELLS AND PERICYTES,,-7.3,16,10,30182,155,100,8,8,2.7,2059|3164|3726|5334|8470|8997|9873|171024,EPS8|NR4A1|JUNB|PLCL1|SORBS2|KALRN|FCHSD2|SYNPO2,-3.1,0
1,-7.1,M39070,M1,1,0,Cell Type Signatures,7,MANNO MIDBRAIN NEUROTYPES HNBGABA,,-7.1,6,7.8,30182,703,100,14,14,3.5,490|1139|2566|2742|2917|4133|6335|6457|7102|23175|56776|83660|140597|149076,ATP2B1|CHRNA7|GABRG2|GLRA2|GRM7|MAP2|SCN9A|SH3GL3|TSPAN7|LPIN1|FMN2|TLN2|TCEAL2|ZNF362,-3,0
1,-6.9,M39067,M1,1,0,Cell Type Signatures,7,MANNO MIDBRAIN NEUROTYPES HDA,,-6.9,7.2,8.1,30182,506,100,12,12,3.2,1139|2566|2742|3642|4133|5590|5613|6335|6457|7102|8905|23139,CHRNA7|GABRG2|GLRA2|INSM1|MAP2|PRKCZ|PRKX|SCN9A|SH3GL3|TSPAN7|AP1S2|MAST2,-3,0
1,-6.3,M39068,M1,1,0,Cell Type Signatures,7,MANNO MIDBRAIN NEUROTYPES HDA1,,-6.3,6.2,7.3,30182,584,100,12,12,3.2,1139|2566|2742|3642|4133|5599|6335|8905|8997|23139|23175|140597,CHRNA7|GABRG2|GLRA2|INSM1|MAP2|MAPK8|SCN9A|AP1S2|KALRN|MAST2|LPIN1|TCEAL2,-2.6,0
1,-5.8,M39064,M1,1,0,Cell Type Signatures,7,MANNO MIDBRAIN NEUROTYPES HNBML1,,-5.8,8.3,7.6,30182,328,100,9,9,2.9,2566|2742|3642|4133|5334|5599|6480|8905|56776,GABRG2|GLRA2|INSM1|MAP2|PLCL1|MAPK8|ST6GAL1|AP1S2|FMN2,-2.3,0
1,-5.2,M39063,M1,1,0,Cell Type Signatures,7,MANNO MIDBRAIN NEUROTYPES HNBM,,-5.2,8.2,7.2,30182,295,100,8,8,2.7,2620|3642|4133|4807|5599|5613|6480|56776,GAS2|INSM1|MAP2|NHLH1|MAPK8|PRKX|ST6GAL1|FMN2,-1.9,0
1,-4.6,M39066,M1,1,0,Cell Type Signatures,7,MANNO MIDBRAIN NEUROTYPES HNBML5,,-4.6,5.8,6.1,30182,465,100,9,9,2.9,2566|2917|3642|4133|5599|8997|23175|56776|56899,GABRG2|GRM7|INSM1|MAP2|MAPK8|KALRN|LPIN1|FMN2|ANKS1B,-1.6,0
1,-4.5,M39245,M1,1,0,Cell Type Signatures,7,LAKE ADULT KIDNEY C26 MESANGIAL CELLS,,-4.5,10,7.1,30182,177,100,6,6,2.4,2059|2620|3164|5334|8997|9873,EPS8|GAS2|NR4A1|PLCL1|KALRN|FCHSD2,-1.6,0
1,-4.3,M39073,M1,1,0,Cell Type Signatures,7,MANNO MIDBRAIN NEUROTYPES HOMTN,,-4.3,6.2,6,30182,389,100,8,8,2.7,490|2566|2742|4133|5334|6335|7102|83660,ATP2B1|GABRG2|GLRA2|MAP2|PLCL1|SCN9A|TSPAN7|TLN2,-1.5,0
1,-4.2,M39050,M1,1,0,Cell Type Signatures,7,MANNO MIDBRAIN NEUROTYPES HPERIC,,-4.2,4.2,5.2,30182,795,100,11,11,3.1,1959|2059|3164|3659|3726|5334|7102|7291|9754|23365|57509,EGR2|EPS8|NR4A1|IRF1|JUNB|PLCL1|TSPAN7|TWIST1|STARD8|ARHGEF12|MTUS1,-1.4,0
1,-4.2,M39302,M1,1,0,Cell Type Signatures,7,CUI DEVELOPING HEART C5 VALVAR CELL,,-4.2,8.7,6.4,30182,208,100,6,6,2.4,1959|3164|3659|3726|7291|171024,EGR2|NR4A1|IRF1|JUNB|TWIST1|SYNPO2,-1.4,0
1,-4,M39241,M1,1,0,Cell Type Signatures,7,LAKE ADULT KIDNEY C22 ENDOTHELIAL CELLS GLOMERULAR CAPILLARIES,,-4,11,6.8,30182,137,100,5,5,2.2,6480|8470|8997|9873|23365,ST6GAL1|SORBS2|KALRN|FCHSD2|ARHGEF12,-1.3,0
1,-3.9,M39168,M1,1,0,Cell Type Signatures,7,MURARO PANCREAS ALPHA CELL,,-3.9,4.8,5.2,30182,568,100,9,9,2.9,444|490|2770|7102|8412|8905|22906|29091|140597,ASPH|ATP2B1|GNAI1|TSPAN7|BCAR3|AP1S2|TRAK1|STXBP6|TCEAL2,-1.2,0
1,-3.9,M39269,M1,1,0,Cell Type Signatures,7,HU FETAL RETINA RGC,,-3.9,5.5,5.4,30182,443,100,8,8,2.7,2770|4133|4613|6335|7102|10776|57528|151242,GNAI1|MAP2|MYCN|SCN9A|TSPAN7|ARPP19|KCTD16|PPP1R1C,-1.2,0
1,-3.8,M39236,M1,1,0,Cell Type Signatures,7,LAKE ADULT KIDNEY C17 COLLECTING SYSTEM PCS STRESSED DISSOC SUBSET,,-3.8,7.5,5.9,30182,240,100,6,6,2.4,3164|5599|6480|22906|23365|57509,NR4A1|MAPK8|ST6GAL1|TRAK1|ARHGEF12|MTUS1,-1.1,0
1,-3.8,M39082,M1,1,0,Cell Type Signatures,7,ZHONG PFC C9 ORG OTHER,,-3.8,15,7.1,30182,83,100,4,4,2,2119|2346|3084|7102,ETV5|FOLH1|NRG1|TSPAN7,-1.1,0
1,-3.1,M39072,M1,1,0,Cell Type Signatures,7,MANNO MIDBRAIN NEUROTYPES HSERT,,-3.1,4.7,4.6,30182,450,100,7,7,2.6,2566|2742|2917|5590|6335|6457|7102,GABRG2|GLRA2|GRM7|PRKCZ|SCN9A|SH3GL3|TSPAN7,-0.8,0
1,-3.1,M39065,M1,1,0,Cell Type Signatures,7,MANNO MIDBRAIN NEUROTYPES HRN,,-3.1,5.4,4.7,30182,335,100,6,6,2.4,2566|2742|4133|5599|8905|23175,GABRG2|GLRA2|MAP2|MAPK8|AP1S2|LPIN1,-0.77,0
1,-3,M39037,M1,1,0,Cell Type Signatures,7,FAN EMBRYONIC CTX OLIG,,-3,3.6,4.2,30182,754,100,9,9,2.9,2346|2770|6457|7942|9586|55619|56899|57509|374868,FOLH1|GNAI1|SH3GL3|TFEB|CREB5|DOCK10|ANKS1B|MTUS1|ATP9B,-0.77,0
1,-3,M41662,M1,1,0,Cell Type Signatures,7,TRAVAGLINI LUNG ARTERY CELL,,-3,9.2,5.4,30182,131,100,4,4,2,2059|4052|5613|7102,EPS8|LTBP1|PRKX|TSPAN7,-0.75,0
1,-2.9,M39052,M1,1,0,Cell Type Signatures,7,MANNO MIDBRAIN NEUROTYPES HOPC,,-2.9,4.9,4.4,30182,366,100,6,6,2.4,2119|4685|7102|9586|56899|57758,ETV5|NCAM2|TSPAN7|CREB5|ANKS1B|SCUBE2,-0.67,0
1,-2.8,M39170,M1,1,0,Cell Type Signatures,7,MURARO PANCREAS DELTA CELL,,-2.8,6,4.6,30182,250,100,5,5,2.2,2566|3642|4133|23175|140597,GABRG2|INSM1|MAP2|LPIN1|TCEAL2,-0.67,0
1,-2.8,M39069,M1,1,0,Cell Type Signatures,7,MANNO MIDBRAIN NEUROTYPES HDA2,,-2.8,4.1,4.1,30182,513,100,7,7,2.6,1139|2566|3642|4133|6335|6457|7102,CHRNA7|GABRG2|INSM1|MAP2|SCN9A|SH3GL3|TSPAN7,-0.66,0
1,-2.8,M39231,M1,1,0,Cell Type Signatures,7,LAKE ADULT KIDNEY C12 THICK ASCENDING LIMB,,-2.8,4.8,4.3,30182,381,100,6,6,2.4,1340|2770|5334|5613|57528|84251,COX6B1|GNAI1|PLCL1|PRKX|KCTD16|SGIP1,-0.64,0
1,-2.7,M39171,M1,1,0,Cell Type Signatures,7,MURARO PANCREAS PANCREATIC POLYPEPTIDE CELL,,-2.7,7.8,4.9,30182,155,100,4,4,2,1959|3164|4133|171024,EGR2|NR4A1|MAP2|SYNPO2,-0.64,0
1,-2.7,M39264,M1,1,0,Cell Type Signatures,7,HU FETAL RETINA FIBROBLAST,,-2.7,4.7,4.2,30182,385,100,6,6,2.4,2059|3659|3726|7291|9586|171024,EPS8|IRF1|JUNB|TWIST1|CREB5|SYNPO2,-0.64,0
1,-2.6,M41667,M1,1,0,Cell Type Signatures,7,TRAVAGLINI LUNG CAPILLARY INTERMEDIATE 2 CELL,,-2.6,4.4,4,30182,408,100,6,6,2.4,1340|10318|10776|23365|29091|79780,COX6B1|TNIP1|ARPP19|ARHGEF12|STXBP6|CCDC82,-0.59,0
1,-2.5,M39223,M1,1,0,Cell Type Signatures,7,LAKE ADULT KIDNEY C4 PROXIMAL TUBULE EPITHELIAL CELLS S2,,-2.5,6.9,4.5,30182,176,100,4,4,2,2059|5334|8470|9586,EPS8|PLCL1|SORBS2|CREB5,-0.54,0
1,-2.5,M39135,M1,1,0,Cell Type Signatures,7,AIZARANI LIVER C39 EPCAM POS BILE DUCT CELLS 4,,-2.5,6.6,4.4,30182,184,100,4,4,2,1488|3084|8470|9586,CTBP2|NRG1|SORBS2|CREB5,-0.5,0
1,-2.5,M39054,M1,1,0,Cell Type Signatures,7,MANNO MIDBRAIN NEUROTYPES HRGL2B,,-2.5,4.1,3.8,30182,440,100,6,6,2.4,1959|4052|4605|7102|9586|57758,EGR2|LTBP1|MYBL2|TSPAN7|CREB5|SCUBE2,-0.49,0
1,-2.4,M41716,M1,1,0,Cell Type Signatures,7,FAN OVARY CL14 MATURE SMOOTH MUSCLE CELL,,-2.4,4.9,4,30182,306,100,5,5,2.2,1340|2059|3659|3726|8470,COX6B1|EPS8|IRF1|JUNB|SORBS2,-0.48,0
1,-2.4,M39321,M1,1,0,Cell Type Signatures,7,CUI DEVELOPING HEART VASCULAR ENDOTHELIAL CELL,,-2.4,6.3,4.2,30182,193,100,4,4,2,3726|7102|9586|57509,JUNB|TSPAN7|CREB5|MTUS1,-0.46,0
1,-2.4,M39215,M1,1,0,Cell Type Signatures,7,ZHENG CORD BLOOD C6 HSC MULTIPOTENT PROGENITOR,,-2.4,9.3,4.7,30182,97,100,3,3,1.7,3164|3659|4097,NR4A1|IRF1|MAFG,-0.44,0
1,-2.3,M39053,M1,1,0,Cell Type Signatures,7,MANNO MIDBRAIN NEUROTYPES HRGL2C,,-2.3,4.6,3.8,30182,326,100,5,5,2.2,2119|4605|5291|9586|57758,ETV5|MYBL2|PIK3CB|CREB5|SCUBE2,-0.4,0
1,-2.3,M39240,M1,1,0,Cell Type Signatures,7,LAKE ADULT KIDNEY C21 COLLECTING DUCT INTERCALATED CELLS TYPE B,,-2.3,8.8,4.6,30182,103,100,3,3,1.7,2059|5334|5599,EPS8|PLCL1|MAPK8,-0.38,0
1,-2.3,M39233,M1,1,0,Cell Type Signatures,7,LAKE ADULT KIDNEY C14 DISTAL CONVOLUTED TUBULE,,-2.3,5.8,4,30182,208,100,4,4,2,5334|5599|10846|374868,PLCL1|MAPK8|PDE10A|ATP9B,-0.37,0
1,-2.3,M39221,M1,1,0,Cell Type Signatures,7,LAKE ADULT KIDNEY C2 PODOCYTES,,-2.3,5.7,4,30182,212,100,4,4,2,9873|23365|56776|84251,FCHSD2|ARHGEF12|FMN2|SGIP1,-0.34,0
1,-2.2,M39124,M1,1,0,Cell Type Signatures,7,AIZARANI LIVER C23 KUPFFER CELLS 3,,-2.2,5.5,3.8,30182,221,100,4,4,2,490|8905|9586|122953,ATP2B1|AP1S2|CREB5|JDP2,-0.3,0
1,-2.2,M39290,M1,1,0,Cell Type Signatures,7,DURANTE ADULT OLFACTORY NEUROEPITHELIUM OLFACTORY ENSHEATHING GLIA,,-2.2,7.9,4.3,30182,115,100,3,3,1.7,6335|8470|8905,SCN9A|SORBS2|AP1S2,-0.28,0
1,-2.1,M39130,M1,1,0,Cell Type Signatures,7,AIZARANI LIVER C31 KUPFFER CELLS 5,,-2.1,7.5,4.1,30182,120,100,3,3,1.7,490|55160|84294,ATP2B1|ARHGEF10L|UTP23,-0.25,0
1,-2.1,M39204,M1,1,0,Cell Type Signatures,7,HAY BONE MARROW NK CELLS,,-2.1,4.1,3.4,30182,370,100,5,5,2.2,1488|3659|5613|8320|55784,CTBP2|IRF1|PRKX|EOMES|MCTP2,-0.24,0
1,-2,M39102,M1,1,0,Cell Type Signatures,7,ZHONG PFC C3 ASTROCYTE,,-2,3.9,3.3,30182,389,100,5,5,2.2,4097|4613|6335|29091|149076,MAFG|MYCN|SCN9A|STXBP6|ZNF362,-0.2,0
1,-2,M41709,M1,1,0,Cell Type Signatures,7,FAN OVARY CL7 ANGEIOGENIC ENDOTHELIAL CELL,,-2,4.8,3.5,30182,251,100,4,4,2,3726|7102|8905|57509,JUNB|TSPAN7|AP1S2|MTUS1,-0.19,0
