_MEMBER_MyList,_LogP_MyList,GO,_PATTERN_,_RANK_,GiniIndex,Category,CategoryID,Description,PARENT_GO,LogP,Enrichment,Z-score,#TotalGeneInLibrary,#GeneInGO,#GeneInHitList,#GeneInGOAndHitList,%InGO,STDV %InGO,GeneID,Hits,Log(q-value),EvidenceCutoff
1,-2.9,COVID189,M1,1,0,COVID,200,RNA_Stukalov_A549-ACE2_18h_Up,,-2.9,14,6,30182,66,100,3,3,1.7,3164|3659|3726,NR4A1|IRF1|JUNB,-0.67,0
1,-2.5,COVID010,M1,1,0,COVID,200,RNA_Blanco-Melo_A549-ACE2_Up,,-2.5,5,4,30182,300,100,5,5,2.2,1959|3164|3659|3726|114803,EGR2|NR4A1|IRF1|JUNB|MYSM1,-0.5,0
1,-2.5,COVID193,M1,1,0,COVID,200,RNA_Stukalov_A549-ACE2_30h_Up,,-2.5,5,4,30182,300,100,5,5,2.2,3164|3659|3726|4097|7337,NR4A1|IRF1|JUNB|MAFG|UBE3A,-0.5,0
1,-2.5,COVID243,M1,1,0,COVID,200,RNA_Riva_Vero-E6_24h_Up,,-2.5,5,4,30182,300,100,5,5,2.2,3164|3659|9586|10318|114803,NR4A1|IRF1|CREB5|TNIP1|MYSM1,-0.5,0
1,-2.4,COVID063,M1,1,0,COVID,200,Phosphoproteome_Bouhaddou_Vero_E6_4h_Down,,-2.4,6.1,4.2,30182,197,100,4,4,2,2059|3726|23365|57509,EPS8|JUNB|ARHGEF12|MTUS1,-0.43,0
