_MEMBER_MyList,_LogP_MyList,GO,_PATTERN_,_RANK_,GiniIndex,Category,CategoryID,Description,PARENT_GO,LogP,Enrichment,Z-score,#TotalGeneInLibrary,#GeneInGO,#GeneInHitList,#GeneInGOAndHitList,%InGO,STDV %InGO,GeneID,Hits,Log(q-value),EvidenceCutoff
1,-2.5,PGB:00059,M1,1,0,PaGenBase,36,Cell-specific: Testis Germ Cell,,-2.5,10,5.1,30182,87,100,3,3,1.7,6457|23175|140597,SH3GL3|LPIN1|TCEAL2,-0.52,0
1,-2.2,PGB:00040,M1,1,0,PaGenBase,36,Tissue-specific: Pituitary,,-2.2,8.2,4.4,30182,110,100,3,3,1.7,3642|4807|5449,INSM1|NHLH1|POU1F1,-0.32,0
1,-2.1,PGB:00031,M1,1,0,PaGenBase,36,Cell-specific: HUVEC,,-2.1,4.1,3.4,30182,372,100,5,5,2.2,1959|4133|5599|23365|56776,EGR2|MAP2|MAPK8|ARHGEF12|FMN2,-0.24,0
1,-2,PGB:00044,M1,1,0,PaGenBase,36,Tissue-specific: skeletal muscle,,-2,3.9,3.3,30182,383,100,5,5,2.2,444|5449|6899|23139|171024,ASPH|POU1F1|TBX1|MAST2|SYNPO2,-0.21,0
