Category,CategoryID,GO,Description,PARENT_GO,LogP,Enrichment,Z-score,#TotalGeneInLibrary,#GeneInGO,#GeneInHitList,#GeneInGOAndHitList,%InGO,STDV %InGO,GeneID,Hits,Log(q-value),GeneList
DisGeNET,35,C1535926,Neurodevelopmental Disorders,,-8.6,7.9,9.3,30182,534,100,14,14,3.5,412|1139|2566|2917|3084|4685|5291|7337|8905|10664|10846|22906|56776|56899,STS|CHRNA7|GABRG2|GRM7|NRG1|NCAM2|PIK3CB|UBE3A|AP1S2|CTCF|PDE10A|TRAK1|FMN2|ANKS1B,-4,MyList
Cell Type Signatures,7,M39246,LAKE ADULT KIDNEY C27 VASCULAR SMOOTH MUSCLE CELLS AND PERICYTES,,-7.3,16,10,30182,155,100,8,8,2.7,2059|3164|3726|5334|8470|8997|9873|171024,EPS8|NR4A1|JUNB|PLCL1|SORBS2|KALRN|FCHSD2|SYNPO2,-3.1,MyList
Cell Type Signatures,7,M39070,MANNO MIDBRAIN NEUROTYPES HNBGABA,,-7.1,6,7.8,30182,703,100,14,14,3.5,490|1139|2566|2742|2917|4133|6335|6457|7102|23175|56776|83660|140597|149076,ATP2B1|CHRNA7|GABRG2|GLRA2|GRM7|MAP2|SCN9A|SH3GL3|TSPAN7|LPIN1|FMN2|TLN2|TCEAL2|ZNF362,-3,MyList
Cell Type Signatures,7,M39067,MANNO MIDBRAIN NEUROTYPES HDA,,-6.9,7.2,8.1,30182,506,100,12,12,3.2,1139|2566|2742|3642|4133|5590|5613|6335|6457|7102|8905|23139,CHRNA7|GABRG2|GLRA2|INSM1|MAP2|PRKCZ|PRKX|SCN9A|SH3GL3|TSPAN7|AP1S2|MAST2,-3,MyList
Transcription Factor Targets,16,M11838,FOXD3 01,,-6.4,12,9,30182,202,100,8,8,2.7,1959|2119|3164|3726|6239|7291|9586|23365,EGR2|ETV5|NR4A1|JUNB|RREB1|TWIST1|CREB5|ARHGEF12,-2.6,MyList
Transcription Factor Targets,16,M8376,MEIS1BHOXA9 01,,-6.3,15,9.5,30182,144,100,7,7,2.6,2566|3642|5923|6929|56899|84251|149076,GABRG2|INSM1|RASGRF1|TCF3|ANKS1B|SGIP1|ZNF362,-2.6,MyList
Cell Type Signatures,7,M39068,MANNO MIDBRAIN NEUROTYPES HDA1,,-6.3,6.2,7.3,30182,584,100,12,12,3.2,1139|2566|2742|3642|4133|5599|6335|8905|8997|23139|23175|140597,CHRNA7|GABRG2|GLRA2|INSM1|MAP2|MAPK8|SCN9A|AP1S2|KALRN|MAST2|LPIN1|TCEAL2,-2.6,MyList
DisGeNET,35,C0035372,Rett Syndrome,,-5.9,10,8.3,30182,234,100,8,8,2.7,1139|1959|2742|2917|4133|6239|7337|10664,CHRNA7|EGR2|GLRA2|GRM7|MAP2|RREB1|UBE3A|CTCF,-2.4,MyList
DisGeNET,35,C0553580,Ewings sarcoma,,-5.9,6.4,7.2,30182,517,100,11,11,3.1,1959|2119|2346|3084|3642|3726|4613|5291|5599|7102|7291,EGR2|ETV5|FOLH1|NRG1|INSM1|JUNB|MYCN|PIK3CB|MAPK8|TSPAN7|TWIST1,-2.4,MyList
Cell Type Signatures,7,M39064,MANNO MIDBRAIN NEUROTYPES HNBML1,,-5.8,8.3,7.6,30182,328,100,9,9,2.9,2566|2742|3642|4133|5334|5599|6480|8905|56776,GABRG2|GLRA2|INSM1|MAP2|PLCL1|MAPK8|ST6GAL1|AP1S2|FMN2,-2.3,MyList
DisGeNET,35,C1961099,Precursor T-Cell Lymphoblastic Leukemia-Lymphoma,,-5.8,5.6,6.8,30182,644,100,12,12,3.2,2119|3297|3726|4613|4807|5291|5599|5923|6480|6929|10664|122953,ETV5|HSF1|JUNB|MYCN|NHLH1|PIK3CB|MAPK8|RASGRF1|ST6GAL1|TCF3|CTCF|JDP2,-2.3,MyList
Transcription Factor Targets,16,M8413,EN1 01,,-5.7,16,9.3,30182,111,100,6,6,2.4,3084|7942|8320|8470|10664|374868,NRG1|TFEB|EOMES|SORBS2|CTCF|ATP9B,-2.3,MyList
DisGeNET,35,C0020429,Hyperalgesia,,-5.6,6.7,7,30182,451,100,10,10,3,1139|3084|5291|5590|5599|6335|6929|7291|8997|23175,CHRNA7|NRG1|PIK3CB|PRKCZ|MAPK8|SCN9A|TCF3|TWIST1|KALRN|LPIN1,-2.2,MyList
DisGeNET,35,C0856975,Autistic behavior,,-5.6,9.3,7.7,30182,261,100,8,8,2.7,2566|6335|7102|7291|8905|10664|55784|56776,GABRG2|SCN9A|TSPAN7|TWIST1|AP1S2|CTCF|MCTP2|FMN2,-2.2,MyList
DisGeNET,35,C0206663,"Neuroectodermal Tumor, Primitive",,-5.6,11,8.2,30182,184,100,7,7,2.6,444|3084|3642|4133|4613|5291|6929,ASPH|NRG1|INSM1|MAP2|MYCN|PIK3CB|TCF3,-2.2,MyList
DisGeNET,35,C0853879,Invasive carcinoma of breast,,-5.4,6.4,6.8,30182,472,100,10,10,3,490|2059|2346|3659|5291|5590|7291|10664|56916|57509,ATP2B1|EPS8|FOLH1|IRF1|PIK3CB|PRKCZ|TWIST1|CTCF|SMARCAD1|MTUS1,-2.1,MyList
Cell Type Signatures,7,M39063,MANNO MIDBRAIN NEUROTYPES HNBM,,-5.2,8.2,7.2,30182,295,100,8,8,2.7,2620|3642|4133|4807|5599|5613|6480|56776,GAS2|INSM1|MAP2|NHLH1|MAPK8|PRKX|ST6GAL1|FMN2,-1.9,MyList
DisGeNET,35,C3163801,Abnormality of aortic arch,,-5,70,14,30182,13,100,3,3,1.7,6239|6899|55784,RREB1|TBX1|MCTP2,-1.7,MyList
Transcription Factor Targets,16,M1793,ZF5 01,,-4.8,8.9,7.1,30182,237,100,7,7,2.6,3164|3726|5923|10664|23365|57758|149076,NR4A1|JUNB|RASGRF1|CTCF|ARHGEF12|SCUBE2|ZNF362,-1.6,MyList
DisGeNET,35,C0238462,Medullary carcinoma of thyroid,,-4.8,7.3,6.7,30182,330,100,8,8,2.7,2346|3164|3642|3726|4613|5291|6239|7291,FOLH1|NR4A1|INSM1|JUNB|MYCN|PIK3CB|RREB1|TWIST1,-1.6,MyList
DisGeNET,35,C1708566,Invasive Prostate Carcinoma,,-4.8,27,10,30182,45,100,4,4,2,3726|4613|5291|171024,JUNB|MYCN|PIK3CB|SYNPO2,-1.6,MyList
Transcription Factor Targets,16,M8172,HNF6 Q6,,-4.8,8.8,7,30182,239,100,7,7,2.6,1007|3084|7291|8905|23365|57509|84251,CDH9|NRG1|TWIST1|AP1S2|ARHGEF12|MTUS1|SGIP1,-1.6,MyList
Transcription Factor Targets,16,M7173,TCCATTKW UNKNOWN,,-4.8,8.8,7,30182,241,100,7,7,2.6,2119|3164|4133|4685|8470|10664|122953,ETV5|NR4A1|MAP2|NCAM2|SORBS2|CTCF|JDP2,-1.6,MyList
DisGeNET,35,C1328504,Hormone refractory prostate cancer,,-4.8,4.9,5.9,30182,683,100,11,11,3.1,412|2346|4605|4613|5291|5334|5599|5923|6480|7291|114803,STS|FOLH1|MYBL2|MYCN|PIK3CB|PLCL1|MAPK8|RASGRF1|ST6GAL1|TWIST1|MYSM1,-1.6,MyList
DisGeNET,35,C0346429,Multiple malignancy,,-4.8,11,7.5,30182,163,100,6,6,2.4,3084|3297|4605|4613|5291|7291,NRG1|HSF1|MYBL2|MYCN|PIK3CB|TWIST1,-1.6,MyList
Transcription Factor Targets,16,M14186,GATA1 03,,-4.7,8.6,6.9,30182,246,100,7,7,2.6,1959|2566|4052|7291|7337|9586|10664,EGR2|GABRG2|LTBP1|TWIST1|UBE3A|CREB5|CTCF,-1.6,MyList
DisGeNET,35,C0151650,Renal fibrosis,,-4.7,5.3,6,30182,570,100,10,10,3,1007|2119|3164|3726|5291|5599|6899|6929|7291|114803,CDH9|ETV5|NR4A1|JUNB|PIK3CB|MAPK8|TBX1|TCF3|TWIST1|MYSM1,-1.6,MyList
Transcription Factor Targets,16,M5954,NFY C,,-4.7,8.5,6.8,30182,250,100,7,7,2.6,1007|2119|4800|6239|8470|66000|149076,CDH9|ETV5|NFYA|RREB1|SORBS2|TMEM108|ZNF362,-1.6,MyList
Transcription Factor Targets,16,M7622,ZIC3 01,,-4.6,8.3,6.7,30182,255,100,7,7,2.6,2566|3084|4613|4807|23139|57509|149076,GABRG2|NRG1|MYCN|NHLH1|MAST2|MTUS1|ZNF362,-1.6,MyList
Cell Type Signatures,7,M39066,MANNO MIDBRAIN NEUROTYPES HNBML5,,-4.6,5.8,6.1,30182,465,100,9,9,2.9,2566|2917|3642|4133|5599|8997|23175|56776|56899,GABRG2|GRM7|INSM1|MAP2|MAPK8|KALRN|LPIN1|FMN2|ANKS1B,-1.6,MyList
Transcription Factor Targets,16,M15010,WHN B,,-4.6,8.1,6.6,30182,261,100,7,7,2.6,2566|3084|3642|3726|10664|56899|149076,GABRG2|NRG1|INSM1|JUNB|CTCF|ANKS1B|ZNF362,-1.6,MyList
Transcription Factor Targets,16,M19671,TEF Q6,,-4.6,8.1,6.6,30182,262,100,7,7,2.6,22|1959|2119|4133|7291|9586|10664,ABCB7|EGR2|ETV5|MAP2|TWIST1|CREB5|CTCF,-1.6,MyList
Cell Type Signatures,7,M39245,LAKE ADULT KIDNEY C26 MESANGIAL CELLS,,-4.5,10,7.1,30182,177,100,6,6,2.4,2059|2620|3164|5334|8997|9873,EPS8|GAS2|NR4A1|PLCL1|KALRN|FCHSD2,-1.6,MyList
DisGeNET,35,C0555198,Malignant Glioma,,-4.5,4.6,5.6,30182,724,100,11,11,3.1,412|2059|2346|3164|4052|4613|5291|5599|6457|6480|6929,STS|EPS8|FOLH1|NR4A1|LTBP1|MYCN|PIK3CB|MAPK8|SH3GL3|ST6GAL1|TCF3,-1.6,MyList
DisGeNET,35,C0221232,Welts,,-4.5,23,9.1,30182,53,100,4,4,2,3659|4133|5291|9586,IRF1|MAP2|PIK3CB|CREB5,-1.6,MyList
Transcription Factor Targets,16,M14960,POU3F2 02,,-4.5,8,6.6,30182,265,100,7,7,2.6,2566|2620|5449|6239|8905|8997|57509,GABRG2|GAS2|POU1F1|RREB1|AP1S2|KALRN|MTUS1,-1.6,MyList
DisGeNET,35,C0007095,Carcinoid Tumor,,-4.5,7.9,6.5,30182,267,100,7,7,2.6,280|412|1139|3642|3726|4133|5291,AMY2B|STS|CHRNA7|INSM1|JUNB|MAP2|PIK3CB,-1.6,MyList
DisGeNET,35,C1176475,Ductal Carcinoma,,-4.4,7.7,6.4,30182,273,100,7,7,2.6,444|5291|5449|5590|5599|7291|10664,ASPH|PIK3CB|POU1F1|PRKCZ|MAPK8|TWIST1|CTCF,-1.5,MyList
DisGeNET,35,C0349204,Nonorganic psychosis,,-4.4,6.4,6.1,30182,376,100,8,8,2.7,1139|2566|2917|3084|6899|7337|8997|10846,CHRNA7|GABRG2|GRM7|NRG1|TBX1|UBE3A|KALRN|PDE10A,-1.5,MyList
DisGeNET,35,C0003504,Aortic Valve Insufficiency,,-4.4,6.4,6.1,30182,377,100,8,8,2.7,412|1959|3164|3726|5291|5334|5599|7291,STS|EGR2|NR4A1|JUNB|PIK3CB|PLCL1|MAPK8|TWIST1,-1.5,MyList
Transcription Factor Targets,16,M4764,TGTTTGY HNF3 Q6,,-4.4,4.4,5.5,30182,748,100,11,11,3.1,1959|3084|3726|4052|6239|7102|8905|9586|9873|10664|55784,EGR2|NRG1|JUNB|LTBP1|RREB1|TSPAN7|AP1S2|CREB5|FCHSD2|CTCF|MCTP2,-1.5,MyList
DisGeNET,35,C0027654,Embryonal Neoplasm,,-4.4,21,8.8,30182,57,100,4,4,2,3642|4613|5291|6929,INSM1|MYCN|PIK3CB|TCF3,-1.5,MyList
Transcription Factor Targets,16,M2459,EGR Q6,,-4.4,7.5,6.3,30182,280,100,7,7,2.6,1959|2566|3642|7337|9873|10664|10846,EGR2|GABRG2|INSM1|UBE3A|FCHSD2|CTCF|PDE10A,-1.5,MyList
DisGeNET,35,C0027809,Neurilemmoma,,-4.3,9.4,6.7,30182,193,100,6,6,2.4,412|2119|2346|3084|5291|6929,STS|ETV5|FOLH1|NRG1|PIK3CB|TCF3,-1.5,MyList
Transcription Factor Targets,16,M2958,GATA1 05,,-4.3,7.4,6.3,30182,284,100,7,7,2.6,1959|6239|7291|7337|9586|10664|55160,EGR2|RREB1|TWIST1|UBE3A|CREB5|CTCF|ARHGEF10L,-1.5,MyList
DisGeNET,35,C0431380,Cortical Dysplasia,,-4.3,13,7.4,30182,118,100,5,5,2.2,2566|4133|5291|6335|56776,GABRG2|MAP2|PIK3CB|SCN9A|FMN2,-1.5,MyList
Cell Type Signatures,7,M39073,MANNO MIDBRAIN NEUROTYPES HOMTN,,-4.3,6.2,6,30182,389,100,8,8,2.7,490|2566|2742|4133|5334|6335|7102|83660,ATP2B1|GABRG2|GLRA2|MAP2|PLCL1|SCN9A|TSPAN7|TLN2,-1.5,MyList
DisGeNET,35,C0025362,Mental Retardation,,-4.3,5.4,5.7,30182,505,100,9,9,2.9,412|2917|5449|6899|7102|7291|7337|8905|10664,STS|GRM7|POU1F1|TBX1|TSPAN7|TWIST1|UBE3A|AP1S2|CTCF,-1.5,MyList
DisGeNET,35,C0423110,Downward slant of palpebral fissure,,-4.3,6.2,5.9,30182,391,100,8,8,2.7,444|1139|2566|6239|6899|7102|7337|22906,ASPH|CHRNA7|GABRG2|RREB1|TBX1|TSPAN7|UBE3A|TRAK1,-1.5,MyList
Transcription Factor Targets,16,M1341,HFH4 01,,-4.2,8.8,6.5,30182,205,100,6,6,2.4,1959|3084|7291|7337|9586|56899,EGR2|NRG1|TWIST1|UBE3A|CREB5|ANKS1B,-1.4,MyList
Cell Type Signatures,7,M39050,MANNO MIDBRAIN NEUROTYPES HPERIC,,-4.2,4.2,5.2,30182,795,100,11,11,3.1,1959|2059|3164|3659|3726|5334|7102|7291|9754|23365|57509,EGR2|EPS8|NR4A1|IRF1|JUNB|PLCL1|TSPAN7|TWIST1|STARD8|ARHGEF12|MTUS1,-1.4,MyList
Cell Type Signatures,7,M39302,CUI DEVELOPING HEART C5 VALVAR CELL,,-4.2,8.7,6.4,30182,208,100,6,6,2.4,1959|3164|3659|3726|7291|171024,EGR2|NR4A1|IRF1|JUNB|TWIST1|SYNPO2,-1.4,MyList
DisGeNET,35,C0598935,Tumor Initiation,,-4.1,5.1,5.5,30182,533,100,9,9,2.9,1488|2119|3084|3297|4613|5291|5599|7291|57509,CTBP2|ETV5|NRG1|HSF1|MYCN|PIK3CB|MAPK8|TWIST1|MTUS1,-1.4,MyList
DisGeNET,35,C0678230,Congenital Epicanthus,,-4.1,5.8,5.7,30182,417,100,8,8,2.7,1139|4613|5291|6239|6899|6929|7291|7337,CHRNA7|MYCN|PIK3CB|RREB1|TBX1|TCF3|TWIST1|UBE3A,-1.3,MyList
Transcription Factor Targets,16,M1643,FOX Q2,,-4.1,8.5,6.3,30182,213,100,6,6,2.4,1959|3084|3726|6239|7291|10664,EGR2|NRG1|JUNB|RREB1|TWIST1|CTCF,-1.3,MyList
Transcription Factor Targets,16,M4384,YWATTWNNRGCT UNKNOWN,,-4,17,7.8,30182,71,100,4,4,2,3164|4133|5923|8905,NR4A1|MAP2|RASGRF1|AP1S2,-1.3,MyList
Cell Type Signatures,7,M39241,LAKE ADULT KIDNEY C22 ENDOTHELIAL CELLS GLOMERULAR CAPILLARIES,,-4,11,6.8,30182,137,100,5,5,2.2,6480|8470|8997|9873|23365,ST6GAL1|SORBS2|KALRN|FCHSD2|ARHGEF12,-1.3,MyList
DisGeNET,35,C0008055,Chikungunya Fever,,-4,11,6.8,30182,137,100,5,5,2.2,3659|3661|5291|5599|8412,IRF1|IRF3|PIK3CB|MAPK8|BCAR3,-1.3,MyList
DisGeNET,35,C1334953,Neuroblastic tumors,,-4,17,7.7,30182,73,100,4,4,2,444|3642|4613|6929,ASPH|INSM1|MYCN|TCF3,-1.2,MyList
DisGeNET,35,C1136249,"Mental Retardation, X-Linked",,-4,11,6.7,30182,141,100,5,5,2.2,412|5132|5923|7102|8905,STS|PDC|RASGRF1|TSPAN7|AP1S2,-1.2,MyList
TRRUST,34,TRR00230,Regulated by: E2F1,,-3.9,11,6.6,30182,142,100,5,5,2.2,3661|4605|4613|5599|56776,IRF3|MYBL2|MYCN|MAPK8|FMN2,-1.2,MyList
Cell Type Signatures,7,M39168,MURARO PANCREAS ALPHA CELL,,-3.9,4.8,5.2,30182,568,100,9,9,2.9,444|490|2770|7102|8412|8905|22906|29091|140597,ASPH|ATP2B1|GNAI1|TSPAN7|BCAR3|AP1S2|TRAK1|STXBP6|TCEAL2,-1.2,MyList
Cell Type Signatures,7,M39269,HU FETAL RETINA RGC,,-3.9,5.5,5.4,30182,443,100,8,8,2.7,2770|4133|4613|6335|7102|10776|57528|151242,GNAI1|MAP2|MYCN|SCN9A|TSPAN7|ARPP19|KCTD16|PPP1R1C,-1.2,MyList
DisGeNET,35,C0023485,Precursor B-Cell Lymphoblastic Leukemia-Lymphoma,,-3.9,10,6.5,30182,145,100,5,5,2.2,2119|5291|6929|56776|56899,ETV5|PIK3CB|TCF3|FMN2|ANKS1B,-1.2,MyList
DisGeNET,35,C0424731,Single transverse palmar crease,,-3.9,15,7.4,30182,78,100,4,4,2,10664|55784|56916|84294,CTCF|MCTP2|SMARCAD1|UTP23,-1.2,MyList
Transcription Factor Targets,16,M16345,NKX3A 01,,-3.8,7.6,5.9,30182,238,100,6,6,2.4,1007|1959|3084|3164|3726|9586,CDH9|EGR2|NRG1|NR4A1|JUNB|CREB5,-1.1,MyList
DisGeNET,35,C0235833,Congenital diaphragmatic hernia,,-3.8,7.6,5.9,30182,239,100,6,6,2.4,3084|6899|7291|9754|55784|84294,NRG1|TBX1|TWIST1|STARD8|MCTP2|UTP23,-1.1,MyList
DisGeNET,35,C0010417,Cryptorchidism,,-3.8,4.2,5,30182,725,100,10,10,3,412|490|3297|6239|6899|7291|8905|10664|55784|81887,STS|ATP2B1|HSF1|RREB1|TBX1|TWIST1|AP1S2|CTCF|MCTP2|LAS1L,-1.1,MyList
Transcription Factor Targets,16,M12934,BRN2 01,,-3.8,7.5,5.9,30182,240,100,6,6,2.4,2119|2742|4685|9586|23365|56899,ETV5|GLRA2|NCAM2|CREB5|ARHGEF12|ANKS1B,-1.1,MyList
Cell Type Signatures,7,M39236,LAKE ADULT KIDNEY C17 COLLECTING SYSTEM PCS STRESSED DISSOC SUBSET,,-3.8,7.5,5.9,30182,240,100,6,6,2.4,3164|5599|6480|22906|23365|57509,NR4A1|MAPK8|ST6GAL1|TRAK1|ARHGEF12|MTUS1,-1.1,MyList
Transcription Factor Targets,16,M9264,LMO2COM 02,,-3.8,7.4,5.8,30182,244,100,6,6,2.4,3164|9586|10664|55160|56899|84251,NR4A1|CREB5|CTCF|ARHGEF10L|ANKS1B|SGIP1,-1.1,MyList
DisGeNET,35,C0521158,Recurrent tumor,,-3.8,4.1,4.9,30182,735,100,10,10,3,444|2346|3164|3297|3642|4613|5291|5599|5923|6480,ASPH|FOLH1|NR4A1|HSF1|INSM1|MYCN|PIK3CB|MAPK8|RASGRF1|ST6GAL1,-1.1,MyList
DisGeNET,35,C0333516,Tumor necrosis,,-3.8,6,5.5,30182,350,100,7,7,2.6,3164|3642|4613|5291|5590|5599|10664,NR4A1|INSM1|MYCN|PIK3CB|PRKCZ|MAPK8|CTCF,-1.1,MyList
DisGeNET,35,C0949664,Tauopathies,,-3.8,7.4,5.8,30182,245,100,6,6,2.4,2566|3297|4133|5132|5599|7942,GABRG2|HSF1|MAP2|PDC|MAPK8|TFEB,-1.1,MyList
Cell Type Signatures,7,M39082,ZHONG PFC C9 ORG OTHER,,-3.8,15,7.1,30182,83,100,4,4,2,2119|2346|3084|7102,ETV5|FOLH1|NRG1|TSPAN7,-1.1,MyList
Transcription Factor Targets,16,M19808,RORA2 01,,-3.8,9.7,6.3,30182,156,100,5,5,2.2,444|2620|6239|7102|8470,ASPH|GAS2|RREB1|TSPAN7|SORBS2,-1.1,MyList
Transcription Factor Targets,16,M14012,GATA1 04,,-3.8,7.3,5.8,30182,247,100,6,6,2.4,1959|7291|7337|9586|10664|56899,EGR2|TWIST1|UBE3A|CREB5|CTCF|ANKS1B,-1.1,MyList
Transcription Factor Targets,16,M4468,FOXM1 01,,-3.7,7.3,5.7,30182,248,100,6,6,2.4,4685|5923|9586|10664|29091|57509,NCAM2|RASGRF1|CREB5|CTCF|STXBP6|MTUS1,-1.1,MyList
Transcription Factor Targets,16,M18699,NFAT Q6,,-3.7,7.3,5.7,30182,249,100,6,6,2.4,2119|3659|9586|23139|122953|149076,ETV5|IRF1|CREB5|MAST2|JDP2|ZNF362,-1.1,MyList
DisGeNET,35,C0333463,Senile Plaques,,-3.7,7.3,5.7,30182,249,100,6,6,2.4,2346|2770|4133|5132|5291|5599,FOLH1|GNAI1|MAP2|PDC|PIK3CB|MAPK8,-1.1,MyList
DisGeNET,35,C0007130,Mucinous Adenocarcinoma,,-3.7,9.5,6.2,30182,159,100,5,5,2.2,3084|4052|5291|7291|22906,NRG1|LTBP1|PIK3CB|TWIST1|TRAK1,-1.1,MyList
Transcription Factor Targets,16,M14230,HFH1 01,,-3.7,7.2,5.7,30182,251,100,6,6,2.4,1959|2119|3164|6239|9586|9873,EGR2|ETV5|NR4A1|RREB1|CREB5|FCHSD2,-1.1,MyList
TRRUST,34,TRR01277,Regulated by: STAT3,,-3.7,9.4,6.1,30182,161,100,5,5,2.2,412|3659|3726|4052|7291,STS|IRF1|JUNB|LTBP1|TWIST1,-1.1,MyList
DisGeNET,35,C0026650,Movement Disorders,,-3.7,5.8,5.3,30182,362,100,7,7,2.6,2566|3084|5132|7337|10664|10846|22906,GABRG2|NRG1|PDC|UBE3A|CTCF|PDE10A|TRAK1,-1.1,MyList
DisGeNET,35,C0175754,Agenesis of corpus callosum,,-3.7,4.4,4.9,30182,615,100,9,9,2.9,2346|3726|5291|5449|5599|5923|6899|7291|8320,FOLH1|JUNB|PIK3CB|POU1F1|MAPK8|RASGRF1|TBX1|TWIST1|EOMES,-1.1,MyList
DisGeNET,35,C0014553,Absence Epilepsy,,-3.7,14,6.9,30182,88,100,4,4,2,1139|2566|7337|22906,CHRNA7|GABRG2|UBE3A|TRAK1,-1.1,MyList
DisGeNET,35,C0030044,Acrocephaly,,-3.7,26,8.5,30182,35,100,3,3,1.7,6239|6899|7291,RREB1|TBX1|TWIST1,-1.1,MyList
Transcription Factor Targets,16,M14862,P300 01,,-3.7,7.1,5.6,30182,256,100,6,6,2.4,1488|2917|3726|7291|7942|56899,CTBP2|GRM7|JUNB|TWIST1|TFEB|ANKS1B,-1.1,MyList
DisGeNET,35,C0221355,Macrocephaly,,-3.7,5.8,5.3,30182,366,100,7,7,2.6,1139|4685|5291|7102|7291|7337|8905,CHRNA7|NCAM2|PIK3CB|TSPAN7|TWIST1|UBE3A|AP1S2,-1.1,MyList
Transcription Factor Targets,16,M133,TCF11 01,,-3.6,7,5.6,30182,258,100,6,6,2.4,2770|3084|4133|9586|84251|122953,GNAI1|NRG1|MAP2|CREB5|SGIP1|JDP2,-1.1,MyList
DisGeNET,35,C4025790,Specific learning disability,,-3.6,9.1,6,30182,165,100,5,5,2.2,2566|4613|6239|6899|81887,GABRG2|MYCN|RREB1|TBX1|LAS1L,-1.1,MyList
Transcription Factor Targets,16,M18558,AP2 Q6,,-3.6,7,5.6,30182,259,100,6,6,2.4,3084|3642|3659|10664|23139|149076,NRG1|INSM1|IRF1|CTCF|MAST2|ZNF362,-1.1,MyList
Transcription Factor Targets,16,M4153,PXR Q2,,-3.6,7,5.6,30182,260,100,6,6,2.4,280|1959|2119|3084|6239|9586,AMY2B|EGR2|ETV5|NRG1|RREB1|CREB5,-1.1,MyList
DisGeNET,35,C0751690,Malignant Peripheral Nerve Sheath Tumor,,-3.6,6.9,5.6,30182,261,100,6,6,2.4,3084|3297|4613|5291|5599|7291,NRG1|HSF1|MYCN|PIK3CB|MAPK8|TWIST1,-1.1,MyList
DisGeNET,35,C1519689,Tumor Promotion,,-3.6,8.9,5.9,30182,170,100,5,5,2.2,2059|3726|4613|5291|5599,EPS8|JUNB|MYCN|PIK3CB|MAPK8,-1,MyList
Transcription Factor Targets,16,M13482,ZIC1 01,,-3.6,6.8,5.5,30182,266,100,6,6,2.4,2566|3084|4800|8905|57509|149076,GABRG2|NRG1|NFYA|AP1S2|MTUS1|ZNF362,-1,MyList
Transcription Factor Targets,16,M6422,TTAYRTAA E4BP4 01,,-3.6,6.8,5.5,30182,268,100,6,6,2.4,2119|7102|7942|8905|9586|55784,ETV5|TSPAN7|TFEB|AP1S2|CREB5|MCTP2,-1,MyList
Transcription Factor Targets,16,M13052,GATA6 01,,-3.6,6.8,5.5,30182,268,100,6,6,2.4,2119|9586|10664|55160|56899|84251,ETV5|CREB5|CTCF|ARHGEF10L|ANKS1B|SGIP1,-1,MyList
DisGeNET,35,C1845977,X- linked recessive,,-3.6,8.8,5.9,30182,172,100,5,5,2.2,22|412|7102|8905|81887,ABCB7|STS|TSPAN7|AP1S2|LAS1L,-1,MyList
Transcription Factor Targets,16,M16722,MYB Q5 01,,-3.6,6.7,5.4,30182,269,100,6,6,2.4,3084|4052|6239|7337|9586|149076,NRG1|LTBP1|RREB1|UBE3A|CREB5|ZNF362,-1,MyList
DisGeNET,35,C0013132,Drooling,,-3.5,13,6.6,30182,95,100,4,4,2,2566|7102|7337|10846,GABRG2|TSPAN7|UBE3A|PDE10A,-1,MyList
DisGeNET,35,C4022738,Neurodevelopmental delay,,-3.5,23,8,30182,39,100,3,3,1.7,2566|6335|114803,GABRG2|SCN9A|MYSM1,-1,MyList
Transcription Factor Targets,16,M4770,COREBINDINGFACTOR Q6,,-3.5,6.6,5.4,30182,276,100,6,6,2.4,3164|4052|4097|8412|84251|122953,NR4A1|LTBP1|MAFG|BCAR3|SGIP1|JDP2,-0.99,MyList
DisGeNET,35,C0243050,Cardiovascular Abnormalities,,-3.5,12,6.4,30182,99,100,4,4,2,1395|4052|5291|6899,CRHR2|LTBP1|PIK3CB|TBX1,-0.98,MyList
DisGeNET,35,C0019158,Hepatitis,,-3.5,4.1,4.7,30182,656,100,9,9,2.9,3164|3297|3726|4613|5291|5599|6480|6929|7942,NR4A1|HSF1|JUNB|MYCN|PIK3CB|MAPK8|ST6GAL1|TCF3|TFEB,-0.98,MyList
DisGeNET,35,C0520947,Clumsiness - motor delay,,-3.5,5.4,5,30182,393,100,7,7,2.6,1340|1959|6335|6899|7337|10846|56776,COX6B1|EGR2|SCN9A|TBX1|UBE3A|PDE10A|FMN2,-0.98,MyList
DisGeNET,35,C0282160,Aplasia Cutis Congenita,,-3.5,5.4,5,30182,393,100,7,7,2.6,2346|3726|5291|5599|5923|6899|7291,FOLH1|JUNB|PIK3CB|MAPK8|RASGRF1|TBX1|TWIST1,-0.98,MyList
DisGeNET,35,C1861324,Short philtrum,,-3.4,8.3,5.7,30182,182,100,5,5,2.2,6239|6899|7291|8905|55784,RREB1|TBX1|TWIST1|AP1S2|MCTP2,-0.96,MyList
Transcription Factor Targets,16,M15359,CREBP1 01,,-3.4,8.2,5.7,30182,183,100,5,5,2.2,2119|7102|7942|8905|9586,ETV5|TSPAN7|TFEB|AP1S2|CREB5,-0.96,MyList
DisGeNET,35,C0026918,Mycobacterium Infections,,-3.4,8.2,5.7,30182,183,100,5,5,2.2,412|3659|5291|7291|7942,STS|IRF1|PIK3CB|TWIST1|TFEB,-0.96,MyList
DisGeNET,35,C0202230,Thyroid stimulating hormone measurement,,-3.4,22,7.7,30182,42,100,3,3,1.7,3084|5613|10846,NRG1|PRKX|PDE10A,-0.96,MyList
DisGeNET,35,C0032897,Prader-Willi Syndrome,,-3.4,8.2,5.6,30182,184,100,5,5,2.2,412|3164|5291|7291|7337,STS|NR4A1|PIK3CB|TWIST1|UBE3A,-0.96,MyList
DisGeNET,35,C1839839,MAJOR AFFECTIVE DISORDER 2,,-3.4,8.2,5.6,30182,185,100,5,5,2.2,1139|3084|5590|6239|6899,CHRNA7|NRG1|PRKCZ|RREB1|TBX1,-0.95,MyList
DisGeNET,35,C0038220,Status Epilepticus,,-3.4,4.5,4.7,30182,533,100,8,8,2.7,2566|3726|4133|5291|5599|5923|6335|22906,GABRG2|JUNB|MAP2|PIK3CB|MAPK8|RASGRF1|SCN9A|TRAK1,-0.93,MyList
DisGeNET,35,C3896961,Adult Pre-B Acute Lymphoblastic Leukemia,,-3.4,21,7.5,30182,44,100,3,3,1.7,2119|6929|56776,ETV5|TCF3|FMN2,-0.92,MyList
DisGeNET,35,C2936719,Mechanical Allodynia,,-3.4,5.2,4.9,30182,408,100,7,7,2.6,2917|3084|3661|5291|5590|5599|6929,GRM7|NRG1|IRF3|PIK3CB|PRKCZ|MAPK8|TCF3,-0.92,MyList
DisGeNET,35,C0005744,Blepharophimosis,,-3.4,11,6.2,30182,106,100,4,4,2,4613|5291|6899|55784,MYCN|PIK3CB|TBX1|MCTP2,-0.92,MyList
Transcription Factor Targets,16,M12142,PAX8 B,,-3.4,11,6.2,30182,106,100,4,4,2,2566|3084|6457|7291,GABRG2|NRG1|SH3GL3|TWIST1,-0.92,MyList
DisGeNET,35,C1858085,Malar flattening,,-3.4,7.9,5.5,30182,190,100,5,5,2.2,5449|6239|6899|7291|114803,POU1F1|RREB1|TBX1|TWIST1|MYSM1,-0.92,MyList
Transcription Factor Targets,16,M17512,HNF3 Q6,,-3.3,7.9,5.5,30182,192,100,5,5,2.2,1959|3084|3164|6239|7291,EGR2|NRG1|NR4A1|RREB1|TWIST1,-0.91,MyList
Transcription Factor Targets,16,M829,YTAATTAA LHX3 01,,-3.3,7.9,5.5,30182,192,100,5,5,2.2,4800|6239|8997|55160|122953,NFYA|RREB1|KALRN|ARHGEF10L|JDP2,-0.91,MyList
DisGeNET,35,C0027626,Neoplasm Invasiveness,,-3.3,7.8,5.5,30182,193,100,5,5,2.2,1139|1488|2059|3084|7291,CHRNA7|CTBP2|EPS8|NRG1|TWIST1,-0.9,MyList
DisGeNET,35,C0016667,Fragile X Syndrome,,-3.3,7.8,5.5,30182,194,100,5,5,2.2,3084|5291|7291|7337|10664,NRG1|PIK3CB|TWIST1|UBE3A|CTCF,-0.9,MyList
DisGeNET,35,C1837731,Overfolded helix,,-3.3,20,7.3,30182,46,100,3,3,1.7,6239|6899|7291,RREB1|TBX1|TWIST1,-0.9,MyList
DisGeNET,35,C0220704,Shprintzen syndrome,,-3.3,20,7.3,30182,46,100,3,3,1.7,1139|6239|6899,CHRNA7|RREB1|TBX1,-0.9,MyList
DisGeNET,35,C0036920,Sezary Syndrome,,-3.3,7.7,5.4,30182,196,100,5,5,2.2,3726|4605|5291|6929|7291,JUNB|MYBL2|PIK3CB|TCF3|TWIST1,-0.88,MyList
DisGeNET,35,C0458219,Complex Regional Pain Syndromes,,-3.3,19,7.2,30182,47,100,3,3,1.7,5599|6335|7291,MAPK8|SCN9A|TWIST1,-0.87,MyList
Transcription Factor Targets,16,M17712,WGTTNNNNNAAA UNKNOWN,,-3.3,4.4,4.6,30182,554,100,8,8,2.7,2119|2742|3084|6239|9586|23365|84251|149076,ETV5|GLRA2|NRG1|RREB1|CREB5|ARHGEF12|SGIP1|ZNF362,-0.87,MyList
DisGeNET,35,C4551686,Malignant neoplasm of soft tissue,,-3.3,3.9,4.5,30182,699,100,9,9,2.9,412|2119|2346|2566|4613|5291|5599|6239|7291,STS|ETV5|FOLH1|GABRG2|MYCN|PIK3CB|MAPK8|RREB1|TWIST1,-0.87,MyList
Transcription Factor Targets,16,M1013,FXR IR1 Q6,,-3.3,11,6,30182,112,100,4,4,2,3642|4052|5132|9873,INSM1|LTBP1|PDC|FCHSD2,-0.87,MyList
DisGeNET,35,C0600427,Cocaine Dependence,,-3.3,7.6,5.4,30182,199,100,5,5,2.2,1395|2566|5291|8997|374868,CRHR2|GABRG2|PIK3CB|KALRN|ATP9B,-0.87,MyList
Transcription Factor Targets,16,M15556,FREAC7 01,,-3.3,7.5,5.4,30182,200,100,5,5,2.2,2119|3084|3726|4800|7291,ETV5|NRG1|JUNB|NFYA|TWIST1,-0.86,MyList
DisGeNET,35,C0033975,Psychotic Disorders,,-3.3,4.3,4.6,30182,560,100,8,8,2.7,1139|2566|2917|3084|6899|7337|8997|10846,CHRNA7|GABRG2|GRM7|NRG1|TBX1|UBE3A|KALRN|PDE10A,-0.86,MyList
DisGeNET,35,C0036857,Severe intellectual disability,,-3.2,4.9,4.7,30182,429,100,7,7,2.6,1139|5923|6899|7102|7337|8905|56776,CHRNA7|RASGRF1|TBX1|TSPAN7|UBE3A|AP1S2|FMN2,-0.85,MyList
DisGeNET,35,C0334579,Anaplastic astrocytoma,,-3.2,7.5,5.3,30182,202,100,5,5,2.2,2346|4133|4613|5291|5449,FOLH1|MAP2|MYCN|PIK3CB|POU1F1,-0.85,MyList
DisGeNET,35,C0035412,Rhabdomyosarcoma,,-3.2,4.3,4.5,30182,565,100,8,8,2.7,490|2346|3164|3642|4613|5291|5599|5923,ATP2B1|FOLH1|NR4A1|INSM1|MYCN|PIK3CB|MAPK8|RASGRF1,-0.85,MyList
DisGeNET,35,C0206655,Alveolar rhabdomyosarcoma,,-3.2,10,5.9,30182,115,100,4,4,2,3164|3642|4613|5599,NR4A1|INSM1|MYCN|MAPK8,-0.85,MyList
DisGeNET,35,C4316903,Absence Seizures,,-3.2,7.4,5.3,30182,204,100,5,5,2.2,1139|2566|6335|7102|7337,CHRNA7|GABRG2|SCN9A|TSPAN7|UBE3A,-0.85,MyList
DisGeNET,35,C0027831,Neurofibromatosis 1,,-3.2,5.8,4.9,30182,311,100,6,6,2.4,2119|2346|3297|5291|5599|6899,ETV5|FOLH1|HSF1|PIK3CB|MAPK8|TBX1,-0.85,MyList
Transcription Factor Targets,16,M6052,YCATTAA UNKNOWN,,-3.2,4.3,4.5,30182,567,100,8,8,2.7,280|5923|6239|8997|9586|9873|10776|84251,AMY2B|RASGRF1|RREB1|KALRN|CREB5|FCHSD2|ARPP19|SGIP1,-0.85,MyList
Transcription Factor Targets,16,M822,YTATTTTNR MEF2 02,,-3.2,3.8,4.4,30182,715,100,9,9,2.9,444|3164|3726|5923|7291|9586|56899|66000|149076,ASPH|NR4A1|JUNB|RASGRF1|TWIST1|CREB5|ANKS1B|TMEM108|ZNF362,-0.84,MyList
DisGeNET,35,C0038379,Strabismus,,-3.2,3.8,4.4,30182,716,100,9,9,2.9,22|1139|6239|6899|7291|7337|8905|10664|55784,ABCB7|CHRNA7|RREB1|TBX1|TWIST1|UBE3A|AP1S2|CTCF|MCTP2,-0.83,MyList
Transcription Factor Targets,16,M40809,MYOCD TARGET GENES,,-3.2,4.2,4.5,30182,572,100,8,8,2.7,1395|2346|6480|7337|8997|10776|55784|56899,CRHR2|FOLH1|ST6GAL1|UBE3A|KALRN|ARPP19|MCTP2|ANKS1B,-0.83,MyList
DisGeNET,35,C0278488,Carcinoma breast stage IV,,-3.2,4.2,4.5,30182,573,100,8,8,2.7,22|444|2346|3297|3726|5291|7291|56916,ABCB7|ASPH|FOLH1|HSF1|JUNB|PIK3CB|TWIST1|SMARCAD1,-0.83,MyList
DisGeNET,35,C3896960,Childhood Pre-B Acute Lymphoblastic Leukemia,,-3.2,18,6.9,30182,51,100,3,3,1.7,2119|6929|56776,ETV5|TCF3|FMN2,-0.83,MyList
DisGeNET,35,C1848207,Poor speech,,-3.2,7.3,5.2,30182,208,100,5,5,2.2,7102|7337|8905|56776|81887,TSPAN7|UBE3A|AP1S2|FMN2|LAS1L,-0.83,MyList
DisGeNET,35,C0013384,Dyskinetic syndrome,,-3.2,5.7,4.9,30182,316,100,6,6,2.4,2566|3164|5132|10846|22906|56776,GABRG2|NR4A1|PDC|PDE10A|TRAK1|FMN2,-0.83,MyList
DisGeNET,35,C0001973,"Alcoholic Intoxication, Chronic",,-3.2,4.2,4.5,30182,577,100,8,8,2.7,1007|2566|2917|5291|5599|10846|56899|84251,CDH9|GABRG2|GRM7|PIK3CB|MAPK8|PDE10A|ANKS1B|SGIP1,-0.82,MyList
DisGeNET,35,C0239676,High forehead,,-3.2,7.2,5.2,30182,211,100,5,5,2.2,2566|6899|7291|8905|22906,GABRG2|TBX1|TWIST1|AP1S2|TRAK1,-0.81,MyList
Transcription Factor Targets,16,M5279,MEIS1AHOXA9 01,,-3.1,10,5.7,30182,121,100,4,4,2,6929|9586|56899|149076,TCF3|CREB5|ANKS1B|ZNF362,-0.8,MyList
DisGeNET,35,C0424605,Developmental delay (disorder),,-3.1,4.1,4.4,30182,584,100,8,8,2.7,1139|2346|2917|3084|5291|6899|7291|7337,CHRNA7|FOLH1|GRM7|NRG1|PIK3CB|TBX1|TWIST1|UBE3A,-0.8,MyList
DisGeNET,35,C0334299,Carcinoid tumor no ICD-O subtype,,-3.1,9.9,5.7,30182,122,100,4,4,2,280|412|3726|5291,AMY2B|STS|JUNB|PIK3CB,-0.8,MyList
Transcription Factor Targets,16,M7213,OCT1 02,,-3.1,7.1,5.1,30182,214,100,5,5,2.2,2566|3642|4052|4133|4807,GABRG2|INSM1|LTBP1|MAP2|NHLH1,-0.8,MyList
DisGeNET,35,C0010606,Adenoid Cystic Carcinoma,,-3.1,5.6,4.8,30182,325,100,6,6,2.4,2346|2620|4613|5291|6899|57509,FOLH1|GAS2|MYCN|PIK3CB|TBX1|MTUS1,-0.8,MyList
Cell Type Signatures,7,M39072,MANNO MIDBRAIN NEUROTYPES HSERT,,-3.1,4.7,4.6,30182,450,100,7,7,2.6,2566|2742|2917|5590|6335|6457|7102,GABRG2|GLRA2|GRM7|PRKCZ|SCN9A|SH3GL3|TSPAN7,-0.8,MyList
Transcription Factor Targets,16,M12443,SRF C,,-3.1,7,5.1,30182,215,100,5,5,2.2,1959|3164|3726|4052|8997,EGR2|NR4A1|JUNB|LTBP1|KALRN,-0.8,MyList
DisGeNET,35,C0041671,Attention Deficit Disorder,,-3.1,9.8,5.6,30182,123,100,4,4,2,412|1139|2917|5291,STS|CHRNA7|GRM7|PIK3CB,-0.8,MyList
DisGeNET,35,C2936349,"Plaque, Amyloid",,-3.1,9.8,5.6,30182,123,100,4,4,2,2346|2770|4133|5291,FOLH1|GNAI1|MAP2|PIK3CB,-0.8,MyList
DisGeNET,35,C0021053,Immune System Diseases,,-3.1,4.7,4.5,30182,451,100,7,7,2.6,2119|3164|3659|3661|3726|5291|10318,ETV5|NR4A1|IRF1|IRF3|JUNB|PIK3CB|TNIP1,-0.8,MyList
DisGeNET,35,C0524528,Pervasive Development Disorder,,-3.1,5.5,4.7,30182,328,100,6,6,2.4,1139|2917|3084|5291|6899|7337,CHRNA7|GRM7|NRG1|PIK3CB|TBX1|UBE3A,-0.79,MyList
DisGeNET,35,C4529962,Fatty Liver Disease,,-3.1,3.7,4.2,30182,741,100,9,9,2.9,412|2770|3164|3726|5291|5599|6929|7942|23175,STS|GNAI1|NR4A1|JUNB|PIK3CB|MAPK8|TCF3|TFEB|LPIN1,-0.78,MyList
DisGeNET,35,C0796663,Childhood Testicular Germ Cell Tumor,,-3.1,16,6.6,30182,55,100,3,3,1.7,4613|5291|6899,MYCN|PIK3CB|TBX1,-0.78,MyList
Transcription Factor Targets,16,M946,GGATTA PITX2 Q2,,-3.1,4.1,4.3,30182,594,100,8,8,2.7,1488|3642|4052|4133|8905|9586|55784|66000,CTBP2|INSM1|LTBP1|MAP2|AP1S2|CREB5|MCTP2|TMEM108,-0.78,MyList
DisGeNET,35,C0005745,Blepharoptosis,,-3.1,4.1,4.3,30182,595,100,8,8,2.7,1340|2566|5291|6239|6899|7291|22906|84294,COX6B1|GABRG2|PIK3CB|RREB1|TBX1|TWIST1|TRAK1|UTP23,-0.78,MyList
DisGeNET,35,C2700439,MAJOR AFFECTIVE DISORDER 8,,-3.1,9.6,5.6,30182,126,100,4,4,2,1139|3084|6239|6899,CHRNA7|NRG1|RREB1|TBX1,-0.78,MyList
DisGeNET,35,C2700440,MAJOR AFFECTIVE DISORDER 9,,-3.1,9.6,5.6,30182,126,100,4,4,2,1139|3084|6239|6899,CHRNA7|NRG1|RREB1|TBX1,-0.78,MyList
DisGeNET,35,C2700438,MAJOR AFFECTIVE DISORDER 7,,-3.1,9.5,5.5,30182,127,100,4,4,2,1139|3084|6239|6899,CHRNA7|NRG1|RREB1|TBX1,-0.77,MyList
DisGeNET,35,C1691215,Penile hypospadias,,-3.1,9.5,5.5,30182,127,100,4,4,2,412|3726|5291|5599,STS|JUNB|PIK3CB|MAPK8,-0.77,MyList
DisGeNET,35,C0006012,Borderline Personality Disorder,,-3.1,6.8,5,30182,221,100,5,5,2.2,1139|1395|3084|6335|10846,CHRNA7|CRHR2|NRG1|SCN9A|PDE10A,-0.77,MyList
Cell Type Signatures,7,M39065,MANNO MIDBRAIN NEUROTYPES HRN,,-3.1,5.4,4.7,30182,335,100,6,6,2.4,2566|2742|4133|5599|8905|23175,GABRG2|GLRA2|MAP2|MAPK8|AP1S2|LPIN1,-0.77,MyList
DisGeNET,35,C0206687,"Carcinoma, Endometrioid",,-3,6.8,5,30182,223,100,5,5,2.2,2119|3659|3726|5291|7291,ETV5|IRF1|JUNB|PIK3CB|TWIST1,-0.77,MyList
DisGeNET,35,C0206718,Ganglioneuroblastoma,,-3,16,6.5,30182,57,100,3,3,1.7,3642|4613|6929,INSM1|MYCN|TCF3,-0.77,MyList
DisGeNET,35,C0424166,Social Anxiety,,-3,16,6.5,30182,57,100,3,3,1.7,2917|3084|4133,GRM7|NRG1|MAP2,-0.77,MyList
Cell Type Signatures,7,M39037,FAN EMBRYONIC CTX OLIG,,-3,3.6,4.2,30182,754,100,9,9,2.9,2346|2770|6457|7942|9586|55619|56899|57509|374868,FOLH1|GNAI1|SH3GL3|TFEB|CREB5|DOCK10|ANKS1B|MTUS1|ATP9B,-0.77,MyList
DisGeNET,35,C1851841,"ECTRODACTYLY, ECTODERMAL DYSPLASIA, AND CLEFT LIP/PALATE SYNDROME 1",,-3,9.4,5.5,30182,129,100,4,4,2,2119|3164|5291|10664,ETV5|NR4A1|PIK3CB|CTCF,-0.77,MyList
DisGeNET,35,C0740447,Diabetic peripheral neuropathy,,-3,9.4,5.5,30182,129,100,4,4,2,5291|5599|6335|7291,PIK3CB|MAPK8|SCN9A|TWIST1,-0.77,MyList
DisGeNET,35,C0151744,Myocardial Ischemia,,-3,3.6,4.2,30182,756,100,9,9,2.9,412|490|1959|3164|3659|3726|5291|6335|7942,STS|ATP2B1|EGR2|NR4A1|IRF1|JUNB|PIK3CB|SCN9A|TFEB,-0.76,MyList
Cell Type Signatures,7,M41662,TRAVAGLINI LUNG ARTERY CELL,,-3,9.2,5.4,30182,131,100,4,4,2,2059|4052|5613|7102,EPS8|LTBP1|PRKX|TSPAN7,-0.75,MyList
DisGeNET,35,C0032019,Pituitary Neoplasms,,-3,9.2,5.4,30182,131,100,4,4,2,412|4133|5291|5449,STS|MAP2|PIK3CB|POU1F1,-0.75,MyList
DisGeNET,35,C0278876,Adult Medulloblastoma,,-3,3.6,4.1,30182,762,100,9,9,2.9,3164|3642|3659|4133|4613|4807|5291|5599|6929,NR4A1|INSM1|IRF1|MAP2|MYCN|NHLH1|PIK3CB|MAPK8|TCF3,-0.75,MyList
DisGeNET,35,C0233794,Memory impairment,,-3,3.6,4.1,30182,763,100,9,9,2.9,412|1139|2346|3084|3164|4133|5291|5599|8997,STS|CHRNA7|FOLH1|NRG1|NR4A1|MAP2|PIK3CB|MAPK8|KALRN,-0.75,MyList
DisGeNET,35,C1282496,Metastasis from malignant tumor of prostate,,-3,5.3,4.6,30182,342,100,6,6,2.4,2346|3659|5291|5599|7291|10664,FOLH1|IRF1|PIK3CB|MAPK8|TWIST1|CTCF,-0.75,MyList
DisGeNET,35,C1853242,Midface retrusion,,-3,6.6,4.9,30182,228,100,5,5,2.2,5449|6899|7102|7291|114803,POU1F1|TBX1|TSPAN7|TWIST1|MYSM1,-0.75,MyList
Transcription Factor Targets,16,M492,SRY 01,,-3,6.6,4.9,30182,228,100,5,5,2.2,1959|9873|56899|84251|149076,EGR2|FCHSD2|ANKS1B|SGIP1|ZNF362,-0.75,MyList
Transcription Factor Targets,16,M12497,E2F Q3,,-3,6.6,4.9,30182,228,100,5,5,2.2,3642|8905|10664|144455|149076,INSM1|AP1S2|CTCF|E2F7|ZNF362,-0.75,MyList
DisGeNET,35,C0520966,Abnormal coordination,,-3,15,6.4,30182,59,100,3,3,1.7,22|2566|6335,ABCB7|GABRG2|SCN9A,-0.75,MyList
DisGeNET,35,C0013080,Down Syndrome,,-3,3.6,4.1,30182,765,100,9,9,2.9,412|1139|1959|3659|4685|6899|7291|7337|10776,STS|CHRNA7|EGR2|IRF1|NCAM2|TBX1|TWIST1|UBE3A|ARPP19,-0.75,MyList
Transcription Factor Targets,16,M15595,CART1 01,,-3,6.6,4.9,30182,229,100,5,5,2.2,9586|55160|56899|57509|149076,CREB5|ARHGEF10L|ANKS1B|MTUS1|ZNF362,-0.75,MyList
DisGeNET,35,C0019187,"Hepatitis, Alcoholic",,-3,9.1,5.4,30182,133,100,4,4,2,412|3661|5291|7942,STS|IRF3|PIK3CB|TFEB,-0.75,MyList
Transcription Factor Targets,16,M5479,SRF Q4,,-3,6.6,4.9,30182,230,100,5,5,2.2,444|1959|3164|3642|3726,ASPH|EGR2|NR4A1|INSM1|JUNB,-0.75,MyList
DisGeNET,35,C0278510,Childhood Medulloblastoma,,-3,3.5,4.1,30182,771,100,9,9,2.9,3164|3642|3659|4133|4613|4807|5291|5599|6929,NR4A1|INSM1|IRF1|MAP2|MYCN|NHLH1|PIK3CB|MAPK8|TCF3,-0.74,MyList
Transcription Factor Targets,16,M11495,LHX3 01,,-3,6.5,4.9,30182,232,100,5,5,2.2,3726|4800|6239|8997|122953,JUNB|NFYA|RREB1|KALRN|JDP2,-0.74,MyList
DisGeNET,35,C1449563,"Cardiomyopathy, Familial Idiopathic",,-3,3.5,4.1,30182,772,100,9,9,2.9,3084|3297|3659|5291|5599|5923|7291|7942|8320,NRG1|HSF1|IRF1|PIK3CB|MAPK8|RASGRF1|TWIST1|TFEB|EOMES,-0.74,MyList
DisGeNET,35,C0020459,Hyperinsulinism,,-3,3.9,4.2,30182,620,100,8,8,2.7,490|5291|5590|5599|6929|7291|23175|23365,ATP2B1|PIK3CB|PRKCZ|MAPK8|TCF3|TWIST1|LPIN1|ARHGEF12,-0.74,MyList
DisGeNET,35,C0442874,Neuropathy,,-2.9,4.4,4.3,30182,483,100,7,7,2.6,1959|3084|3661|5291|6335|23175|137970,EGR2|NRG1|IRF3|PIK3CB|SCN9A|LPIN1|UNC5D,-0.71,MyList
Transcription Factor Targets,16,M19064,E2F Q6,,-2.9,6.4,4.8,30182,236,100,5,5,2.2,3642|10664|66000|144455|149076,INSM1|CTCF|TMEM108|E2F7|ZNF362,-0.71,MyList
DisGeNET,35,C0267797,Acute hepatitis,,-2.9,15,6.2,30182,62,100,3,3,1.7,3164|3726|5599,NR4A1|JUNB|MAPK8,-0.71,MyList
DisGeNET,35,C0014556,"Epilepsy, Temporal Lobe",,-2.9,5.1,4.5,30182,354,100,6,6,2.4,1959|3084|4133|5599|10846|83660,EGR2|NRG1|MAP2|MAPK8|PDE10A|TLN2,-0.71,MyList
Transcription Factor Targets,16,M10115,E2F Q4,,-2.9,6.3,4.8,30182,238,100,5,5,2.2,3642|10664|66000|144455|149076,INSM1|CTCF|TMEM108|E2F7|ZNF362,-0.71,MyList
DisGeNET,35,C0018834,Heartburn,,-2.9,8.7,5.2,30182,139,100,4,4,2,5291|5357|5599|7942,PIK3CB|PLS1|MAPK8|TFEB,-0.71,MyList
DisGeNET,35,C0003466,"Anus, Imperforate",,-2.9,8.7,5.2,30182,139,100,4,4,2,6239|6899|7291|56776,RREB1|TBX1|TWIST1|FMN2,-0.71,MyList
DisGeNET,35,C0973461,Dysphasia,,-2.9,14,6.1,30182,63,100,3,3,1.7,412|6239|6899,STS|RREB1|TBX1,-0.7,MyList
DisGeNET,35,C0036220,Kaposi Sarcoma,,-2.9,4.3,4.3,30182,488,100,7,7,2.6,3659|3661|5291|5599|6239|10318|10664,IRF1|IRF3|PIK3CB|MAPK8|RREB1|TNIP1|CTCF,-0.7,MyList
DisGeNET,35,C0008487,Chordoma,,-2.9,8.6,5.2,30182,140,100,4,4,2,3642|5291|6899|6929,INSM1|PIK3CB|TBX1|TCF3,-0.7,MyList
DisGeNET,35,C0004936,Mental disorders,,-2.9,3.4,4,30182,789,100,9,9,2.9,1139|2346|2917|3084|3726|6899|10664|10846|66000,CHRNA7|FOLH1|GRM7|NRG1|JUNB|TBX1|CTCF|PDE10A|TMEM108,-0.7,MyList
Transcription Factor Targets,16,M16585,EVI1 04,,-2.9,6.3,4.7,30182,241,100,5,5,2.2,2742|3084|4685|7291|57509,GLRA2|NRG1|NCAM2|TWIST1|MTUS1,-0.69,MyList
Transcription Factor Targets,16,M14861,YRTCANNRCGC UNKNOWN,,-2.9,14,6.1,30182,64,100,3,3,1.7,2917|5923|56916,GRM7|RASGRF1|SMARCAD1,-0.69,MyList
DisGeNET,35,C0936223,Metastatic Prostate Carcinoma,,-2.9,5,4.4,30182,362,100,6,6,2.4,2346|3659|5291|5599|7291|10664,FOLH1|IRF1|PIK3CB|MAPK8|TWIST1|CTCF,-0.68,MyList
DisGeNET,35,C0007621,Neoplastic Cell Transformation,,-2.9,8.4,5.1,30182,143,100,4,4,2,1488|3084|4613|5599,CTBP2|NRG1|MYCN|MAPK8,-0.68,MyList
Transcription Factor Targets,16,M14066,IRF Q6,,-2.9,6.2,4.7,30182,244,100,5,5,2.2,2119|6899|7291|8320|66000,ETV5|TBX1|TWIST1|EOMES|TMEM108,-0.68,MyList
DisGeNET,35,C0240635,Byzanthine arch palate,,-2.9,4.3,4.2,30182,497,100,7,7,2.6,1340|4613|6899|6929|7291|8905|84294,COX6B1|MYCN|TBX1|TCF3|TWIST1|AP1S2|UTP23,-0.68,MyList
DisGeNET,35,C0796611,Newly Diagnosed Childhood Ependymoma,,-2.9,8.4,5.1,30182,144,100,4,4,2,4133|4613|5291|7291,MAP2|MYCN|PIK3CB|TWIST1,-0.67,MyList
DisGeNET,35,C0278874,Adult Ependymoma,,-2.9,8.4,5.1,30182,144,100,4,4,2,4133|4613|5291|7291,MAP2|MYCN|PIK3CB|TWIST1,-0.67,MyList
COVID,200,COVID189,RNA_Stukalov_A549-ACE2_18h_Up,,-2.9,14,6,30182,66,100,3,3,1.7,3164|3659|3726,NR4A1|IRF1|JUNB,-0.67,MyList
DisGeNET,35,C0848558,Hypospadias,,-2.9,4.9,4.4,30182,366,100,6,6,2.4,3726|5291|5599|6239|6899|55784,JUNB|PIK3CB|MAPK8|RREB1|TBX1|MCTP2,-0.67,MyList
Cell Type Signatures,7,M39052,MANNO MIDBRAIN NEUROTYPES HOPC,,-2.9,4.9,4.4,30182,366,100,6,6,2.4,2119|4685|7102|9586|56899|57758,ETV5|NCAM2|TSPAN7|CREB5|ANKS1B|SCUBE2,-0.67,MyList
Transcription Factor Targets,16,M2528,S8 01,,-2.9,6.1,4.6,30182,247,100,5,5,2.2,5599|6239|8320|55160|57509,MAPK8|RREB1|EOMES|ARHGEF10L|MTUS1,-0.67,MyList
Transcription Factor Targets,16,M8474,CEBPDELTA Q6,,-2.9,6.1,4.6,30182,247,100,5,5,2.2,2742|2917|3164|9586|84251,GLRA2|GRM7|NR4A1|CREB5|SGIP1,-0.67,MyList
Transcription Factor Targets,16,M9364,SRF Q6,,-2.8,6.1,4.6,30182,248,100,5,5,2.2,444|1959|3164|3642|3726,ASPH|EGR2|NR4A1|INSM1|JUNB,-0.67,MyList
DisGeNET,35,C0409959,"Osteoarthritis, Knee",,-2.8,4.9,4.4,30182,368,100,6,6,2.4,4052|5291|5599|6899|7291|8997,LTBP1|PIK3CB|MAPK8|TBX1|TWIST1|KALRN,-0.67,MyList
DisGeNET,35,C0677898,invasive cancer,,-2.8,8.3,5.1,30182,146,100,4,4,2,444|4605|7291|7337,ASPH|MYBL2|TWIST1|UBE3A,-0.67,MyList
Transcription Factor Targets,16,M15185,GATA1 02,,-2.8,6.1,4.6,30182,249,100,5,5,2.2,1959|5132|9586|10664|84251,EGR2|PDC|CREB5|CTCF|SGIP1,-0.67,MyList
Transcription Factor Targets,16,M5000,E2F1 Q4,,-2.8,6.1,4.6,30182,249,100,5,5,2.2,3642|4800|10664|144455|149076,INSM1|NFYA|CTCF|E2F7|ZNF362,-0.67,MyList
DisGeNET,35,C1851584,Childhood Ependymoma,,-2.8,8.2,5.1,30182,147,100,4,4,2,4133|4613|5291|7291,MAP2|MYCN|PIK3CB|TWIST1,-0.67,MyList
Cell Type Signatures,7,M39170,MURARO PANCREAS DELTA CELL,,-2.8,6,4.6,30182,250,100,5,5,2.2,2566|3642|4133|23175|140597,GABRG2|INSM1|MAP2|LPIN1|TCEAL2,-0.67,MyList
DisGeNET,35,C4317109,Epileptic Seizures,,-2.8,6,4.6,30182,250,100,5,5,2.2,1139|2917|5291|5923|7337,CHRNA7|GRM7|PIK3CB|RASGRF1|UBE3A,-0.67,MyList
DisGeNET,35,C0279671,Cervical Squamous Cell Carcinoma,,-2.8,4.9,4.3,30182,371,100,6,6,2.4,2346|5291|6480|6929|7291|10664,FOLH1|PIK3CB|ST6GAL1|TCF3|TWIST1|CTCF,-0.67,MyList
Transcription Factor Targets,16,M3263,STAT3 02,,-2.8,8.2,5,30182,148,100,4,4,2,3164|3659|4052|8905,NR4A1|IRF1|LTBP1|AP1S2,-0.67,MyList
TRRUST,34,TRR01529,Regulated by: WT1,,-2.8,13,5.9,30182,68,100,3,3,1.7,3726|4613|10664,JUNB|MYCN|CTCF,-0.67,MyList
DisGeNET,35,C0026351,Moderate intellectual disability,,-2.8,6,4.6,30182,251,100,5,5,2.2,6899|7102|7291|8905|56776,TBX1|TSPAN7|TWIST1|AP1S2|FMN2,-0.67,MyList
Transcription Factor Targets,16,M19851,FOXO3 01,,-2.8,6,4.6,30182,251,100,5,5,2.2,1959|2119|3084|3726|149076,EGR2|ETV5|NRG1|JUNB|ZNF362,-0.67,MyList
Transcription Factor Targets,16,M17318,CGTSACG PAX3 B,,-2.8,8.1,5,30182,149,100,4,4,2,1959|3164|4052|10664,EGR2|NR4A1|LTBP1|CTCF,-0.66,MyList
DisGeNET,35,C2938924,Oestrogen receptor positive breast cancer,,-2.8,4.1,4.1,30182,510,100,7,7,2.6,412|444|1395|3297|5291|7291|144455,STS|ASPH|CRHR2|HSF1|PIK3CB|TWIST1|E2F7,-0.66,MyList
Transcription Factor Targets,16,M8549,AREB6 04,,-2.8,6,4.6,30182,253,100,5,5,2.2,3726|4052|5923|9873|10776,JUNB|LTBP1|RASGRF1|FCHSD2|ARPP19,-0.66,MyList
DisGeNET,35,C0266294,Unilateral agenesis of kidney,,-2.8,13,5.8,30182,69,100,3,3,1.7,412|2346|6899,STS|FOLH1|TBX1,-0.66,MyList
DisGeNET,35,C0020620,Hypohidrosis,,-2.8,13,5.8,30182,69,100,3,3,1.7,412|6335|56916,STS|SCN9A|SMARCAD1,-0.66,MyList
Transcription Factor Targets,16,M11607,AAAYRNCTG UNKNOWN,,-2.8,4.8,4.3,30182,375,100,6,6,2.4,444|3084|4052|4133|7102|8470,ASPH|NRG1|LTBP1|MAP2|TSPAN7|SORBS2,-0.66,MyList
DisGeNET,35,C0333875,High-Grade Squamous Intraepithelial Lesions,,-2.8,8,5,30182,150,100,4,4,2,412|7291|7337|10664,STS|TWIST1|UBE3A|CTCF,-0.66,MyList
Transcription Factor Targets,16,M16291,YNGTTNNNATT UNKNOWN,,-2.8,4.8,4.3,30182,376,100,6,6,2.4,2566|3642|5923|8320|8470|8905,GABRG2|INSM1|RASGRF1|EOMES|SORBS2|AP1S2,-0.66,MyList
Cell Type Signatures,7,M39069,MANNO MIDBRAIN NEUROTYPES HDA2,,-2.8,4.1,4.1,30182,513,100,7,7,2.6,1139|2566|3642|4133|6335|6457|7102,CHRNA7|GABRG2|INSM1|MAP2|SCN9A|SH3GL3|TSPAN7,-0.66,MyList
Transcription Factor Targets,16,M2709,IRF1 01,,-2.8,5.9,4.5,30182,255,100,5,5,2.2,1959|6899|7291|66000|149076,EGR2|TBX1|TWIST1|TMEM108|ZNF362,-0.66,MyList
Transcription Factor Targets,16,M3109,CEBP Q3,,-2.8,5.9,4.5,30182,255,100,5,5,2.2,2119|3726|5357|7102|56899,ETV5|JUNB|PLS1|TSPAN7|ANKS1B,-0.66,MyList
DisGeNET,35,C1842581,Abnormal corpus callosum morphology,,-2.8,13,5.8,30182,70,100,3,3,1.7,2566|7337|22906,GABRG2|UBE3A|TRAK1,-0.65,MyList
DisGeNET,35,C0156344,Endometriosis of ovary,,-2.8,13,5.8,30182,70,100,3,3,1.7,3164|7291|10664,NR4A1|TWIST1|CTCF,-0.65,MyList
Transcription Factor Targets,16,M12637,FREAC3 01,,-2.8,5.9,4.5,30182,257,100,5,5,2.2,280|1959|3084|6457|149076,AMY2B|EGR2|NRG1|SH3GL3|ZNF362,-0.65,MyList
Transcription Factor Targets,16,M4998,MYOD Q6 01,,-2.8,5.9,4.5,30182,257,100,5,5,2.2,1959|3164|4807|23365|84251,EGR2|NR4A1|NHLH1|ARHGEF12|SGIP1,-0.65,MyList
Transcription Factor Targets,16,M16079,P53 DECAMER Q2,,-2.8,5.8,4.5,30182,258,100,5,5,2.2,3084|4052|4685|9754|149076,NRG1|LTBP1|NCAM2|STARD8|ZNF362,-0.64,MyList
Transcription Factor Targets,16,M6490,IPF1 Q4,,-2.8,5.8,4.5,30182,258,100,5,5,2.2,1959|2770|5923|10776|84251,EGR2|GNAI1|RASGRF1|ARPP19|SGIP1,-0.64,MyList
Cell Type Signatures,7,M39231,LAKE ADULT KIDNEY C12 THICK ASCENDING LIMB,,-2.8,4.8,4.3,30182,381,100,6,6,2.4,1340|2770|5334|5613|57528|84251,COX6B1|GNAI1|PLCL1|PRKX|KCTD16|SGIP1,-0.64,MyList
DisGeNET,35,C4521042,Complete Trisomy 21 Syndrome,,-2.8,3.6,3.9,30182,668,100,8,8,2.7,412|1959|3659|4685|6899|7291|7337|10776,STS|EGR2|IRF1|NCAM2|TBX1|TWIST1|UBE3A|ARPP19,-0.64,MyList
Transcription Factor Targets,16,M4815,WTTGKCTG UNKNOWN,,-2.8,4.1,4.1,30182,519,100,7,7,2.6,4052|8320|8470|10846|56899|122953|149076,LTBP1|EOMES|SORBS2|PDE10A|ANKS1B|JDP2|ZNF362,-0.64,MyList
Transcription Factor Targets,16,M7355,HLF 01,,-2.8,5.8,4.5,30182,259,100,5,5,2.2,7942|8905|9586|9873|56916,TFEB|AP1S2|CREB5|FCHSD2|SMARCAD1,-0.64,MyList
Transcription Factor Targets,16,M1856,YTAAYNGCT UNKNOWN,,-2.8,7.8,4.9,30182,154,100,4,4,2,1959|5599|8412|10664,EGR2|MAPK8|BCAR3|CTCF,-0.64,MyList
Transcription Factor Targets,16,M3403,GTGACGY E4F1 Q6,,-2.8,3.6,3.9,30182,671,100,8,8,2.7,1959|3164|3726|4052|5923|7102|10664|84251,EGR2|NR4A1|JUNB|LTBP1|RASGRF1|TSPAN7|CTCF|SGIP1,-0.64,MyList
DisGeNET,35,C1854301,Motor delay,,-2.7,4.7,4.2,30182,384,100,6,6,2.4,1340|1959|6335|7337|10846|56776,COX6B1|EGR2|SCN9A|UBE3A|PDE10A|FMN2,-0.64,MyList
Cell Type Signatures,7,M39171,MURARO PANCREAS PANCREATIC POLYPEPTIDE CELL,,-2.7,7.8,4.9,30182,155,100,4,4,2,1959|3164|4133|171024,EGR2|NR4A1|MAP2|SYNPO2,-0.64,MyList
DisGeNET,35,C0008479,Chondrosarcoma,,-2.7,4.7,4.2,30182,385,100,6,6,2.4,2119|3642|3726|4133|5291|7942,ETV5|INSM1|JUNB|MAP2|PIK3CB|TFEB,-0.64,MyList
Cell Type Signatures,7,M39264,HU FETAL RETINA FIBROBLAST,,-2.7,4.7,4.2,30182,385,100,6,6,2.4,2059|3659|3726|7291|9586|171024,EPS8|IRF1|JUNB|TWIST1|CREB5|SYNPO2,-0.64,MyList
DisGeNET,35,C0038580,Substance Dependence,,-2.7,7.7,4.9,30182,156,100,4,4,2,2566|2917|3084|8412,GABRG2|GRM7|NRG1|BCAR3,-0.63,MyList
Transcription Factor Targets,16,M17420,WGGAATGY TEF1 Q6,,-2.7,4.7,4.2,30182,387,100,6,6,2.4,3084|3164|8470|8997|23139|84251,NRG1|NR4A1|SORBS2|KALRN|MAST2|SGIP1,-0.63,MyList
Transcription Factor Targets,16,M8797,ALPHACP1 01,,-2.7,5.7,4.4,30182,263,100,5,5,2.2,1007|4800|5590|8470|149076,CDH9|NFYA|PRKCZ|SORBS2|ZNF362,-0.63,MyList
Transcription Factor Targets,16,M13173,IRF1 Q6,,-2.7,5.7,4.4,30182,263,100,5,5,2.2,490|2059|4685|5357|6899,ATP2B1|EPS8|NCAM2|PLS1|TBX1,-0.63,MyList
Transcription Factor Targets,16,M9868,NFY Q6,,-2.7,5.7,4.4,30182,263,100,5,5,2.2,1488|4800|8470|66000|149076,CTBP2|NFYA|SORBS2|TMEM108|ZNF362,-0.63,MyList
DisGeNET,35,C1527390,"Neoplasms, Intracranial",,-2.7,7.7,4.8,30182,157,100,4,4,2,4613|5291|5599|6480,MYCN|PIK3CB|MAPK8|ST6GAL1,-0.63,MyList
DisGeNET,35,C0004565,"Melanoma, B16",,-2.7,7.7,4.8,30182,157,100,4,4,2,3297|3659|3661|5291,HSF1|IRF1|IRF3|PIK3CB,-0.63,MyList
Transcription Factor Targets,16,M16280,PITX2 Q2,,-2.7,5.7,4.4,30182,264,100,5,5,2.2,4052|7291|8470|9586|10664,LTBP1|TWIST1|SORBS2|CREB5|CTCF,-0.63,MyList
Transcription Factor Targets,16,M15183,E12 Q6,,-2.7,5.7,4.4,30182,265,100,5,5,2.2,3164|4807|8905|23365|57509,NR4A1|NHLH1|AP1S2|ARHGEF12|MTUS1,-0.63,MyList
Transcription Factor Targets,16,M7236,LMO2COM 01,,-2.7,5.7,4.4,30182,265,100,5,5,2.2,3659|4807|5590|8905|57509,IRF1|NHLH1|PRKCZ|AP1S2|MTUS1,-0.63,MyList
Transcription Factor Targets,16,M9376,AP1 Q2,,-2.7,5.7,4.4,30182,265,100,5,5,2.2,2119|2770|4133|7337|149076,ETV5|GNAI1|MAP2|UBE3A|ZNF362,-0.63,MyList
Transcription Factor Targets,16,M3489,AMEF2 Q6,,-2.7,5.7,4.4,30182,265,100,5,5,2.2,1488|3164|9586|57509|149076,CTBP2|NR4A1|CREB5|MTUS1|ZNF362,-0.63,MyList
DisGeNET,35,C0023508,White Blood Cell Count procedure,,-2.7,3.5,3.9,30182,681,100,8,8,2.7,4800|6239|7942|9586|23139|55619|83660|84251,NFYA|RREB1|TFEB|CREB5|MAST2|DOCK10|TLN2|SGIP1,-0.63,MyList
Transcription Factor Targets,16,M2211,OCT Q6,,-2.7,5.7,4.4,30182,267,100,5,5,2.2,1959|6457|7291|57509|149076,EGR2|SH3GL3|TWIST1|MTUS1|ZNF362,-0.62,MyList
Transcription Factor Targets,16,M10704,NKX25 02,,-2.7,5.7,4.4,30182,267,100,5,5,2.2,4052|8470|8905|55160|122953,LTBP1|SORBS2|AP1S2|ARHGEF10L|JDP2,-0.62,MyList
DisGeNET,35,C4733095,HER2-negative breast cancer,,-2.7,7.5,4.8,30182,160,100,4,4,2,3084|4605|5291|5599,NRG1|MYBL2|PIK3CB|MAPK8,-0.62,MyList
DisGeNET,35,C4049938,Physical Activity Measurement,,-2.7,7.5,4.8,30182,160,100,4,4,2,1488|2119|4052|54815,CTBP2|ETV5|LTBP1|GATAD2A,-0.62,MyList
DisGeNET,35,C1970945,MAJOR AFFECTIVE DISORDER 6,,-2.7,7.5,4.8,30182,160,100,4,4,2,1139|3084|6239|6899,CHRNA7|NRG1|RREB1|TBX1,-0.62,MyList
DisGeNET,35,C1970943,MAJOR AFFECTIVE DISORDER 4,,-2.7,7.5,4.8,30182,160,100,4,4,2,1139|3084|6239|6899,CHRNA7|NRG1|RREB1|TBX1,-0.62,MyList
Transcription Factor Targets,16,M11390,RACCACAR AML Q6,,-2.7,5.6,4.4,30182,268,100,5,5,2.2,4052|4097|8412|8905|84251,LTBP1|MAFG|BCAR3|AP1S2|SGIP1,-0.62,MyList
Transcription Factor Targets,16,M12818,AML Q6,,-2.7,5.6,4.4,30182,269,100,5,5,2.2,3164|4097|8412|9586|84251,NR4A1|MAFG|BCAR3|CREB5|SGIP1,-0.62,MyList
Transcription Factor Targets,16,M8684,ZID 01,,-2.7,5.6,4.4,30182,269,100,5,5,2.2,4052|4800|8412|10664|29091,LTBP1|NFYA|BCAR3|CTCF|STXBP6,-0.62,MyList
DisGeNET,35,C0007785,Cerebral Infarction,,-2.7,3.5,3.8,30182,687,100,8,8,2.7,490|3164|3726|4133|4613|5291|5599|6929,ATP2B1|NR4A1|JUNB|MAP2|MYCN|PIK3CB|MAPK8|TCF3,-0.62,MyList
DisGeNET,35,C1852197,MAJOR AFFECTIVE DISORDER 1,,-2.7,7.5,4.8,30182,161,100,4,4,2,1139|3084|6239|6899,CHRNA7|NRG1|RREB1|TBX1,-0.62,MyList
Transcription Factor Targets,16,M4238,OCT C,,-2.7,5.6,4.4,30182,270,100,5,5,2.2,1959|6457|29091|57509|149076,EGR2|SH3GL3|STXBP6|MTUS1|ZNF362,-0.62,MyList
DisGeNET,35,C0002793,Anaplasia,,-2.7,3.9,3.9,30182,538,100,7,7,2.6,2346|3084|4613|5599|6899|6929|7942,FOLH1|NRG1|MYCN|MAPK8|TBX1|TCF3|TFEB,-0.62,MyList
Transcription Factor Targets,16,M5440,AP1 Q4,,-2.7,5.6,4.4,30182,271,100,5,5,2.2,2119|2770|4133|7337|149076,ETV5|GNAI1|MAP2|UBE3A|ZNF362,-0.62,MyList
Transcription Factor Targets,16,M6002,AML1 Q6,,-2.7,5.6,4.4,30182,271,100,5,5,2.2,1959|3164|8412|84251|122953,EGR2|NR4A1|BCAR3|SGIP1|JDP2,-0.62,MyList
Transcription Factor Targets,16,M16919,AP1FJ Q2,,-2.7,5.6,4.4,30182,271,100,5,5,2.2,2119|2770|4133|7337|84251,ETV5|GNAI1|MAP2|UBE3A|SGIP1,-0.62,MyList
Transcription Factor Targets,16,M15241,AML1 01,,-2.7,5.6,4.4,30182,271,100,5,5,2.2,1959|3164|8412|84251|122953,EGR2|NR4A1|BCAR3|SGIP1|JDP2,-0.62,MyList
DisGeNET,35,C0029925,Ovarian Carcinoma,,-2.7,3.9,3.9,30182,539,100,7,7,2.6,1488|3659|5291|5599|6480|7291|57509,CTBP2|IRF1|PIK3CB|MAPK8|ST6GAL1|TWIST1|MTUS1,-0.62,MyList
DisGeNET,35,C0271441,Chronic otitis media,,-2.7,7.4,4.7,30182,163,100,4,4,2,412|6239|6899|6929,STS|RREB1|TBX1|TCF3,-0.62,MyList
DisGeNET,35,C0334583,Pilocytic Astrocytoma,,-2.7,7.4,4.7,30182,163,100,4,4,2,2119|5291|5599|7291,ETV5|PIK3CB|MAPK8|TWIST1,-0.62,MyList
DisGeNET,35,C0751295,Memory Loss,,-2.7,7.4,4.7,30182,163,100,4,4,2,1139|2346|3297|5599,CHRNA7|FOLH1|HSF1|MAPK8,-0.62,MyList
Transcription Factor Targets,16,M6170,OCT1 Q6,,-2.7,5.5,4.3,30182,272,100,5,5,2.2,1959|4133|6457|57509|149076,EGR2|MAP2|SH3GL3|MTUS1|ZNF362,-0.62,MyList
Transcription Factor Targets,16,M16178,HOXA4 Q2,,-2.7,5.5,4.3,30182,272,100,5,5,2.2,4052|4133|8320|8905|9586,LTBP1|MAP2|EOMES|AP1S2|CREB5,-0.62,MyList
DisGeNET,35,C0017654,Glomerular Filtration Rate,,-2.7,4.5,4.1,30182,399,100,6,6,2.4,2119|3084|6239|7942|8412|83660,ETV5|NRG1|RREB1|TFEB|BCAR3|TLN2,-0.62,MyList
DisGeNET,35,C0525041,Neurobehavioral Manifestations,,-2.7,12,5.5,30182,77,100,3,3,1.7,1139|3084|10846,CHRNA7|NRG1|PDE10A,-0.62,MyList
DisGeNET,35,C0002726,Amyloidosis,,-2.7,3.5,3.8,30182,694,100,8,8,2.7,412|3084|3164|3297|4133|5291|5599|7942,STS|NRG1|NR4A1|HSF1|MAP2|PIK3CB|MAPK8|TFEB,-0.62,MyList
Transcription Factor Targets,16,M7023,CRX Q4,,-2.7,5.5,4.3,30182,274,100,5,5,2.2,1488|2119|4052|9586|55784,CTBP2|ETV5|LTBP1|CREB5|MCTP2,-0.61,MyList
DisGeNET,35,C1319315,Adenocarcinoma of large intestine,,-2.7,3.9,3.9,30182,543,100,7,7,2.6,1395|2346|5291|5590|7942|23007|84294,CRHR2|FOLH1|PIK3CB|PRKCZ|TFEB|PLCH1|UTP23,-0.61,MyList
DisGeNET,35,C0236733,Amphetamine-Related Disorders,,-2.6,12,5.4,30182,78,100,3,3,1.7,2566|3084|56899,GABRG2|NRG1|ANKS1B,-0.61,MyList
DisGeNET,35,C0015310,Exotropia,,-2.6,12,5.4,30182,78,100,3,3,1.7,6899|7337|56776,TBX1|UBE3A|FMN2,-0.61,MyList
DisGeNET,35,C0022680,Polycystic Kidney Diseases,,-2.6,5.5,4.3,30182,276,100,5,5,2.2,3726|5291|5923|6239|6899,JUNB|PIK3CB|RASGRF1|RREB1|TBX1,-0.6,MyList
DisGeNET,35,C0024115,Lung diseases,,-2.6,3.4,3.8,30182,700,100,8,8,2.7,1395|3164|3659|3661|3726|5599|7291|8905,CRHR2|NR4A1|IRF1|IRF3|JUNB|MAPK8|TWIST1|AP1S2,-0.6,MyList
Transcription Factor Targets,16,M29962,F10 TARGET GENES,,-2.6,5.4,4.3,30182,277,100,5,5,2.2,4052|4133|4685|23007|23365,LTBP1|MAP2|NCAM2|PLCH1|ARHGEF12,-0.6,MyList
Transcription Factor Targets,16,M399,SMTTTTGT UNKNOWN,,-2.6,4.4,4,30182,407,100,6,6,2.4,2742|3084|4052|10664|56899|57509,GLRA2|NRG1|LTBP1|CTCF|ANKS1B|MTUS1,-0.59,MyList
DisGeNET,35,C0042109,Urticaria,,-2.6,7.2,4.6,30182,168,100,4,4,2,3659|4133|5291|9586,IRF1|MAP2|PIK3CB|CREB5,-0.59,MyList
Cell Type Signatures,7,M41667,TRAVAGLINI LUNG CAPILLARY INTERMEDIATE 2 CELL,,-2.6,4.4,4,30182,408,100,6,6,2.4,1340|10318|10776|23365|29091|79780,COX6B1|TNIP1|ARPP19|ARHGEF12|STXBP6|CCDC82,-0.59,MyList
DisGeNET,35,C4021768,Abnormality of metabolism/homeostasis,,-2.6,7.1,4.6,30182,171,100,4,4,2,22|412|6335|6899,ABCB7|STS|SCN9A|TBX1,-0.56,MyList
DisGeNET,35,C0423224,Sunken eyes,,-2.6,7.1,4.6,30182,171,100,4,4,2,5449|7337|8905|81887,POU1F1|UBE3A|AP1S2|LAS1L,-0.56,MyList
DisGeNET,35,C1134719,Invasive Ductal Breast Carcinoma,,-2.6,4.4,4,30182,414,100,6,6,2.4,3659|5291|5590|5599|7291|10664,IRF1|PIK3CB|PRKCZ|MAPK8|TWIST1|CTCF,-0.56,MyList
DisGeNET,35,C0027059,Myocarditis,,-2.6,5.3,4.2,30182,285,100,5,5,2.2,3084|3659|3661|5599|5923,NRG1|IRF1|IRF3|MAPK8|RASGRF1,-0.56,MyList
DisGeNET,35,C0454644,Delayed speech and language development,,-2.6,3.8,3.8,30182,560,100,7,7,2.6,2566|6899|7102|7337|22906|55784|56776,GABRG2|TBX1|TSPAN7|UBE3A|TRAK1|MCTP2|FMN2,-0.56,MyList
DisGeNET,35,C4551683,Adrenal Gland Pheochromocytoma,,-2.6,4.4,4,30182,416,100,6,6,2.4,3661|4613|5132|5291|5599|7291,IRF3|MYCN|PDC|PIK3CB|MAPK8|TWIST1,-0.56,MyList
DisGeNET,35,C0002622,Amnesia,,-2.6,7,4.5,30182,173,100,4,4,2,2346|2770|3297|5599,FOLH1|GNAI1|HSF1|MAPK8,-0.56,MyList
DisGeNET,35,C0014772,Red Blood Cell Count measurement,,-2.6,3.4,3.7,30182,717,100,8,8,2.7,1488|2119|3084|6239|7942|10846|23139|149076,CTBP2|ETV5|NRG1|RREB1|TFEB|PDE10A|MAST2|ZNF362,-0.56,MyList
DisGeNET,35,C2118460,Acute colitis,,-2.6,11,5.2,30182,83,100,3,3,1.7,412|5291|5599,STS|PIK3CB|MAPK8,-0.56,MyList
DisGeNET,35,C0853193,Bipolar I disorder,,-2.6,11,5.2,30182,83,100,3,3,1.7,1959|2917|3084,EGR2|GRM7|NRG1,-0.56,MyList
DisGeNET,35,C0011265,Presenile dementia,,-2.6,3.4,3.7,30182,718,100,8,8,2.7,1139|2346|2742|3297|4133|5132|7942|56776,CHRNA7|FOLH1|GLRA2|HSF1|MAP2|PDC|TFEB|FMN2,-0.56,MyList
DisGeNET,35,C2062441,Influenza A,,-2.6,3.8,3.8,30182,562,100,7,7,2.6,2059|3659|3661|3726|5291|5599|6480,EPS8|IRF1|IRF3|JUNB|PIK3CB|MAPK8|ST6GAL1,-0.56,MyList
DisGeNET,35,C0035869,Rotavirus Infections,,-2.6,11,5.2,30182,84,100,3,3,1.7,3659|5291|5599,IRF1|PIK3CB|MAPK8,-0.55,MyList
DisGeNET,35,C1266184,Atypical Teratoid Rhabdoid Tumor,,-2.6,11,5.2,30182,84,100,3,3,1.7,4613|5291|6899,MYCN|PIK3CB|TBX1,-0.55,MyList
Transcription Factor Targets,16,M9413,MSX1 01,,-2.6,6.9,4.5,30182,175,100,4,4,2,2119|6239|8320|8412,ETV5|RREB1|EOMES|BCAR3,-0.55,MyList
DisGeNET,35,C0086132,Depressive Symptoms,,-2.6,4.3,3.9,30182,421,100,6,6,2.4,2346|3084|3726|4133|5923|6929,FOLH1|NRG1|JUNB|MAP2|RASGRF1|TCF3,-0.54,MyList
Cell Type Signatures,7,M39223,LAKE ADULT KIDNEY C4 PROXIMAL TUBULE EPITHELIAL CELLS S2,,-2.5,6.9,4.5,30182,176,100,4,4,2,2059|5334|8470|9586,EPS8|PLCL1|SORBS2|CREB5,-0.54,MyList
DisGeNET,35,C0011195,Dejerine-Sottas Disease (disorder),,-2.5,6.9,4.5,30182,176,100,4,4,2,1959|3164|5599|23175,EGR2|NR4A1|MAPK8|LPIN1,-0.54,MyList
DisGeNET,35,C1857276,Trichohepatoenteric Syndrome,,-2.5,4.3,3.9,30182,422,100,6,6,2.4,412|2566|6899|7291|7337|10664,STS|GABRG2|TBX1|TWIST1|UBE3A|CTCF,-0.54,MyList
DisGeNET,35,C0002418,Amblyopia,,-2.5,11,5.1,30182,85,100,3,3,1.7,3659|6899|7291,IRF1|TBX1|TWIST1,-0.54,MyList
DisGeNET,35,C0685938,Malignant neoplasm of gastrointestinal tract,,-2.5,4.3,3.9,30182,423,100,6,6,2.4,3297|3659|5291|5599|6929|10664,HSF1|IRF1|PIK3CB|MAPK8|TCF3|CTCF,-0.54,MyList
Transcription Factor Targets,16,M13493,E4F1 Q6,,-2.5,5.2,4.1,30182,292,100,5,5,2.2,1959|3164|4052|56899|84251,EGR2|NR4A1|LTBP1|ANKS1B|SGIP1,-0.53,MyList
DisGeNET,35,C0153633,Malignant neoplasm of brain,,-2.5,5.1,4.1,30182,294,100,5,5,2.2,2119|4613|5132|5291|7942,ETV5|MYCN|PDC|PIK3CB|TFEB,-0.52,MyList
PaGenBase,36,PGB:00059,Cell-specific: Testis Germ Cell,,-2.5,10,5.1,30182,87,100,3,3,1.7,6457|23175|140597,SH3GL3|LPIN1|TCEAL2,-0.52,MyList
DisGeNET,35,C2717836,Steroid Sulfatase Deficiency Disease,,-2.5,6.7,4.4,30182,181,100,4,4,2,412|5291|5599|5923,STS|PIK3CB|MAPK8|RASGRF1,-0.51,MyList
DisGeNET,35,C0017075,Ganglioneuroma,,-2.5,10,5,30182,88,100,3,3,1.7,3642|4613|6929,INSM1|MYCN|TCF3,-0.51,MyList
Transcription Factor Targets,16,M3827,CCAWWNAAGG SRF Q4,,-2.5,10,5,30182,88,100,3,3,1.7,1959|3164|3642,EGR2|NR4A1|INSM1,-0.51,MyList
DisGeNET,35,C0206695,"Carcinoma, Neuroendocrine",,-2.5,6.6,4.4,30182,182,100,4,4,2,3642|4133|4613|5291,INSM1|MAP2|MYCN|PIK3CB,-0.5,MyList
DisGeNET,35,C0525045,Mood Disorders,,-2.5,3.6,3.7,30182,580,100,7,7,2.6,412|1395|2917|4133|5291|5590|6899,STS|CRHR2|GRM7|MAP2|PIK3CB|PRKCZ|TBX1,-0.5,MyList
DisGeNET,35,C0037822,Speech Disorders,,-2.5,6.6,4.4,30182,183,100,4,4,2,22|412|6899|7337,ABCB7|STS|TBX1|UBE3A,-0.5,MyList
COVID,200,COVID010,RNA_Blanco-Melo_A549-ACE2_Up,,-2.5,5,4,30182,300,100,5,5,2.2,1959|3164|3659|3726|114803,EGR2|NR4A1|IRF1|JUNB|MYSM1,-0.5,MyList
COVID,200,COVID193,RNA_Stukalov_A549-ACE2_30h_Up,,-2.5,5,4,30182,300,100,5,5,2.2,3164|3659|3726|4097|7337,NR4A1|IRF1|JUNB|MAFG|UBE3A,-0.5,MyList
DisGeNET,35,C0206180,Ki-1+ Anaplastic Large Cell Lymphoma,,-2.5,5,4,30182,300,100,5,5,2.2,3726|5291|5599|6480|7291,JUNB|PIK3CB|MAPK8|ST6GAL1|TWIST1,-0.5,MyList
COVID,200,COVID243,RNA_Riva_Vero-E6_24h_Up,,-2.5,5,4,30182,300,100,5,5,2.2,3164|3659|9586|10318|114803,NR4A1|IRF1|CREB5|TNIP1|MYSM1,-0.5,MyList
DisGeNET,35,C0001339,Acute pancreatitis,,-2.5,4.2,3.8,30182,435,100,6,6,2.4,2119|3297|5291|5599|6929|7942,ETV5|HSF1|PIK3CB|MAPK8|TCF3|TFEB,-0.5,MyList
Cell Type Signatures,7,M39135,AIZARANI LIVER C39 EPCAM POS BILE DUCT CELLS 4,,-2.5,6.6,4.4,30182,184,100,4,4,2,1488|3084|8470|9586,CTBP2|NRG1|SORBS2|CREB5,-0.5,MyList
Transcription Factor Targets,16,M7386,GTTNYYNNGGTNA UNKNOWN,,-2.5,10,5,30182,90,100,3,3,1.7,3164|6239|56916,NR4A1|RREB1|SMARCAD1,-0.49,MyList
DisGeNET,35,C0023440,Acute Erythroblastic Leukemia,,-2.5,5,4,30182,302,100,5,5,2.2,3084|3297|5291|5599|57509,NRG1|HSF1|PIK3CB|MAPK8|MTUS1,-0.49,MyList
DisGeNET,35,C0262584,"Carcinoma, Small Cell",,-2.5,6.5,4.3,30182,185,100,4,4,2,412|3642|4133|5291,STS|INSM1|MAP2|PIK3CB,-0.49,MyList
DisGeNET,35,C0025990,Micrognathism,,-2.5,3.6,3.7,30182,586,100,7,7,2.6,4613|6239|6899|7291|55784|81887|84294,MYCN|RREB1|TBX1|TWIST1|MCTP2|LAS1L|UTP23,-0.49,MyList
DisGeNET,35,C0264408,Childhood asthma,,-2.5,5,4,30182,303,100,5,5,2.2,412|1395|3084|3659|56899,STS|CRHR2|NRG1|IRF1|ANKS1B,-0.49,MyList
DisGeNET,35,C0085084,Motor Neuron Disease,,-2.5,6.5,4.3,30182,186,100,4,4,2,3084|5357|5923|81887,NRG1|PLS1|RASGRF1|LAS1L,-0.49,MyList
DisGeNET,35,C0426886,Tapering fingers (finding),,-2.5,10,4.9,30182,91,100,3,3,1.7,6335|56916|81887,SCN9A|SMARCAD1|LAS1L,-0.49,MyList
Transcription Factor Targets,16,M2034,PAX3 B,,-2.5,10,4.9,30182,91,100,3,3,1.7,3164|3726|149076,NR4A1|JUNB|ZNF362,-0.49,MyList
DisGeNET,35,C1847540,"Azoospermia, Nonobstructive",,-2.5,10,4.9,30182,91,100,3,3,1.7,2119|5291|23139,ETV5|PIK3CB|MAST2,-0.49,MyList
Cell Type Signatures,7,M39054,MANNO MIDBRAIN NEUROTYPES HRGL2B,,-2.5,4.1,3.8,30182,440,100,6,6,2.4,1959|4052|4605|7102|9586|57758,EGR2|LTBP1|MYBL2|TSPAN7|CREB5|SCUBE2,-0.49,MyList
DisGeNET,35,C0947751,Vascular inflammations,,-2.5,4.9,4,30182,305,100,5,5,2.2,3164|3726|5291|7942|57509,NR4A1|JUNB|PIK3CB|TFEB|MTUS1,-0.49,MyList
DisGeNET,35,C0033375,Prolactinoma,,-2.5,6.5,4.3,30182,187,100,4,4,2,3084|4613|5291|5449,NRG1|MYCN|PIK3CB|POU1F1,-0.49,MyList
Transcription Factor Targets,16,M13325,FOXJ2 01,,-2.5,6.5,4.3,30182,187,100,4,4,2,1959|3084|7291|9586,EGR2|NRG1|TWIST1|CREB5,-0.49,MyList
Cell Type Signatures,7,M41716,FAN OVARY CL14 MATURE SMOOTH MUSCLE CELL,,-2.4,4.9,4,30182,306,100,5,5,2.2,1340|2059|3659|3726|8470,COX6B1|EPS8|IRF1|JUNB|SORBS2,-0.48,MyList
DisGeNET,35,C0280781,Adult Pilocytic Astrocytoma,,-2.4,9.8,4.9,30182,92,100,3,3,1.7,2119|5291|5599,ETV5|PIK3CB|MAPK8,-0.48,MyList
DisGeNET,35,C0020626,Hypoparathyroidism,,-2.4,9.8,4.9,30182,92,100,3,3,1.7,412|6239|6899,STS|RREB1|TBX1,-0.48,MyList
DisGeNET,35,C0042345,Varicosity,,-2.4,6.4,4.3,30182,188,100,4,4,2,412|3726|6239|6899,STS|JUNB|RREB1|TBX1,-0.48,MyList
DisGeNET,35,C0398686,Primary immune deficiency disorder,,-2.4,9.7,4.9,30182,93,100,3,3,1.7,5291|6929|114803,PIK3CB|TCF3|MYSM1,-0.47,MyList
DisGeNET,35,C0014548,"Epilepsy, Generalized",,-2.4,9.7,4.9,30182,93,100,3,3,1.7,1139|2566|7337,CHRNA7|GABRG2|UBE3A,-0.47,MyList
DisGeNET,35,C0008626,Congenital chromosomal disease,,-2.4,3.2,3.5,30182,757,100,8,8,2.7,412|4613|5291|6239|6899|7291|7942|144455,STS|MYCN|PIK3CB|RREB1|TBX1|TWIST1|TFEB|E2F7,-0.47,MyList
DisGeNET,35,C0017168,Gastroesophageal reflux disease,,-2.4,4.1,3.8,30182,446,100,6,6,2.4,2566|6239|6335|6899|7291|22906,GABRG2|RREB1|SCN9A|TBX1|TWIST1|TRAK1,-0.47,MyList
DisGeNET,35,C0020598,Hypocalcemia,,-2.4,9.6,4.8,30182,94,100,3,3,1.7,490|6239|6899,ATP2B1|RREB1|TBX1,-0.47,MyList
DisGeNET,35,C0270850,Idiopathic generalized epilepsy,,-2.4,9.6,4.8,30182,94,100,3,3,1.7,1139|2566|2917,CHRNA7|GABRG2|GRM7,-0.47,MyList
DisGeNET,35,C0017160,Gastroenteritis,,-2.4,9.6,4.8,30182,94,100,3,3,1.7,3661|5599|8412,IRF3|MAPK8|BCAR3,-0.47,MyList
DisGeNET,35,C0151888,Hyporeflexia,,-2.4,4.8,3.9,30182,312,100,5,5,2.2,1959|2566|6335|22906|23175,EGR2|GABRG2|SCN9A|TRAK1|LPIN1,-0.46,MyList
DisGeNET,35,C3536893,Ewing Sarcoma/Peripheral Primitive Neuroectodermal Tumor,,-2.4,9.5,4.8,30182,95,100,3,3,1.7,2346|4613|5291,FOLH1|MYCN|PIK3CB,-0.46,MyList
DisGeNET,35,C0030297,Pancreatic Neoplasm,,-2.4,3.2,3.5,30182,764,100,8,8,2.7,3084|3164|3297|5291|5590|5599|7291|8470,NRG1|NR4A1|HSF1|PIK3CB|PRKCZ|MAPK8|TWIST1|SORBS2,-0.46,MyList
Cell Type Signatures,7,M39321,CUI DEVELOPING HEART VASCULAR ENDOTHELIAL CELL,,-2.4,6.3,4.2,30182,193,100,4,4,2,3726|7102|9586|57509,JUNB|TSPAN7|CREB5|MTUS1,-0.46,MyList
DisGeNET,35,C1302401,Adenoma of large intestine,,-2.4,4,3.7,30182,452,100,6,6,2.4,412|2059|2917|7291|22906|84294,STS|EPS8|GRM7|TWIST1|TRAK1|UTP23,-0.45,MyList
DisGeNET,35,C0027796,Neuralgia,,-2.4,3.1,3.5,30182,767,100,8,8,2.7,2917|3084|3661|5291|5599|6335|7291|23175,GRM7|NRG1|IRF3|PIK3CB|MAPK8|SCN9A|TWIST1|LPIN1,-0.45,MyList
DisGeNET,35,C0009241,Cognition Disorders,,-2.4,3.5,3.6,30182,606,100,7,7,2.6,1139|3084|5291|5599|6929|7337|10846,CHRNA7|NRG1|PIK3CB|MAPK8|TCF3|UBE3A|PDE10A,-0.44,MyList
DisGeNET,35,C0033377,Ptosis,,-2.4,3.5,3.6,30182,607,100,7,7,2.6,1340|2566|5291|6239|6899|7291|22906,COX6B1|GABRG2|PIK3CB|RREB1|TBX1|TWIST1|TRAK1,-0.44,MyList
Cell Type Signatures,7,M39215,ZHENG CORD BLOOD C6 HSC MULTIPOTENT PROGENITOR,,-2.4,9.3,4.7,30182,97,100,3,3,1.7,3164|3659|4097,NR4A1|IRF1|MAFG,-0.44,MyList
DisGeNET,35,C1332995,Childhood Pilocytic Astrocytoma,,-2.4,9.3,4.7,30182,97,100,3,3,1.7,2119|5291|5599,ETV5|PIK3CB|MAPK8,-0.44,MyList
COVID,200,COVID063,Phosphoproteome_Bouhaddou_Vero_E6_4h_Down,,-2.4,6.1,4.2,30182,197,100,4,4,2,2059|3726|23365|57509,EPS8|JUNB|ARHGEF12|MTUS1,-0.43,MyList
DisGeNET,35,C0279982,Childhood Synovial Sarcoma,,-2.4,6.1,4.1,30182,198,100,4,4,2,2346|4613|5291|5599,FOLH1|MYCN|PIK3CB|MAPK8,-0.43,MyList
DisGeNET,35,C0278660,Adult Synovial Sarcoma,,-2.4,6.1,4.1,30182,198,100,4,4,2,2346|4613|5291|5599,FOLH1|MYCN|PIK3CB|MAPK8,-0.43,MyList
DisGeNET,35,C0020676,Hypothyroidism,,-2.4,3.4,3.5,30182,613,100,7,7,2.6,3084|4133|5291|5449|6239|6899|10846,NRG1|MAP2|PIK3CB|POU1F1|RREB1|TBX1|PDE10A,-0.43,MyList
DisGeNET,35,C0079588,"Ichthyosis, X-Linked",,-2.4,6.1,4.1,30182,199,100,4,4,2,412|5291|5599|5923,STS|PIK3CB|MAPK8|RASGRF1,-0.42,MyList
Transcription Factor Targets,16,M9769,CTGCAGY UNKNOWN,,-2.4,3.1,3.4,30182,779,100,8,8,2.7,2119|2770|3084|3726|7102|57509|66000|84251,ETV5|GNAI1|NRG1|JUNB|TSPAN7|MTUS1|TMEM108|SGIP1,-0.42,MyList
DisGeNET,35,C0019337,Heroin Dependence,,-2.3,9.1,4.7,30182,100,100,3,3,1.7,1395|5599|56899,CRHR2|MAPK8|ANKS1B,-0.41,MyList
DisGeNET,35,C0041234,Chagas Disease,,-2.3,6,4.1,30182,202,100,4,4,2,412|490|5291|7291,STS|ATP2B1|PIK3CB|TWIST1,-0.4,MyList
Cell Type Signatures,7,M39053,MANNO MIDBRAIN NEUROTYPES HRGL2C,,-2.3,4.6,3.8,30182,326,100,5,5,2.2,2119|4605|5291|9586|57758,ETV5|MYBL2|PIK3CB|CREB5|SCUBE2,-0.4,MyList
DisGeNET,35,C0339543,Epiretinal Membrane,,-2.3,8.9,4.6,30182,102,100,3,3,1.7,2119|5291|6929,ETV5|PIK3CB|TCF3,-0.39,MyList
DisGeNET,35,C0740391,Middle Cerebral Artery Occlusion,,-2.3,3.4,3.5,30182,626,100,7,7,2.6,412|3084|3726|4133|5291|5599|23175,STS|NRG1|JUNB|MAP2|PIK3CB|MAPK8|LPIN1,-0.38,MyList
DisGeNET,35,C3665593,Melanocytic nevus of skin,,-2.3,8.8,4.6,30182,103,100,3,3,1.7,412|4133|6239,STS|MAP2|RREB1,-0.38,MyList
Cell Type Signatures,7,M39240,LAKE ADULT KIDNEY C21 COLLECTING DUCT INTERCALATED CELLS TYPE B,,-2.3,8.8,4.6,30182,103,100,3,3,1.7,2059|5334|5599,EPS8|PLCL1|MAPK8,-0.38,MyList
DisGeNET,35,C0040420,Tonometry,,-2.3,5.9,4,30182,206,100,4,4,2,2346|4052|8997|23365,FOLH1|LTBP1|KALRN|ARHGEF12,-0.38,MyList
DisGeNET,35,C1841972,Glucocorticoid Receptor Deficiency,,-2.3,8.7,4.5,30182,104,100,3,3,1.7,3726|5291|5599,JUNB|PIK3CB|MAPK8,-0.38,MyList
DisGeNET,35,C0175693,Russell-Silver syndrome,,-2.3,8.7,4.5,30182,104,100,3,3,1.7,5291|5923|10664,PIK3CB|RASGRF1|CTCF,-0.38,MyList
DisGeNET,35,C0008297,Choanal Atresia,,-2.3,8.7,4.5,30182,104,100,3,3,1.7,6239|6899|7291,RREB1|TBX1|TWIST1,-0.38,MyList
Transcription Factor Targets,16,M958,CEBP C,,-2.3,5.8,4,30182,207,100,4,4,2,2742|7102|8905|9586,GLRA2|TSPAN7|AP1S2|CREB5,-0.38,MyList
Transcription Factor Targets,16,M13279,HFH8 01,,-2.3,5.8,4,30182,208,100,4,4,2,1959|2119|3164|9586,EGR2|ETV5|NR4A1|CREB5,-0.37,MyList
Cell Type Signatures,7,M39233,LAKE ADULT KIDNEY C14 DISTAL CONVOLUTED TUBULE,,-2.3,5.8,4,30182,208,100,4,4,2,5334|5599|10846|374868,PLCL1|MAPK8|PDE10A|ATP9B,-0.37,MyList
DisGeNET,35,C0730328,Central Serous Chorioretinopathy,,-2.3,5.7,4,30182,211,100,4,4,2,3297|5291|5599|7291,HSF1|PIK3CB|MAPK8|TWIST1,-0.35,MyList
Cell Type Signatures,7,M39221,LAKE ADULT KIDNEY C2 PODOCYTES,,-2.3,5.7,4,30182,212,100,4,4,2,9873|23365|56776|84251,FCHSD2|ARHGEF12|FMN2|SGIP1,-0.34,MyList
DisGeNET,35,C0041696,Unipolar Depression,,-2.3,3.3,3.4,30182,641,100,7,7,2.6,1395|2917|3084|4133|6929|8997|55784,CRHR2|GRM7|NRG1|MAP2|TCF3|KALRN|MCTP2,-0.34,MyList
DisGeNET,35,C0002893,Refractory anemias,,-2.3,4.4,3.7,30182,340,100,5,5,2.2,22|3726|4613|5291|6899,ABCB7|JUNB|MYCN|PIK3CB|TBX1,-0.34,MyList
DisGeNET,35,C0007124,Noninfiltrating Intraductal Carcinoma,,-2.2,3.7,3.5,30182,486,100,6,6,2.4,412|3084|3659|5291|7291|10664,STS|NRG1|IRF1|PIK3CB|TWIST1|CTCF,-0.33,MyList
DisGeNET,35,C0007112,Adenocarcinoma of prostate,,-2.2,4.4,3.7,30182,342,100,5,5,2.2,2346|3297|3642|4613|6929,FOLH1|HSF1|INSM1|MYCN|TCF3,-0.33,MyList
DisGeNET,35,C0019348,Herpes Simplex Infections,,-2.2,3.3,3.4,30182,645,100,7,7,2.6,2119|3642|3661|4605|4800|5291|10664,ETV5|INSM1|IRF3|MYBL2|NFYA|PIK3CB|CTCF,-0.33,MyList
DisGeNET,35,C0239234,Low set ears,,-2.2,3.7,3.5,30182,489,100,6,6,2.4,4613|6239|6899|7291|55784|114803,MYCN|RREB1|TBX1|TWIST1|MCTP2|MYSM1,-0.33,MyList
DisGeNET,35,C0031511,Pheochromocytoma,,-2.2,4.4,3.6,30182,344,100,5,5,2.2,3661|5132|5291|5599|7291,IRF3|PDC|PIK3CB|MAPK8|TWIST1,-0.33,MyList
DisGeNET,35,C0423109,Upward slant of palpebral fissure,,-2.2,5.6,3.9,30182,216,100,4,4,2,4613|6239|6899|55784,MYCN|RREB1|TBX1|MCTP2,-0.32,MyList
PaGenBase,36,PGB:00040,Tissue-specific: Pituitary,,-2.2,8.2,4.4,30182,110,100,3,3,1.7,3642|4807|5449,INSM1|NHLH1|POU1F1,-0.32,MyList
DisGeNET,35,C0023487,Acute Promyelocytic Leukemia,,-2.2,3.2,3.3,30182,651,100,7,7,2.6,3659|5291|5599|7291|7942|8320|10664,IRF1|PIK3CB|MAPK8|TWIST1|TFEB|EOMES|CTCF,-0.32,MyList
DisGeNET,35,C1835884,Triangular face,,-2.2,8.2,4.4,30182,111,100,3,3,1.7,4613|8905|55784,MYCN|AP1S2|MCTP2,-0.31,MyList
DisGeNET,35,C0012236,DiGeorge Syndrome,,-2.2,8.2,4.4,30182,111,100,3,3,1.7,1139|6239|6899,CHRNA7|RREB1|TBX1,-0.31,MyList
Transcription Factor Targets,16,M10166,MYAATNNNNNNNGGC UNKNOWN,,-2.2,8.1,4.3,30182,112,100,3,3,1.7,2119|4800|23365,ETV5|NFYA|ARHGEF12,-0.3,MyList
DisGeNET,35,C0853897,Diabetic Cardiomyopathies,,-2.2,5.5,3.9,30182,220,100,4,4,2,412|3084|5291|5599,STS|NRG1|PIK3CB|MAPK8,-0.3,MyList
Cell Type Signatures,7,M39124,AIZARANI LIVER C23 KUPFFER CELLS 3,,-2.2,5.5,3.8,30182,221,100,4,4,2,490|8905|9586|122953,ATP2B1|AP1S2|CREB5|JDP2,-0.3,MyList
DisGeNET,35,C0175697,Van der Woude syndrome,,-2.2,8,4.3,30182,113,100,3,3,1.7,3661|4807|5291,IRF3|NHLH1|PIK3CB,-0.3,MyList
DisGeNET,35,C1840264,IMMUNE SUPPRESSION,,-2.2,5.4,3.8,30182,222,100,4,4,2,1959|3661|5291|10664,EGR2|IRF3|PIK3CB|CTCF,-0.29,MyList
DisGeNET,35,C0751213,Tactile Allodynia,,-2.2,7.9,4.3,30182,114,100,3,3,1.7,5590|5599|23175,PRKCZ|MAPK8|LPIN1,-0.29,MyList
DisGeNET,35,C0266617,Congenital anomaly of face,,-2.2,7.9,4.3,30182,114,100,3,3,1.7,6899|7291|8905,TBX1|TWIST1|AP1S2,-0.29,MyList
Transcription Factor Targets,16,M18078,E4BP4 01,,-2.2,5.4,3.8,30182,223,100,4,4,2,2119|7942|8905|9586,ETV5|TFEB|AP1S2|CREB5,-0.29,MyList
DisGeNET,35,C0008073,Developmental Disabilities,,-2.2,4.3,3.6,30182,355,100,5,5,2.2,3084|5132|5291|7291|7337,NRG1|PDC|PIK3CB|TWIST1|UBE3A,-0.28,MyList
Transcription Factor Targets,16,M8826,FAC1 01,,-2.2,5.4,3.8,30182,224,100,4,4,2,2059|3726|56899|149076,EPS8|JUNB|ANKS1B|ZNF362,-0.28,MyList
Cell Type Signatures,7,M39290,DURANTE ADULT OLFACTORY NEUROEPITHELIUM OLFACTORY ENSHEATHING GLIA,,-2.2,7.9,4.3,30182,115,100,3,3,1.7,6335|8470|8905,SCN9A|SORBS2|AP1S2,-0.28,MyList
DisGeNET,35,C0221406,Pituitary-dependent Cushing's disease,,-2.2,7.9,4.3,30182,115,100,3,3,1.7,3164|3297|5449,NR4A1|HSF1|POU1F1,-0.28,MyList
DisGeNET,35,C1378703,Renal carcinoma,,-2.2,3.2,3.3,30182,665,100,7,7,2.6,2346|3297|3726|5291|5599|5613|7942,FOLH1|HSF1|JUNB|PIK3CB|MAPK8|PRKX|TFEB,-0.28,MyList
DisGeNET,35,C0231528,Myalgia,,-2.2,5.3,3.8,30182,226,100,4,4,2,6239|6335|6899|23175,RREB1|SCN9A|TBX1|LPIN1,-0.27,MyList
DisGeNET,35,C0428883,Diastolic blood pressure,,-2.2,3.6,3.4,30182,507,100,6,6,2.4,490|1488|2917|10846|83660|171024,ATP2B1|CTBP2|GRM7|PDE10A|TLN2|SYNPO2,-0.27,MyList
DisGeNET,35,C0234985,Mental deterioration,,-2.2,3.6,3.4,30182,508,100,6,6,2.4,2566|3659|5291|6335|10846|22906,GABRG2|IRF1|PIK3CB|SCN9A|PDE10A|TRAK1,-0.27,MyList
DisGeNET,35,C0151611,Electroencephalogram abnormal,,-2.2,5.3,3.8,30182,227,100,4,4,2,2566|6335|7337|8905,GABRG2|SCN9A|UBE3A|AP1S2,-0.27,MyList
DisGeNET,35,C0684337,Ewings sarcoma-primitive neuroectodermal tumor (PNET),,-2.2,7.7,4.2,30182,117,100,3,3,1.7,3084|4613|5291,NRG1|MYCN|PIK3CB,-0.27,MyList
DisGeNET,35,C1337011,Well Differentiated Pancreatic Endocrine Tumor,,-2.2,7.7,4.2,30182,117,100,3,3,1.7,3297|3642|5291,HSF1|INSM1|PIK3CB,-0.27,MyList
DisGeNET,35,C0279550,Adult Rhabdomyosarcoma,,-2.2,3.6,3.4,30182,509,100,6,6,2.4,490|3164|4613|5291|5599|5923,ATP2B1|NR4A1|MYCN|PIK3CB|MAPK8|RASGRF1,-0.27,MyList
Transcription Factor Targets,16,M11587,CHX10 01,,-2.2,5.3,3.8,30182,228,100,4,4,2,1007|5132|8905|57509,CDH9|PDC|AP1S2|MTUS1,-0.27,MyList
DisGeNET,35,C0013274,Patent ductus arteriosus,,-2.1,3.6,3.3,30182,510,100,6,6,2.4,412|4613|5291|6239|6899|55784,STS|MYCN|PIK3CB|RREB1|TBX1|MCTP2,-0.27,MyList
DisGeNET,35,C0268398,Familial lichen amyloidosis,,-2.1,5.2,3.7,30182,230,100,4,4,2,2346|3661|4613|5599,FOLH1|IRF3|MYCN|MAPK8,-0.26,MyList
Cell Type Signatures,7,M39130,AIZARANI LIVER C31 KUPFFER CELLS 5,,-2.1,7.5,4.1,30182,120,100,3,3,1.7,490|55160|84294,ATP2B1|ARHGEF10L|UTP23,-0.25,MyList
DisGeNET,35,C0855095,Small Lymphocytic Lymphoma,,-2.1,7.5,4.1,30182,120,100,3,3,1.7,5291|6239|8997,PIK3CB|RREB1|KALRN,-0.25,MyList
Transcription Factor Targets,16,M3888,SYATTGTG UNKNOWN,,-2.1,5.2,3.7,30182,232,100,4,4,2,56899|57758|84251|149076,ANKS1B|SCUBE2|SGIP1|ZNF362,-0.25,MyList
Transcription Factor Targets,16,M16022,CTAWWWATA RSRFC4 Q2,,-2.1,4.1,3.5,30182,366,100,5,5,2.2,444|1959|3164|5923|7291,ASPH|EGR2|NR4A1|RASGRF1|TWIST1,-0.25,MyList
DisGeNET,35,C0220611,Childhood Rhabdomyosarcoma,,-2.1,3.5,3.3,30182,517,100,6,6,2.4,490|3164|4613|5291|5599|5923,ATP2B1|NR4A1|MYCN|PIK3CB|MAPK8|RASGRF1,-0.25,MyList
Transcription Factor Targets,16,M18169,YATGNWAAT OCT C,,-2.1,4.1,3.5,30182,367,100,5,5,2.2,1959|5449|6457|23365|57509,EGR2|POU1F1|SH3GL3|ARHGEF12|MTUS1,-0.25,MyList
DisGeNET,35,C0079773,"Lymphoma, T-Cell, Cutaneous",,-2.1,4.1,3.5,30182,367,100,5,5,2.2,3164|3726|5291|7291|10664,NR4A1|JUNB|PIK3CB|TWIST1|CTCF,-0.25,MyList
DisGeNET,35,C0281361,Adenocarcinoma of pancreas,,-2.1,3.5,3.3,30182,518,100,6,6,2.4,412|3164|4613|5291|5599|6239,STS|NR4A1|MYCN|PIK3CB|MAPK8|RREB1,-0.25,MyList
DisGeNET,35,C0236736,Cocaine-Related Disorders,,-2.1,7.5,4.1,30182,121,100,3,3,1.7,1395|2566|374868,CRHR2|GABRG2|ATP9B,-0.25,MyList
DisGeNET,35,C0206656,Embryonal Rhabdomyosarcoma,,-2.1,7.5,4.1,30182,121,100,3,3,1.7,4613|5291|5599,MYCN|PIK3CB|MAPK8,-0.25,MyList
Transcription Factor Targets,16,M7691,CATTGTYY SOX9 B1,,-2.1,4.1,3.5,30182,368,100,5,5,2.2,6239|7337|8470|8905|149076,RREB1|UBE3A|SORBS2|AP1S2|ZNF362,-0.25,MyList
DisGeNET,35,C0376634,Craniofacial Abnormalities,,-2.1,5.2,3.7,30182,234,100,4,4,2,4807|6899|7291|7337,NHLH1|TBX1|TWIST1|UBE3A,-0.24,MyList
DisGeNET,35,C0206161,Reticulocyte count (procedure),,-2.1,5.2,3.7,30182,234,100,4,4,2,5357|6239|23139|83660,PLS1|RREB1|MAST2|TLN2,-0.24,MyList
DisGeNET,35,C0282488,Interstitial Cystitis,,-2.1,7.4,4.1,30182,122,100,3,3,1.7,5291|5599|6335,PIK3CB|MAPK8|SCN9A,-0.24,MyList
DisGeNET,35,C1306503,Congenital exomphalos,,-2.1,5.1,3.7,30182,235,100,4,4,2,1139|5449|6239|6899,CHRNA7|POU1F1|RREB1|TBX1,-0.24,MyList
Cell Type Signatures,7,M39204,HAY BONE MARROW NK CELLS,,-2.1,4.1,3.4,30182,370,100,5,5,2.2,1488|3659|5613|8320|55784,CTBP2|IRF1|PRKX|EOMES|MCTP2,-0.24,MyList
Transcription Factor Targets,16,M11407,MEF2 02,,-2.1,5.1,3.7,30182,236,100,4,4,2,3164|5923|7291|149076,NR4A1|RASGRF1|TWIST1|ZNF362,-0.24,MyList
Transcription Factor Targets,16,M14011,HIF1 Q3,,-2.1,5.1,3.7,30182,236,100,4,4,2,3642|4052|6480|9873,INSM1|LTBP1|ST6GAL1|FCHSD2,-0.24,MyList
Transcription Factor Targets,16,M17117,E2F Q3 01,,-2.1,5.1,3.7,30182,236,100,4,4,2,3642|10664|144455|149076,INSM1|CTCF|E2F7|ZNF362,-0.24,MyList
Transcription Factor Targets,16,M9279,E2F1 Q6,,-2.1,5.1,3.7,30182,236,100,4,4,2,10664|66000|144455|149076,CTCF|TMEM108|E2F7|ZNF362,-0.24,MyList
DisGeNET,35,C0042373,Vascular Diseases,,-2.1,3.1,3.2,30182,688,100,7,7,2.6,3164|3661|3726|5291|7942|8997|171024,NR4A1|IRF3|JUNB|PIK3CB|TFEB|KALRN|SYNPO2,-0.24,MyList
DisGeNET,35,C0034494,Rabies (disorder),,-2.1,7.4,4.1,30182,123,100,3,3,1.7,3661|4133|5291,IRF3|MAP2|PIK3CB,-0.24,MyList
PaGenBase,36,PGB:00031,Cell-specific: HUVEC,,-2.1,4.1,3.4,30182,372,100,5,5,2.2,1959|4133|5599|23365|56776,EGR2|MAP2|MAPK8|ARHGEF12|FMN2,-0.24,MyList
Transcription Factor Targets,16,M102,E2F Q4 01,,-2.1,5.1,3.6,30182,238,100,4,4,2,8905|10664|144455|149076,AP1S2|CTCF|E2F7|ZNF362,-0.23,MyList
Transcription Factor Targets,16,M12520,SOX9 B1,,-2.1,5.1,3.6,30182,238,100,4,4,2,3164|6239|7337|8470,NR4A1|RREB1|UBE3A|SORBS2,-0.23,MyList
Transcription Factor Targets,16,M15128,CDPCR3HD 01,,-2.1,5.1,3.6,30182,238,100,4,4,2,3084|5923|7291|9873,NRG1|RASGRF1|TWIST1|FCHSD2,-0.23,MyList
DisGeNET,35,C0043094,Weight Gain,,-2.1,7.3,4.1,30182,124,100,3,3,1.7,412|8470|23365,STS|SORBS2|ARHGEF12,-0.23,MyList
DisGeNET,35,C2004493,"Leukemia, B-Cell",,-2.1,5.1,3.6,30182,239,100,4,4,2,3164|5291|6929|23175,NR4A1|PIK3CB|TCF3|LPIN1,-0.23,MyList
Transcription Factor Targets,16,M15591,PIT1 Q6,,-2.1,5.1,3.6,30182,239,100,4,4,2,2119|3726|7291|56899,ETV5|JUNB|TWIST1|ANKS1B,-0.23,MyList
DisGeNET,35,C0426429,Broad nasal tip,,-2.1,7.2,4,30182,125,100,3,3,1.7,7102|55784|81887,TSPAN7|MCTP2|LAS1L,-0.23,MyList
Transcription Factor Targets,16,M3902,POU1F1 Q6,,-2.1,5,3.6,30182,240,100,4,4,2,4133|4807|8412|9586,MAP2|NHLH1|BCAR3|CREB5,-0.22,MyList
DisGeNET,35,C0036337,Schizoaffective Disorder,,-2.1,7.2,4,30182,126,100,3,3,1.7,3084|6899|55160,NRG1|TBX1|ARHGEF10L,-0.22,MyList
DisGeNET,35,C1839259,"Bulbo-Spinal Atrophy, X-Linked",,-2.1,7.2,4,30182,126,100,3,3,1.7,3297|3659|7942,HSF1|IRF1|TFEB,-0.22,MyList
DisGeNET,35,C0220810,Congenital defects,,-2.1,7.2,4,30182,126,100,3,3,1.7,4807|5449|6899,NHLH1|POU1F1|TBX1,-0.22,MyList
Transcription Factor Targets,16,M5987,ATF6 01,,-2.1,7.2,4,30182,126,100,3,3,1.7,1959|3164|7291,EGR2|NR4A1|TWIST1,-0.22,MyList
Transcription Factor Targets,16,M6359,ZF5 B,,-2.1,5,3.6,30182,243,100,4,4,2,3642|3726|7102|10846,INSM1|JUNB|TSPAN7|PDE10A,-0.21,MyList
Transcription Factor Targets,16,M9034,OCT1 04,,-2.1,5,3.6,30182,243,100,4,4,2,2566|7291|57758|149076,GABRG2|TWIST1|SCUBE2|ZNF362,-0.21,MyList
Transcription Factor Targets,16,M3037,E2F1 Q6 01,,-2.1,5,3.6,30182,243,100,4,4,2,3642|10664|66000|149076,INSM1|CTCF|TMEM108|ZNF362,-0.21,MyList
Transcription Factor Targets,16,M15440,FOXJ2 02,,-2.1,5,3.6,30182,243,100,4,4,2,1007|4052|4133|9873,CDH9|LTBP1|MAP2|FCHSD2,-0.21,MyList
DisGeNET,35,C0014474,Ependymoma,,-2,4.9,3.6,30182,244,100,4,4,2,4133|4613|5291|7291,MAP2|MYCN|PIK3CB|TWIST1,-0.21,MyList
Transcription Factor Targets,16,M4580,TITF1 Q3,,-2,4.9,3.6,30182,244,100,4,4,2,2917|4685|5357|7291,GRM7|NCAM2|PLS1|TWIST1,-0.21,MyList
DisGeNET,35,C0035235,Respiratory Syncytial Virus Infections,,-2,4.9,3.6,30182,244,100,4,4,2,412|3659|3661|5599,STS|IRF1|IRF3|MAPK8,-0.21,MyList
DisGeNET,35,C1332182,Adult Anaplastic Large Cell Lymphoma,,-2,7.1,4,30182,128,100,3,3,1.7,3726|5599|6480,JUNB|MAPK8|ST6GAL1,-0.21,MyList
Transcription Factor Targets,16,M435,YATTNATC UNKNOWN,,-2,4,3.3,30182,382,100,5,5,2.2,1007|1488|9586|23139|56899,CDH9|CTBP2|CREB5|MAST2|ANKS1B,-0.21,MyList
DisGeNET,35,C3539781,Progressive cGVHD,,-2,3.9,3.3,30182,383,100,5,5,2.2,412|2346|3659|4613|5291,STS|FOLH1|IRF1|MYCN|PIK3CB,-0.21,MyList
DisGeNET,35,C0677932,Progressive Neoplastic Disease,,-2,3.9,3.3,30182,383,100,5,5,2.2,412|2346|3659|4613|5291,STS|FOLH1|IRF1|MYCN|PIK3CB,-0.21,MyList
PaGenBase,36,PGB:00044,Tissue-specific: skeletal muscle,,-2,3.9,3.3,30182,383,100,5,5,2.2,444|5449|6899|23139|171024,ASPH|POU1F1|TBX1|MAST2|SYNPO2,-0.21,MyList
DisGeNET,35,C1337013,Differentiated Thyroid Gland Carcinoma,,-2,4.9,3.6,30182,245,100,4,4,2,2346|3084|5291|7291,FOLH1|NRG1|PIK3CB|TWIST1,-0.21,MyList
Transcription Factor Targets,16,M955,GCM Q2,,-2,4.9,3.6,30182,245,100,4,4,2,5923|8470|9873|149076,RASGRF1|SORBS2|FCHSD2|ZNF362,-0.21,MyList
DisGeNET,35,C0238198,Gastrointestinal Stromal Tumors,,-2,3.4,3.2,30182,538,100,6,6,2.4,2346|3659|4613|5291|7291|10664,FOLH1|IRF1|MYCN|PIK3CB|TWIST1|CTCF,-0.21,MyList
DisGeNET,35,C0019569,Hirschsprung Disease,,-2,3.9,3.3,30182,384,100,5,5,2.2,2566|3084|4133|6239|6899,GABRG2|NRG1|MAP2|RREB1|TBX1,-0.21,MyList
Transcription Factor Targets,16,M12379,NKX62 Q2,,-2,4.9,3.5,30182,246,100,4,4,2,2770|7102|7291|8905,GNAI1|TSPAN7|TWIST1|AP1S2,-0.21,MyList
Transcription Factor Targets,16,M15429,HNF1 01,,-2,4.9,3.5,30182,246,100,4,4,2,2620|2742|6239|56899,GAS2|GLRA2|RREB1|ANKS1B,-0.21,MyList
Transcription Factor Targets,16,M11461,FOXO4 01,,-2,4.9,3.5,30182,246,100,4,4,2,2119|3084|6457|9873,ETV5|NRG1|SH3GL3|FCHSD2,-0.21,MyList
DisGeNET,35,C0598608,Hyperhomocysteinemia,,-2,4.9,3.5,30182,246,100,4,4,2,2346|3297|5291|5599,FOLH1|HSF1|PIK3CB|MAPK8,-0.21,MyList
DisGeNET,35,C1332942,Childhood Anaplastic Large Cell Lymphoma,,-2,7,3.9,30182,130,100,3,3,1.7,3726|5599|6480,JUNB|MAPK8|ST6GAL1,-0.2,MyList
DisGeNET,35,C0018498,Hair Color,,-2,7,3.9,30182,130,100,3,3,1.7,2917|9586|56776,GRM7|CREB5|FMN2,-0.2,MyList
DisGeNET,35,C1569637,"Adenocarcinoma, Endometrioid",,-2,7,3.9,30182,130,100,3,3,1.7,2119|5291|7291,ETV5|PIK3CB|TWIST1,-0.2,MyList
DisGeNET,35,C0278595,Adult Fibrosarcoma,,-2,3.9,3.3,30182,387,100,5,5,2.2,412|3726|5291|5599|6929,STS|JUNB|PIK3CB|MAPK8|TCF3,-0.2,MyList
Transcription Factor Targets,16,M11512,FOXO1 01,,-2,4.9,3.5,30182,248,100,4,4,2,2119|3084|4800|6457,ETV5|NRG1|NFYA|SH3GL3,-0.2,MyList
Transcription Factor Targets,16,M6994,TBP 01,,-2,4.9,3.5,30182,248,100,4,4,2,1959|3164|10664|56899,EGR2|NR4A1|CTCF|ANKS1B,-0.2,MyList
DisGeNET,35,C4704862,"Polyarthritis, Juvenile, Rheumatoid Factor Positive",,-2,6.9,3.9,30182,131,100,3,3,1.7,3084|4133|9873,NRG1|MAP2|FCHSD2,-0.2,MyList
DisGeNET,35,C4552091,"Polyarthritis, Juvenile, Rheumatoid Factor Negative",,-2,6.9,3.9,30182,131,100,3,3,1.7,3084|4133|9873,NRG1|MAP2|FCHSD2,-0.2,MyList
Transcription Factor Targets,16,M14593,HNF1 C,,-2,4.8,3.5,30182,249,100,4,4,2,7337|8997|56899|149076,UBE3A|KALRN|ANKS1B|ZNF362,-0.2,MyList
Transcription Factor Targets,16,M574,RSRFC4 01,,-2,4.8,3.5,30182,249,100,4,4,2,3164|5923|7291|149076,NR4A1|RASGRF1|TWIST1|ZNF362,-0.2,MyList
DisGeNET,35,C0489786,Height,,-2,4.8,3.5,30182,249,100,4,4,2,2346|4052|5590|6457,FOLH1|LTBP1|PRKCZ|SH3GL3,-0.2,MyList
Transcription Factor Targets,16,M5320,HIF1 Q5,,-2,4.8,3.5,30182,249,100,4,4,2,3642|4052|7291|9873,INSM1|LTBP1|TWIST1|FCHSD2,-0.2,MyList
Cell Type Signatures,7,M39102,ZHONG PFC C3 ASTROCYTE,,-2,3.9,3.3,30182,389,100,5,5,2.2,4097|4613|6335|29091|149076,MAFG|MYCN|SCN9A|STXBP6|ZNF362,-0.2,MyList
DisGeNET,35,C0392885,High density lipoprotein measurement,,-2,3.3,3.2,30182,545,100,6,6,2.4,490|2119|3084|3661|5334|56776,ATP2B1|ETV5|NRG1|IRF3|PLCL1|FMN2,-0.2,MyList
Transcription Factor Targets,16,M17736,E2F1 Q3 01,,-2,4.8,3.5,30182,250,100,4,4,2,3642|3726|23365|27010,INSM1|JUNB|ARHGEF12|TPK1,-0.2,MyList
Transcription Factor Targets,16,M15929,MEF2 Q6 01,,-2,4.8,3.5,30182,250,100,4,4,2,444|1488|5923|149076,ASPH|CTBP2|RASGRF1|ZNF362,-0.2,MyList
Cell Type Signatures,7,M41709,FAN OVARY CL7 ANGEIOGENIC ENDOTHELIAL CELL,,-2,4.8,3.5,30182,251,100,4,4,2,3726|7102|8905|57509,JUNB|TSPAN7|AP1S2|MTUS1,-0.19,MyList
Transcription Factor Targets,16,M7797,ZIC2 01,,-2,4.8,3.5,30182,252,100,4,4,2,2566|4613|4800|57509,GABRG2|MYCN|NFYA|MTUS1,-0.19,MyList
Transcription Factor Targets,16,M1517,YY1 01,,-2,4.8,3.5,30182,252,100,4,4,2,1959|4685|7337|10664,EGR2|NCAM2|UBE3A|CTCF,-0.19,MyList
