Category,CategoryID,GO,Description,PARENT_GO,LogP,Enrichment,Z-score,#TotalGeneInLibrary,#GeneInGO,#GeneInHitList,#GeneInGOAndHitList,%InGO,STDV %InGO,GeneID,Hits,Log(q-value),GeneList
Reactome Gene Sets,6,R-HSA-198725,Nuclear Events (kinase and transcription factor activation),,-5.7,25,11,30182,61,100,5,5,2.2,429|2002|3727|6196|6457,ASCL1|ELK1|JUND|RPS6KA2|SH3GL3,-1.8,MyList
GO Biological Processes,19,GO:0007389,pattern specification process,19_GO:0032502 developmental process,-5.6,6.7,7.1,30182,448,100,10,10,3,90|429|444|4223|5087|5727|5992|7026|50937|219670,ACVR1|ASCL1|ASPH|MEOX2|PBX1|PTCH1|RFX4|NR2F2|CDON|ENKUR,-1.8,MyList
GO Biological Processes,19,GO:0060173,limb development,19_GO:0032502 developmental process,-5.6,12,8.3,30182,182,100,7,7,2.6,444|4223|5087|5396|5727|6659|79977,ASPH|MEOX2|PBX1|PRRX1|PTCH1|SOX4|GRHL2,-1.8,MyList
GO Biological Processes,19,GO:0048736,appendage development,19_GO:0032502 developmental process,-5.6,12,8.3,30182,182,100,7,7,2.6,444|4223|5087|5396|5727|6659|79977,ASPH|MEOX2|PBX1|PRRX1|PTCH1|SOX4|GRHL2,-1.8,MyList
GO Biological Processes,19,GO:0008283,cell population proliferation,19_GO:0009987 cellular process,-5.5,5.2,6.4,30182,699,100,12,12,3.2,429|444|2099|5087|5396|5727|5813|6659|6772|8650|50937|79977,ASCL1|ASPH|ESR1|PBX1|PRRX1|PTCH1|PURA|SOX4|STAT1|NUMB|CDON|GRHL2,-1.8,MyList
GO Biological Processes,19,GO:0003002,regionalization,19_GO:0032502 developmental process,-5.1,6.8,6.7,30182,401,100,9,9,2.9,90|429|4223|5087|5727|5992|7026|50937|219670,ACVR1|ASCL1|MEOX2|PBX1|PTCH1|RFX4|NR2F2|CDON|ENKUR,-1.7,MyList
Reactome Gene Sets,6,R-HSA-9031628,NGF-stimulated transcription,,-5.1,31,11,30182,39,100,4,4,2,429|2002|3727|6457,ASCL1|ELK1|JUND|SH3GL3,-1.7,MyList
GO Biological Processes,19,GO:0035107,appendage morphogenesis,19_GO:0032502 developmental process,-5,12,8,30182,146,100,6,6,2.4,444|5087|5396|5727|6659|79977,ASPH|PBX1|PRRX1|PTCH1|SOX4|GRHL2,-1.7,MyList
GO Biological Processes,19,GO:0035108,limb morphogenesis,19_GO:0032502 developmental process,-5,12,8,30182,146,100,6,6,2.4,444|5087|5396|5727|6659|79977,ASPH|PBX1|PRRX1|PTCH1|SOX4|GRHL2,-1.7,MyList
GO Biological Processes,19,GO:0045667,regulation of osteoblast differentiation,19_GO:0032502 developmental process,-5,12,7.9,30182,147,100,6,6,2.4,90|468|1052|3727|5727|6096,ACVR1|ATF4|CEBPD|JUND|PTCH1|RORB,-1.7,MyList
Reactome Gene Sets,6,R-HSA-187037,Signaling by NTRK1 (TRKA),,-4.4,13,7.5,30182,115,100,5,5,2.2,429|2002|3727|6196|6457,ASCL1|ELK1|JUND|RPS6KA2|SH3GL3,-1.1,MyList
GO Biological Processes,19,GO:0007420,brain development,19_GO:0032502 developmental process,-4.3,4.3,5.3,30182,777,100,11,11,3.1,429|2334|5087|5727|5992|7026|8650|50937|79633|79977|84623,ASCL1|AFF2|PBX1|PTCH1|RFX4|NR2F2|NUMB|CDON|FAT4|GRHL2|KIRREL3,-1,MyList
GO Biological Processes,19,GO:0001655,urogenital system development,19_GO:0032502 developmental process,-4.2,19,8.3,30182,63,100,4,4,2,90|2099|5087|5727,ACVR1|ESR1|PBX1|PTCH1,-1,MyList
GO Biological Processes,19,GO:0009792,embryo development ending in birth or egg hatching,19_GO:0032502 developmental process,-4.1,4.5,5.3,30182,670,100,10,10,3,90|320|4223|5087|5396|5727|6659|7026|56977|79977,ACVR1|APBA1|MEOX2|PBX1|PRRX1|PTCH1|SOX4|NR2F2|STOX2|GRHL2,-0.94,MyList
Reactome Gene Sets,6,R-HSA-166520,Signaling by NTRKs,,-4.1,11,6.9,30182,134,100,5,5,2.2,429|2002|3727|6196|6457,ASCL1|ELK1|JUND|RPS6KA2|SH3GL3,-0.94,MyList
GO Biological Processes,19,GO:0007519,skeletal muscle tissue development,19_GO:0032502 developmental process,-4.1,11,6.9,30182,134,100,5,5,2.2,4223|6840|7026|50937|79784,MEOX2|SVIL|NR2F2|CDON|MYH14,-0.94,MyList
GO Biological Processes,19,GO:0001764,neuron migration,19_GO:0032502 developmental process,-4,11,6.8,30182,136,100,5,5,2.2,429|1641|6792|7026|84623,ASCL1|DCX|CDKL5|NR2F2|KIRREL3,-0.94,MyList
GO Biological Processes,19,GO:1903317,regulation of protein maturation,19_GO:0008152 metabolic process,-4,17,7.8,30182,71,100,4,4,2,831|5992|6196|6659,CAST|RFX4|RPS6KA2|SOX4,-0.94,MyList
GO Biological Processes,19,GO:0010720,positive regulation of cell development,19_GO:0032502 developmental process,-4,5.6,5.5,30182,432,100,8,8,2.7,429|2309|5789|6659|6792|8650|50937|133522,ASCL1|FOXO3|PTPRD|SOX4|CDKL5|NUMB|CDON|PPARGC1B,-0.94,MyList
GO Biological Processes,19,GO:0007423,sensory organ development,19_GO:0032502 developmental process,-4,4.9,5.3,30182,559,100,9,9,2.9,429|468|1052|5087|5357|5396|6096|50937|79977,ASCL1|ATF4|CEBPD|PBX1|PLS1|PRRX1|RORB|CDON|GRHL2,-0.94,MyList
WikiPathways,27,WP2853,Endoderm differentiation,,-3.9,10,6.6,30182,144,100,5,5,2.2,5087|6772|9425|23007|79977,PBX1|STAT1|CDYL|PLCH1|GRHL2,-0.91,MyList
GO Biological Processes,19,GO:0060537,muscle tissue development,19_GO:0032502 developmental process,-3.9,6.3,5.7,30182,333,100,7,7,2.6,90|4223|5727|6840|7026|50937|79784,ACVR1|MEOX2|PTCH1|SVIL|NR2F2|CDON|MYH14,-0.91,MyList
GO Biological Processes,19,GO:0048568,embryonic organ development,19_GO:0032502 developmental process,-3.9,5.4,5.4,30182,450,100,8,8,2.7,90|468|5087|5357|5396|5727|7026|79977,ACVR1|ATF4|PBX1|PLS1|PRRX1|PTCH1|NR2F2|GRHL2,-0.91,MyList
GO Biological Processes,19,GO:0060538,skeletal muscle organ development,19_GO:0032502 developmental process,-3.9,10,6.5,30182,147,100,5,5,2.2,4223|6840|7026|50937|79784,MEOX2|SVIL|NR2F2|CDON|MYH14,-0.91,MyList
WikiPathways,27,WP4149,White fat cell differentiation,,-3.8,28,8.9,30182,32,100,3,3,1.7,1052|1879|7026,CEBPD|EBF1|NR2F2,-0.85,MyList
GO Biological Processes,19,GO:0009953,dorsal/ventral pattern formation,19_GO:0032502 developmental process,-3.7,14,7,30182,85,100,4,4,2,90|429|5727|5992,ACVR1|ASCL1|PTCH1|RFX4,-0.85,MyList
GO Biological Processes,19,GO:0045165,cell fate commitment,19_GO:0032502 developmental process,-3.7,7.2,5.7,30182,250,100,6,6,2.4,90|429|5396|5727|7026|50937,ACVR1|ASCL1|PRRX1|PTCH1|NR2F2|CDON,-0.85,MyList
KEGG Pathway,24,hsa04710,Circadian rhythm,,-3.7,27,8.6,30182,34,100,3,3,1.7,5187|6096|51422,PER1|RORB|PRKAG2,-0.85,MyList
GO Biological Processes,19,GO:0045648,positive regulation of erythrocyte differentiation,19_GO:0042592 homeostatic process,-3.7,27,8.6,30182,34,100,3,3,1.7,2113|2309|6772,ETS1|FOXO3|STAT1,-0.85,MyList
GO Biological Processes,19,GO:0030522,intracellular receptor signaling pathway,19_GO:0023052 signaling,-3.7,9.4,6.2,30182,160,100,5,5,2.2,2099|6096|7026|23180|133522,ESR1|RORB|NR2F2|RFTN1|PPARGC1B,-0.85,MyList
WikiPathways,27,WP437,EGF/EGFR signaling pathway,,-3.7,9.3,6.1,30182,162,100,5,5,2.2,2002|3727|6196|6457|6772,ELK1|JUND|RPS6KA2|SH3GL3|STAT1,-0.85,MyList
GO Biological Processes,19,GO:0030855,epithelial cell differentiation,19_GO:0032502 developmental process,-3.7,4.4,4.9,30182,615,100,9,9,2.9,90|429|468|2099|5357|5727|6659|7026|79977,ACVR1|ASCL1|ATF4|ESR1|PLS1|PTCH1|SOX4|NR2F2|GRHL2,-0.85,MyList
GO Biological Processes,19,GO:0044262,cellular carbohydrate metabolic process,19_GO:0008152 metabolic process,-3.7,9.3,6.1,30182,163,100,5,5,2.2,2820|3098|3417|51422|64579,GPD2|HK1|IDH1|PRKAG2|NDST4,-0.85,MyList
GO Biological Processes,19,GO:0006979,response to oxidative stress,19_GO:0050896 response to stimulus,-3.7,5.8,5.3,30182,366,100,7,7,2.6,468|2309|3417|4257|6772|55074|133522,ATF4|FOXO3|IDH1|MGST1|STAT1|OXR1|PPARGC1B,-0.85,MyList
KEGG Pathway,24,hsa04211,Longevity regulating pathway,,-3.7,14,6.8,30182,89,100,4,4,2,468|2309|9586|51422,ATF4|FOXO3|CREB5|PRKAG2,-0.85,MyList
GO Biological Processes,19,GO:0061138,morphogenesis of a branching epithelium,19_GO:0032502 developmental process,-3.6,9.1,6,30182,165,100,5,5,2.2,90|2099|5087|5727|79977,ACVR1|ESR1|PBX1|PTCH1|GRHL2,-0.85,MyList
GO Biological Processes,19,GO:0030856,regulation of epithelial cell differentiation,19_GO:0032502 developmental process,-3.6,9.1,6,30182,166,100,5,5,2.2,429|5727|6772|29841|79977,ASCL1|PTCH1|STAT1|GRHL1|GRHL2,-0.85,MyList
GO Biological Processes,19,GO:1901216,positive regulation of neuron death,19_GO:0048518 positive regulation of biological process,-3.6,13,6.7,30182,92,100,4,4,2,429|468|2002|2309,ASCL1|ATF4|ELK1|FOXO3,-0.83,MyList
GO Biological Processes,19,GO:0021537,telencephalon development,19_GO:0032502 developmental process,-3.5,6.7,5.4,30182,270,100,6,6,2.4,429|5992|8650|50937|79633|84623,ASCL1|RFX4|NUMB|CDON|FAT4|KIRREL3,-0.79,MyList
GO Biological Processes,19,GO:0001763,morphogenesis of a branching structure,19_GO:0032502 developmental process,-3.5,8.6,5.8,30182,175,100,5,5,2.2,90|2099|5087|5727|79977,ACVR1|ESR1|PBX1|PTCH1|GRHL2,-0.78,MyList
GO Biological Processes,19,GO:0043009,chordate embryonic development,19_GO:0032502 developmental process,-3.5,4.2,4.7,30182,648,100,9,9,2.9,90|320|4223|5087|5396|5727|6659|7026|79977,ACVR1|APBA1|MEOX2|PBX1|PRRX1|PTCH1|SOX4|NR2F2|GRHL2,-0.78,MyList
GO Biological Processes,19,GO:0048511,rhythmic process,19_GO:0048511 rhythmic process,-3.5,6.6,5.4,30182,275,100,6,6,2.4,468|2099|3727|5187|6096|10075,ATF4|ESR1|JUND|PER1|RORB|HUWE1,-0.78,MyList
WikiPathways,27,WP127,IL-5 signaling pathway,,-3.5,23,7.9,30182,40,100,3,3,1.7,2002|2309|6772,ELK1|FOXO3|STAT1,-0.78,MyList
GO Biological Processes,19,GO:0030900,forebrain development,19_GO:0032502 developmental process,-3.4,5.3,5,30182,396,100,7,7,2.6,429|5992|7026|8650|50937|79633|84623,ASCL1|RFX4|NR2F2|NUMB|CDON|FAT4|KIRREL3,-0.75,MyList
Reactome Gene Sets,6,R-HSA-9006934,Signaling by Receptor Tyrosine Kinases,,-3.4,4.6,4.8,30182,524,100,8,8,2.7,429|2002|2099|3727|6196|6457|6772|26999,ASCL1|ELK1|ESR1|JUND|RPS6KA2|SH3GL3|STAT1|CYFIP2,-0.75,MyList
GO Biological Processes,19,GO:0071396,cellular response to lipid,19_GO:0050896 response to stimulus,-3.4,4.6,4.8,30182,527,100,8,8,2.7,90|2002|2099|4257|5727|6096|55022|133522,ACVR1|ELK1|ESR1|MGST1|PTCH1|RORB|PID1|PPARGC1B,-0.75,MyList
GO Biological Processes,19,GO:0021510,spinal cord development,19_GO:0032502 developmental process,-3.4,12,6.3,30182,102,100,4,4,2,429|5727|5992|6659,ASCL1|PTCH1|RFX4|SOX4,-0.75,MyList
GO Biological Processes,19,GO:0045639,positive regulation of myeloid cell differentiation,19_GO:0002376 immune system process,-3.4,12,6.3,30182,103,100,4,4,2,2113|2309|6772|133522,ETS1|FOXO3|STAT1|PPARGC1B,-0.75,MyList
GO Biological Processes,19,GO:0035239,tube morphogenesis,19_GO:0032502 developmental process,-3.4,4.1,4.6,30182,670,100,9,9,2.9,90|2099|4223|5087|5396|5727|6659|7026|79977,ACVR1|ESR1|MEOX2|PBX1|PRRX1|PTCH1|SOX4|NR2F2|GRHL2,-0.75,MyList
GO Biological Processes,19,GO:0001709,cell fate determination,19_GO:0032502 developmental process,-3.4,21,7.6,30182,43,100,3,3,1.7,429|5396|5727,ASCL1|PRRX1|PTCH1,-0.75,MyList
KEGG Pathway,24,hsa04931,Insulin resistance,,-3.3,11,6.1,30182,108,100,4,4,2,6196|9586|51422|133522,RPS6KA2|CREB5|PRKAG2|PPARGC1B,-0.69,MyList
Canonical Pathways,11,M183,PID IL6 7 PATHWAY,,-3.3,19,7.2,30182,47,100,3,3,1.7,1052|5791|6772,CEBPD|PTPRE|STAT1,-0.67,MyList
GO Biological Processes,19,GO:0045646,regulation of erythrocyte differentiation,19_GO:0042592 homeostatic process,-3.3,19,7.2,30182,47,100,3,3,1.7,2113|2309|6772,ETS1|FOXO3|STAT1,-0.67,MyList
GO Biological Processes,19,GO:0021517,ventral spinal cord development,19_GO:0032502 developmental process,-3.3,19,7.2,30182,47,100,3,3,1.7,429|5727|6659,ASCL1|PTCH1|SOX4,-0.67,MyList
WikiPathways,27,WP1541,Energy metabolism,,-3.3,19,7.1,30182,48,100,3,3,1.7,2309|51422|133522,FOXO3|PRKAG2|PPARGC1B,-0.65,MyList
GO Biological Processes,19,GO:0060562,epithelial tube morphogenesis,19_GO:0032502 developmental process,-3.2,5.8,4.9,30182,313,100,6,6,2.4,90|2099|5087|5727|6659|79977,ACVR1|ESR1|PBX1|PTCH1|SOX4|GRHL2,-0.6,MyList
GO Biological Processes,19,GO:0021515,cell differentiation in spinal cord,19_GO:0032502 developmental process,-3.2,18,6.9,30182,51,100,3,3,1.7,429|5727|6659,ASCL1|PTCH1|SOX4,-0.6,MyList
GO Biological Processes,19,GO:0043124,negative regulation of I-kappaB kinase/NF-kappaB signaling,19_GO:0023052 signaling,-3.2,18,6.9,30182,51,100,3,3,1.7,2099|5187|6772,ESR1|PER1|STAT1,-0.6,MyList
Reactome Gene Sets,6,R-HSA-373760,L1CAM interactions,,-3.2,10,5.8,30182,119,100,4,4,2,1641|6196|6334|8650,DCX|RPS6KA2|SCN8A|NUMB,-0.6,MyList
GO Biological Processes,19,GO:0030326,embryonic limb morphogenesis,19_GO:0032502 developmental process,-3.2,10,5.7,30182,120,100,4,4,2,5087|5396|5727|79977,PBX1|PRRX1|PTCH1|GRHL2,-0.6,MyList
GO Biological Processes,19,GO:0035113,embryonic appendage morphogenesis,19_GO:0032502 developmental process,-3.2,10,5.7,30182,120,100,4,4,2,5087|5396|5727|79977,PBX1|PRRX1|PTCH1|GRHL2,-0.6,MyList
GO Biological Processes,19,GO:0048598,embryonic morphogenesis,19_GO:0032502 developmental process,-3.1,4.2,4.4,30182,581,100,8,8,2.7,90|5087|5357|5396|5727|6659|50937|79977,ACVR1|PBX1|PLS1|PRRX1|PTCH1|SOX4|CDON|GRHL2,-0.6,MyList
KEGG Pathway,24,hsa05207,Chemical carcinogenesis - receptor activation,,-3.1,7.1,5.2,30182,212,100,5,5,2.2,468|2099|4257|6196|9586,ATF4|ESR1|MGST1|RPS6KA2|CREB5,-0.6,MyList
KEGG Pathway,24,hsa04152,AMPK signaling pathway,,-3.1,10,5.7,30182,121,100,4,4,2,2309|5523|9586|51422,FOXO3|PPP2R3A|CREB5|PRKAG2,-0.6,MyList
GO Biological Processes,19,GO:0007405,neuroblast proliferation,19_GO:0032502 developmental process,-3.1,16,6.6,30182,55,100,3,3,1.7,429|8650|50937,ASCL1|NUMB|CDON,-0.56,MyList
GO Biological Processes,19,GO:0043525,positive regulation of neuron apoptotic process,19_GO:0048518 positive regulation of biological process,-3.1,16,6.6,30182,55,100,3,3,1.7,429|468|2309,ASCL1|ATF4|FOXO3,-0.56,MyList
GO Biological Processes,19,GO:0006351,DNA-templated transcription,19_GO:0008152 metabolic process,-3.1,4,4.3,30182,599,100,8,8,2.7,468|862|1052|2099|2309|3727|5396|133522,ATF4|RUNX1T1|CEBPD|ESR1|FOXO3|JUND|PRRX1|PPARGC1B,-0.54,MyList
GO Biological Processes,19,GO:0097659,nucleic acid-templated transcription,19_GO:0008152 metabolic process,-3.1,4,4.3,30182,601,100,8,8,2.7,468|862|1052|2099|2309|3727|5396|133522,ATF4|RUNX1T1|CEBPD|ESR1|FOXO3|JUND|PRRX1|PPARGC1B,-0.54,MyList
Canonical Pathways,11,M186,PID PDGFRB PATHWAY,,-3,9.4,5.5,30182,129,100,4,4,2,2002|3727|6772|26999,ELK1|JUND|STAT1|CYFIP2,-0.54,MyList
GO Biological Processes,19,GO:0034599,cellular response to oxidative stress,19_GO:0050896 response to stimulus,-3,6.7,5,30182,224,100,5,5,2.2,468|2309|4257|55074|133522,ATF4|FOXO3|MGST1|OXR1|PPARGC1B,-0.54,MyList
GO Biological Processes,19,GO:0032774,RNA biosynthetic process,19_GO:0008152 metabolic process,-3,3.9,4.2,30182,612,100,8,8,2.7,468|862|1052|2099|2309|3727|5396|133522,ATF4|RUNX1T1|CEBPD|ESR1|FOXO3|JUND|PRRX1|PPARGC1B,-0.51,MyList
GO Biological Processes,19,GO:0045604,regulation of epidermal cell differentiation,19_GO:0032502 developmental process,-3,15,6.3,30182,60,100,3,3,1.7,5727|29841|79977,PTCH1|GRHL1|GRHL2,-0.49,MyList
GO Biological Processes,19,GO:0050769,positive regulation of neurogenesis,19_GO:0032502 developmental process,-3,6.5,4.9,30182,232,100,5,5,2.2,429|5789|6792|8650|50937,ASCL1|PTPRD|CDKL5|NUMB|CDON,-0.49,MyList
GO Biological Processes,19,GO:0060135,maternal process involved in female pregnancy,19_GO:0022414 reproductive process,-3,15,6.2,30182,61,100,3,3,1.7,2099|7026|56977,ESR1|NR2F2|STOX2,-0.48,MyList
GO Biological Processes,19,GO:0007623,circadian rhythm,19_GO:0048511 rhythmic process,-2.9,8.8,5.3,30182,137,100,4,4,2,468|3727|5187|10075,ATF4|JUND|PER1|HUWE1,-0.48,MyList
GO Biological Processes,19,GO:0048754,branching morphogenesis of an epithelial tube,19_GO:0032502 developmental process,-2.9,8.8,5.3,30182,137,100,4,4,2,90|2099|5087|5727,ACVR1|ESR1|PBX1|PTCH1,-0.48,MyList
KEGG Pathway,24,hsa04927,Cortisol synthesis and secretion,,-2.9,14,6,30182,65,100,3,3,1.7,468|5087|9586,ATF4|PBX1|CREB5,-0.41,MyList
WikiPathways,27,WP2380,Brain-derived neurotrophic factor (BDNF) signaling pathway,,-2.9,8.4,5.1,30182,144,100,4,4,2,2002|2309|6772|6792,ELK1|FOXO3|STAT1|CDKL5,-0.41,MyList
GO Biological Processes,19,GO:0031400,negative regulation of protein modification process,19_GO:0048519 negative regulation of biological process,-2.8,4.2,4.2,30182,503,100,7,7,2.6,6659|7026|9425|26973|51422|55022|55074,SOX4|NR2F2|CDYL|CHORDC1|PRKAG2|PID1|OXR1,-0.4,MyList
GO Biological Processes,19,GO:0045682,regulation of epidermis development,19_GO:0032502 developmental process,-2.8,14,5.9,30182,67,100,3,3,1.7,5727|29841|79977,PTCH1|GRHL1|GRHL2,-0.4,MyList
Canonical Pathways,11,M295,SIG PIP3 SIGNALING IN CARDIAC MYOCTES,,-2.8,14,5.9,30182,67,100,3,3,1.7,2309|6196|9586,FOXO3|RPS6KA2|CREB5,-0.4,MyList
GO Biological Processes,19,GO:0070613,regulation of protein processing,19_GO:0008152 metabolic process,-2.8,14,5.9,30182,67,100,3,3,1.7,831|5992|6196,CAST|RFX4|RPS6KA2,-0.4,MyList
GO Biological Processes,19,GO:1902893,regulation of miRNA transcription,19_GO:0008152 metabolic process,-2.8,13,5.9,30182,68,100,3,3,1.7,2099|2113|2309,ESR1|ETS1|FOXO3,-0.39,MyList
GO Biological Processes,19,GO:0071407,cellular response to organic cyclic compound,19_GO:0050896 response to stimulus,-2.8,4.1,4.1,30182,510,100,7,7,2.6,90|468|2002|2099|5727|6772|133522,ACVR1|ATF4|ELK1|ESR1|PTCH1|STAT1|PPARGC1B,-0.38,MyList
GO Biological Processes,19,GO:0034330,cell junction organization,19_GO:0009987 cellular process,-2.8,4.1,4.1,30182,513,100,7,7,2.6,831|5789|8292|8650|29841|79977|84623,CAST|PTPRD|COLQ|NUMB|GRHL1|GRHL2|KIRREL3,-0.38,MyList
WikiPathways,27,WP4666,Hepatitis B infection,,-2.8,8,5,30182,151,100,4,4,2,468|2002|6772|9586,ATF4|ELK1|STAT1|CREB5,-0.38,MyList
KEGG Pathway,24,hsa04917,Prolactin signaling pathway,,-2.8,13,5.8,30182,70,100,3,3,1.7,2099|2309|6772,ESR1|FOXO3|STAT1,-0.38,MyList
Canonical Pathways,11,M167,PID AP1 PATHWAY,,-2.8,13,5.8,30182,70,100,3,3,1.7,2099|2113|3727,ESR1|ETS1|JUND,-0.38,MyList
GO Biological Processes,19,GO:0072089,stem cell proliferation,19_GO:0009987 cellular process,-2.8,13,5.8,30182,70,100,3,3,1.7,5087|5396|5727,PBX1|PRRX1|PTCH1,-0.38,MyList
GO Biological Processes,19,GO:0032922,circadian regulation of gene expression,19_GO:0048511 rhythmic process,-2.8,13,5.7,30182,71,100,3,3,1.7,468|5187|10075,ATF4|PER1|HUWE1,-0.37,MyList
WikiPathways,27,WP2857,Mesodermal commitment pathway,,-2.8,7.8,4.9,30182,154,100,4,4,2,90|5087|23007|79977,ACVR1|PBX1|PLCH1|GRHL2,-0.37,MyList
Reactome Gene Sets,6,R-HSA-8939902,Regulation of RUNX2 expression and activity,,-2.7,12,5.6,30182,73,100,3,3,1.7,2099|6772|133522,ESR1|STAT1|PPARGC1B,-0.35,MyList
GO Biological Processes,19,GO:0090596,sensory organ morphogenesis,19_GO:0032502 developmental process,-2.7,5.7,4.4,30182,266,100,5,5,2.2,468|5357|5396|6096|50937,ATF4|PLS1|PRRX1|RORB|CDON,-0.33,MyList
KEGG Pathway,24,hsa05200,Pathways in cancer,,-2.7,4,4,30182,531,100,7,7,2.6,862|2002|2099|2113|4257|5727|6772,RUNX1T1|ELK1|ESR1|ETS1|MGST1|PTCH1|STAT1,-0.33,MyList
GO Biological Processes,19,GO:0045669,positive regulation of osteoblast differentiation,19_GO:0032502 developmental process,-2.7,12,5.5,30182,75,100,3,3,1.7,90|1052|3727,ACVR1|CEBPD|JUND,-0.33,MyList
WikiPathways,27,WP706,Sudden infant death syndrome (SIDS) susceptibility pathways,,-2.7,7.5,4.8,30182,160,100,4,4,2,429|5087|6863|133522,ASCL1|PBX1|TAC1|PPARGC1B,-0.33,MyList
WikiPathways,27,WP2034,Leptin signaling pathway,,-2.7,12,5.5,30182,76,100,3,3,1.7,2002|2099|6772,ELK1|ESR1|STAT1,-0.32,MyList
WikiPathways,27,WP2037,Prolactin signaling pathway,,-2.7,12,5.5,30182,76,100,3,3,1.7,2002|6196|6772,ELK1|RPS6KA2|STAT1,-0.32,MyList
KEGG Pathway,24,hsa05161,Hepatitis B,,-2.7,7.5,4.7,30182,162,100,4,4,2,468|2002|6772|9586,ATF4|ELK1|STAT1|CREB5,-0.32,MyList
Reactome Gene Sets,6,R-HSA-9009391,Extra-nuclear estrogen signaling,,-2.7,12,5.5,30182,77,100,3,3,1.7,2002|2099|2309,ELK1|ESR1|FOXO3,-0.32,MyList
GO Biological Processes,19,GO:0062197,cellular response to chemical stress,19_GO:0050896 response to stimulus,-2.7,5.5,4.3,30182,274,100,5,5,2.2,468|2309|4257|55074|133522,ATF4|FOXO3|MGST1|OXR1|PPARGC1B,-0.31,MyList
WikiPathways,27,WP5205,Clock-controlled autophagy in bone metabolism,,-2.6,11,5.3,30182,80,100,3,3,1.7,5187|6096|128338,PER1|RORB|DRAM2,-0.28,MyList
GO Biological Processes,19,GO:0061053,somite development,19_GO:0032502 developmental process,-2.6,11,5.3,30182,80,100,3,3,1.7,4223|5523|5727,MEOX2|PPP2R3A|PTCH1,-0.28,MyList
GO Biological Processes,19,GO:0051962,positive regulation of nervous system development,19_GO:0032502 developmental process,-2.6,5.4,4.3,30182,280,100,5,5,2.2,429|5789|6792|8650|50937,ASCL1|PTPRD|CDKL5|NUMB|CDON,-0.28,MyList
GO Biological Processes,19,GO:0006091,generation of precursor metabolites and energy,19_GO:0008152 metabolic process,-2.6,4.4,4,30182,410,100,6,6,2.4,444|2820|3098|3417|51422|55022,ASPH|GPD2|HK1|IDH1|PRKAG2|PID1,-0.28,MyList
GO Biological Processes,19,GO:2000628,regulation of miRNA metabolic process,19_GO:0008152 metabolic process,-2.6,11,5.3,30182,81,100,3,3,1.7,2099|2113|2309,ESR1|ETS1|FOXO3,-0.28,MyList
Reactome Gene Sets,6,R-HSA-381340,Transcriptional regulation of white adipocyte differentiation,,-2.6,11,5.2,30182,84,100,3,3,1.7,1052|1879|7026,CEBPD|EBF1|NR2F2,-0.24,MyList
Reactome Gene Sets,6,R-HSA-5632684,Hedgehog 'on' state,,-2.5,11,5.1,30182,85,100,3,3,1.7,5727|8650|50937,PTCH1|NUMB|CDON,-0.23,MyList
GO Biological Processes,19,GO:0061326,renal tubule development,19_GO:0032502 developmental process,-2.5,11,5.1,30182,86,100,3,3,1.7,5087|5727|6772,PBX1|PTCH1|STAT1,-0.22,MyList
GO Biological Processes,19,GO:0001822,kidney development,19_GO:0032502 developmental process,-2.5,5.1,4.1,30182,295,100,5,5,2.2,5087|5727|6659|6772|84623,PBX1|PTCH1|SOX4|STAT1|KIRREL3,-0.22,MyList
GO Biological Processes,19,GO:0099537,trans-synaptic signaling,19_GO:0023052 signaling,-2.5,4.2,3.9,30182,428,100,6,6,2.4,320|5789|6196|6863|8292|10814,APBA1|PTPRD|RPS6KA2|TAC1|COLQ|CPLX2,-0.22,MyList
GO Biological Processes,19,GO:0001708,cell fate specification,19_GO:0032502 developmental process,-2.5,10,5.1,30182,87,100,3,3,1.7,429|5727|50937,ASCL1|PTCH1|CDON,-0.22,MyList
GO Biological Processes,19,GO:0008589,regulation of smoothened signaling pathway,19_GO:0023052 signaling,-2.5,10,5.1,30182,87,100,3,3,1.7,5396|5727|5992,PRRX1|PTCH1|RFX4,-0.22,MyList
GO Biological Processes,19,GO:0060993,kidney morphogenesis,19_GO:0032502 developmental process,-2.5,10,5,30182,88,100,3,3,1.7,5087|5727|6659,PBX1|PTCH1|SOX4,-0.21,MyList
GO Biological Processes,19,GO:0007224,smoothened signaling pathway,19_GO:0023052 signaling,-2.5,10,5,30182,88,100,3,3,1.7,5396|5727|50937,PRRX1|PTCH1|CDON,-0.21,MyList
WikiPathways,27,WP3888,VEGFA-VEGFR2 signaling pathway,,-2.5,4.2,3.9,30182,432,100,6,6,2.4,468|2002|2113|2309|6772|8650,ATF4|ELK1|ETS1|FOXO3|STAT1|NUMB,-0.21,MyList
GO Biological Processes,19,GO:0051591,response to cAMP,19_GO:0050896 response to stimulus,-2.5,10,5,30182,89,100,3,3,1.7,5187|6772|133522,PER1|STAT1|PPARGC1B,-0.21,MyList
GO Biological Processes,19,GO:0021543,pallium development,19_GO:0032502 developmental process,-2.5,6.6,4.4,30182,184,100,4,4,2,429|50937|79633|84623,ASCL1|CDON|FAT4|KIRREL3,-0.2,MyList
GO Biological Processes,19,GO:0072091,regulation of stem cell proliferation,19_GO:0050789 regulation of biological process,-2.5,10,4.9,30182,91,100,3,3,1.7,5087|5396|5727,PBX1|PRRX1|PTCH1,-0.19,MyList
GO Biological Processes,19,GO:0060021,roof of mouth development,19_GO:0032502 developmental process,-2.5,10,4.9,30182,91,100,3,3,1.7,444|4223|5396,ASPH|MEOX2|PRRX1,-0.19,MyList
GO Biological Processes,19,GO:0072001,renal system development,19_GO:0032502 developmental process,-2.5,4.9,4,30182,305,100,5,5,2.2,5087|5727|6659|6772|84623,PBX1|PTCH1|SOX4|STAT1|KIRREL3,-0.19,MyList
GO Biological Processes,19,GO:0045666,positive regulation of neuron differentiation,19_GO:0032502 developmental process,-2.4,9.8,4.9,30182,92,100,3,3,1.7,429|6457|50937,ASCL1|SH3GL3|CDON,-0.18,MyList
GO Biological Processes,19,GO:0007517,muscle organ development,19_GO:0032502 developmental process,-2.4,4.9,4,30182,307,100,5,5,2.2,4223|6840|7026|50937|79784,MEOX2|SVIL|NR2F2|CDON|MYH14,-0.18,MyList
Reactome Gene Sets,6,R-HSA-442755,Activation of NMDA receptors and postsynaptic events,,-2.4,9.7,4.9,30182,93,100,3,3,1.7,320|6196|51422,APBA1|RPS6KA2|PRKAG2,-0.18,MyList
GO Biological Processes,19,GO:0008585,female gonad development,19_GO:0022414 reproductive process,-2.4,9.7,4.9,30182,93,100,3,3,1.7,2099|3417|7026,ESR1|IDH1|NR2F2,-0.18,MyList
GO Biological Processes,19,GO:0044703,multi-organism reproductive process,19_GO:0022414 reproductive process,-2.4,6.3,4.2,30182,192,100,4,4,2,2099|6863|7026|56977,ESR1|TAC1|NR2F2|STOX2,-0.16,MyList
GO Biological Processes,19,GO:0002009,morphogenesis of an epithelium,19_GO:0032502 developmental process,-2.4,4,3.7,30182,451,100,6,6,2.4,90|2099|5087|5727|6659|79977,ACVR1|ESR1|PBX1|PTCH1|SOX4|GRHL2,-0.16,MyList
GO Biological Processes,19,GO:0045664,regulation of neuron differentiation,19_GO:0032502 developmental process,-2.4,6.3,4.2,30182,193,100,4,4,2,429|5087|6457|50937,ASCL1|PBX1|SH3GL3|CDON,-0.16,MyList
GO Biological Processes,19,GO:0007610,behavior,19_GO:0032501 multicellular organismal process,-2.4,3.5,3.6,30182,607,100,7,7,2.6,320|2334|6863|9867|55074|79784|84623,APBA1|AFF2|TAC1|PJA2|OXR1|MYH14|KIRREL3,-0.15,MyList
GO Biological Processes,19,GO:0009416,response to light stimulus,19_GO:0050896 response to stimulus,-2.4,4.8,3.9,30182,317,100,5,5,2.2,468|2002|3727|5132|5187,ATF4|ELK1|JUND|PDC|PER1,-0.15,MyList
GO Biological Processes,19,GO:0046545,development of primary female sexual characteristics,19_GO:0022414 reproductive process,-2.4,9.3,4.7,30182,97,100,3,3,1.7,2099|3417|7026,ESR1|IDH1|NR2F2,-0.15,MyList
GO Biological Processes,19,GO:0099536,synaptic signaling,19_GO:0023052 signaling,-2.4,4,3.7,30182,457,100,6,6,2.4,320|5789|6196|6863|8292|10814,APBA1|PTPRD|RPS6KA2|TAC1|COLQ|CPLX2,-0.15,MyList
GO Biological Processes,19,GO:0061351,neural precursor cell proliferation,19_GO:0009987 cellular process,-2.4,9.1,4.7,30182,99,100,3,3,1.7,429|8650|50937,ASCL1|NUMB|CDON,-0.13,MyList
GO Biological Processes,19,GO:0044706,multi-multicellular organism process,19_GO:0032501 multicellular organismal process,-2.3,6,4.1,30182,201,100,4,4,2,2099|6863|7026|56977,ESR1|TAC1|NR2F2|STOX2,-0.12,MyList
WikiPathways,27,WP3594,Circadian rhythm genes,,-2.3,6,4.1,30182,201,100,4,4,2,468|3727|5187|6096,ATF4|JUND|PER1|RORB,-0.12,MyList
GO Biological Processes,19,GO:0010942,positive regulation of cell death,19_GO:0048518 positive regulation of biological process,-2.3,3.4,3.5,30182,621,100,7,7,2.6,429|468|2002|2309|6196|6659|56259,ASCL1|ATF4|ELK1|FOXO3|RPS6KA2|SOX4|CTNNBL1,-0.12,MyList
GO Biological Processes,19,GO:0005975,carbohydrate metabolic process,19_GO:0008152 metabolic process,-2.3,3.9,3.6,30182,467,100,6,6,2.4,468|2820|3098|3417|51422|64579,ATF4|GPD2|HK1|IDH1|PRKAG2|NDST4,-0.12,MyList
GO Biological Processes,19,GO:1901214,regulation of neuron death,19_GO:0050789 regulation of biological process,-2.3,4.6,3.8,30182,327,100,5,5,2.2,429|468|2002|2309|55074,ASCL1|ATF4|ELK1|FOXO3|OXR1,-0.12,MyList
GO Biological Processes,19,GO:0009952,anterior/posterior pattern specification,19_GO:0032502 developmental process,-2.3,5.9,4.1,30182,204,100,4,4,2,4223|5087|7026|50937,MEOX2|PBX1|NR2F2|CDON,-0.11,MyList
GO Biological Processes,19,GO:1903076,regulation of protein localization to plasma membrane,19_GO:0051179 localization,-2.3,8.8,4.6,30182,103,100,3,3,1.7,5357|8650|55022,PLS1|NUMB|PID1,-0.11,MyList
GO Biological Processes,19,GO:0001841,neural tube formation,19_GO:0032502 developmental process,-2.3,8.7,4.5,30182,104,100,3,3,1.7,5727|6659|79977,PTCH1|SOX4|GRHL2,-0.098,MyList
Canonical Pathways,11,M164,PID ERBB1 DOWNSTREAM PATHWAY,,-2.3,8.6,4.5,30182,105,100,3,3,1.7,2002|6772|26999,ELK1|STAT1|CYFIP2,-0.089,MyList
KEGG Pathway,24,hsa04928,"Parathyroid hormone synthesis, secretion and action",,-2.3,8.5,4.5,30182,106,100,3,3,1.7,468|3727|9586,ATF4|JUND|CREB5,-0.081,MyList
KEGG Pathway,24,hsa04922,Glucagon signaling pathway,,-2.3,8.5,4.5,30182,107,100,3,3,1.7,468|9586|51422,ATF4|CREB5|PRKAG2,-0.076,MyList
GO Biological Processes,19,GO:0032526,response to retinoic acid,19_GO:0050896 response to stimulus,-2.3,8.5,4.5,30182,107,100,3,3,1.7,429|5727|6096,ASCL1|PTCH1|RORB,-0.076,MyList
GO Biological Processes,19,GO:0000902,cell morphogenesis,19_GO:0032502 developmental process,-2.3,3.3,3.4,30182,643,100,7,7,2.6,468|5357|5727|8650|26999|79977|84623,ATF4|PLS1|PTCH1|NUMB|CYFIP2|GRHL2|KIRREL3,-0.075,MyList
Reactome Gene Sets,6,R-HSA-6785807,Interleukin-4 and Interleukin-13 signaling,,-2.3,8.4,4.4,30182,108,100,3,3,1.7,1052|2309|6772,CEBPD|FOXO3|STAT1,-0.075,MyList
WikiPathways,27,WP4321,Thermogenesis,,-2.3,8.4,4.4,30182,108,100,3,3,1.7,6196|9586|51422,RPS6KA2|CREB5|PRKAG2,-0.075,MyList
GO Biological Processes,19,GO:0045637,regulation of myeloid cell differentiation,19_GO:0002376 immune system process,-2.2,5.6,3.9,30182,214,100,4,4,2,2113|2309|6772|133522,ETS1|FOXO3|STAT1|PPARGC1B,-0.075,MyList
GO Biological Processes,19,GO:0032990,cell part morphogenesis,19_GO:0032502 developmental process,-2.2,3.7,3.5,30182,487,100,6,6,2.4,5727|8650|26999|55022|79784|84623,PTCH1|NUMB|CYFIP2|PID1|MYH14|KIRREL3,-0.075,MyList
GO Biological Processes,19,GO:0000904,cell morphogenesis involved in differentiation,19_GO:0032502 developmental process,-2.2,3.7,3.5,30182,487,100,6,6,2.4,468|5357|5727|8650|26999|79977,ATF4|PLS1|PTCH1|NUMB|CYFIP2|GRHL2,-0.075,MyList
GO Biological Processes,19,GO:0006366,transcription by RNA polymerase II,19_GO:0008152 metabolic process,-2.2,4.4,3.7,30182,343,100,5,5,2.2,468|1052|2099|3727|5396,ATF4|CEBPD|ESR1|JUND|PRRX1,-0.074,MyList
GO Biological Processes,19,GO:0043523,regulation of neuron apoptotic process,19_GO:0050789 regulation of biological process,-2.2,5.5,3.9,30182,219,100,4,4,2,429|468|2309|55074,ASCL1|ATF4|FOXO3|OXR1,-0.048,MyList
GO Biological Processes,19,GO:0046660,female sex differentiation,19_GO:0022414 reproductive process,-2.2,8,4.3,30182,113,100,3,3,1.7,2099|3417|7026,ESR1|IDH1|NR2F2,-0.036,MyList
KEGG Pathway,24,hsa05166,Human T-cell leukemia virus 1 infection,,-2.2,5.4,3.8,30182,222,100,4,4,2,468|2002|2113|9586,ATF4|ELK1|ETS1|CREB5,-0.033,MyList
Reactome Gene Sets,6,R-HSA-8939211,ESR-mediated signaling,,-2.2,5.4,3.8,30182,223,100,4,4,2,2002|2099|2309|3727,ELK1|ESR1|FOXO3|JUND,-0.029,MyList
GO Biological Processes,19,GO:0061061,muscle structure development,19_GO:0032502 developmental process,-2.2,3.6,3.4,30182,504,100,6,6,2.4,90|4223|6840|7026|50937|79784,ACVR1|MEOX2|SVIL|NR2F2|CDON|MYH14,-0.021,MyList
GO Biological Processes,19,GO:0006417,regulation of translation,19_GO:0008152 metabolic process,-2.2,3.6,3.4,30182,506,100,6,6,2.4,468|2309|5187|5813|6659|25904,ATF4|FOXO3|PER1|PURA|SOX4|CNOT10,-0.016,MyList
GO Biological Processes,19,GO:0001501,skeletal system development,19_GO:0032502 developmental process,-2.2,3.6,3.4,30182,507,100,6,6,2.4,2313|5087|5396|6659|79977|133522,FLI1|PBX1|PRRX1|SOX4|GRHL2|PPARGC1B,-0.015,MyList
KEGG Pathway,24,hsa04722,Neurotrophin signaling pathway,,-2.1,7.6,4.2,30182,119,100,3,3,1.7,468|2309|6196,ATF4|FOXO3|RPS6KA2,0,MyList
KEGG Pathway,24,hsa04935,"Growth hormone synthesis, secretion and action",,-2.1,7.5,4.1,30182,120,100,3,3,1.7,468|6772|9586,ATF4|STAT1|CREB5,0,MyList
GO Biological Processes,19,GO:0032355,response to estradiol,19_GO:0050896 response to stimulus,-2.1,7.5,4.1,30182,120,100,3,3,1.7,2099|5727|7026,ESR1|PTCH1|NR2F2,0,MyList
Reactome Gene Sets,6,R-HSA-8878166,Transcriptional regulation by RUNX2,,-2.1,7.5,4.1,30182,121,100,3,3,1.7,2099|6772|133522,ESR1|STAT1|PPARGC1B,0,MyList
GO Biological Processes,19,GO:0071901,negative regulation of protein serine/threonine kinase activity,19_GO:0048519 negative regulation of biological process,-2.1,7.4,4.1,30182,123,100,3,3,1.7,7026|26973|51422,NR2F2|CHORDC1|PRKAG2,0,MyList
GO Biological Processes,19,GO:0001654,eye development,19_GO:0032502 developmental process,-2.1,4,3.4,30182,373,100,5,5,2.2,468|5087|6096|50937|79977,ATF4|PBX1|RORB|CDON|GRHL2,0,MyList
GO Biological Processes,19,GO:0001838,embryonic epithelial tube formation,19_GO:0032502 developmental process,-2.1,7.3,4.1,30182,124,100,3,3,1.7,5727|6659|79977,PTCH1|SOX4|GRHL2,0,MyList
GO Biological Processes,19,GO:0150063,visual system development,19_GO:0032502 developmental process,-2.1,4,3.4,30182,377,100,5,5,2.2,468|5087|6096|50937|79977,ATF4|PBX1|RORB|CDON|GRHL2,0,MyList
GO Biological Processes,19,GO:0098609,cell-cell adhesion,19_GO:0009987 cellular process,-2.1,3.4,3.2,30182,531,100,6,6,2.4,90|5789|26999|50937|79633|84623,ACVR1|PTPRD|CYFIP2|CDON|FAT4|KIRREL3,0,MyList
GO Biological Processes,19,GO:0003206,cardiac chamber morphogenesis,19_GO:0032502 developmental process,-2.1,7.2,4,30182,126,100,3,3,1.7,90|6659|79977,ACVR1|SOX4|GRHL2,0,MyList
GO Biological Processes,19,GO:0021987,cerebral cortex development,19_GO:0032502 developmental process,-2.1,7.2,4,30182,126,100,3,3,1.7,429|50937|79633,ASCL1|CDON|FAT4,0,MyList
GO Biological Processes,19,GO:0003231,cardiac ventricle development,19_GO:0032502 developmental process,-2.1,7.2,4,30182,126,100,3,3,1.7,90|6659|79977,ACVR1|SOX4|GRHL2,0,MyList
GO Biological Processes,19,GO:0048593,camera-type eye morphogenesis,19_GO:0032502 developmental process,-2.1,7.1,4,30182,127,100,3,3,1.7,468|6096|50937,ATF4|RORB|CDON,0,MyList
GO Biological Processes,19,GO:0050767,regulation of neurogenesis,19_GO:0032502 developmental process,-2.1,4,3.4,30182,381,100,5,5,2.2,429|5789|6792|8650|50937,ASCL1|PTPRD|CDKL5|NUMB|CDON,0,MyList
GO Biological Processes,19,GO:0043065,positive regulation of apoptotic process,19_GO:0048518 positive regulation of biological process,-2,3.4,3.2,30182,536,100,6,6,2.4,429|468|2309|6196|6659|56259,ASCL1|ATF4|FOXO3|RPS6KA2|SOX4|CTNNBL1,0,MyList
GO Biological Processes,19,GO:1904375,regulation of protein localization to cell periphery,19_GO:0051179 localization,-2,7.1,4,30182,128,100,3,3,1.7,5357|8650|55022,PLS1|NUMB|PID1,0,MyList
GO Biological Processes,19,GO:0048880,sensory system development,19_GO:0032502 developmental process,-2,3.9,3.3,30182,383,100,5,5,2.2,468|5087|6096|50937|79977,ATF4|PBX1|RORB|CDON|GRHL2,0,MyList
GO Biological Processes,19,GO:0035270,endocrine system development,19_GO:0032502 developmental process,-2,7,3.9,30182,129,100,3,3,1.7,429|5087|6659,ASCL1|PBX1|SOX4,0,MyList
GO Biological Processes,19,GO:0046683,response to organophosphorus,19_GO:0050896 response to stimulus,-2,7,3.9,30182,129,100,3,3,1.7,5187|6772|133522,PER1|STAT1|PPARGC1B,0,MyList
GO Biological Processes,19,GO:0048706,embryonic skeletal system development,19_GO:0032502 developmental process,-2,7,3.9,30182,129,100,3,3,1.7,5087|5396|79977,PBX1|PRRX1|GRHL2,0,MyList
WikiPathways,27,WP236,Adipogenesis,,-2,6.9,3.9,30182,131,100,3,3,1.7,1052|1879|6772,CEBPD|EBF1|STAT1,0,MyList
WikiPathways,27,WP3915,Angiopoietin-like protein 8 regulatory pathway,,-2,6.9,3.9,30182,132,100,3,3,1.7,2309|6196|51422,FOXO3|RPS6KA2|PRKAG2,0,MyList
Reactome Gene Sets,6,R-HSA-5576891,Cardiac conduction,,-2,6.9,3.9,30182,132,100,3,3,1.7,444|6334|56660,ASPH|SCN8A|KCNK12,0,MyList
GO Biological Processes,19,GO:0072175,epithelial tube formation,19_GO:0032502 developmental process,-2,6.9,3.9,30182,132,100,3,3,1.7,5727|6659|79977,PTCH1|SOX4|GRHL2,0,MyList
KEGG Pathway,24,hsa04728,Dopaminergic synapse,,-2,6.9,3.9,30182,132,100,3,3,1.7,468|5523|9586,ATF4|PPP2R3A|CREB5,0,MyList
GO Biological Processes,19,GO:0045596,negative regulation of cell differentiation,19_GO:0032502 developmental process,-2,3,3,30182,716,100,7,7,2.6,429|862|5087|5727|6096|6772|79977,ASCL1|RUNX1T1|PBX1|PTCH1|RORB|STAT1|GRHL2,0,MyList
GO Biological Processes,19,GO:0072006,nephron development,19_GO:0032502 developmental process,-2,6.8,3.9,30182,133,100,3,3,1.7,5087|5727|84623,PBX1|PTCH1|KIRREL3,0,MyList
GO Biological Processes,19,GO:0001701,in utero embryonic development,19_GO:0032502 developmental process,-2,3.8,3.3,30182,392,100,5,5,2.2,90|320|5727|7026|79977,ACVR1|APBA1|PTCH1|NR2F2|GRHL2,0,MyList
