Category,CategoryID,GO,Description,PARENT_GO,LogP,Enrichment,Z-score,#TotalGeneInLibrary,#GeneInGO,#GeneInHitList,#GeneInGOAndHitList,%InGO,STDV %InGO,GeneID,Hits,Log(q-value),GeneList
WikiPathways,27,WP3651,Pathways affected in adenoid cystic carcinoma,,-7.1,28,12,30182,65,100,6,6,2.4,546|4602|4603|4613|7403|8289,ATRX|MYB|MYBL1|MYCN|KDM6A|ARID1A,-2.9,MyList
GO Biological Processes,19,GO:0007610,behavior,19_GO:0032501 multicellular organismal process,-7,6.5,7.8,30182,607,100,13,13,3.4,238|321|1958|2534|2741|3784|4929|4988|5465|6869|54207|57502|92521,ALK|APBA2|EGR1|FYN|GLRA1|KCNQ1|NR4A2|OPRM1|PPARA|TACR1|KCNK10|NLGN4X|SPECC1,-2.9,MyList
GO Biological Processes,19,GO:1901699,cellular response to nitrogen compound,19_GO:0050896 response to stimulus,-6.7,6.1,7.5,30182,643,100,13,13,3.4,60|546|1395|1958|2534|2551|2741|3784|4929|4988|6667|23175|57492,ACTB|ATRX|CRHR2|EGR1|FYN|GABPA|GLRA1|KCNQ1|NR4A2|OPRM1|SP1|LPIN1|ARID1B,-2.8,MyList
KEGG Pathway,24,hsa05202,Transcriptional misregulation in cancer,,-6.6,13,9.2,30182,193,100,8,8,2.7,604|860|4094|4613|5077|5218|6667|7403,BCL6|RUNX2|MAF|MYCN|PAX3|CDK14|SP1|KDM6A,-2.8,MyList
GO Biological Processes,19,GO:0071417,cellular response to organonitrogen compound,19_GO:0050896 response to stimulus,-6.2,6.2,7.3,30182,586,100,12,12,3.2,60|1395|1958|2534|2551|2741|3784|4929|4988|6667|23175|57492,ACTB|CRHR2|EGR1|FYN|GABPA|GLRA1|KCNQ1|NR4A2|OPRM1|SP1|LPIN1|ARID1B,-2.7,MyList
GO Biological Processes,19,GO:0035108,limb morphogenesis,19_GO:0032502 developmental process,-6.2,14,9.4,30182,146,100,7,7,2.6,257|546|860|1750|4613|4853|7291,ALX3|ATRX|RUNX2|DLX6|MYCN|NOTCH2|TWIST1,-2.7,MyList
GO Biological Processes,19,GO:0035107,appendage morphogenesis,19_GO:0032502 developmental process,-6.2,14,9.4,30182,146,100,7,7,2.6,257|546|860|1750|4613|4853|7291,ALX3|ATRX|RUNX2|DLX6|MYCN|NOTCH2|TWIST1,-2.7,MyList
KEGG Pathway,24,hsa04928,"Parathyroid hormone synthesis, secretion and action",,-5.8,17,9.6,30182,106,100,6,6,2.4,860|1958|4929|6667|10488|90993,RUNX2|EGR1|NR4A2|SP1|CREB3|CREB3L1,-2.4,MyList
Canonical Pathways,11,M28,PID IL4 2PATHWAY,,-5.6,24,10,30182,64,100,5,5,2.2,604|4602|4603|4988|6667,BCL6|MYB|MYBL1|OPRM1|SP1,-2.3,MyList
GO Biological Processes,19,GO:0048736,appendage development,19_GO:0032502 developmental process,-5.6,12,8.3,30182,182,100,7,7,2.6,257|546|860|1750|4613|4853|7291,ALX3|ATRX|RUNX2|DLX6|MYCN|NOTCH2|TWIST1,-2.3,MyList
GO Biological Processes,19,GO:0060173,limb development,19_GO:0032502 developmental process,-5.6,12,8.3,30182,182,100,7,7,2.6,257|546|860|1750|4613|4853|7291,ALX3|ATRX|RUNX2|DLX6|MYCN|NOTCH2|TWIST1,-2.3,MyList
GO Biological Processes,19,GO:1901652,response to peptide,19_GO:0050896 response to stimulus,-5.5,6.6,7,30182,456,100,10,10,3,1395|1958|2534|3663|3784|4929|5465|6667|23175|57492,CRHR2|EGR1|FYN|IRF5|KCNQ1|NR4A2|PPARA|SP1|LPIN1|ARID1B,-2.3,MyList
GO Biological Processes,19,GO:0035113,embryonic appendage morphogenesis,19_GO:0032502 developmental process,-5.5,15,8.9,30182,120,100,6,6,2.4,257|860|1750|4613|4853|7291,ALX3|RUNX2|DLX6|MYCN|NOTCH2|TWIST1,-2.3,MyList
GO Biological Processes,19,GO:0030326,embryonic limb morphogenesis,19_GO:0032502 developmental process,-5.5,15,8.9,30182,120,100,6,6,2.4,257|860|1750|4613|4853|7291,ALX3|RUNX2|DLX6|MYCN|NOTCH2|TWIST1,-2.3,MyList
Canonical Pathways,11,M167,PID AP1 PATHWAY,,-5.4,22,9.9,30182,70,100,5,5,2.2,1958|4094|4602|4773|6667,EGR1|MAF|MYB|NFATC2|SP1,-2.3,MyList
GO Biological Processes,19,GO:0045596,negative regulation of cell differentiation,19_GO:0032502 developmental process,-5.3,5.1,6.3,30182,716,100,12,12,3.2,60|604|2551|4088|4602|4613|4773|5465|6095|7291|30812|51564,ACTB|BCL6|GABPA|SMAD3|MYB|MYCN|NFATC2|PPARA|RORA|TWIST1|SOX8|HDAC7,-2.2,MyList
WikiPathways,27,WP236,Adipogenesis,,-5.3,14,8.5,30182,131,100,6,6,2.4,4088|5465|6095|6667|7291|23175,SMAD3|PPARA|RORA|SP1|TWIST1|LPIN1,-2.2,MyList
GO Biological Processes,19,GO:0007178,transmembrane receptor protein serine/threonine kinase signaling pathway,19_GO:0023052 signaling,-5.3,10,7.8,30182,202,100,7,7,2.6,860|1958|4052|4088|4853|9372|9480,RUNX2|EGR1|LTBP1|SMAD3|NOTCH2|ZFYVE9|ONECUT2,-2.2,MyList
GO Biological Processes,19,GO:0048562,embryonic organ morphogenesis,19_GO:0032502 developmental process,-5.2,8.3,7.2,30182,292,100,8,8,2.7,257|860|1750|3784|4088|4613|4853|7291,ALX3|RUNX2|DLX6|KCNQ1|SMAD3|MYCN|NOTCH2|TWIST1,-2.2,MyList
GO Biological Processes,19,GO:0042110,T cell activation,19_GO:0002376 immune system process,-5.1,7.9,7,30182,304,100,8,8,2.7,604|860|1794|1958|2534|4088|4602|6095,BCL6|RUNX2|DOCK2|EGR1|FYN|SMAD3|MYB|RORA,-2,MyList
GO Biological Processes,19,GO:0030534,adult behavior,19_GO:0032501 multicellular organismal process,-5.1,13,8.1,30182,143,100,6,6,2.4,238|2741|4929|4988|5465|57502,ALK|GLRA1|NR4A2|OPRM1|PPARA|NLGN4X,-2,MyList
GO Biological Processes,19,GO:0035136,forelimb morphogenesis,19_GO:0032502 developmental process,-5,30,11,30182,40,100,4,4,2,257|546|860|7291,ALX3|ATRX|RUNX2|TWIST1,-2,MyList
CORUM,33,CORUM:189,BAF complex,,-5,70,14,30182,13,100,3,3,1.7,60|8289|57492,ACTB|ARID1A|ARID1B,-2,MyList
GO Biological Processes,19,GO:0050679,positive regulation of epithelial cell proliferation,19_GO:0048518 positive regulation of biological process,-5,9.4,7.3,30182,225,100,7,7,2.6,860|1750|4613|4853|6667|6869|7291,RUNX2|DLX6|MYCN|NOTCH2|SP1|TACR1|TWIST1,-2,MyList
GO Biological Processes,19,GO:0050678,regulation of epithelial cell proliferation,19_GO:0050789 regulation of biological process,-5,6.5,6.5,30182,419,100,9,9,2.9,860|1750|4088|4613|4853|6667|6869|7291|9500,RUNX2|DLX6|SMAD3|MYCN|NOTCH2|SP1|TACR1|TWIST1|MAGED1,-2,MyList
Reactome Gene Sets,6,R-HSA-2426168,Activation of gene expression by SREBF (SREBP),,-4.9,29,10,30182,42,100,4,4,2,4801|4802|5465|6667,NFYB|NFYC|PPARA|SP1,-2,MyList
WikiPathways,27,WP289,Myometrial relaxation and contraction pathways,,-4.9,12,7.7,30182,156,100,6,6,2.4,60|2551|2786|6667|8490|10488,ACTB|GABPA|GNG4|SP1|RGS5|CREB3,-1.9,MyList
WikiPathways,27,WP706,Sudden infant death syndrome (SIDS) susceptibility pathways,,-4.8,11,7.5,30182,160,100,6,6,2.4,1958|3784|4602|6095|6667|6869,EGR1|KCNQ1|MYB|RORA|SP1|TACR1,-1.9,MyList
GO Biological Processes,19,GO:0048704,embryonic skeletal system morphogenesis,19_GO:0032502 developmental process,-4.8,16,8.4,30182,95,100,5,5,2.2,257|860|4088|4613|7291,ALX3|RUNX2|SMAD3|MYCN|TWIST1,-1.9,MyList
Reactome Gene Sets,6,R-HSA-9614657,FOXO-mediated transcription of cell death genes,,-4.7,57,13,30182,16,100,3,3,1.7,604|4801|4802,BCL6|NFYB|NFYC,-1.8,MyList
WikiPathways,27,WP2064,Neural crest differentiation,,-4.7,15,8.1,30182,101,100,5,5,2.2,4602|4853|5077|7291|51564,MYB|NOTCH2|PAX3|TWIST1|HDAC7,-1.8,MyList
GO Biological Processes,19,GO:0001775,cell activation,19_GO:0032501 multicellular organismal process,-4.6,4.7,5.7,30182,705,100,11,11,3.1,60|604|860|1607|1794|1958|2534|4088|4602|4853|6095,ACTB|BCL6|RUNX2|DGKB|DOCK2|EGR1|FYN|SMAD3|MYB|NOTCH2|RORA,-1.8,MyList
GO Biological Processes,19,GO:0046649,lymphocyte activation,19_GO:0002376 immune system process,-4.6,5.9,6.1,30182,464,100,9,9,2.9,604|860|1794|1958|2534|4088|4602|4853|6095,BCL6|RUNX2|DOCK2|EGR1|FYN|SMAD3|MYB|NOTCH2|RORA,-1.8,MyList
GO Biological Processes,19,GO:0030217,T cell differentiation,19_GO:0002376 immune system process,-4.6,10,7.2,30182,173,100,6,6,2.4,604|860|1794|1958|4602|6095,BCL6|RUNX2|DOCK2|EGR1|MYB|RORA,-1.8,MyList
GO Biological Processes,19,GO:0044057,regulation of system process,19_GO:0032501 multicellular organismal process,-4.6,5.1,5.8,30182,591,100,10,10,3,2741|3784|4088|4988|5465|6869|23175|29119|57502|57596,GLRA1|KCNQ1|SMAD3|OPRM1|PPARA|TACR1|LPIN1|CTNNA3|NLGN4X|BEGAIN,-1.8,MyList
WikiPathways,27,WP4321,Thermogenesis,,-4.5,14,7.8,30182,108,100,5,5,2.2,60|8289|10488|57492|90993,ACTB|ARID1A|CREB3|ARID1B|CREB3L1,-1.7,MyList
GO Biological Processes,19,GO:0043434,response to peptide hormone,19_GO:0050896 response to stimulus,-4.5,6.5,6.2,30182,369,100,8,8,2.7,1395|1958|3784|4929|5465|6667|23175|57492,CRHR2|EGR1|KCNQ1|NR4A2|PPARA|SP1|LPIN1|ARID1B,-1.7,MyList
WikiPathways,27,WP560,TGF-beta receptor signaling,,-4.5,22,9,30182,55,100,4,4,2,860|4052|4088|9372,RUNX2|LTBP1|SMAD3|ZFYVE9,-1.7,MyList
Reactome Gene Sets,6,R-HSA-1655829,Regulation of cholesterol biosynthesis by SREBP (SREBF),,-4.5,22,9,30182,55,100,4,4,2,4801|4802|5465|6667,NFYB|NFYC|PPARA|SP1,-1.7,MyList
GO Biological Processes,19,GO:0048511,rhythmic process,19_GO:0048511 rhythmic process,-4.4,7.7,6.4,30182,275,100,7,7,2.6,1958|4988|5465|6095|6667|7291|9500,EGR1|OPRM1|PPARA|RORA|SP1|TWIST1|MAGED1,-1.7,MyList
KEGG Pathway,24,hsa04725,Cholinergic synapse,,-4.4,13,7.6,30182,113,100,5,5,2.2,2534|2786|3784|10488|90993,FYN|GNG4|KCNQ1|CREB3|CREB3L1,-1.7,MyList
GO Biological Processes,19,GO:0030098,lymphocyte differentiation,19_GO:0002376 immune system process,-4.4,7.5,6.3,30182,280,100,7,7,2.6,604|860|1794|1958|4602|4853|6095,BCL6|RUNX2|DOCK2|EGR1|MYB|NOTCH2|RORA,-1.6,MyList
WikiPathways,27,WP4816,TGF-beta receptor signaling in skeletal dysplasias,,-4.3,20,8.6,30182,59,100,4,4,2,860|4052|4088|9372,RUNX2|LTBP1|SMAD3|ZFYVE9,-1.6,MyList
Reactome Gene Sets,6,R-HSA-1989781,PPARA activates gene expression,,-4.3,13,7.4,30182,117,100,5,5,2.2,4801|4802|5465|6095|6667,NFYB|NFYC|PPARA|RORA|SP1,-1.6,MyList
Reactome Gene Sets,6,R-HSA-400206,Regulation of lipid metabolism by PPARalpha,,-4.3,13,7.4,30182,119,100,5,5,2.2,4801|4802|5465|6095|6667,NFYB|NFYC|PPARA|RORA|SP1,-1.6,MyList
GO Biological Processes,19,GO:0071407,cellular response to organic cyclic compound,19_GO:0050896 response to stimulus,-4.3,5.3,5.7,30182,510,100,9,9,2.9,60|1958|2551|3784|4988|5465|6095|6667|8289,ACTB|EGR1|GABPA|KCNQ1|OPRM1|PPARA|RORA|SP1|ARID1A,-1.6,MyList
Canonical Pathways,11,M254,PID MYC REPRESS PATHWAY,,-4.2,19,8.3,30182,63,100,4,4,2,4088|4801|4802|6667,SMAD3|NFYB|NFYC|SP1,-1.6,MyList
GO Biological Processes,19,GO:0009725,response to hormone,19_GO:0050896 response to stimulus,-4.2,4.2,5.3,30182,784,100,11,11,3.1,1395|1958|3784|4929|5465|5737|6667|6869|8289|23175|57492,CRHR2|EGR1|KCNQ1|NR4A2|PPARA|PTGFR|SP1|TACR1|ARID1A|LPIN1|ARID1B,-1.6,MyList
GO Biological Processes,19,GO:0070848,response to growth factor,19_GO:0050896 response to stimulus,-4.2,5.2,5.6,30182,520,100,9,9,2.9,860|1958|2534|4088|4853|4988|7291|9372|9480,RUNX2|EGR1|FYN|SMAD3|NOTCH2|OPRM1|TWIST1|ZFYVE9|ONECUT2,-1.6,MyList
GO Biological Processes,19,GO:0043009,chordate embryonic development,19_GO:0032502 developmental process,-4.2,4.7,5.4,30182,648,100,10,10,3,257|321|860|2551|4088|4613|4853|7291|30812|92521,ALX3|APBA2|RUNX2|GABPA|SMAD3|MYCN|NOTCH2|TWIST1|SOX8|SPECC1,-1.6,MyList
GO Biological Processes,19,GO:0045471,response to ethanol,19_GO:0050896 response to stimulus,-4.2,12,7.1,30182,126,100,5,5,2.2,2534|2741|4988|5465|6869,FYN|GLRA1|OPRM1|PPARA|TACR1,-1.6,MyList
Reactome Gene Sets,6,R-HSA-9614085,FOXO-mediated transcription,,-4.2,19,8.2,30182,65,100,4,4,2,604|4088|4801|4802,BCL6|SMAD3|NFYB|NFYC,-1.5,MyList
Reactome Gene Sets,6,R-HSA-112316,Neuronal System,,-4.2,5.9,5.7,30182,410,100,8,8,2.7,321|2741|2786|3784|23229|54207|57502|57596,APBA2|GLRA1|GNG4|KCNQ1|ARHGEF9|KCNK10|NLGN4X|BEGAIN,-1.5,MyList
KEGG Pathway,24,hsa05200,Pathways in cancer,,-4.2,5.1,5.5,30182,531,100,9,9,2.9,238|2786|4088|4853|6667|25780|29119|57449|374654,ALK|GNG4|SMAD3|NOTCH2|SP1|RASGRP3|CTNNA3|PLEKHG5|KIF7,-1.5,MyList
Canonical Pathways,11,M255,PID HIF1 TFPATHWAY,,-4.2,18,8.1,30182,66,100,4,4,2,4088|6095|6667|51564,SMAD3|RORA|SP1|HDAC7,-1.5,MyList
GO Biological Processes,19,GO:0048706,embryonic skeletal system development,19_GO:0032502 developmental process,-4.1,12,7,30182,129,100,5,5,2.2,257|860|4088|4613|7291,ALX3|RUNX2|SMAD3|MYCN|TWIST1,-1.5,MyList
WikiPathways,27,WP3668,Hypothesized pathways in pathogenesis of cardiovascular disease,,-4.1,36,10,30182,25,100,3,3,1.7,860|4052|4088,RUNX2|LTBP1|SMAD3,-1.5,MyList
GO Biological Processes,19,GO:0009792,embryo development ending in birth or egg hatching,19_GO:0032502 developmental process,-4.1,4.5,5.3,30182,670,100,10,10,3,257|321|860|2551|4088|4613|4853|7291|30812|92521,ALX3|APBA2|RUNX2|GABPA|SMAD3|MYCN|NOTCH2|TWIST1|SOX8|SPECC1,-1.5,MyList
GO Biological Processes,19,GO:1902893,regulation of miRNA transcription,19_GO:0008152 metabolic process,-4.1,18,8,30182,68,100,4,4,2,1958|4088|4602|5465,EGR1|SMAD3|MYB|PPARA,-1.5,MyList
KEGG Pathway,24,hsa04520,Adherens junction,,-4,17,7.8,30182,71,100,4,4,2,60|2534|4088|29119,ACTB|FYN|SMAD3|CTNNA3,-1.5,MyList
GO Biological Processes,19,GO:0032922,circadian regulation of gene expression,19_GO:0048511 rhythmic process,-4,17,7.8,30182,71,100,4,4,2,1958|5465|6095|9500,EGR1|PPARA|RORA|MAGED1,-1.5,MyList
Canonical Pathways,11,M145,PID P53 DOWNSTREAM PATHWAY,,-4,11,6.8,30182,137,100,5,5,2.2,604|3663|4801|4802|6667,BCL6|IRF5|NFYB|NFYC|SP1,-1.5,MyList
GO Biological Processes,19,GO:0001649,osteoblast differentiation,19_GO:0032502 developmental process,-4,11,6.8,30182,137,100,5,5,2.2,860|4088|7291|30812|90993,RUNX2|SMAD3|TWIST1|SOX8|CREB3L1,-1.5,MyList
GO Biological Processes,19,GO:0010720,positive regulation of cell development,19_GO:0032502 developmental process,-4,5.6,5.5,30182,432,100,8,8,2.7,60|604|1523|4853|4988|8289|30812|57492,ACTB|BCL6|CUX1|NOTCH2|OPRM1|ARID1A|SOX8|ARID1B,-1.5,MyList
GO Biological Processes,19,GO:0042391,regulation of membrane potential,19_GO:0065007 biological regulation,-4,5.6,5.5,30182,433,100,8,8,2.7,2741|3784|4988|6869|9498|29119|54207|57502,GLRA1|KCNQ1|OPRM1|TACR1|SLC4A8|CTNNA3|KCNK10|NLGN4X,-1.5,MyList
KEGG Pathway,24,hsa05166,Human T-cell leukemia virus 1 infection,,-4,8.2,6.2,30182,222,100,6,6,2.4,1958|4088|4773|4801|10488|90993,EGR1|SMAD3|NFATC2|NFYB|CREB3|CREB3L1,-1.5,MyList
GO Biological Processes,19,GO:1903131,mononuclear cell differentiation,19_GO:0032502 developmental process,-4,6.5,5.8,30182,324,100,7,7,2.6,604|860|1794|1958|4602|4853|6095,BCL6|RUNX2|DOCK2|EGR1|MYB|NOTCH2|RORA,-1.5,MyList
GO Biological Processes,19,GO:2000819,regulation of nucleotide-excision repair,19_GO:0050896 response to stimulus,-4,32,9.6,30182,28,100,3,3,1.7,60|8289|57492,ACTB|ARID1A|ARID1B,-1.5,MyList
GO Biological Processes,19,GO:0045661,regulation of myoblast differentiation,19_GO:0032502 developmental process,-4,16,7.6,30182,74,100,4,4,2,60|8289|30812|57492,ACTB|ARID1A|SOX8|ARID1B,-1.5,MyList
GO Biological Processes,19,GO:0008283,cell population proliferation,19_GO:0009987 cellular process,-4,4.3,5.1,30182,699,100,10,10,3,604|860|1794|1958|2534|4613|4853|6095|7291|55145,BCL6|RUNX2|DOCK2|EGR1|FYN|MYCN|NOTCH2|RORA|TWIST1|THAP1,-1.5,MyList
GO Biological Processes,19,GO:0051251,positive regulation of lymphocyte activation,19_GO:0002376 immune system process,-4,6.5,5.7,30182,327,100,7,7,2.6,60|604|2534|4773|6869|8289|57492,ACTB|BCL6|FYN|NFATC2|TACR1|ARID1A|ARID1B,-1.5,MyList
GO Biological Processes,19,GO:0048568,embryonic organ development,19_GO:0032502 developmental process,-3.9,5.4,5.4,30182,450,100,8,8,2.7,257|860|1750|3784|4088|4613|4853|7291,ALX3|RUNX2|DLX6|KCNQ1|SMAD3|MYCN|NOTCH2|TWIST1,-1.4,MyList
Reactome Gene Sets,6,R-HSA-4090294,SUMOylation of intracellular receptors,,-3.9,30,9.2,30182,30,100,3,3,1.7,4929|5465|6095,NR4A2|PPARA|RORA,-1.4,MyList
GO Biological Processes,19,GO:0048598,embryonic morphogenesis,19_GO:0032502 developmental process,-3.9,4.7,5.2,30182,581,100,9,9,2.9,257|860|1750|3784|4088|4613|4853|7291|30812,ALX3|RUNX2|DLX6|KCNQ1|SMAD3|MYCN|NOTCH2|TWIST1|SOX8,-1.4,MyList
GO Biological Processes,19,GO:0045321,leukocyte activation,19_GO:0002376 immune system process,-3.8,4.7,5.1,30182,584,100,9,9,2.9,604|860|1794|1958|2534|4088|4602|4853|6095,BCL6|RUNX2|DOCK2|EGR1|FYN|SMAD3|MYB|NOTCH2|RORA,-1.4,MyList
GO Biological Processes,19,GO:0031644,regulation of nervous system process,19_GO:0032501 multicellular organismal process,-3.8,10,6.4,30182,150,100,5,5,2.2,2741|4988|23175|57502|57596,GLRA1|OPRM1|LPIN1|NLGN4X|BEGAIN,-1.4,MyList
GO Biological Processes,19,GO:0019216,regulation of lipid metabolic process,19_GO:0008152 metabolic process,-3.8,6.1,5.5,30182,344,100,7,7,2.6,238|1958|5465|6095|7291|11218|23175,ALK|EGR1|PPARA|RORA|TWIST1|DDX20|LPIN1,-1.4,MyList
GO Biological Processes,19,GO:0090287,regulation of cellular response to growth factor stimulus,19_GO:0050896 response to stimulus,-3.8,6.1,5.5,30182,345,100,7,7,2.6,860|4052|4088|4853|5465|9480|90993,RUNX2|LTBP1|SMAD3|NOTCH2|PPARA|ONECUT2|CREB3L1,-1.4,MyList
GO Biological Processes,19,GO:2000628,regulation of miRNA metabolic process,19_GO:0008152 metabolic process,-3.8,15,7.2,30182,81,100,4,4,2,1958|4088|4602|5465,EGR1|SMAD3|MYB|PPARA,-1.4,MyList
GO Biological Processes,19,GO:0035115,embryonic forelimb morphogenesis,19_GO:0032502 developmental process,-3.8,28,8.9,30182,32,100,3,3,1.7,257|860|7291,ALX3|RUNX2|TWIST1,-1.3,MyList
WikiPathways,27,WP3414,Initiation of transcription and translation elongation at the HIV-1 LTR,,-3.8,28,8.9,30182,32,100,3,3,1.7,4773|6667|51564,NFATC2|SP1|HDAC7,-1.3,MyList
GO Biological Processes,19,GO:0097305,response to alcohol,19_GO:0050896 response to stimulus,-3.7,7.2,5.7,30182,251,100,6,6,2.4,2534|2741|4988|5465|5737|6869,FYN|GLRA1|OPRM1|PPARA|PTGFR|TACR1,-1.3,MyList
GO Biological Processes,19,GO:0050804,modulation of chemical synaptic transmission,19_GO:0023052 signaling,-3.7,5,5.1,30182,487,100,8,8,2.7,321|1395|2534|6855|6869|9498|57502|57596,APBA2|CRHR2|FYN|SYP|TACR1|SLC4A8|NLGN4X|BEGAIN,-1.2,MyList
GO Biological Processes,19,GO:0099177,regulation of trans-synaptic signaling,19_GO:0023052 signaling,-3.7,4.9,5.1,30182,488,100,8,8,2.7,321|1395|2534|6855|6869|9498|57502|57596,APBA2|CRHR2|FYN|SYP|TACR1|SLC4A8|NLGN4X|BEGAIN,-1.2,MyList
GO Biological Processes,19,GO:0071363,cellular response to growth factor stimulus,19_GO:0050896 response to stimulus,-3.7,4.9,5.1,30182,488,100,8,8,2.7,860|1958|2534|4088|4853|7291|9372|9480,RUNX2|EGR1|FYN|SMAD3|NOTCH2|TWIST1|ZFYVE9|ONECUT2,-1.2,MyList
GO Biological Processes,19,GO:0010942,positive regulation of cell death,19_GO:0048518 positive regulation of biological process,-3.6,4.4,4.9,30182,621,100,9,9,2.9,604|1958|2534|3663|4605|4613|4853|9500|11218,BCL6|EGR1|FYN|IRF5|MYBL2|MYCN|NOTCH2|MAGED1|DDX20,-1.2,MyList
GO Biological Processes,19,GO:0007167,enzyme-linked receptor protein signaling pathway,19_GO:0023052 signaling,-3.6,4.3,4.9,30182,626,100,9,9,2.9,238|860|1958|2534|4052|4088|4853|9372|9480,ALK|RUNX2|EGR1|FYN|LTBP1|SMAD3|NOTCH2|ZFYVE9|ONECUT2,-1.2,MyList
Reactome Gene Sets,6,R-HSA-170834,Signaling by TGF-beta Receptor Complex,,-3.6,13,6.7,30182,93,100,4,4,2,4052|4088|6667|9372,LTBP1|SMAD3|SP1|ZFYVE9,-1.2,MyList
Reactome Gene Sets,6,R-HSA-388396,GPCR downstream signalling,,-3.6,4.3,4.8,30182,635,100,9,9,2.9,1395|1607|2786|4988|5737|6869|8490|23229|57449,CRHR2|DGKB|GNG4|OPRM1|PTGFR|TACR1|RGS5|ARHGEF9|PLEKHG5,-1.2,MyList
GO Biological Processes,19,GO:0002696,positive regulation of leukocyte activation,19_GO:0002376 immune system process,-3.6,5.6,5.2,30182,377,100,7,7,2.6,60|604|2534|4773|6869|8289|57492,ACTB|BCL6|FYN|NFATC2|TACR1|ARID1A|ARID1B,-1.2,MyList
GO Biological Processes,19,GO:0032870,cellular response to hormone stimulus,19_GO:0050896 response to stimulus,-3.6,4.8,5,30182,501,100,8,8,2.7,1395|4929|5465|5737|6667|8289|23175|57492,CRHR2|NR4A2|PPARA|PTGFR|SP1|ARID1A|LPIN1|ARID1B,-1.2,MyList
WikiPathways,27,WP170,Nuclear receptors,,-3.6,24,8.1,30182,38,100,3,3,1.7,4929|5465|6095,NR4A2|PPARA|RORA,-1.2,MyList
Reactome Gene Sets,6,R-HSA-381119,Unfolded Protein Response (UPR),,-3.6,13,6.6,30182,94,100,4,4,2,4801|4802|10488|90993,NFYB|NFYC|CREB3|CREB3L1,-1.2,MyList
KEGG Pathway,24,hsa04350,TGF-beta signaling pathway,,-3.5,13,6.6,30182,95,100,4,4,2,4052|4088|6667|9372,LTBP1|SMAD3|SP1|ZFYVE9,-1.2,MyList
GO Biological Processes,19,GO:0042093,T-helper cell differentiation,19_GO:0002376 immune system process,-3.5,23,8,30182,39,100,3,3,1.7,604|4602|6095,BCL6|MYB|RORA,-1.2,MyList
GO Biological Processes,19,GO:0070316,regulation of G0 to G1 transition,19_GO:0050789 regulation of biological process,-3.5,23,8,30182,39,100,3,3,1.7,60|8289|57492,ACTB|ARID1A|ARID1B,-1.2,MyList
GO Biological Processes,19,GO:0002294,"CD4-positive, alpha-beta T cell differentiation involved in immune response",19_GO:0002376 immune system process,-3.5,23,8,30182,39,100,3,3,1.7,604|4602|6095,BCL6|MYB|RORA,-1.2,MyList
WikiPathways,27,WP23,B cell receptor signaling pathway,,-3.5,12,6.5,30182,97,100,4,4,2,604|2534|4773|25780,BCL6|FYN|NFATC2|RASGRP3,-1.1,MyList
GO Biological Processes,19,GO:0002293,alpha-beta T cell differentiation involved in immune response,19_GO:0002376 immune system process,-3.5,23,7.9,30182,40,100,3,3,1.7,604|4602|6095,BCL6|MYB|RORA,-1.1,MyList
GO Biological Processes,19,GO:0002287,alpha-beta T cell activation involved in immune response,19_GO:0002376 immune system process,-3.5,23,7.9,30182,40,100,3,3,1.7,604|4602|6095,BCL6|MYB|RORA,-1.1,MyList
GO Biological Processes,19,GO:0001701,in utero embryonic development,19_GO:0032502 developmental process,-3.5,5.4,5,30182,392,100,7,7,2.6,321|2551|4088|4853|7291|30812|92521,APBA2|GABPA|SMAD3|NOTCH2|TWIST1|SOX8|SPECC1,-1.1,MyList
GO Biological Processes,19,GO:0050867,positive regulation of cell activation,19_GO:0048518 positive regulation of biological process,-3.5,5.4,5,30182,394,100,7,7,2.6,60|604|2534|4773|6869|8289|57492,ACTB|BCL6|FYN|NFATC2|TACR1|ARID1A|ARID1B,-1.1,MyList
GO Biological Processes,19,GO:0001666,response to hypoxia,19_GO:0050896 response to stimulus,-3.5,6.5,5.3,30182,280,100,6,6,2.4,1958|4088|4929|5465|6095|7291,EGR1|SMAD3|NR4A2|PPARA|RORA|TWIST1,-1.1,MyList
GO Biological Processes,19,GO:0030097,hemopoiesis,19_GO:0032502 developmental process,-3.5,4.1,4.7,30182,659,100,9,9,2.9,604|860|1794|1958|3784|4094|4602|4853|6095,BCL6|RUNX2|DOCK2|EGR1|KCNQ1|MAF|MYB|NOTCH2|RORA,-1.1,MyList
GO Biological Processes,19,GO:0046631,alpha-beta T cell activation,19_GO:0002376 immune system process,-3.5,12,6.4,30182,100,100,4,4,2,604|1794|4602|6095,BCL6|DOCK2|MYB|RORA,-1.1,MyList
GO Biological Processes,19,GO:1903708,positive regulation of hemopoiesis,19_GO:0002376 immune system process,-3.4,8.2,5.6,30182,184,100,5,5,2.2,60|604|4853|8289|57492,ACTB|BCL6|NOTCH2|ARID1A|ARID1B,-1.1,MyList
GO Biological Processes,19,GO:1902107,positive regulation of leukocyte differentiation,19_GO:0002376 immune system process,-3.4,8.2,5.6,30182,184,100,5,5,2.2,60|604|4853|8289|57492,ACTB|BCL6|NOTCH2|ARID1A|ARID1B,-1.1,MyList
GO Biological Processes,19,GO:0051568,histone H3-K4 methylation,19_GO:0008152 metabolic process,-3.4,21,7.6,30182,43,100,3,3,1.7,4801|4802|7403,NFYB|NFYC|KDM6A,-1.1,MyList
GO Biological Processes,19,GO:0045663,positive regulation of myoblast differentiation,19_GO:0032502 developmental process,-3.4,21,7.6,30182,43,100,3,3,1.7,60|8289|57492,ACTB|ARID1A|ARID1B,-1.1,MyList
GO Biological Processes,19,GO:0002521,leukocyte differentiation,19_GO:0032502 developmental process,-3.4,5.2,4.9,30182,406,100,7,7,2.6,604|860|1794|1958|4602|4853|6095,BCL6|RUNX2|DOCK2|EGR1|MYB|NOTCH2|RORA,-1.1,MyList
GO Biological Processes,19,GO:0002292,T cell differentiation involved in immune response,19_GO:0002376 immune system process,-3.4,21,7.5,30182,44,100,3,3,1.7,604|4602|6095,BCL6|MYB|RORA,-1.1,MyList
GO Biological Processes,19,GO:0036293,response to decreased oxygen levels,19_GO:0050896 response to stimulus,-3.4,6.2,5.1,30182,293,100,6,6,2.4,1958|4088|4929|5465|6095|7291,EGR1|SMAD3|NR4A2|PPARA|RORA|TWIST1,-1.1,MyList
Canonical Pathways,11,M60,PID NFAT TFPATHWAY,,-3.3,20,7.4,30182,45,100,3,3,1.7,1958|4094|4773,EGR1|MAF|NFATC2,-1.1,MyList
GO Biological Processes,19,GO:0048701,embryonic cranial skeleton morphogenesis,19_GO:0032502 developmental process,-3.3,20,7.4,30182,45,100,3,3,1.7,860|4088|7291,RUNX2|SMAD3|TWIST1,-1.1,MyList
Reactome Gene Sets,6,R-HSA-6785807,Interleukin-4 and Interleukin-13 signaling,,-3.3,11,6.1,30182,108,100,4,4,2,604|4988|6095|7291,BCL6|OPRM1|RORA|TWIST1,-1,MyList
GO Biological Processes,19,GO:0045664,regulation of neuron differentiation,19_GO:0032502 developmental process,-3.3,7.8,5.5,30182,193,100,5,5,2.2,238|604|4613|30812|55906,ALK|BCL6|MYCN|SOX8|ZC4H2,-1,MyList
GO Biological Processes,19,GO:1903706,regulation of hemopoiesis,19_GO:0002376 immune system process,-3.3,5.1,4.8,30182,415,100,7,7,2.6,60|604|2551|4602|4853|8289|57492,ACTB|BCL6|GABPA|MYB|NOTCH2|ARID1A|ARID1B,-1,MyList
Reactome Gene Sets,6,R-HSA-2173789,TGF-beta receptor signaling activates SMADs,,-3.3,20,7.3,30182,46,100,3,3,1.7,4052|4088|9372,LTBP1|SMAD3|ZFYVE9,-1,MyList
GO Biological Processes,19,GO:0007626,locomotory behavior,19_GO:0032501 multicellular organismal process,-3.3,7.7,5.4,30182,195,100,5,5,2.2,238|321|1958|2741|4929,ALK|APBA2|EGR1|GLRA1|NR4A2,-1,MyList
GO Biological Processes,19,GO:0002366,leukocyte activation involved in immune response,19_GO:0002376 immune system process,-3.3,7.7,5.4,30182,196,100,5,5,2.2,604|1794|4602|4853|6095,BCL6|DOCK2|MYB|NOTCH2|RORA,-1,MyList
GO Biological Processes,19,GO:0035094,response to nicotine,19_GO:0050896 response to stimulus,-3.3,19,7.1,30182,48,100,3,3,1.7,3784|5465|6869,KCNQ1|PPARA|TACR1,-1,MyList
Canonical Pathways,11,M288,PID HES HEY PATHWAY,,-3.3,19,7.1,30182,48,100,3,3,1.7,860|4602|7291,RUNX2|MYB|TWIST1,-1,MyList
GO Biological Processes,19,GO:0002263,cell activation involved in immune response,19_GO:0002376 immune system process,-3.3,7.5,5.4,30182,200,100,5,5,2.2,604|1794|4602|4853|6095,BCL6|DOCK2|MYB|NOTCH2|RORA,-1,MyList
WikiPathways,27,WP4659,Gastrin signaling pathway,,-3.2,10,5.9,30182,115,100,4,4,2,1958|2534|6667|51564,EGR1|FYN|SP1|HDAC7,-0.98,MyList
GO Biological Processes,19,GO:1901653,cellular response to peptide,19_GO:0050896 response to stimulus,-3.2,5.8,4.9,30182,310,100,6,6,2.4,1395|2534|4929|6667|23175|57492,CRHR2|FYN|NR4A2|SP1|LPIN1|ARID1B,-0.98,MyList
Reactome Gene Sets,6,R-HSA-372790,Signaling by GPCR,,-3.2,3.8,4.4,30182,710,100,9,9,2.9,1395|1607|2786|4988|5737|6869|8490|23229|57449,CRHR2|DGKB|GNG4|OPRM1|PTGFR|TACR1|RGS5|ARHGEF9|PLEKHG5,-0.98,MyList
WikiPathways,27,WP3888,VEGFA-VEGFR2 signaling pathway,,-3.2,4.9,4.7,30182,432,100,7,7,2.6,1958|2534|4773|4929|6902|51564|83473,EGR1|FYN|NFATC2|NR4A2|TBCA|HDAC7|KATNAL2,-0.98,MyList
Reactome Gene Sets,6,R-HSA-5663202,Diseases of signal transduction by growth factor receptors and second messengers,,-3.2,4.9,4.7,30182,433,100,7,7,2.6,60|238|1523|2534|4088|9372|51564,ACTB|ALK|CUX1|FYN|SMAD3|ZFYVE9|HDAC7,-0.97,MyList
GO Biological Processes,19,GO:0045582,positive regulation of T cell differentiation,19_GO:0002376 immune system process,-3.2,10,5.9,30182,116,100,4,4,2,60|604|8289|57492,ACTB|BCL6|ARID1A|ARID1B,-0.97,MyList
GO Biological Processes,19,GO:2000378,negative regulation of reactive oxygen species metabolic process,19_GO:0048519 negative regulation of biological process,-3.2,18,7,30182,50,100,3,3,1.7,2534|4613|5465,FYN|MYCN|PPARA,-0.97,MyList
GO Biological Processes,19,GO:1902895,positive regulation of miRNA transcription,19_GO:0048518 positive regulation of biological process,-3.2,18,6.9,30182,51,100,3,3,1.7,1958|4088|4602,EGR1|SMAD3|MYB,-0.96,MyList
GO Biological Processes,19,GO:0043367,"CD4-positive, alpha-beta T cell differentiation",19_GO:0002376 immune system process,-3.2,18,6.9,30182,51,100,3,3,1.7,604|4602|6095,BCL6|MYB|RORA,-0.96,MyList
GO Biological Processes,19,GO:0050890,cognition,19_GO:0032501 multicellular organismal process,-3.2,5.7,4.9,30182,317,100,6,6,2.4,2534|6869|54207|57477|57502|92521,FYN|TACR1|KCNK10|SHROOM4|NLGN4X|SPECC1,-0.95,MyList
GO Biological Processes,19,GO:0030278,regulation of ossification,19_GO:0032501 multicellular organismal process,-3.2,10,5.8,30182,119,100,4,4,2,860|4088|6869|7291,RUNX2|SMAD3|TACR1|TWIST1,-0.95,MyList
GO Biological Processes,19,GO:0030968,endoplasmic reticulum unfolded protein response,19_GO:0023052 signaling,-3.2,17,6.8,30182,52,100,3,3,1.7,10488|79139|90993,CREB3|DERL1|CREB3L1,-0.94,MyList
Reactome Gene Sets,6,R-HSA-383280,Nuclear Receptor transcription pathway,,-3.2,17,6.8,30182,52,100,3,3,1.7,4929|5465|6095,NR4A2|PPARA|RORA,-0.94,MyList
GO Biological Processes,19,GO:0070482,response to oxygen levels,19_GO:0050896 response to stimulus,-3.2,5.7,4.8,30182,320,100,6,6,2.4,1958|4088|4929|5465|6095|7291,EGR1|SMAD3|NR4A2|PPARA|RORA|TWIST1,-0.94,MyList
KEGG Pathway,24,hsa05207,Chemical carcinogenesis - receptor activation,,-3.1,7.1,5.2,30182,212,100,5,5,2.2,604|4853|5465|10488|90993,BCL6|NOTCH2|PPARA|CREB3|CREB3L1,-0.94,MyList
Reactome Gene Sets,6,R-HSA-8878166,Transcriptional regulation by RUNX2,,-3.1,10,5.7,30182,121,100,4,4,2,860|1750|4094|7291,RUNX2|DLX6|MAF|TWIST1,-0.94,MyList
GO Biological Processes,19,GO:0035065,regulation of histone acetylation,19_GO:0008152 metabolic process,-3.1,17,6.8,30182,53,100,3,3,1.7,4801|4802|7291,NFYB|NFYC|TWIST1,-0.93,MyList
Reactome Gene Sets,6,R-HSA-9006936,Signaling by TGFB family members,,-3.1,9.9,5.7,30182,122,100,4,4,2,4052|4088|6667|9372,LTBP1|SMAD3|SP1|ZFYVE9,-0.93,MyList
GO Biological Processes,19,GO:0032330,regulation of chondrocyte differentiation,19_GO:0032502 developmental process,-3.1,17,6.7,30182,54,100,3,3,1.7,860|4088|4094,RUNX2|SMAD3|MAF,-0.91,MyList
Reactome Gene Sets,6,R-HSA-416476,G alpha (q) signalling events,,-3.1,7,5.1,30182,217,100,5,5,2.2,1607|2786|5737|6869|8490,DGKB|GNG4|PTGFR|TACR1|RGS5,-0.91,MyList
GO Biological Processes,19,GO:0032868,response to insulin,19_GO:0050896 response to stimulus,-3.1,7,5.1,30182,217,100,5,5,2.2,1958|3784|5465|6667|23175,EGR1|KCNQ1|PPARA|SP1|LPIN1,-0.91,MyList
Reactome Gene Sets,6,R-HSA-6794361,Neurexins and neuroligins,,-3.1,16,6.6,30182,55,100,3,3,1.7,321|57502|57596,APBA2|NLGN4X|BEGAIN,-0.9,MyList
GO Biological Processes,19,GO:0042060,wound healing,19_GO:0050896 response to stimulus,-3.1,5.5,4.7,30182,331,100,6,6,2.4,60|1607|4088|4853|4988|5465,ACTB|DGKB|SMAD3|NOTCH2|OPRM1|PPARA,-0.89,MyList
GO Biological Processes,19,GO:0002694,regulation of leukocyte activation,19_GO:0002376 immune system process,-3.1,4,4.3,30182,598,100,8,8,2.7,60|604|2534|4773|6095|6869|8289|57492,ACTB|BCL6|FYN|NFATC2|RORA|TACR1|ARID1A|ARID1B,-0.89,MyList
WikiPathways,27,WP4879,Overlap between signal transduction pathways contributing to LMNA laminopathies,,-3,16,6.5,30182,57,100,3,3,1.7,60|860|4088,ACTB|RUNX2|SMAD3,-0.86,MyList
KEGG Pathway,24,hsa05163,Human cytomegalovirus infection,,-3,6.7,5,30182,225,100,5,5,2.2,2786|4773|6667|10488|90993,GNG4|NFATC2|SP1|CREB3|CREB3L1,-0.86,MyList
GO Biological Processes,19,GO:0045621,positive regulation of lymphocyte differentiation,19_GO:0002376 immune system process,-3,9.3,5.5,30182,130,100,4,4,2,60|604|8289|57492,ACTB|BCL6|ARID1A|ARID1B,-0.86,MyList
GO Biological Processes,19,GO:0048705,skeletal system morphogenesis,19_GO:0032502 developmental process,-3,6.7,4.9,30182,226,100,5,5,2.2,257|860|4088|4613|7291,ALX3|RUNX2|SMAD3|MYCN|TWIST1,-0.85,MyList
KEGG Pathway,24,hsa04728,Dopaminergic synapse,,-3,9.1,5.4,30182,132,100,4,4,2,2786|5521|10488|90993,GNG4|PPP2R2B|CREB3|CREB3L1,-0.84,MyList
WikiPathways,27,WP366,TGF-beta signaling pathway,,-3,9.1,5.4,30182,132,100,4,4,2,860|4088|6667|9372,RUNX2|SMAD3|SP1|ZFYVE9,-0.84,MyList
Reactome Gene Sets,6,R-HSA-193648,NRAGE signals death through JNK,,-3,15,6.4,30182,59,100,3,3,1.7,9500|23229|57449,MAGED1|ARHGEF9|PLEKHG5,-0.84,MyList
WikiPathways,27,WP3527,Pre-implantation embryo,,-3,15,6.4,30182,59,100,3,3,1.7,1958|4603|30812,EGR1|MYBL1|SOX8,-0.84,MyList
GO Biological Processes,19,GO:2000779,regulation of double-strand break repair,19_GO:0050896 response to stimulus,-3,9.1,5.4,30182,133,100,4,4,2,60|7291|8289|57492,ACTB|TWIST1|ARID1A|ARID1B,-0.84,MyList
GO Biological Processes,19,GO:0002285,lymphocyte activation involved in immune response,19_GO:0002376 immune system process,-3,9.1,5.4,30182,133,100,4,4,2,604|4602|4853|6095,BCL6|MYB|NOTCH2|RORA,-0.84,MyList
GO Biological Processes,19,GO:0030855,epithelial cell differentiation,19_GO:0032502 developmental process,-3,3.9,4.2,30182,615,100,8,8,2.7,546|1750|3784|4088|4094|4853|9480|30812,ATRX|DLX6|KCNQ1|SMAD3|MAF|NOTCH2|ONECUT2|SOX8,-0.84,MyList
GO Biological Processes,19,GO:2000630,positive regulation of miRNA metabolic process,19_GO:0048518 positive regulation of biological process,-3,15,6.3,30182,60,100,3,3,1.7,1958|4088|4602,EGR1|SMAD3|MYB,-0.83,MyList
KEGG Pathway,24,hsa04714,Thermogenesis,,-3,6.5,4.9,30182,232,100,5,5,2.2,60|8289|10488|57492|90993,ACTB|ARID1A|CREB3|ARID1B|CREB3L1,-0.83,MyList
GO Biological Processes,19,GO:0050994,regulation of lipid catabolic process,19_GO:0008152 metabolic process,-3,15,6.2,30182,61,100,3,3,1.7,238|5465|7291,ALK|PPARA|TWIST1,-0.82,MyList
GO Biological Processes,19,GO:0045668,negative regulation of osteoblast differentiation,19_GO:0032502 developmental process,-3,15,6.2,30182,61,100,3,3,1.7,4088|7291|51564,SMAD3|TWIST1|HDAC7,-0.82,MyList
GO Biological Processes,19,GO:0008277,regulation of G protein-coupled receptor signaling pathway,19_GO:0023052 signaling,-3,8.9,5.3,30182,136,100,4,4,2,2786|4988|6855|8490,GNG4|OPRM1|SYP|RGS5,-0.82,MyList
GO Biological Processes,19,GO:0007623,circadian rhythm,19_GO:0048511 rhythmic process,-2.9,8.8,5.3,30182,137,100,4,4,2,1958|5465|6095|9500,EGR1|PPARA|RORA|MAGED1,-0.81,MyList
GO Biological Processes,19,GO:2000756,regulation of peptidyl-lysine acetylation,19_GO:0008152 metabolic process,-2.9,15,6.2,30182,62,100,3,3,1.7,4801|4802|7291,NFYB|NFYC|TWIST1,-0.8,MyList
KEGG Pathway,24,hsa04915,Estrogen signaling pathway,,-2.9,8.7,5.3,30182,138,100,4,4,2,4988|6667|10488|90993,OPRM1|SP1|CREB3|CREB3L1,-0.8,MyList
Reactome Gene Sets,6,R-HSA-8878171,Transcriptional regulation by RUNX1,,-2.9,6.3,4.8,30182,239,100,5,5,2.2,860|4602|4773|8289|57492,RUNX2|MYB|NFATC2|ARID1A|ARID1B,-0.79,MyList
GO Biological Processes,19,GO:0006325,chromatin organization,19_GO:0009987 cellular process,-2.9,3.8,4.1,30182,633,100,8,8,2.7,60|546|3784|4675|7403|8289|51564|57492,ACTB|ATRX|KCNQ1|NAP1L3|KDM6A|ARID1A|HDAC7|ARID1B,-0.79,MyList
GO Biological Processes,19,GO:0031056,regulation of histone modification,19_GO:0008152 metabolic process,-2.9,8.6,5.2,30182,141,100,4,4,2,604|4801|4802|7291,BCL6|NFYB|NFYC|TWIST1,-0.78,MyList
WikiPathways,27,WP2849,Hematopoietic stem cell differentiation,,-2.9,14,6.1,30182,64,100,3,3,1.7,3663|4602|4773,IRF5|MYB|NFATC2,-0.78,MyList
GO Biological Processes,19,GO:0035710,"CD4-positive, alpha-beta T cell activation",19_GO:0002376 immune system process,-2.9,14,6.1,30182,64,100,3,3,1.7,604|4602|6095,BCL6|MYB|RORA,-0.78,MyList
WikiPathways,27,WP2858,Ectoderm differentiation,,-2.9,8.5,5.2,30182,142,100,4,4,2,2534|5077|23229|54207,FYN|PAX3|ARHGEF9|KCNK10,-0.77,MyList
GO Biological Processes,19,GO:0071375,cellular response to peptide hormone stimulus,19_GO:0050896 response to stimulus,-2.9,6.2,4.7,30182,243,100,5,5,2.2,1395|4929|6667|23175|57492,CRHR2|NR4A2|SP1|LPIN1|ARID1B,-0.77,MyList
KEGG Pathway,24,hsa05321,Inflammatory bowel disease,,-2.9,14,6,30182,65,100,3,3,1.7,4088|4094|6095,SMAD3|MAF|RORA,-0.77,MyList
KEGG Pathway,24,hsa04927,Cortisol synthesis and secretion,,-2.9,14,6,30182,65,100,3,3,1.7,6667|10488|90993,SP1|CREB3|CREB3L1,-0.77,MyList
GO Biological Processes,19,GO:0051249,regulation of lymphocyte activation,19_GO:0002376 immune system process,-2.8,4.2,4.2,30182,503,100,7,7,2.6,60|604|2534|4773|6869|8289|57492,ACTB|BCL6|FYN|NFATC2|TACR1|ARID1A|ARID1B,-0.74,MyList
GO Biological Processes,19,GO:0051098,regulation of binding,19_GO:0065007 biological regulation,-2.8,4.9,4.4,30182,369,100,6,6,2.4,60|4088|5465|7291|55906|79139,ACTB|SMAD3|PPARA|TWIST1|ZC4H2|DERL1,-0.74,MyList
GO Biological Processes,19,GO:0050870,positive regulation of T cell activation,19_GO:0002376 immune system process,-2.8,6.1,4.6,30182,249,100,5,5,2.2,60|604|2534|8289|57492,ACTB|BCL6|FYN|ARID1A|ARID1B,-0.74,MyList
GO Biological Processes,19,GO:0061061,muscle structure development,19_GO:0032502 developmental process,-2.8,4.2,4.2,30182,504,100,7,7,2.6,1794|1958|4773|5077|6095|7291|30812,DOCK2|EGR1|NFATC2|PAX3|RORA|TWIST1|SOX8,-0.74,MyList
GO Biological Processes,19,GO:0045667,regulation of osteoblast differentiation,19_GO:0032502 developmental process,-2.8,8.2,5.1,30182,147,100,4,4,2,860|4088|7291|51564,RUNX2|SMAD3|TWIST1|HDAC7,-0.74,MyList
GO Biological Processes,19,GO:0017015,regulation of transforming growth factor beta receptor signaling pathway,19_GO:0023052 signaling,-2.8,8.2,5,30182,148,100,4,4,2,4052|4088|5465|9480,LTBP1|SMAD3|PPARA|ONECUT2,-0.73,MyList
GO Biological Processes,19,GO:0050865,regulation of cell activation,19_GO:0032501 multicellular organismal process,-2.8,3.7,4,30182,655,100,8,8,2.7,60|604|2534|4773|6095|6869|8289|57492,ACTB|BCL6|FYN|NFATC2|RORA|TACR1|ARID1A|ARID1B,-0.73,MyList
GO Biological Processes,19,GO:0040029,epigenetic regulation of gene expression,19_GO:0008152 metabolic process,-2.8,8.1,5,30182,149,100,4,4,2,546|3784|8289|57492,ATRX|KCNQ1|ARID1A|ARID1B,-0.72,MyList
GO Biological Processes,19,GO:0034968,histone lysine methylation,19_GO:0008152 metabolic process,-2.8,13,5.8,30182,69,100,3,3,1.7,4801|4802|7403,NFYB|NFYC|KDM6A,-0.72,MyList
GO Biological Processes,19,GO:0090257,regulation of muscle system process,19_GO:0032501 multicellular organismal process,-2.8,5.9,4.6,30182,254,100,5,5,2.2,3784|4088|5465|6869|29119,KCNQ1|SMAD3|PPARA|TACR1|CTNNA3,-0.71,MyList
WikiPathways,27,WP4666,Hepatitis B infection,,-2.8,8,5,30182,151,100,4,4,2,4088|4773|10488|90993,SMAD3|NFATC2|CREB3|CREB3L1,-0.71,MyList
GO Biological Processes,19,GO:1903844,regulation of cellular response to transforming growth factor beta stimulus,19_GO:0050896 response to stimulus,-2.8,8,5,30182,151,100,4,4,2,4052|4088|5465|9480,LTBP1|SMAD3|PPARA|ONECUT2,-0.71,MyList
GO Biological Processes,19,GO:1903037,regulation of leukocyte cell-cell adhesion,19_GO:0050789 regulation of biological process,-2.8,4.8,4.3,30182,378,100,6,6,2.4,60|604|2534|5465|8289|57492,ACTB|BCL6|FYN|PPARA|ARID1A|ARID1B,-0.71,MyList
GO Biological Processes,19,GO:0006338,chromatin remodeling,19_GO:0009987 cellular process,-2.8,4.8,4.3,30182,378,100,6,6,2.4,60|546|4675|7403|8289|57492,ACTB|ATRX|NAP1L3|KDM6A|ARID1A|ARID1B,-0.71,MyList
GO Biological Processes,19,GO:0007612,learning,19_GO:0032501 multicellular organismal process,-2.8,7.9,4.9,30182,152,100,4,4,2,2534|6869|57502|92521,FYN|TACR1|NLGN4X|SPECC1,-0.71,MyList
GO Biological Processes,19,GO:0046632,alpha-beta T cell differentiation,19_GO:0002376 immune system process,-2.8,13,5.7,30182,71,100,3,3,1.7,604|4602|6095,BCL6|MYB|RORA,-0.7,MyList
KEGG Pathway,24,hsa04261,Adrenergic signaling in cardiomyocytes,,-2.8,7.8,4.9,30182,154,100,4,4,2,3784|5521|10488|90993,KCNQ1|PPP2R2B|CREB3|CREB3L1,-0.69,MyList
Reactome Gene Sets,6,R-HSA-8957322,Metabolism of steroids,,-2.8,7.8,4.9,30182,154,100,4,4,2,4801|4802|5465|6667,NFYB|NFYC|PPARA|SP1,-0.69,MyList
GO Biological Processes,19,GO:1904888,cranial skeletal system development,19_GO:0032502 developmental process,-2.7,13,5.7,30182,72,100,3,3,1.7,860|4088|7291,RUNX2|SMAD3|TWIST1,-0.69,MyList
KEGG Pathway,24,hsa04934,Cushing syndrome,,-2.7,7.8,4.9,30182,155,100,4,4,2,1395|6667|10488|90993,CRHR2|SP1|CREB3|CREB3L1,-0.69,MyList
Reactome Gene Sets,6,R-HSA-8939902,Regulation of RUNX2 expression and activity,,-2.7,12,5.6,30182,73,100,3,3,1.7,860|1750|7291,RUNX2|DLX6|TWIST1,-0.68,MyList
WikiPathways,27,WP3584,MECP2 and associated Rett syndrome,,-2.7,12,5.6,30182,73,100,3,3,1.7,604|1750|6667,BCL6|DLX6|SP1,-0.68,MyList
GO Biological Processes,19,GO:0061035,regulation of cartilage development,19_GO:0032502 developmental process,-2.7,12,5.6,30182,73,100,3,3,1.7,860|4088|4094,RUNX2|SMAD3|MAF,-0.68,MyList
KEGG Pathway,24,hsa04390,Hippo signaling pathway,,-2.7,7.7,4.8,30182,157,100,4,4,2,60|4088|5521|29119,ACTB|SMAD3|PPP2R2B|CTNNA3,-0.68,MyList
GO Biological Processes,19,GO:0002252,immune effector process,19_GO:0002376 immune system process,-2.7,4.7,4.2,30182,389,100,6,6,2.4,604|1794|2534|4602|4853|6095,BCL6|DOCK2|FYN|MYB|NOTCH2|RORA,-0.67,MyList
GO Biological Processes,19,GO:0090596,sensory organ morphogenesis,19_GO:0032502 developmental process,-2.7,5.7,4.4,30182,266,100,5,5,2.2,1750|3784|4853|7291|30812,DLX6|KCNQ1|NOTCH2|TWIST1|SOX8,-0.66,MyList
GO Biological Processes,19,GO:0030522,intracellular receptor signaling pathway,19_GO:0023052 signaling,-2.7,7.5,4.8,30182,160,100,4,4,2,4929|5465|6095|8289,NR4A2|PPARA|RORA|ARID1A,-0.65,MyList
GO Biological Processes,19,GO:0071560,cellular response to transforming growth factor beta stimulus,19_GO:0050896 response to stimulus,-2.7,7.5,4.8,30182,161,100,4,4,2,2534|4088|9372|9480,FYN|SMAD3|ZFYVE9|ONECUT2,-0.65,MyList
Reactome Gene Sets,6,R-HSA-204998,"Cell death signalling via NRAGE, NRIF and NADE",,-2.7,12,5.5,30182,76,100,3,3,1.7,9500|23229|57449,MAGED1|ARHGEF9|PLEKHG5,-0.65,MyList
KEGG Pathway,24,hsa04971,Gastric acid secretion,,-2.7,12,5.5,30182,76,100,3,3,1.7,60|3784|54207,ACTB|KCNQ1|KCNK10,-0.65,MyList
GO Biological Processes,19,GO:0019233,sensory perception of pain,19_GO:0032501 multicellular organismal process,-2.7,12,5.5,30182,76,100,3,3,1.7,2534|4988|6869,FYN|OPRM1|TACR1,-0.65,MyList
KEGG Pathway,24,hsa05161,Hepatitis B,,-2.7,7.5,4.7,30182,162,100,4,4,2,4088|4773|10488|90993,SMAD3|NFATC2|CREB3|CREB3L1,-0.64,MyList
GO Biological Processes,19,GO:1901983,regulation of protein acetylation,19_GO:0008152 metabolic process,-2.7,12,5.5,30182,77,100,3,3,1.7,4801|4802|7291,NFYB|NFYC|TWIST1,-0.64,MyList
GO Biological Processes,19,GO:0051052,regulation of DNA metabolic process,19_GO:0008152 metabolic process,-2.7,3.9,3.9,30182,541,100,7,7,2.6,60|546|604|7291|8289|23175|57492,ACTB|ATRX|BCL6|TWIST1|ARID1A|LPIN1|ARID1B,-0.64,MyList
GO Biological Processes,19,GO:0030099,myeloid cell differentiation,19_GO:0032502 developmental process,-2.7,5.5,4.3,30182,273,100,5,5,2.2,604|3784|4094|4602|4853,BCL6|KCNQ1|MAF|MYB|NOTCH2,-0.64,MyList
GO Biological Processes,19,GO:1903039,positive regulation of leukocyte cell-cell adhesion,19_GO:0048518 positive regulation of biological process,-2.7,5.5,4.3,30182,273,100,5,5,2.2,60|604|2534|8289|57492,ACTB|BCL6|FYN|ARID1A|ARID1B,-0.64,MyList
Reactome Gene Sets,6,R-HSA-3247509,Chromatin modifying enzymes,,-2.7,5.5,4.3,30182,274,100,5,5,2.2,60|5077|7403|8289|57492,ACTB|PAX3|KDM6A|ARID1A|ARID1B,-0.63,MyList
Reactome Gene Sets,6,R-HSA-4839726,Chromatin organization,,-2.7,5.5,4.3,30182,274,100,5,5,2.2,60|5077|7403|8289|57492,ACTB|PAX3|KDM6A|ARID1A|ARID1B,-0.63,MyList
GO Biological Processes,19,GO:0034620,cellular response to unfolded protein,19_GO:0050896 response to stimulus,-2.6,12,5.4,30182,78,100,3,3,1.7,10488|79139|90993,CREB3|DERL1|CREB3L1,-0.63,MyList
GO Biological Processes,19,GO:0002286,T cell activation involved in immune response,19_GO:0002376 immune system process,-2.6,12,5.4,30182,78,100,3,3,1.7,604|4602|6095,BCL6|MYB|RORA,-0.63,MyList
GO Biological Processes,19,GO:0007611,learning or memory,19_GO:0032501 multicellular organismal process,-2.6,5.5,4.3,30182,276,100,5,5,2.2,2534|6869|54207|57502|92521,FYN|TACR1|KCNK10|NLGN4X|SPECC1,-0.63,MyList
GO Biological Processes,19,GO:0050673,epithelial cell proliferation,19_GO:0009987 cellular process,-2.6,7.2,4.7,30182,167,100,4,4,2,860|4613|4853|55145,RUNX2|MYCN|NOTCH2|THAP1,-0.62,MyList
GO Biological Processes,19,GO:0001503,ossification,19_GO:0032501 multicellular organismal process,-2.6,5.4,4.3,30182,278,100,5,5,2.2,860|4088|7291|30812|90993,RUNX2|SMAD3|TWIST1|SOX8|CREB3L1,-0.62,MyList
GO Biological Processes,19,GO:0071559,response to transforming growth factor beta,19_GO:0050896 response to stimulus,-2.6,7.2,4.6,30182,168,100,4,4,2,2534|4088|9372|9480,FYN|SMAD3|ZFYVE9|ONECUT2,-0.61,MyList
KEGG Pathway,24,hsa05225,Hepatocellular carcinoma,,-2.6,7.2,4.6,30182,168,100,4,4,2,60|4088|8289|57492,ACTB|SMAD3|ARID1A|ARID1B,-0.61,MyList
Reactome Gene Sets,6,R-HSA-416482,G alpha (12/13) signalling events,,-2.6,11,5.3,30182,80,100,3,3,1.7,2786|23229|57449,GNG4|ARHGEF9|PLEKHG5,-0.61,MyList
Canonical Pathways,11,M2,PID SMAD2 3NUCLEAR PATHWAY,,-2.6,11,5.3,30182,82,100,3,3,1.7,860|4088|6667,RUNX2|SMAD3|SP1,-0.58,MyList
GO Biological Processes,19,GO:0007423,sensory organ development,19_GO:0032502 developmental process,-2.6,3.8,3.8,30182,559,100,7,7,2.6,1750|3784|4088|4094|4853|7291|30812,DLX6|KCNQ1|SMAD3|MAF|NOTCH2|TWIST1|SOX8,-0.58,MyList
GO Biological Processes,19,GO:1902532,negative regulation of intracellular signal transduction,19_GO:0023052 signaling,-2.6,3.8,3.8,30182,561,100,7,7,2.6,604|5465|6095|7291|10488|51564|90993,BCL6|PPARA|RORA|TWIST1|CREB3|HDAC7|CREB3L1,-0.57,MyList
Canonical Pathways,11,M195,PID CMYB PATHWAY,,-2.6,11,5.2,30182,84,100,3,3,1.7,4094|4602|6667,MAF|MYB|SP1,-0.56,MyList
GO Biological Processes,19,GO:0035264,multicellular organism growth,19_GO:0040007 growth,-2.5,11,5.1,30182,85,100,3,3,1.7,321|546|4853,APBA2|ATRX|NOTCH2,-0.55,MyList
GO Biological Processes,19,GO:0080135,regulation of cellular response to stress,19_GO:0050896 response to stimulus,-2.5,3.3,3.7,30182,726,100,8,8,2.7,60|2534|4988|7291|8289|10488|57492|90993,ACTB|FYN|OPRM1|TWIST1|ARID1A|CREB3|ARID1B|CREB3L1,-0.55,MyList
GO Biological Processes,19,GO:0030335,positive regulation of cell migration,19_GO:0040011 locomotion,-2.5,3.7,3.8,30182,569,100,7,7,2.6,4088|6667|6869|7291|9480|10488|51564,SMAD3|SP1|TACR1|TWIST1|ONECUT2|CREB3|HDAC7,-0.55,MyList
Reactome Gene Sets,6,R-HSA-6794362,Protein-protein interactions at synapses,,-2.5,11,5.1,30182,86,100,3,3,1.7,321|57502|57596,APBA2|NLGN4X|BEGAIN,-0.54,MyList
GO Biological Processes,19,GO:2000781,positive regulation of double-strand break repair,19_GO:0048518 positive regulation of biological process,-2.5,11,5.1,30182,86,100,3,3,1.7,60|8289|57492,ACTB|ARID1A|ARID1B,-0.54,MyList
Reactome Gene Sets,6,R-HSA-1280215,Cytokine Signaling in Immune system,,-2.5,3.3,3.6,30182,730,100,8,8,2.7,604|1958|2534|3663|4088|4988|6095|7291,BCL6|EGR1|FYN|IRF5|SMAD3|OPRM1|RORA|TWIST1,-0.54,MyList
GO Biological Processes,19,GO:0018205,peptidyl-lysine modification,19_GO:0008152 metabolic process,-2.5,5.1,4.1,30182,294,100,5,5,2.2,60|4801|4802|7403|51564,ACTB|NFYB|NFYC|KDM6A|HDAC7,-0.54,MyList
GO Biological Processes,19,GO:0008589,regulation of smoothened signaling pathway,19_GO:0023052 signaling,-2.5,10,5.1,30182,87,100,3,3,1.7,860|6095|374654,RUNX2|RORA|KIF7,-0.53,MyList
GO Biological Processes,19,GO:0045580,regulation of T cell differentiation,19_GO:0002376 immune system process,-2.5,6.7,4.4,30182,180,100,4,4,2,60|604|8289|57492,ACTB|BCL6|ARID1A|ARID1B,-0.53,MyList
GO Biological Processes,19,GO:0045216,cell-cell junction organization,19_GO:0009987 cellular process,-2.5,6.7,4.4,30182,180,100,4,4,2,60|4088|51564|57502,ACTB|SMAD3|HDAC7|NLGN4X,-0.53,MyList
GO Biological Processes,19,GO:0018022,peptidyl-lysine methylation,19_GO:0008152 metabolic process,-2.5,10,5,30182,88,100,3,3,1.7,4801|4802|7403,NFYB|NFYC|KDM6A,-0.52,MyList
GO Biological Processes,19,GO:0051056,regulation of small GTPase mediated signal transduction,19_GO:0023052 signaling,-2.5,5.1,4.1,30182,298,100,5,5,2.2,604|1794|4853|23229|57449,BCL6|DOCK2|NOTCH2|ARHGEF9|PLEKHG5,-0.52,MyList
GO Biological Processes,19,GO:0046890,regulation of lipid biosynthetic process,19_GO:0008152 metabolic process,-2.5,6.6,4.4,30182,182,100,4,4,2,1958|5465|11218|23175,EGR1|PPARA|DDX20|LPIN1,-0.52,MyList
Reactome Gene Sets,6,R-HSA-3108232,SUMO E3 ligases SUMOylate target proteins,,-2.5,6.6,4.4,30182,182,100,4,4,2,4929|5465|6095|51564,NR4A2|PPARA|RORA|HDAC7,-0.52,MyList
GO Biological Processes,19,GO:0090092,regulation of transmembrane receptor protein serine/threonine kinase signaling pathway,19_GO:0023052 signaling,-2.5,5,4,30182,301,100,5,5,2.2,4052|4088|4853|5465|9480,LTBP1|SMAD3|NOTCH2|PPARA|ONECUT2,-0.51,MyList
WikiPathways,27,WP69,T-cell receptor signaling pathway,,-2.5,10,5,30182,90,100,3,3,1.7,2534|4773|4988,FYN|NFATC2|OPRM1,-0.51,MyList
GO Biological Processes,19,GO:0016571,histone methylation,19_GO:0008152 metabolic process,-2.5,10,5,30182,90,100,3,3,1.7,4801|4802|7403,NFYB|NFYC|KDM6A,-0.51,MyList
GO Biological Processes,19,GO:0002064,epithelial cell development,19_GO:0032502 developmental process,-2.5,6.5,4.3,30182,185,100,4,4,2,546|4853|9480|30812,ATRX|NOTCH2|ONECUT2|SOX8,-0.51,MyList
GO Biological Processes,19,GO:0051054,positive regulation of DNA metabolic process,19_GO:0048518 positive regulation of biological process,-2.5,5,4,30182,303,100,5,5,2.2,60|546|8289|23175|57492,ACTB|ATRX|ARID1A|LPIN1|ARID1B,-0.5,MyList
GO Biological Processes,19,GO:0030509,BMP signaling pathway,19_GO:0023052 signaling,-2.5,10,4.9,30182,91,100,3,3,1.7,860|1958|4853,RUNX2|EGR1|NOTCH2,-0.5,MyList
WikiPathways,27,WP138,Androgen receptor signaling pathway,,-2.5,10,4.9,30182,91,100,3,3,1.7,860|4088|6667,RUNX2|SMAD3|SP1,-0.5,MyList
GO Biological Processes,19,GO:0030071,regulation of mitotic metaphase/anaphase transition,19_GO:0050789 regulation of biological process,-2.5,10,4.9,30182,91,100,3,3,1.7,60|8289|57492,ACTB|ARID1A|ARID1B,-0.5,MyList
KEGG Pathway,24,hsa05034,Alcoholism,,-2.5,6.5,4.3,30182,187,100,4,4,2,2786|10488|51564|90993,GNG4|CREB3|HDAC7|CREB3L1,-0.5,MyList
GO Biological Processes,19,GO:0008217,regulation of blood pressure,19_GO:0032501 multicellular organismal process,-2.5,6.5,4.3,30182,187,100,4,4,2,3784|4088|5465|6869,KCNQ1|SMAD3|PPARA|TACR1,-0.5,MyList
GO Biological Processes,19,GO:0050728,negative regulation of inflammatory response,19_GO:0048519 negative regulation of biological process,-2.5,6.5,4.3,30182,187,100,4,4,2,2534|4088|5465|6095,FYN|SMAD3|PPARA|RORA,-0.5,MyList
GO Biological Processes,19,GO:0007631,feeding behavior,19_GO:0032501 multicellular organismal process,-2.4,9.8,4.9,30182,92,100,3,3,1.7,2534|4988|6869,FYN|OPRM1|TACR1,-0.5,MyList
GO Biological Processes,19,GO:1901216,positive regulation of neuron death,19_GO:0048518 positive regulation of biological process,-2.4,9.8,4.9,30182,92,100,3,3,1.7,1958|2534|4605,EGR1|FYN|MYBL2,-0.5,MyList
WikiPathways,27,WP2355,Corticotropin-releasing hormone signaling pathway,,-2.4,9.8,4.9,30182,92,100,3,3,1.7,1395|4929|6667,CRHR2|NR4A2|SP1,-0.5,MyList
KEGG Pathway,24,hsa04658,Th1 and Th2 cell differentiation,,-2.4,9.8,4.9,30182,92,100,3,3,1.7,4094|4773|4853,MAF|NFATC2|NOTCH2,-0.5,MyList
Reactome Gene Sets,6,R-HSA-2990846,SUMOylation,,-2.4,6.4,4.3,30182,188,100,4,4,2,4929|5465|6095|51564,NR4A2|PPARA|RORA|HDAC7,-0.5,MyList
GO Biological Processes,19,GO:0009611,response to wounding,19_GO:0050896 response to stimulus,-2.4,4.1,3.8,30182,443,100,6,6,2.4,60|1607|4088|4853|4988|5465,ACTB|DGKB|SMAD3|NOTCH2|OPRM1|PPARA,-0.5,MyList
GO Biological Processes,19,GO:2000147,positive regulation of cell motility,19_GO:0040011 locomotion,-2.4,3.6,3.6,30182,594,100,7,7,2.6,4088|6667|6869|7291|9480|10488|51564,SMAD3|SP1|TACR1|TWIST1|ONECUT2|CREB3|HDAC7,-0.5,MyList
GO Biological Processes,19,GO:0030308,negative regulation of cell growth,19_GO:0040007 growth,-2.4,6.3,4.3,30182,191,100,4,4,2,604|2786|4088|5465,BCL6|GNG4|SMAD3|PPARA,-0.48,MyList
GO Biological Processes,19,GO:1902099,regulation of metaphase/anaphase transition of cell cycle,19_GO:0050789 regulation of biological process,-2.4,9.6,4.8,30182,94,100,3,3,1.7,60|8289|57492,ACTB|ARID1A|ARID1B,-0.48,MyList
GO Biological Processes,19,GO:0060562,epithelial tube morphogenesis,19_GO:0032502 developmental process,-2.4,4.8,3.9,30182,313,100,5,5,2.2,4088|4613|4853|7291|30812,SMAD3|MYCN|NOTCH2|TWIST1|SOX8,-0.47,MyList
GO Biological Processes,19,GO:0002009,morphogenesis of an epithelium,19_GO:0032502 developmental process,-2.4,4,3.7,30182,451,100,6,6,2.4,60|4088|4613|4853|7291|30812,ACTB|SMAD3|MYCN|NOTCH2|TWIST1|SOX8,-0.47,MyList
GO Biological Processes,19,GO:0030218,erythrocyte differentiation,19_GO:0042592 homeostatic process,-2.4,9.4,4.8,30182,96,100,3,3,1.7,604|3784|4602,BCL6|KCNQ1|MYB,-0.46,MyList
Reactome Gene Sets,6,R-HSA-391251,Protein folding,,-2.4,9.3,4.7,30182,97,100,3,3,1.7,60|2786|6902,ACTB|GNG4|TBCA,-0.45,MyList
Reactome Gene Sets,6,R-HSA-193704,p75 NTR receptor-mediated signalling,,-2.4,9.3,4.7,30182,97,100,3,3,1.7,9500|23229|57449,MAGED1|ARHGEF9|PLEKHG5,-0.45,MyList
GO Biological Processes,19,GO:0040017,positive regulation of locomotion,19_GO:0040011 locomotion,-2.4,3.5,3.5,30182,609,100,7,7,2.6,4088|6667|6869|7291|9480|10488|51564,SMAD3|SP1|TACR1|TWIST1|ONECUT2|CREB3|HDAC7,-0.45,MyList
GO Biological Processes,19,GO:1902105,regulation of leukocyte differentiation,19_GO:0002376 immune system process,-2.4,4.7,3.9,30182,319,100,5,5,2.2,60|604|4853|8289|57492,ACTB|BCL6|NOTCH2|ARID1A|ARID1B,-0.45,MyList
KEGG Pathway,24,hsa04925,Aldosterone synthesis and secretion,,-2.4,9.2,4.7,30182,98,100,3,3,1.7,4929|10488|90993,NR4A2|CREB3|CREB3L1,-0.45,MyList
GO Biological Processes,19,GO:0035967,cellular response to topologically incorrect protein,19_GO:0050896 response to stimulus,-2.4,9.2,4.7,30182,98,100,3,3,1.7,10488|79139|90993,CREB3|DERL1|CREB3L1,-0.45,MyList
GO Biological Processes,19,GO:0007420,brain development,19_GO:0032502 developmental process,-2.4,3.1,3.4,30182,777,100,8,8,2.7,60|238|546|2534|4929|6095|57477|57502,ACTB|ALK|ATRX|FYN|NR4A2|RORA|SHROOM4|NLGN4X,-0.44,MyList
GO Biological Processes,19,GO:0022409,positive regulation of cell-cell adhesion,19_GO:0048518 positive regulation of biological process,-2.4,4.7,3.8,30182,321,100,5,5,2.2,60|604|2534|8289|57492,ACTB|BCL6|FYN|ARID1A|ARID1B,-0.44,MyList
GO Biological Processes,19,GO:0019218,regulation of steroid metabolic process,19_GO:0008152 metabolic process,-2.4,9.1,4.7,30182,99,100,3,3,1.7,1958|6095|11218,EGR1|RORA|DDX20,-0.44,MyList
GO Biological Processes,19,GO:0007179,transforming growth factor beta receptor signaling pathway,19_GO:0023052 signaling,-2.4,9.1,4.7,30182,99,100,3,3,1.7,4088|9372|9480,SMAD3|ZFYVE9|ONECUT2,-0.44,MyList
GO Biological Processes,19,GO:0030512,negative regulation of transforming growth factor beta receptor signaling pathway,19_GO:0023052 signaling,-2.3,9.1,4.7,30182,100,100,3,3,1.7,4052|5465|9480,LTBP1|PPARA|ONECUT2,-0.43,MyList
WikiPathways,27,WP3594,Circadian rhythm genes,,-2.3,6,4.1,30182,201,100,4,4,2,1958|5465|6095|9500,EGR1|PPARA|RORA|MAGED1,-0.43,MyList
GO Biological Processes,19,GO:1901214,regulation of neuron death,19_GO:0050789 regulation of biological process,-2.3,4.6,3.8,30182,327,100,5,5,2.2,1958|2534|4605|4929|5465,EGR1|FYN|MYBL2|NR4A2|PPARA,-0.42,MyList
GO Biological Processes,19,GO:0043010,camera-type eye development,19_GO:0032502 developmental process,-2.3,4.6,3.8,30182,327,100,5,5,2.2,4088|4094|4853|7291|30812,SMAD3|MAF|NOTCH2|TWIST1|SOX8,-0.42,MyList
Reactome Gene Sets,6,R-HSA-1296071,Potassium Channels,,-2.3,8.8,4.6,30182,103,100,3,3,1.7,2786|3784|54207,GNG4|KCNQ1|KCNK10,-0.4,MyList
Reactome Gene Sets,6,R-HSA-449147,Signaling by Interleukins,,-2.3,3.8,3.6,30182,473,100,6,6,2.4,604|2534|4088|4988|6095|7291,BCL6|FYN|SMAD3|OPRM1|RORA|TWIST1,-0.4,MyList
GO Biological Processes,19,GO:0030001,metal ion transport,19_GO:0051179 localization,-2.3,3.4,3.4,30182,630,100,7,7,2.6,2534|3784|4988|9498|23007|54207|84679,FYN|KCNQ1|OPRM1|SLC4A8|PLCH1|KCNK10|SLC9A7,-0.4,MyList
GO Biological Processes,19,GO:0033045,regulation of sister chromatid segregation,19_GO:0050789 regulation of biological process,-2.3,8.7,4.5,30182,104,100,3,3,1.7,60|8289|57492,ACTB|ARID1A|ARID1B,-0.4,MyList
GO Biological Processes,19,GO:0071773,cellular response to BMP stimulus,19_GO:0050896 response to stimulus,-2.3,8.7,4.5,30182,104,100,3,3,1.7,860|1958|4853,RUNX2|EGR1|NOTCH2,-0.4,MyList
GO Biological Processes,19,GO:0099173,postsynapse organization,19_GO:0009987 cellular process,-2.3,8.7,4.5,30182,104,100,3,3,1.7,60|2534|57502,ACTB|FYN|NLGN4X,-0.4,MyList
GO Biological Processes,19,GO:0071772,response to BMP,19_GO:0050896 response to stimulus,-2.3,8.7,4.5,30182,104,100,3,3,1.7,860|1958|4853,RUNX2|EGR1|NOTCH2,-0.4,MyList
GO Biological Processes,19,GO:0034101,erythrocyte homeostasis,19_GO:0042592 homeostatic process,-2.3,8.6,4.5,30182,105,100,3,3,1.7,604|3784|4602,BCL6|KCNQ1|MYB,-0.39,MyList
GO Biological Processes,19,GO:0045785,positive regulation of cell adhesion,19_GO:0048518 positive regulation of biological process,-2.3,3.8,3.5,30182,482,100,6,6,2.4,60|604|2534|4088|8289|57492,ACTB|BCL6|FYN|SMAD3|ARID1A|ARID1B,-0.37,MyList
KEGG Pathway,24,hsa04922,Glucagon signaling pathway,,-2.3,8.5,4.5,30182,107,100,3,3,1.7,5465|10488|90993,PPARA|CREB3|CREB3L1,-0.37,MyList
WikiPathways,27,WP4172,PI3K-Akt signaling pathway,,-2.3,4.5,3.7,30182,339,100,5,5,2.2,2786|4602|5521|10488|90993,GNG4|MYB|PPP2R2B|CREB3|CREB3L1,-0.37,MyList
GO Biological Processes,19,GO:0045619,regulation of lymphocyte differentiation,19_GO:0002376 immune system process,-2.3,5.7,4,30182,212,100,4,4,2,60|604|8289|57492,ACTB|BCL6|ARID1A|ARID1B,-0.37,MyList
KEGG Pathway,24,hsa04931,Insulin resistance,,-2.3,8.4,4.4,30182,108,100,3,3,1.7,5465|10488|90993,PPARA|CREB3|CREB3L1,-0.36,MyList
KEGG Pathway,24,hsa04659,Th17 cell differentiation,,-2.3,8.4,4.4,30182,108,100,3,3,1.7,4088|4773|6095,SMAD3|NFATC2|RORA,-0.36,MyList
GO Biological Processes,19,GO:0006282,regulation of DNA repair,19_GO:0050896 response to stimulus,-2.2,5.6,3.9,30182,214,100,4,4,2,60|7291|8289|57492,ACTB|TWIST1|ARID1A|ARID1B,-0.36,MyList
GO Biological Processes,19,GO:0006366,transcription by RNA polymerase II,19_GO:0008152 metabolic process,-2.2,4.4,3.7,30182,343,100,5,5,2.2,546|604|4094|4773|4929,ATRX|BCL6|MAF|NFATC2|NR4A2,-0.36,MyList
GO Biological Processes,19,GO:0022407,regulation of cell-cell adhesion,19_GO:0050789 regulation of biological process,-2.2,3.7,3.5,30182,491,100,6,6,2.4,60|604|2534|5465|8289|57492,ACTB|BCL6|FYN|PPARA|ARID1A|ARID1B,-0.34,MyList
GO Biological Processes,19,GO:0043583,ear development,19_GO:0032502 developmental process,-2.2,5.5,3.9,30182,218,100,4,4,2,1750|3784|4094|7291,DLX6|KCNQ1|MAF|TWIST1,-0.34,MyList
GO Biological Processes,19,GO:0003013,circulatory system process,19_GO:0032501 multicellular organismal process,-2.2,3.7,3.4,30182,495,100,6,6,2.4,2534|3784|4088|5465|6869|9498,FYN|KCNQ1|SMAD3|PPARA|TACR1|SLC4A8,-0.33,MyList
Reactome Gene Sets,6,R-HSA-983705,Signaling by the B Cell Receptor (BCR),,-2.2,8.1,4.3,30182,112,100,3,3,1.7,2534|4773|25780,FYN|NFATC2|RASGRP3,-0.33,MyList
GO Biological Processes,19,GO:0061448,connective tissue development,19_GO:0032502 developmental process,-2.2,5.5,3.8,30182,221,100,4,4,2,860|1958|4613|30812,RUNX2|EGR1|MYCN|SOX8,-0.32,MyList
KEGG Pathway,24,hsa04151,PI3K-Akt signaling pathway,,-2.2,4.3,3.6,30182,354,100,5,5,2.2,2786|4602|5521|10488|90993,GNG4|MYB|PPP2R2B|CREB3|CREB3L1,-0.31,MyList
KEGG Pathway,24,hsa04024,cAMP signaling pathway,,-2.2,5.4,3.8,30182,225,100,4,4,2,1395|5465|10488|90993,CRHR2|PPARA|CREB3|CREB3L1,-0.3,MyList
GO Biological Processes,19,GO:0042752,regulation of circadian rhythm,19_GO:0048511 rhythmic process,-2.2,7.8,4.2,30182,116,100,3,3,1.7,5465|6095|9500,PPARA|RORA|MAGED1,-0.29,MyList
GO Biological Processes,19,GO:0001501,skeletal system development,19_GO:0032502 developmental process,-2.2,3.6,3.4,30182,507,100,6,6,2.4,257|860|1750|4088|4613|7291,ALX3|RUNX2|DLX6|SMAD3|MYCN|TWIST1,-0.29,MyList
GO Biological Processes,19,GO:0035239,tube morphogenesis,19_GO:0032502 developmental process,-2.2,3.2,3.2,30182,670,100,7,7,2.6,4088|4613|4853|6095|7291|30812|51564,SMAD3|MYCN|NOTCH2|RORA|TWIST1|SOX8|HDAC7,-0.29,MyList
GO Biological Processes,19,GO:0034330,cell junction organization,19_GO:0009987 cellular process,-2.1,3.5,3.3,30182,513,100,6,6,2.4,60|2534|4088|51564|55906|57502,ACTB|FYN|SMAD3|HDAC7|ZC4H2|NLGN4X,-0.27,MyList
GO Biological Processes,19,GO:0006979,response to oxidative stress,19_GO:0050896 response to stimulus,-2.1,4.1,3.5,30182,366,100,5,5,2.2,2534|4929|6667|6869|116988,FYN|NR4A2|SP1|TACR1|AGAP3,-0.26,MyList
KEGG Pathway,24,hsa04080,Neuroactive ligand-receptor interaction,,-2.1,4.1,3.5,30182,367,100,5,5,2.2,1395|2741|4988|5737|6869,CRHR2|GLRA1|OPRM1|PTGFR|TACR1,-0.25,MyList
KEGG Pathway,24,hsa04152,AMPK signaling pathway,,-2.1,7.5,4.1,30182,121,100,3,3,1.7,5521|10488|90993,PPP2R2B|CREB3|CREB3L1,-0.25,MyList
GO Biological Processes,19,GO:0042471,ear morphogenesis,19_GO:0032502 developmental process,-2.1,7.4,4.1,30182,122,100,3,3,1.7,1750|3784|7291,DLX6|KCNQ1|TWIST1,-0.24,MyList
GO Biological Processes,19,GO:0046651,lymphocyte proliferation,19_GO:0002376 immune system process,-2.1,7.4,4.1,30182,122,100,3,3,1.7,604|1794|2534,BCL6|DOCK2|FYN,-0.24,MyList
GO Biological Processes,19,GO:0001654,eye development,19_GO:0032502 developmental process,-2.1,4,3.4,30182,373,100,5,5,2.2,4088|4094|4853|7291|30812,SMAD3|MAF|NOTCH2|TWIST1|SOX8,-0.23,MyList
GO Biological Processes,19,GO:0001952,regulation of cell-matrix adhesion,19_GO:0050789 regulation of biological process,-2.1,7.2,4,30182,125,100,3,3,1.7,604|4088|9480,BCL6|SMAD3|ONECUT2,-0.22,MyList
GO Biological Processes,19,GO:0042476,odontogenesis,19_GO:0032502 developmental process,-2.1,7.2,4,30182,125,100,3,3,1.7,860|5465|7291,RUNX2|PPARA|TWIST1,-0.22,MyList
GO Biological Processes,19,GO:0006986,response to unfolded protein,19_GO:0050896 response to stimulus,-2.1,7.2,4,30182,125,100,3,3,1.7,10488|79139|90993,CREB3|DERL1|CREB3L1,-0.22,MyList
GO Biological Processes,19,GO:0098660,inorganic ion transmembrane transport,19_GO:0051179 localization,-2.1,3,3.1,30182,695,100,7,7,2.6,2741|3784|4988|9498|23007|54207|84679,GLRA1|KCNQ1|OPRM1|SLC4A8|PLCH1|KCNK10|SLC9A7,-0.22,MyList
GO Biological Processes,19,GO:0150063,visual system development,19_GO:0032502 developmental process,-2.1,4,3.4,30182,377,100,5,5,2.2,4088|4094|4853|7291|30812,SMAD3|MAF|NOTCH2|TWIST1|SOX8,-0.22,MyList
GO Biological Processes,19,GO:0050863,regulation of T cell activation,19_GO:0002376 immune system process,-2.1,4,3.4,30182,377,100,5,5,2.2,60|604|2534|8289|57492,ACTB|BCL6|FYN|ARID1A|ARID1B,-0.22,MyList
GO Biological Processes,19,GO:2000027,regulation of animal organ morphogenesis,19_GO:0032502 developmental process,-2.1,7.2,4,30182,126,100,3,3,1.7,860|9500|30812,RUNX2|MAGED1|SOX8,-0.22,MyList
GO Biological Processes,19,GO:0032943,mononuclear cell proliferation,19_GO:0009987 cellular process,-2.1,7.2,4,30182,126,100,3,3,1.7,604|1794|2534,BCL6|DOCK2|FYN,-0.22,MyList
GO Biological Processes,19,GO:0048593,camera-type eye morphogenesis,19_GO:0032502 developmental process,-2.1,7.1,4,30182,127,100,3,3,1.7,4853|7291|30812,NOTCH2|TWIST1|SOX8,-0.21,MyList
GO Biological Processes,19,GO:0043065,positive regulation of apoptotic process,19_GO:0048518 positive regulation of biological process,-2,3.4,3.2,30182,536,100,6,6,2.4,604|3663|4605|4853|9500|11218,BCL6|IRF5|MYBL2|NOTCH2|MAGED1|DDX20,-0.2,MyList
GO Biological Processes,19,GO:0009755,hormone-mediated signaling pathway,19_GO:0023052 signaling,-2,7.1,4,30182,128,100,3,3,1.7,1395|5465|8289,CRHR2|PPARA|ARID1A,-0.2,MyList
GO Biological Processes,19,GO:0048880,sensory system development,19_GO:0032502 developmental process,-2,3.9,3.3,30182,383,100,5,5,2.2,4088|4094|4853|7291|30812,SMAD3|MAF|NOTCH2|TWIST1|SOX8,-0.2,MyList
KEGG Pathway,24,hsa04926,Relaxin signaling pathway,,-2,7,3.9,30182,129,100,3,3,1.7,2786|10488|90993,GNG4|CREB3|CREB3L1,-0.2,MyList
GO Biological Processes,19,GO:0045739,positive regulation of DNA repair,19_GO:0048518 positive regulation of biological process,-2,7,3.9,30182,130,100,3,3,1.7,60|8289|57492,ACTB|ARID1A|ARID1B,-0.19,MyList
GO Biological Processes,19,GO:0006954,inflammatory response,19_GO:0050896 response to stimulus,-2,3.3,3.2,30182,541,100,6,6,2.4,604|3663|4853|4988|5737|6869,BCL6|IRF5|NOTCH2|OPRM1|PTGFR|TACR1,-0.19,MyList
GO Biological Processes,19,GO:0001889,liver development,19_GO:0032502 developmental process,-2,6.9,3.9,30182,131,100,3,3,1.7,4088|4853|9480,SMAD3|NOTCH2|ONECUT2,-0.19,MyList
GO Biological Processes,19,GO:0006820,monoatomic anion transport,19_GO:0051179 localization,-2,6.9,3.9,30182,131,100,3,3,1.7,2741|3784|9498,GLRA1|KCNQ1|SLC4A8,-0.19,MyList
GO Biological Processes,19,GO:0051983,regulation of chromosome segregation,19_GO:0050789 regulation of biological process,-2,6.9,3.9,30182,131,100,3,3,1.7,60|8289|57492,ACTB|ARID1A|ARID1B,-0.19,MyList
GO Biological Processes,19,GO:0007264,small GTPase mediated signal transduction,19_GO:0023052 signaling,-2,4.8,3.5,30182,249,100,4,4,2,604|1794|25780|57449,BCL6|DOCK2|RASGRP3|PLEKHG5,-0.19,MyList
GO Biological Processes,19,GO:0016570,histone modification,19_GO:0008152 metabolic process,-2,3.9,3.3,30182,389,100,5,5,2.2,60|604|4801|4802|7403,ACTB|BCL6|NFYB|NFYC|KDM6A,-0.18,MyList
GO Biological Processes,19,GO:0033044,regulation of chromosome organization,19_GO:0050789 regulation of biological process,-2,4.8,3.5,30182,250,100,4,4,2,60|546|8289|57492,ACTB|ATRX|ARID1A|ARID1B,-0.18,MyList
GO Biological Processes,19,GO:0045165,cell fate commitment,19_GO:0032502 developmental process,-2,4.8,3.5,30182,250,100,4,4,2,860|4853|9480|30812,RUNX2|NOTCH2|ONECUT2|SOX8,-0.18,MyList
GO Biological Processes,19,GO:0002262,myeloid cell homeostasis,19_GO:0042592 homeostatic process,-2,6.9,3.9,30182,132,100,3,3,1.7,604|3784|4602,BCL6|KCNQ1|MYB,-0.18,MyList
GO Biological Processes,19,GO:0072006,nephron development,19_GO:0032502 developmental process,-2,6.8,3.9,30182,133,100,3,3,1.7,1958|4853|30812,EGR1|NOTCH2|SOX8,-0.18,MyList
GO Biological Processes,19,GO:0045926,negative regulation of growth,19_GO:0040007 growth,-2,4.8,3.5,30182,252,100,4,4,2,604|2786|4088|5465,BCL6|GNG4|SMAD3|PPARA,-0.18,MyList
