_MEMBER_MyList,_LogP_MyList,GO,Description,_PATTERN_,_RANK_,CHILD_GO_MyList
1,-6.9534652281046645,GO:0032501,multicellular organismal process,M1,1,GO:0007610 behavior
1,-6.6673283560965055,GO:0050896,response to stimulus,M1,1,GO:1901699 cellular response to nitrogen compound
1,-6.229404540839455,GO:0032502,developmental process,M1,1,GO:0035108 limb morphogenesis
1,-5.290145536088288,GO:0023052,signaling,M1,1,GO:0007178 transmembrane receptor protein serine/threonine kinase signaling pathway
1,-5.093769837985681,GO:0002376,immune system process,M1,1,GO:0042110 T cell activation
1,-4.984499995351725,GO:0048518,positive regulation of biological process,M1,1,GO:0050679 positive regulation of epithelial cell proliferation
1,-4.959630325062283,GO:0050789,regulation of biological process,M1,1,GO:0050678 regulation of epithelial cell proliferation
1,-4.425348684563092,GO:0048511,rhythmic process,M1,1,GO:0048511 rhythmic process
1,-4.105089065166664,GO:0008152,metabolic process,M1,1,GO:1902893 regulation of miRNA transcription
1,-4.004385122686647,GO:0065007,biological regulation,M1,1,GO:0042391 regulation of membrane potential
1,-3.955774502462813,GO:0009987,cellular process,M1,1,GO:0008283 cell population proliferation
1,-3.2091935404854635,GO:0048519,negative regulation of biological process,M1,1,GO:2000378 negative regulation of reactive oxygen species metabolic process
1,-2.543186368358246,GO:0040007,growth,M1,1,GO:0035264 multicellular organism growth
1,-2.5395705182296786,GO:0040011,locomotion,M1,1,GO:0030335 positive regulation of cell migration
1,-2.3942301621295683,GO:0042592,homeostatic process,M1,1,GO:0030218 erythrocyte differentiation
1,-2.2990202674534523,GO:0051179,localization,M1,1,GO:0030001 metal ion transport
