_MEMBER_MyList,_LogP_MyList,GO,Description,_PATTERN_,_RANK_,GiniIndex
1,-2.3,WP3594,Circadian rhythm genes,M1,1,0
1,-3.1,GO:0043525,positive regulation of neuron apoptotic process,M1,1,0
1,-2.4,GO:0007610,behavior,M1,1,0
1,-2.5,GO:0099537,trans-synaptic signaling,M1,1,0
1,-2.3,GO:0032526,response to retinoic acid,M1,1,0
1,-2.2,GO:0061061,muscle structure development,M1,1,0
1,-2.8,GO:0072089,stem cell proliferation,M1,1,0
1,-3.1,GO:0006351,DNA-templated transcription,M1,1,0
1,-3.4,GO:0001709,cell fate determination,M1,1,0
1,-2.1,hsa04935,"Growth hormone synthesis, secretion and action",M1,1,0
1,-3.5,GO:0021537,telencephalon development,M1,1,0
1,-2.7,hsa05200,Pathways in cancer,M1,1,0
1,-2.4,GO:0045666,positive regulation of neuron differentiation,M1,1,0
1,-2.6,R-HSA-381340,Transcriptional regulation of white adipocyte differentiation,M1,1,0
1,-3,GO:0034599,cellular response to oxidative stress,M1,1,0
1,-2.4,GO:0002009,morphogenesis of an epithelium,M1,1,0
1,-5.5,GO:0008283,cell population proliferation,M1,1,0
1,-2.4,R-HSA-442755,Activation of NMDA receptors and postsynaptic events,M1,1,0
1,-2.1,GO:0021987,cerebral cortex development,M1,1,0
1,-2,GO:0048880,sensory system development,M1,1,0
1,-2.4,GO:0045664,regulation of neuron differentiation,M1,1,0
1,-4,GO:0010720,positive regulation of cell development,M1,1,0
1,-3.2,GO:0021515,cell differentiation in spinal cord,M1,1,0
1,-2,WP236,Adipogenesis,M1,1,0
1,-4.3,GO:0007420,brain development,M1,1,0
1,-2.4,GO:0007517,muscle organ development,M1,1,0
1,-2.1,GO:0003231,cardiac ventricle development,M1,1,0
1,-3.6,GO:0061138,morphogenesis of a branching epithelium,M1,1,0
1,-2.5,GO:0021543,pallium development,M1,1,0
1,-3.9,WP2853,Endoderm differentiation,M1,1,0
1,-5,GO:0035108,limb morphogenesis,M1,1,0
1,-3.2,GO:0043124,negative regulation of I-kappaB kinase/NF-kappaB signaling,M1,1,0
1,-2.2,R-HSA-8939211,ESR-mediated signaling,M1,1,0
1,-2.6,GO:0061053,somite development,M1,1,0
1,-2.3,R-HSA-6785807,Interleukin-4 and Interleukin-13 signaling,M1,1,0
1,-2.5,R-HSA-5632684,Hedgehog 'on' state,M1,1,0
1,-2.3,GO:1903076,regulation of protein localization to plasma membrane,M1,1,0
1,-2,GO:0072175,epithelial tube formation,M1,1,0
1,-2.9,GO:0007623,circadian rhythm,M1,1,0
1,-2.9,WP2380,Brain-derived neurotrophic factor (BDNF) signaling pathway,M1,1,0
1,-2.5,GO:0072091,regulation of stem cell proliferation,M1,1,0
1,-3.1,GO:0097659,nucleic acid-templated transcription,M1,1,0
1,-3.6,GO:0030856,regulation of epithelial cell differentiation,M1,1,0
1,-3.4,R-HSA-9006934,Signaling by Receptor Tyrosine Kinases,M1,1,0
1,-2,R-HSA-5576891,Cardiac conduction,M1,1,0
1,-2.8,GO:0032922,circadian regulation of gene expression,M1,1,0
1,-2.5,WP3888,VEGFA-VEGFR2 signaling pathway,M1,1,0
1,-2.7,WP2034,Leptin signaling pathway,M1,1,0
1,-2.2,GO:0032990,cell part morphogenesis,M1,1,0
1,-2.1,GO:0001838,embryonic epithelial tube formation,M1,1,0
1,-2.5,GO:0051591,response to cAMP,M1,1,0
1,-2.1,GO:0001654,eye development,M1,1,0
1,-3.7,GO:0045165,cell fate commitment,M1,1,0
1,-3.3,GO:0045646,regulation of erythrocyte differentiation,M1,1,0
1,-2.7,WP706,Sudden infant death syndrome (SIDS) susceptibility pathways,M1,1,0
1,-4.1,GO:0007519,skeletal muscle tissue development,M1,1,0
1,-2.2,GO:0000904,cell morphogenesis involved in differentiation,M1,1,0
1,-2.2,GO:0043523,regulation of neuron apoptotic process,M1,1,0
1,-3.4,GO:0045639,positive regulation of myeloid cell differentiation,M1,1,0
1,-3,GO:0060135,maternal process involved in female pregnancy,M1,1,0
1,-3.9,GO:0048568,embryonic organ development,M1,1,0
1,-2.6,GO:0006091,generation of precursor metabolites and energy,M1,1,0
1,-2.7,R-HSA-9009391,Extra-nuclear estrogen signaling,M1,1,0
1,-2.4,GO:0046545,development of primary female sexual characteristics,M1,1,0
1,-2.3,GO:0009952,anterior/posterior pattern specification,M1,1,0
1,-2,GO:0001701,in utero embryonic development,M1,1,0
1,-2.1,GO:0150063,visual system development,M1,1,0
1,-5.1,GO:0003002,regionalization,M1,1,0
1,-4,GO:1903317,regulation of protein maturation,M1,1,0
1,-2.4,GO:0044703,multi-organism reproductive process,M1,1,0
1,-3.5,WP127,IL-5 signaling pathway,M1,1,0
1,-2,GO:0035270,endocrine system development,M1,1,0
1,-2.1,R-HSA-8878166,Transcriptional regulation by RUNX2,M1,1,0
1,-2,GO:0046683,response to organophosphorus,M1,1,0
1,-2.3,GO:0000902,cell morphogenesis,M1,1,0
1,-2.5,GO:0060021,roof of mouth development,M1,1,0
1,-2.5,GO:0072001,renal system development,M1,1,0
1,-2.1,hsa04722,Neurotrophin signaling pathway,M1,1,0
1,-2.8,WP2857,Mesodermal commitment pathway,M1,1,0
1,-2.8,WP4666,Hepatitis B infection,M1,1,0
1,-2.1,GO:0050767,regulation of neurogenesis,M1,1,0
1,-3.7,hsa04710,Circadian rhythm,M1,1,0
1,-3.2,GO:0060562,epithelial tube morphogenesis,M1,1,0
1,-2.4,GO:0009416,response to light stimulus,M1,1,0
1,-2.7,GO:0062197,cellular response to chemical stress,M1,1,0
1,-4.1,R-HSA-166520,Signaling by NTRKs,M1,1,0
1,-2.3,GO:0010942,positive regulation of cell death,M1,1,0
1,-2.2,GO:0006417,regulation of translation,M1,1,0
1,-2,GO:0043065,positive regulation of apoptotic process,M1,1,0
1,-4.2,GO:0001655,urogenital system development,M1,1,0
1,-3.1,GO:0048598,embryonic morphogenesis,M1,1,0
1,-2.5,GO:0061326,renal tubule development,M1,1,0
1,-2,GO:0045596,negative regulation of cell differentiation,M1,1,0
1,-2.5,GO:0001708,cell fate specification,M1,1,0
1,-3,M186,PID PDGFRB PATHWAY,M1,1,0
1,-3.5,GO:0043009,chordate embryonic development,M1,1,0
1,-2.6,GO:0051962,positive regulation of nervous system development,M1,1,0
1,-2.2,GO:0045637,regulation of myeloid cell differentiation,M1,1,0
1,-3.3,GO:0021517,ventral spinal cord development,M1,1,0
1,-3.7,WP437,EGF/EGFR signaling pathway,M1,1,0
1,-3.7,GO:0044262,cellular carbohydrate metabolic process,M1,1,0
1,-3.7,hsa04211,Longevity regulating pathway,M1,1,0
1,-3.3,M183,PID IL6 7 PATHWAY,M1,1,0
1,-3.2,R-HSA-373760,L1CAM interactions,M1,1,0
1,-2.7,hsa05161,Hepatitis B,M1,1,0
1,-2.5,GO:0060993,kidney morphogenesis,M1,1,0
1,-2.6,GO:2000628,regulation of miRNA metabolic process,M1,1,0
1,-2.1,GO:0071901,negative regulation of protein serine/threonine kinase activity,M1,1,0
1,-5.6,GO:0060173,limb development,M1,1,0
1,-3,GO:0050769,positive regulation of neurogenesis,M1,1,0
1,-2.9,hsa04927,Cortisol synthesis and secretion,M1,1,0
1,-2.8,M295,SIG PIP3 SIGNALING IN CARDIAC MYOCTES,M1,1,0
1,-2.2,GO:0046660,female sex differentiation,M1,1,0
1,-2.8,GO:0045682,regulation of epidermis development,M1,1,0
1,-2.1,GO:0003206,cardiac chamber morphogenesis,M1,1,0
1,-2,hsa04728,Dopaminergic synapse,M1,1,0
1,-3.2,GO:0035113,embryonic appendage morphogenesis,M1,1,0
1,-5.6,GO:0007389,pattern specification process,M1,1,0
1,-2,GO:1904375,regulation of protein localization to cell periphery,M1,1,0
1,-2.5,GO:0008589,regulation of smoothened signaling pathway,M1,1,0
1,-3.7,GO:0030855,epithelial cell differentiation,M1,1,0
1,-3,GO:0032774,RNA biosynthetic process,M1,1,0
1,-2.8,M167,PID AP1 PATHWAY,M1,1,0
1,-2.3,GO:0044706,multi-multicellular organism process,M1,1,0
1,-3.8,WP4149,White fat cell differentiation,M1,1,0
1,-3.1,hsa04152,AMPK signaling pathway,M1,1,0
1,-3.9,GO:0060538,skeletal muscle organ development,M1,1,0
1,-2.8,GO:0070613,regulation of protein processing,M1,1,0
1,-5,GO:0045667,regulation of osteoblast differentiation,M1,1,0
1,-3.3,WP1541,Energy metabolism,M1,1,0
1,-3.7,GO:0006979,response to oxidative stress,M1,1,0
1,-3.7,GO:0045648,positive regulation of erythrocyte differentiation,M1,1,0
1,-2.3,GO:0005975,carbohydrate metabolic process,M1,1,0
1,-5.1,R-HSA-9031628,NGF-stimulated transcription,M1,1,0
1,-3.7,GO:0009953,dorsal/ventral pattern formation,M1,1,0
1,-3.4,GO:0021510,spinal cord development,M1,1,0
1,-4.4,R-HSA-187037,Signaling by NTRK1 (TRKA),M1,1,0
1,-2.4,GO:0099536,synaptic signaling,M1,1,0
1,-2.3,WP4321,Thermogenesis,M1,1,0
1,-2.5,GO:0007224,smoothened signaling pathway,M1,1,0
1,-3.3,hsa04931,Insulin resistance,M1,1,0
1,-2.3,GO:0001841,neural tube formation,M1,1,0
1,-3.1,GO:0007405,neuroblast proliferation,M1,1,0
1,-2.8,GO:0031400,negative regulation of protein modification process,M1,1,0
1,-2.1,GO:0098609,cell-cell adhesion,M1,1,0
1,-3.7,GO:0030522,intracellular receptor signaling pathway,M1,1,0
1,-2.6,WP5205,Clock-controlled autophagy in bone metabolism,M1,1,0
1,-2.7,GO:0045669,positive regulation of osteoblast differentiation,M1,1,0
1,-2.4,GO:0008585,female gonad development,M1,1,0
1,-2.8,GO:0071407,cellular response to organic cyclic compound,M1,1,0
1,-3.4,GO:0030900,forebrain development,M1,1,0
1,-3.5,GO:0048511,rhythmic process,M1,1,0
1,-4,GO:0001764,neuron migration,M1,1,0
1,-3.2,GO:0030326,embryonic limb morphogenesis,M1,1,0
1,-2.3,hsa04928,"Parathyroid hormone synthesis, secretion and action",M1,1,0
1,-2.3,hsa04922,Glucagon signaling pathway,M1,1,0
1,-5.7,R-HSA-198725,Nuclear Events (kinase and transcription factor activation),M1,1,0
1,-5.6,GO:0048736,appendage development,M1,1,0
1,-2.8,GO:1902893,regulation of miRNA transcription,M1,1,0
1,-2.5,GO:0001822,kidney development,M1,1,0
1,-2.3,M164,PID ERBB1 DOWNSTREAM PATHWAY,M1,1,0
1,-3.5,GO:0001763,morphogenesis of a branching structure,M1,1,0
1,-2.3,GO:1901214,regulation of neuron death,M1,1,0
1,-2.7,GO:0090596,sensory organ morphogenesis,M1,1,0
1,-3.4,GO:0071396,cellular response to lipid,M1,1,0
1,-3.4,GO:0035239,tube morphogenesis,M1,1,0
1,-2,GO:0048706,embryonic skeletal system development,M1,1,0
1,-2.8,GO:0034330,cell junction organization,M1,1,0
1,-3.9,GO:0060537,muscle tissue development,M1,1,0
1,-2.9,GO:0048754,branching morphogenesis of an epithelial tube,M1,1,0
1,-2.1,GO:0032355,response to estradiol,M1,1,0
1,-2.1,GO:0048593,camera-type eye morphogenesis,M1,1,0
1,-2.4,GO:0061351,neural precursor cell proliferation,M1,1,0
1,-4,GO:0007423,sensory organ development,M1,1,0
1,-2,GO:0072006,nephron development,M1,1,0
1,-5,GO:0035107,appendage morphogenesis,M1,1,0
1,-2,WP3915,Angiopoietin-like protein 8 regulatory pathway,M1,1,0
1,-4.1,GO:0009792,embryo development ending in birth or egg hatching,M1,1,0
1,-2.2,hsa05166,Human T-cell leukemia virus 1 infection,M1,1,0
1,-3,GO:0045604,regulation of epidermal cell differentiation,M1,1,0
1,-2.7,R-HSA-8939902,Regulation of RUNX2 expression and activity,M1,1,0
1,-3.6,GO:1901216,positive regulation of neuron death,M1,1,0
1,-2.7,WP2037,Prolactin signaling pathway,M1,1,0
1,-3.1,hsa05207,Chemical carcinogenesis - receptor activation,M1,1,0
1,-2.2,GO:0006366,transcription by RNA polymerase II,M1,1,0
1,-2.2,GO:0001501,skeletal system development,M1,1,0
1,-2.8,hsa04917,Prolactin signaling pathway,M1,1,0
