_MEMBER_MyList,_LogP_MyList,GO,Description,_PATTERN_,_RANK_,CHILD_GO_MyList
1,-5.606896754514535,GO:0032502,developmental process,M1,1,GO:0007389 pattern specification process
1,-5.450192329712182,GO:0009987,cellular process,M1,1,GO:0008283 cell population proliferation
1,-4.031718107842045,GO:0008152,metabolic process,M1,1,GO:1903317 regulation of protein maturation
1,-3.707775453961103,GO:0042592,homeostatic process,M1,1,GO:0045648 positive regulation of erythrocyte differentiation
1,-3.704830931564484,GO:0023052,signaling,M1,1,GO:0030522 intracellular receptor signaling pathway
1,-3.654079658802588,GO:0050896,response to stimulus,M1,1,GO:0006979 response to oxidative stress
1,-3.5960643119947617,GO:0048518,positive regulation of biological process,M1,1,GO:1901216 positive regulation of neuron death
1,-3.500918028234781,GO:0048511,rhythmic process,M1,1,GO:0048511 rhythmic process
1,-3.408847355683399,GO:0002376,immune system process,M1,1,GO:0045639 positive regulation of myeloid cell differentiation
1,-2.9567153185403954,GO:0022414,reproductive process,M1,1,GO:0060135 maternal process involved in female pregnancy
1,-2.839953167208671,GO:0048519,negative regulation of biological process,M1,1,GO:0031400 negative regulation of protein modification process
1,-2.459503855690086,GO:0050789,regulation of biological process,M1,1,GO:0072091 regulation of stem cell proliferation
1,-2.3860280067461166,GO:0032501,multicellular organismal process,M1,1,GO:0007610 behavior
1,-2.308832838437865,GO:0051179,localization,M1,1,GO:1903076 regulation of protein localization to plasma membrane
