_MEMBER_MyList,_LogP_MyList,GO,Description,_PATTERN_,_RANK_,GiniIndex
1,-4.4,GO:0030098,lymphocyte differentiation,M1,1,0
1,-3.6,GO:0032870,cellular response to hormone stimulus,M1,1,0
1,-2.7,GO:1901983,regulation of protein acetylation,M1,1,0
1,-4.2,GO:0009725,response to hormone,M1,1,0
1,-2,GO:0006954,inflammatory response,M1,1,0
1,-2.5,WP138,Androgen receptor signaling pathway,M1,1,0
1,-6.2,GO:0035108,limb morphogenesis,M1,1,0
1,-2.3,GO:0071772,response to BMP,M1,1,0
1,-2.5,GO:0050728,negative regulation of inflammatory response,M1,1,0
1,-3.4,GO:0045663,positive regulation of myoblast differentiation,M1,1,0
1,-5.3,GO:0045596,negative regulation of cell differentiation,M1,1,0
1,-2.1,GO:0042471,ear morphogenesis,M1,1,0
1,-5.6,GO:0048736,appendage development,M1,1,0
1,-3.2,GO:1901653,cellular response to peptide,M1,1,0
1,-2.3,GO:0033045,regulation of sister chromatid segregation,M1,1,0
1,-3.8,GO:0035115,embryonic forelimb morphogenesis,M1,1,0
1,-2,GO:0002262,myeloid cell homeostasis,M1,1,0
1,-2.8,hsa04261,Adrenergic signaling in cardiomyocytes,M1,1,0
1,-4.2,GO:0070848,response to growth factor,M1,1,0
1,-2.9,GO:0007623,circadian rhythm,M1,1,0
1,-6.7,GO:1901699,cellular response to nitrogen compound,M1,1,0
1,-2.2,GO:0006366,transcription by RNA polymerase II,M1,1,0
1,-2.9,WP2858,Ectoderm differentiation,M1,1,0
1,-5,GO:0050678,regulation of epithelial cell proliferation,M1,1,0
1,-2.7,GO:1903039,positive regulation of leukocyte cell-cell adhesion,M1,1,0
1,-2.5,WP69,T-cell receptor signaling pathway,M1,1,0
1,-2.6,GO:0050673,epithelial cell proliferation,M1,1,0
1,-3.6,WP170,Nuclear receptors,M1,1,0
1,-2,GO:0048880,sensory system development,M1,1,0
1,-2.5,GO:0030509,BMP signaling pathway,M1,1,0
1,-2.5,GO:0018022,peptidyl-lysine methylation,M1,1,0
1,-3,hsa04714,Thermogenesis,M1,1,0
1,-3.3,GO:0002263,cell activation involved in immune response,M1,1,0
1,-4.6,GO:0001775,cell activation,M1,1,0
1,-3.8,GO:0019216,regulation of lipid metabolic process,M1,1,0
1,-2.8,GO:0061061,muscle structure development,M1,1,0
1,-3.9,R-HSA-4090294,SUMOylation of intracellular receptors,M1,1,0
1,-7,GO:0007610,behavior,M1,1,0
1,-4.3,R-HSA-400206,Regulation of lipid metabolism by PPARalpha,M1,1,0
1,-5.3,WP236,Adipogenesis,M1,1,0
1,-4.1,GO:0048706,embryonic skeletal system development,M1,1,0
1,-2.4,GO:1901216,positive regulation of neuron death,M1,1,0
1,-3.8,GO:0045321,leukocyte activation,M1,1,0
1,-2.2,R-HSA-983705,Signaling by the B Cell Receptor (BCR),M1,1,0
1,-2.8,GO:0045667,regulation of osteoblast differentiation,M1,1,0
1,-2.3,GO:0071773,cellular response to BMP stimulus,M1,1,0
1,-2.1,GO:0050863,regulation of T cell activation,M1,1,0
1,-3.5,GO:0042093,T-helper cell differentiation,M1,1,0
1,-2.4,R-HSA-391251,Protein folding,M1,1,0
1,-2.4,GO:0007179,transforming growth factor beta receptor signaling pathway,M1,1,0
1,-3,hsa05163,Human cytomegalovirus infection,M1,1,0
1,-3.5,GO:0002287,alpha-beta T cell activation involved in immune response,M1,1,0
1,-3.6,GO:0007167,enzyme-linked receptor protein signaling pathway,M1,1,0
1,-2.7,GO:0071560,cellular response to transforming growth factor beta stimulus,M1,1,0
1,-2.4,GO:1902099,regulation of metaphase/anaphase transition of cell cycle,M1,1,0
1,-5.1,GO:0042110,T cell activation,M1,1,0
1,-3.5,GO:0046631,alpha-beta T cell activation,M1,1,0
1,-2.1,GO:0150063,visual system development,M1,1,0
1,-3.2,GO:0050890,cognition,M1,1,0
1,-3.5,GO:0001701,in utero embryonic development,M1,1,0
1,-2.5,GO:0018205,peptidyl-lysine modification,M1,1,0
1,-2.1,GO:0001952,regulation of cell-matrix adhesion,M1,1,0
1,-2.4,R-HSA-193704,p75 NTR receptor-mediated signalling,M1,1,0
1,-2.8,GO:0006338,chromatin remodeling,M1,1,0
1,-3.2,GO:2000378,negative regulation of reactive oxygen species metabolic process,M1,1,0
1,-2.9,hsa04915,Estrogen signaling pathway,M1,1,0
1,-3,GO:0050994,regulation of lipid catabolic process,M1,1,0
1,-4,hsa05166,Human T-cell leukemia virus 1 infection,M1,1,0
1,-3.8,WP3414,Initiation of transcription and translation elongation at the HIV-1 LTR,M1,1,0
1,-2.1,GO:0048593,camera-type eye morphogenesis,M1,1,0
1,-3,GO:2000630,positive regulation of miRNA metabolic process,M1,1,0
1,-2.1,GO:0006986,response to unfolded protein,M1,1,0
1,-2.4,hsa04925,Aldosterone synthesis and secretion,M1,1,0
1,-4.2,M254,PID MYC REPRESS PATHWAY,M1,1,0
1,-3,hsa04728,Dopaminergic synapse,M1,1,0
1,-2,GO:0009755,hormone-mediated signaling pathway,M1,1,0
1,-3.7,GO:0071363,cellular response to growth factor stimulus,M1,1,0
1,-5.6,GO:0060173,limb development,M1,1,0
1,-2.3,hsa04659,Th17 cell differentiation,M1,1,0
1,-5.5,GO:0035113,embryonic appendage morphogenesis,M1,1,0
1,-2.8,GO:1903037,regulation of leukocyte cell-cell adhesion,M1,1,0
1,-4.4,hsa04725,Cholinergic synapse,M1,1,0
1,-3.2,GO:0070482,response to oxygen levels,M1,1,0
1,-4.1,WP3668,Hypothesized pathways in pathogenesis of cardiovascular disease,M1,1,0
1,-2.6,GO:0007611,learning or memory,M1,1,0
1,-2,GO:0051983,regulation of chromosome segregation,M1,1,0
1,-2.4,WP2355,Corticotropin-releasing hormone signaling pathway,M1,1,0
1,-2.6,R-HSA-416482,G alpha (12/13) signalling events,M1,1,0
1,-4.2,hsa05200,Pathways in cancer,M1,1,0
1,-2.8,GO:1903844,regulation of cellular response to transforming growth factor beta stimulus,M1,1,0
1,-4.2,R-HSA-9614085,FOXO-mediated transcription,M1,1,0
1,-2.5,GO:2000781,positive regulation of double-strand break repair,M1,1,0
1,-2.8,GO:0046632,alpha-beta T cell differentiation,M1,1,0
1,-2.4,GO:0007420,brain development,M1,1,0
1,-2.7,GO:0002252,immune effector process,M1,1,0
1,-2.4,GO:0040017,positive regulation of locomotion,M1,1,0
1,-4,GO:1903131,mononuclear cell differentiation,M1,1,0
1,-2.5,GO:0002064,epithelial cell development,M1,1,0
1,-2.7,hsa04390,Hippo signaling pathway,M1,1,0
1,-3.3,GO:0002366,leukocyte activation involved in immune response,M1,1,0
1,-2.2,hsa04024,cAMP signaling pathway,M1,1,0
1,-4.2,R-HSA-112316,Neuronal System,M1,1,0
1,-2.3,hsa04922,Glucagon signaling pathway,M1,1,0
1,-4.5,GO:0043434,response to peptide hormone,M1,1,0
1,-4,hsa04520,Adherens junction,M1,1,0
1,-2.6,GO:0034620,cellular response to unfolded protein,M1,1,0
1,-2.5,GO:0045580,regulation of T cell differentiation,M1,1,0
1,-3.3,R-HSA-6785807,Interleukin-4 and Interleukin-13 signaling,M1,1,0
1,-2.1,GO:2000027,regulation of animal organ morphogenesis,M1,1,0
1,-5,GO:0050679,positive regulation of epithelial cell proliferation,M1,1,0
1,-2.5,GO:0090092,regulation of transmembrane receptor protein serine/threonine kinase signaling pathway,M1,1,0
1,-2.9,GO:0071375,cellular response to peptide hormone stimulus,M1,1,0
1,-4.6,GO:0044057,regulation of system process,M1,1,0
1,-2.4,GO:0022409,positive regulation of cell-cell adhesion,M1,1,0
1,-3.2,GO:0045582,positive regulation of T cell differentiation,M1,1,0
1,-3.5,GO:0070316,regulation of G0 to G1 transition,M1,1,0
1,-3.6,R-HSA-381119,Unfolded Protein Response (UPR),M1,1,0
1,-3.9,GO:0048598,embryonic morphogenesis,M1,1,0
1,-3.6,GO:0010942,positive regulation of cell death,M1,1,0
1,-3.7,GO:0097305,response to alcohol,M1,1,0
1,-2,GO:0007264,small GTPase mediated signal transduction,M1,1,0
1,-2,GO:0045739,positive regulation of DNA repair,M1,1,0
1,-3.5,GO:0030097,hemopoiesis,M1,1,0
1,-2.4,GO:0060562,epithelial tube morphogenesis,M1,1,0
1,-3.1,R-HSA-9006936,Signaling by TGFB family members,M1,1,0
1,-2.4,GO:0030308,negative regulation of cell growth,M1,1,0
1,-2.3,GO:0045619,regulation of lymphocyte differentiation,M1,1,0
1,-2.9,R-HSA-8878171,Transcriptional regulation by RUNX1,M1,1,0
1,-2.9,hsa05321,Inflammatory bowel disease,M1,1,0
1,-5.1,GO:0030534,adult behavior,M1,1,0
1,-2.3,GO:0099173,postsynapse organization,M1,1,0
1,-5.5,GO:1901652,response to peptide,M1,1,0
1,-2.9,WP2849,Hematopoietic stem cell differentiation,M1,1,0
1,-3,GO:0030855,epithelial cell differentiation,M1,1,0
1,-2.3,WP3594,Circadian rhythm genes,M1,1,0
1,-2.5,GO:0046890,regulation of lipid biosynthetic process,M1,1,0
1,-3.4,GO:0002521,leukocyte differentiation,M1,1,0
1,-3.3,M288,PID HES HEY PATHWAY,M1,1,0
1,-2.4,GO:0035967,cellular response to topologically incorrect protein,M1,1,0
1,-3.1,GO:0002694,regulation of leukocyte activation,M1,1,0
1,-3.5,WP23,B cell receptor signaling pathway,M1,1,0
1,-4.8,WP706,Sudden infant death syndrome (SIDS) susceptibility pathways,M1,1,0
1,-2.4,GO:0030218,erythrocyte differentiation,M1,1,0
1,-2,GO:0043065,positive regulation of apoptotic process,M1,1,0
1,-4.7,R-HSA-9614657,FOXO-mediated transcription of cell death genes,M1,1,0
1,-2.6,M2,PID SMAD2 3NUCLEAR PATHWAY,M1,1,0
1,-2.1,GO:0032943,mononuclear cell proliferation,M1,1,0
1,-2.3,R-HSA-449147,Signaling by Interleukins,M1,1,0
1,-5,GO:0035136,forelimb morphogenesis,M1,1,0
1,-5.2,GO:0048562,embryonic organ morphogenesis,M1,1,0
1,-3.1,hsa05207,Chemical carcinogenesis - receptor activation,M1,1,0
1,-3.2,R-HSA-372790,Signaling by GPCR,M1,1,0
1,-2.4,GO:1902105,regulation of leukocyte differentiation,M1,1,0
1,-6.2,GO:0071417,cellular response to organonitrogen compound,M1,1,0
1,-2.8,R-HSA-8957322,Metabolism of steroids,M1,1,0
1,-4.1,GO:0009792,embryo development ending in birth or egg hatching,M1,1,0
1,-4.6,GO:0046649,lymphocyte activation,M1,1,0
1,-2,GO:0072006,nephron development,M1,1,0
1,-2.6,GO:0007423,sensory organ development,M1,1,0
1,-2.9,GO:0006325,chromatin organization,M1,1,0
1,-3.4,GO:0051568,histone H3-K4 methylation,M1,1,0
1,-2.1,GO:0034330,cell junction organization,M1,1,0
1,-2.3,hsa04931,Insulin resistance,M1,1,0
1,-3.4,GO:0002292,T cell differentiation involved in immune response,M1,1,0
1,-2.6,GO:0001503,ossification,M1,1,0
1,-2.9,hsa04927,Cortisol synthesis and secretion,M1,1,0
1,-4,GO:0051251,positive regulation of lymphocyte activation,M1,1,0
1,-2.4,GO:2000147,positive regulation of cell motility,M1,1,0
1,-3.4,GO:1903708,positive regulation of hemopoiesis,M1,1,0
1,-3.3,GO:0045664,regulation of neuron differentiation,M1,1,0
1,-2.7,WP3584,MECP2 and associated Rett syndrome,M1,1,0
1,-3.1,R-HSA-6794361,Neurexins and neuroligins,M1,1,0
1,-3,WP4879,Overlap between signal transduction pathways contributing to LMNA laminopathies,M1,1,0
1,-3.1,GO:0042060,wound healing,M1,1,0
1,-2.6,M195,PID CMYB PATHWAY,M1,1,0
1,-4.5,R-HSA-1655829,Regulation of cholesterol biosynthesis by SREBP (SREBF),M1,1,0
1,-2.4,GO:0007631,feeding behavior,M1,1,0
1,-2.5,GO:0045216,cell-cell junction organization,M1,1,0
1,-2.2,GO:0061448,connective tissue development,M1,1,0
1,-3.3,M60,PID NFAT TFPATHWAY,M1,1,0
1,-2.9,GO:0035710,"CD4-positive, alpha-beta T cell activation",M1,1,0
1,-3.2,GO:0030968,endoplasmic reticulum unfolded protein response,M1,1,0
1,-2.3,GO:0034101,erythrocyte homeostasis,M1,1,0
1,-2.3,GO:1901214,regulation of neuron death,M1,1,0
1,-2.6,GO:0002286,T cell activation involved in immune response,M1,1,0
1,-2.8,GO:0051249,regulation of lymphocyte activation,M1,1,0
1,-5.8,hsa04928,"Parathyroid hormone synthesis, secretion and action",M1,1,0
1,-2.5,GO:0051056,regulation of small GTPase mediated signal transduction,M1,1,0
1,-2.8,GO:0050870,positive regulation of T cell activation,M1,1,0
1,-4,GO:2000819,regulation of nucleotide-excision repair,M1,1,0
1,-4.3,WP4816,TGF-beta receptor signaling in skeletal dysplasias,M1,1,0
1,-2,GO:0045165,cell fate commitment,M1,1,0
1,-3.4,GO:1902107,positive regulation of leukocyte differentiation,M1,1,0
1,-4.7,WP2064,Neural crest differentiation,M1,1,0
1,-2.2,GO:0042752,regulation of circadian rhythm,M1,1,0
1,-2,hsa04926,Relaxin signaling pathway,M1,1,0
1,-2.5,GO:0030071,regulation of mitotic metaphase/anaphase transition,M1,1,0
1,-2.5,GO:0080135,regulation of cellular response to stress,M1,1,0
1,-2.7,R-HSA-204998,"Cell death signalling via NRAGE, NRIF and NADE",M1,1,0
1,-3.3,R-HSA-2173789,TGF-beta receptor signaling activates SMADs,M1,1,0
1,-2.7,hsa04934,Cushing syndrome,M1,1,0
1,-2.1,GO:0098660,inorganic ion transmembrane transport,M1,1,0
1,-2.8,GO:0007612,learning,M1,1,0
1,-3.6,R-HSA-388396,GPCR downstream signalling,M1,1,0
1,-3,GO:2000779,regulation of double-strand break repair,M1,1,0
1,-2.1,GO:0046651,lymphocyte proliferation,M1,1,0
1,-3.3,GO:0007626,locomotory behavior,M1,1,0
1,-3.2,WP3888,VEGFA-VEGFR2 signaling pathway,M1,1,0
1,-2.3,GO:0045785,positive regulation of cell adhesion,M1,1,0
1,-4.4,GO:0048511,rhythmic process,M1,1,0
1,-3.9,GO:0048568,embryonic organ development,M1,1,0
1,-2.4,R-HSA-2990846,SUMOylation,M1,1,0
1,-4.3,R-HSA-1989781,PPARA activates gene expression,M1,1,0
1,-2.1,hsa04080,Neuroactive ligand-receptor interaction,M1,1,0
1,-3.8,GO:2000628,regulation of miRNA metabolic process,M1,1,0
1,-3.1,GO:0032330,regulation of chondrocyte differentiation,M1,1,0
1,-2.6,GO:1902532,negative regulation of intracellular signal transduction,M1,1,0
1,-4.2,GO:0043009,chordate embryonic development,M1,1,0
1,-3.2,GO:1902895,positive regulation of miRNA transcription,M1,1,0
1,-2.7,hsa05161,Hepatitis B,M1,1,0
1,-3.3,GO:0048701,embryonic cranial skeleton morphogenesis,M1,1,0
1,-3.6,GO:0002696,positive regulation of leukocyte activation,M1,1,0
1,-4.5,WP4321,Thermogenesis,M1,1,0
1,-5,CORUM:189,BAF complex,M1,1,0
1,-2.2,GO:0006282,regulation of DNA repair,M1,1,0
1,-3,GO:0045668,negative regulation of osteoblast differentiation,M1,1,0
1,-2.1,GO:0006979,response to oxidative stress,M1,1,0
1,-2.1,hsa04152,AMPK signaling pathway,M1,1,0
1,-5.4,M167,PID AP1 PATHWAY,M1,1,0
1,-2.8,GO:0050865,regulation of cell activation,M1,1,0
1,-2.8,GO:0017015,regulation of transforming growth factor beta receptor signaling pathway,M1,1,0
1,-3,GO:0008277,regulation of G protein-coupled receptor signaling pathway,M1,1,0
1,-2.2,GO:0022407,regulation of cell-cell adhesion,M1,1,0
1,-3.2,GO:0030278,regulation of ossification,M1,1,0
1,-4.6,GO:0030217,T cell differentiation,M1,1,0
1,-2.7,GO:0061035,regulation of cartilage development,M1,1,0
1,-2.4,GO:0009611,response to wounding,M1,1,0
1,-2.2,GO:0035239,tube morphogenesis,M1,1,0
1,-2.2,GO:0001501,skeletal system development,M1,1,0
1,-3,R-HSA-193648,NRAGE signals death through JNK,M1,1,0
1,-3.6,R-HSA-170834,Signaling by TGF-beta Receptor Complex,M1,1,0
1,-2.9,GO:0031056,regulation of histone modification,M1,1,0
1,-4,GO:0001649,osteoblast differentiation,M1,1,0
1,-2,GO:0006820,monoatomic anion transport,M1,1,0
1,-3.3,GO:1903706,regulation of hemopoiesis,M1,1,0
1,-2,GO:0033044,regulation of chromosome organization,M1,1,0
1,-2.1,GO:0042476,odontogenesis,M1,1,0
1,-2.8,GO:0040029,epigenetic regulation of gene expression,M1,1,0
1,-2.8,GO:0051098,regulation of binding,M1,1,0
1,-6.2,GO:0035107,appendage morphogenesis,M1,1,0
1,-2.7,hsa04971,Gastric acid secretion,M1,1,0
1,-2.7,GO:0030099,myeloid cell differentiation,M1,1,0
1,-2.8,GO:0090257,regulation of muscle system process,M1,1,0
1,-2.4,GO:0019218,regulation of steroid metabolic process,M1,1,0
1,-3,WP366,TGF-beta signaling pathway,M1,1,0
1,-2.2,GO:0043583,ear development,M1,1,0
1,-2.4,hsa04658,Th1 and Th2 cell differentiation,M1,1,0
1,-2.5,hsa05034,Alcoholism,M1,1,0
1,-3.1,R-HSA-416476,G alpha (q) signalling events,M1,1,0
1,-3.2,WP4659,Gastrin signaling pathway,M1,1,0
1,-3.1,GO:0035065,regulation of histone acetylation,M1,1,0
1,-3.2,R-HSA-383280,Nuclear Receptor transcription pathway,M1,1,0
1,-2.8,GO:0034968,histone lysine methylation,M1,1,0
1,-4,M145,PID P53 DOWNSTREAM PATHWAY,M1,1,0
1,-5.3,GO:0007178,transmembrane receptor protein serine/threonine kinase signaling pathway,M1,1,0
1,-3.7,GO:0050804,modulation of chemical synaptic transmission,M1,1,0
1,-3,GO:0002285,lymphocyte activation involved in immune response,M1,1,0
1,-4.5,WP560,TGF-beta receptor signaling,M1,1,0
1,-2.3,GO:0043010,camera-type eye development,M1,1,0
1,-2.5,R-HSA-3108232,SUMO E3 ligases SUMOylate target proteins,M1,1,0
1,-4,GO:0045661,regulation of myoblast differentiation,M1,1,0
1,-4,GO:0042391,regulation of membrane potential,M1,1,0
1,-4.9,R-HSA-2426168,Activation of gene expression by SREBF (SREBP),M1,1,0
1,-3.5,GO:0050867,positive regulation of cell activation,M1,1,0
1,-2.5,R-HSA-6794362,Protein-protein interactions at synapses,M1,1,0
1,-5.6,M28,PID IL4 2PATHWAY,M1,1,0
1,-2.1,GO:0001654,eye development,M1,1,0
1,-3.1,R-HSA-8878166,Transcriptional regulation by RUNX2,M1,1,0
1,-2.6,GO:0071559,response to transforming growth factor beta,M1,1,0
1,-2.3,WP4172,PI3K-Akt signaling pathway,M1,1,0
1,-3.5,GO:0001666,response to hypoxia,M1,1,0
1,-3.7,GO:0099177,regulation of trans-synaptic signaling,M1,1,0
1,-2.5,GO:0030335,positive regulation of cell migration,M1,1,0
1,-2.8,WP4666,Hepatitis B infection,M1,1,0
1,-3.8,GO:0090287,regulation of cellular response to growth factor stimulus,M1,1,0
1,-2.2,GO:0003013,circulatory system process,M1,1,0
1,-4,GO:0032922,circadian regulation of gene expression,M1,1,0
1,-4,GO:0010720,positive regulation of cell development,M1,1,0
1,-4,GO:0008283,cell population proliferation,M1,1,0
1,-2.4,GO:0002009,morphogenesis of an epithelium,M1,1,0
1,-3.2,GO:0043367,"CD4-positive, alpha-beta T cell differentiation",M1,1,0
1,-3.5,GO:0002293,alpha-beta T cell differentiation involved in immune response,M1,1,0
1,-3.3,GO:0035094,response to nicotine,M1,1,0
1,-2.2,hsa04151,PI3K-Akt signaling pathway,M1,1,0
1,-2.5,GO:0016571,histone methylation,M1,1,0
1,-2.7,R-HSA-3247509,Chromatin modifying enzymes,M1,1,0
1,-7.1,WP3651,Pathways affected in adenoid cystic carcinoma,M1,1,0
1,-2.5,R-HSA-1280215,Cytokine Signaling in Immune system,M1,1,0
1,-2.5,GO:0008217,regulation of blood pressure,M1,1,0
1,-2.5,GO:0008589,regulation of smoothened signaling pathway,M1,1,0
1,-3,GO:0045621,positive regulation of lymphocyte differentiation,M1,1,0
1,-3,WP3527,Pre-implantation embryo,M1,1,0
1,-3,GO:0048705,skeletal system morphogenesis,M1,1,0
1,-6.6,hsa05202,Transcriptional misregulation in cancer,M1,1,0
1,-4.2,GO:0045471,response to ethanol,M1,1,0
1,-2.5,GO:0035264,multicellular organism growth,M1,1,0
1,-2.5,GO:0051054,positive regulation of DNA metabolic process,M1,1,0
1,-4.9,WP289,Myometrial relaxation and contraction pathways,M1,1,0
1,-3.1,GO:0032868,response to insulin,M1,1,0
1,-2,GO:0045926,negative regulation of growth,M1,1,0
1,-3.4,GO:0036293,response to decreased oxygen levels,M1,1,0
1,-2.7,GO:0051052,regulation of DNA metabolic process,M1,1,0
1,-3.8,GO:0031644,regulation of nervous system process,M1,1,0
1,-2,GO:0001889,liver development,M1,1,0
1,-3.5,GO:0002294,"CD4-positive, alpha-beta T cell differentiation involved in immune response",M1,1,0
1,-5.5,GO:0030326,embryonic limb morphogenesis,M1,1,0
1,-2.7,GO:0030522,intracellular receptor signaling pathway,M1,1,0
1,-4.1,GO:1902893,regulation of miRNA transcription,M1,1,0
1,-2.7,GO:0019233,sensory perception of pain,M1,1,0
1,-2.7,GO:1904888,cranial skeletal system development,M1,1,0
1,-2.9,GO:2000756,regulation of peptidyl-lysine acetylation,M1,1,0
1,-4.3,GO:0071407,cellular response to organic cyclic compound,M1,1,0
1,-2.3,GO:0030512,negative regulation of transforming growth factor beta receptor signaling pathway,M1,1,0
1,-2.7,R-HSA-4839726,Chromatin organization,M1,1,0
1,-2.7,GO:0090596,sensory organ morphogenesis,M1,1,0
1,-4.8,GO:0048704,embryonic skeletal system morphogenesis,M1,1,0
1,-4.2,M255,PID HIF1 TFPATHWAY,M1,1,0
1,-2.7,R-HSA-8939902,Regulation of RUNX2 expression and activity,M1,1,0
1,-2,GO:0016570,histone modification,M1,1,0
1,-2.3,R-HSA-1296071,Potassium Channels,M1,1,0
1,-3.5,hsa04350,TGF-beta signaling pathway,M1,1,0
1,-2.3,GO:0030001,metal ion transport,M1,1,0
1,-2.6,hsa05225,Hepatocellular carcinoma,M1,1,0
1,-3.2,R-HSA-5663202,Diseases of signal transduction by growth factor receptors and second messengers,M1,1,0
