_MEMBER_MyList,_LogP_MyList,GO,_PATTERN_,_RANK_,GiniIndex,Category,CategoryID,Description,PARENT_GO,LogP,Enrichment,Z-score,#TotalGeneInLibrary,#GeneInGO,#GeneInHitList,#GeneInGOAndHitList,%InGO,STDV %InGO,GeneID,Hits,Log(q-value),EvidenceCutoff
1,-5.3,M41700,M1,1,0,Cell Type Signatures,7,TRAVAGLINI LUNG OLR1 CLASSICAL MONOCYTE CELL,,-5.3,4,5.9,30169,726,155,15,9.7,2.4,19|602|1848|1977|2495|4502|4973|5141|5806|6348|6611|7850|10645|23429|27180,ABCA1|BCL3|DUSP6|EIF4E|FTH1|MT2A|OLR1|PDE4A|PTX3|CCL3|SMS|IL1R2|CAMKK2|RYBP|SIGLEC9,-1.8,0
1,-3.7,M41698,M1,1,0,Cell Type Signatures,7,TRAVAGLINI LUNG TREM2 DENDRITIC CELL,,-3.7,3.7,4.8,30169,572,155,11,7.1,2.1,307|2213|2495|3689|4035|4973|5468|6611|7905|8804|654817,ANXA4|FCGR2B|FTH1|ITGB2|LRP1|OLR1|PPARG|SMS|REEP5|CREG1|NCF1C,-1,0
1,-3.7,M41697,M1,1,0,Cell Type Signatures,7,TRAVAGLINI LUNG EREG DENDRITIC CELL,,-3.7,3.7,4.7,30169,579,155,11,7.1,2.1,19|602|1848|2213|2495|4502|4973|5141|6385|7850|9770,ABCA1|BCL3|DUSP6|FCGR2B|FTH1|MT2A|OLR1|PDE4A|SDC4|IL1R2|RASSF2,-1,0
1,-3.5,M39160,M1,1,0,Cell Type Signatures,7,GAO LARGE INTESTINE 24W C11 PANETH LIKE CELL,,-3.5,4.8,4.9,30169,325,155,8,5.2,1.8,19|1848|3689|5880|6348|7850|8804|27128,ABCA1|DUSP6|ITGB2|RAC2|CCL3|IL1R2|CREG1|CYTH4,-0.92,0
1,-3.3,M40138,M1,1,0,Cell Type Signatures,7,DESCARTES MAIN FETAL PARIETAL AND CHIEF CELLS,,-3.3,7.8,5.5,30169,125,155,5,3.2,1.4,2523|3773|3927|6780|23673,FUT1|KCNJ16|LASP1|STAU1|STX12,-0.82,0
1,-3,M39068,M1,1,0,Cell Type Signatures,7,MANNO MIDBRAIN NEUROTYPES HDA1,,-3,3.3,4.1,30169,584,155,10,6.5,2,2566|2775|3831|5578|5806|7275|8997|9900|54874|126567,GABRG2|GNAO1|KLC1|PRKCA|PTX3|TUB|KALRN|SV2A|FNBP1L|C2CD4C,-0.65,0
1,-2.9,M39069,M1,1,0,Cell Type Signatures,7,MANNO MIDBRAIN NEUROTYPES HDA2,,-2.9,3.4,4,30169,513,155,9,5.8,1.9,2566|2775|3831|5578|6854|7275|9900|54874|140689,GABRG2|GNAO1|KLC1|PRKCA|SYN2|TUB|SV2A|FNBP1L|CBLN4,-0.54,0
1,-2.8,M39224,M1,1,0,Cell Type Signatures,7,LAKE ADULT KIDNEY C5 PROXIMAL TUBULE EPITHELIAL CELLS STRESS INFLAM,,-2.8,3.7,4,30169,417,155,8,5.2,1.8,4779|5447|9104|9584|23112|23245|79058|140733,NFE2L1|POR|RGN|RBM39|TNRC6B|ASTN2|ASPSCR1|MACROD2,-0.52,0
1,-2.7,M39037,M1,1,0,Cell Type Signatures,7,FAN EMBRYONIC CTX OLIG,,-2.7,2.8,3.7,30169,754,155,11,7.1,2.1,666|3949|9770|10085|23429|28969|59338|64077|90338|114907|170692,BOK|LDLR|RASSF2|EDIL3|RYBP|BZW2|PLEKHA1|LHPP|ZNF160|FBXO32|ADAMTS18,-0.47,0
1,-2.7,M39209,M1,1,0,Cell Type Signatures,7,HAY BONE MARROW STROMAL,,-2.7,2.8,3.6,30169,765,155,11,7.1,2.1,2762|3949|4502|5468|5806|7424|10085|10736|23194|55740|79987,GMDS|LDLR|MT2A|PPARG|PTX3|VEGFC|EDIL3|SIX2|FBXL7|ENAH|SVEP1,-0.46,0
1,-2.6,M39295,M1,1,0,Cell Type Signatures,7,DURANTE ADULT OLFACTORY NEUROEPITHELIUM OLFACTORY MICROVILLAR CELLS,,-2.6,11,5.2,30169,53,155,3,1.9,1.1,307|6611|51280,ANXA4|SMS|GOLM1,-0.42,0
1,-2.6,M39166,M1,1,0,Cell Type Signatures,7,GAO LARGE INTESTINE ADULT CI MESENCHYMAL CELLS,,-2.6,3.8,3.8,30169,361,155,7,4.5,1.7,860|2213|3689|8514|9447|27128|654817,RUNX2|FCGR2B|ITGB2|KCNAB2|AIM2|CYTH4|NCF1C,-0.41,0
1,-2.6,M39050,M1,1,0,Cell Type Signatures,7,MANNO MIDBRAIN NEUROTYPES HPERIC,,-2.6,2.7,3.5,30169,795,155,11,7.1,2.1,19|307|602|4035|4502|4668|7225|8625|9457|79987|170692,ABCA1|ANXA4|BCL3|LRP1|MT2A|NAGA|TRPC6|RFXANK|FHL5|SVEP1|ADAMTS18,-0.41,0
1,-2.5,M39066,M1,1,0,Cell Type Signatures,7,MANNO MIDBRAIN NEUROTYPES HNBML5,,-2.5,3.3,3.7,30169,465,155,8,5.2,1.8,2566|2775|3831|8997|9900|28969|64919|140689,GABRG2|GNAO1|KLC1|KALRN|SV2A|BZW2|BCL11B|CBLN4,-0.4,0
1,-2.5,M40006,M1,1,0,Cell Type Signatures,7,BUSSLINGER GASTRIC CHIEF CELLS,,-2.5,10,5.1,30169,56,155,3,1.9,1.1,2495|4502|55740,FTH1|MT2A|ENAH,-0.38,0
1,-2.5,M39051,M1,1,0,Cell Type Signatures,7,MANNO MIDBRAIN NEUROTYPES HMGL,,-2.5,3,3.5,30169,577,155,9,5.8,1.9,307|602|3689|4668|4973|5578|6348|8804|27128,ANXA4|BCL3|ITGB2|NAGA|OLR1|PRKCA|CCL3|CREG1|CYTH4,-0.38,0
1,-2.5,M39204,M1,1,0,Cell Type Signatures,7,HAY BONE MARROW NK CELLS,,-2.5,3.7,3.7,30169,370,155,7,4.5,1.7,666|2064|3689|5880|6348|9584|59338,BOK|ERBB2|ITGB2|RAC2|CCL3|RBM39|PLEKHA1,-0.38,0
1,-2.5,M39227,M1,1,0,Cell Type Signatures,7,LAKE ADULT KIDNEY C8 DECENDING THIN LIMB,,-2.5,4.2,3.9,30169,278,155,6,3.9,1.5,1848|2495|4502|7905|10085|59338,DUSP6|FTH1|MT2A|REEP5|EDIL3|PLEKHA1,-0.37,0
1,-2.5,M39070,M1,1,0,Cell Type Signatures,7,MANNO MIDBRAIN NEUROTYPES HNBGABA,,-2.5,2.8,3.4,30169,703,155,10,6.5,2,2566|2775|3831|6854|9900|10085|54874|59338|64919|140689,GABRG2|GNAO1|KLC1|SYN2|SV2A|EDIL3|FNBP1L|PLEKHA1|BCL11B|CBLN4,-0.34,0
1,-2.4,M41692,M1,1,0,Cell Type Signatures,7,TRAVAGLINI LUNG MACROPHAGE CELL,,-2.4,4.8,3.9,30169,201,155,5,3.2,1.4,2495|4035|4973|5468|6385,FTH1|LRP1|OLR1|PPARG|SDC4,-0.33,0
1,-2.4,M39242,M1,1,0,Cell Type Signatures,7,LAKE ADULT KIDNEY C23 ENDOTHELIAL CELLS AVR,,-2.4,6.2,4.2,30169,126,155,4,2.6,1.3,2495|4502|8997|23194,FTH1|MT2A|KALRN|FBXL7,-0.32,0
1,-2.4,M39121,M1,1,0,Cell Type Signatures,7,AIZARANI LIVER C20 LSECS 3,,-2.4,4,3.7,30169,295,155,6,3.9,1.5,1848|8975|23268|23673|23683|90338,DUSP6|USP13|DNMBP|STX12|PRKD3|ZNF160,-0.3,0
1,-2.3,M39139,M1,1,0,Cell Type Signatures,7,GAO ESOPHAGUS 25W C4 FGFR1HIGH EPITHELIAL CELLS,,-2.3,4.7,3.8,30169,208,155,5,3.2,1.4,1399|2846|3931|6940|79987,CRKL|LPAR4|LCAT|ZNF354A|SVEP1,-0.3,0
1,-2.3,M41690,M1,1,0,Cell Type Signatures,7,TRAVAGLINI LUNG BASOPHIL MAST 2 CELL,,-2.3,3.1,3.4,30169,502,155,8,5.2,1.8,19|307|602|1848|2495|5141|5578|9584,ABCA1|ANXA4|BCL3|DUSP6|FTH1|PDE4A|PRKCA|RBM39,-0.29,0
1,-2.3,M40249,M1,1,0,Cell Type Signatures,7,DESCARTES FETAL LUNG VISCERAL NEURONS,,-2.3,4.6,3.8,30169,212,155,5,3.2,1.4,39|1745|6854|23245|64377,ACAT2|DLX1|SYN2|ASTN2|CHST8,-0.28,0
1,-2.3,M40221,M1,1,0,Cell Type Signatures,7,DESCARTES FETAL KIDNEY MYELOID CELLS,,-2.3,4.6,3.8,30169,213,155,5,3.2,1.4,19|4973|7850|27128|27180,ABCA1|OLR1|IL1R2|CYTH4|SIGLEC9,-0.28,0
1,-2.3,M40005,M1,1,0,Cell Type Signatures,7,BUSSLINGER ESOPHAGEAL DENDRITIC CELLS,,-2.3,4.5,3.7,30169,214,155,5,3.2,1.4,2495|3689|5141|9770|23429,FTH1|ITGB2|PDE4A|RASSF2|RYBP,-0.28,0
1,-2.3,M41667,M1,1,0,Cell Type Signatures,7,TRAVAGLINI LUNG CAPILLARY INTERMEDIATE 2 CELL,,-2.3,3.3,3.4,30169,408,155,7,4.5,1.7,2495|2971|4502|23568|51290|54874|124446,FTH1|GTF3A|MT2A|ARL2BP|ERGIC2|FNBP1L|TMEM219,-0.27,0
1,-2.3,M39241,M1,1,0,Cell Type Signatures,7,LAKE ADULT KIDNEY C22 ENDOTHELIAL CELLS GLOMERULAR CAPILLARIES,,-2.3,5.7,3.9,30169,137,155,4,2.6,1.3,5578|8997|23194|140733,PRKCA|KALRN|FBXL7|MACROD2,-0.26,0
1,-2.3,M39111,M1,1,0,Cell Type Signatures,7,AIZARANI LIVER C7 EPCAM POS BILE DUCT CELLS 2,,-2.3,4.4,3.7,30169,219,155,5,3.2,1.4,307|3773|6385|51280|55740,ANXA4|KCNJ16|SDC4|GOLM1|ENAH,-0.26,0
1,-2.2,M39124,M1,1,0,Cell Type Signatures,7,AIZARANI LIVER C23 KUPFFER CELLS 3,,-2.2,4.4,3.6,30169,221,155,5,3.2,1.4,1848|2495|3689|7850|9770,DUSP6|FTH1|ITGB2|IL1R2|RASSF2,-0.25,0
1,-2.2,M40157,M1,1,0,Cell Type Signatures,7,DESCARTES FETAL CEREBELLUM MICROGLIA,,-2.2,2.7,3.2,30169,642,155,9,5.8,1.9,307|2213|3689|4973|5468|5880|8804|27128|27180,ANXA4|FCGR2B|ITGB2|OLR1|PPARG|RAC2|CREG1|CYTH4|SIGLEC9,-0.23,0
1,-2.2,M39294,M1,1,0,Cell Type Signatures,7,DURANTE ADULT OLFACTORY NEUROEPITHELIUM MAST CELLS,,-2.2,7.8,4.2,30169,75,155,3,1.9,1.1,1848|2495|5880,DUSP6|FTH1|RAC2,-0.2,0
1,-2.1,M39064,M1,1,0,Cell Type Signatures,7,MANNO MIDBRAIN NEUROTYPES HNBML1,,-2.1,3.6,3.4,30169,328,155,6,3.9,1.5,2566|3831|9900|10085|28969|126567,GABRG2|KLC1|SV2A|EDIL3|BZW2|C2CD4C,-0.2,0
1,-2.1,M39077,M1,1,0,Cell Type Signatures,7,ZHONG PFC MAJOR TYPES MICROGLIA,,-2.1,3.1,3.2,30169,438,155,7,4.5,1.7,307|3689|4668|4973|6348|8804|27128,ANXA4|ITGB2|NAGA|OLR1|CCL3|CREG1|CYTH4,-0.18,0
1,-2.1,M40187,M1,1,0,Cell Type Signatures,7,DESCARTES FETAL EYE MICROGLIA,,-2.1,5.2,3.7,30169,151,155,4,2.6,1.3,860|3689|4973|27128,RUNX2|ITGB2|OLR1|CYTH4,-0.17,0
1,-2.1,M39065,M1,1,0,Cell Type Signatures,7,MANNO MIDBRAIN NEUROTYPES HRN,,-2.1,3.5,3.3,30169,335,155,6,3.9,1.5,2566|3831|6940|9900|10085|28969,GABRG2|KLC1|ZNF354A|SV2A|EDIL3|BZW2,-0.17,0
1,-2.1,M39269,M1,1,0,Cell Type Signatures,7,HU FETAL RETINA RGC,,-2.1,3.1,3.2,30169,443,155,7,4.5,1.7,39|2775|2821|3831|6611|10085|54874,ACAT2|GNAO1|GPI|KLC1|SMS|EDIL3|FNBP1L,-0.16,0
1,-2,M39287,M1,1,0,Cell Type Signatures,7,DURANTE ADULT OLFACTORY NEUROEPITHELIUM NK CELLS,,-2,7,3.9,30169,84,155,3,1.9,1.1,3689|5880|6348,ITGB2|RAC2|CCL3,-0.14,0
1,-2,M40010,M1,1,0,Cell Type Signatures,7,BUSSLINGER GASTRIC ISTHMUS CELLS,,-2,3,3.1,30169,458,155,7,4.5,1.7,2762|3927|3949|5468|6385|7850|29927,GMDS|LASP1|LDLR|PPARG|SDC4|IL1R2|SEC61A1,-0.13,0
1,-2,M39248,M1,1,0,Cell Type Signatures,7,LAKE ADULT KIDNEY C29 UNKNOWN NOVEL PT CFH POS SUBPOPULATION S2,,-2,6.8,3.9,30169,86,155,3,1.9,1.1,10085|23194|140733,EDIL3|FBXL7|MACROD2,-0.13,0
