_MEMBER_MyList,_LogP_MyList,GO,_PATTERN_,_RANK_,GiniIndex,Category,CategoryID,Description,PARENT_GO,LogP,Enrichment,Z-score,#TotalGeneInLibrary,#GeneInGO,#GeneInHitList,#GeneInGOAndHitList,%InGO,STDV %InGO,GeneID,Hits,Log(q-value),EvidenceCutoff
1,-6.1,C0037274,M1,1,0,DisGeNET,35,Dermatologic disorders,,-6.1,4.7,6.7,30169,616,155,15,9.7,2.4,2064|2213|2282|3689|4035|4973|5141|5468|5806|6385|7275|7424|8975|9447|50604,ERBB2|FCGR2B|FKBP1AP1|ITGB2|LRP1|OLR1|PDE4A|PPARG|PTX3|SDC4|TUB|VEGFC|USP13|AIM2|IL20,-2,0
1,-6,C1319315,M1,1,0,DisGeNET,35,Adenocarcinoma of large intestine,,-6,5,6.8,30169,543,155,14,9,2.3,657|860|1395|1977|2064|2324|4035|5426|5468|5578|7225|10645|27035|143689,BMPR1A|RUNX2|CRHR2|EIF4E|ERBB2|FLT4|LRP1|POLE|PPARG|PRKCA|TRPC6|CAMKK2|NOX1|PIWIL4,-2,0
1,-6,C4048329,M1,1,0,DisGeNET,35,Immunosuppression,,-6,4.6,6.6,30169,632,155,15,9.7,2.4,19|1977|2064|2213|2523|3689|4035|4668|5141|5468|5578|6348|9104|9447|29927,ABCA1|EIF4E|ERBB2|FCGR2B|FUT1|ITGB2|LRP1|NAGA|PDE4A|PPARG|PRKCA|CCL3|RGN|AIM2|SEC61A1,-2,0
1,-5.9,C0020445,M1,1,0,DisGeNET,35,"Hypercholesterolemia, Familial",,-5.9,8.6,7.8,30169,203,155,9,5.8,1.9,19|2495|3689|3931|3949|4035|4973|5141|5447,ABCA1|FTH1|ITGB2|LCAT|LDLR|LRP1|OLR1|PDE4A|POR,-2,0
1,-5.8,C0151650,M1,1,0,DisGeNET,35,Renal fibrosis,,-5.8,4.8,6.5,30169,570,155,14,9,2.3,602|1241|2064|2324|5073|5141|5468|5578|5806|6348|7225|7483|9759|55201,BCL3|LTB4R|ERBB2|FLT4|PARN|PDE4A|PPARG|PRKCA|PTX3|CCL3|TRPC6|WNT9A|HDAC4|MAP1S,-2,0
1,-5.6,C1836542,M1,1,0,DisGeNET,35,Depressed nasal bridge,,-5.6,5.5,6.7,30169,426,155,12,7.7,2.1,657|860|1848|2775|4668|5426|5447|7862|8260|8514|9759|10736,BMPR1A|RUNX2|DUSP6|GNAO1|NAGA|POLE|POR|BRPF1|NAA10|KCNAB2|HDAC4|SIX2,-1.9,0
1,-5.5,C3714636,M1,1,0,DisGeNET,35,Pneumonitis,,-5.5,4.2,6.1,30169,696,155,15,9.7,2.4,19|1241|2064|2213|3689|5141|5468|5578|5806|6348|6385|7850|8975|9447|50604,ABCA1|LTB4R|ERBB2|FCGR2B|ITGB2|PDE4A|PPARG|PRKCA|PTX3|CCL3|SDC4|IL1R2|USP13|AIM2|IL20,-1.9,0
1,-5.5,C0004936,M1,1,0,DisGeNET,35,Mental disorders,,-5.5,3.9,6,30169,789,155,16,10,2.4,2064|2324|3839|4035|5073|5141|5297|5578|6611|7225|9457|9759|9900|23245|51008|140733,ERBB2|FLT4|KPNA3|LRP1|PARN|PDE4A|PI4KA|PRKCA|SMS|TRPC6|FHL5|HDAC4|SV2A|ASTN2|ASCC1|MACROD2,-1.9,0
1,-5.4,C0020459,M1,1,0,DisGeNET,35,Hyperinsulinism,,-5.4,4.4,6.1,30169,620,155,14,9,2.3,19|2064|2971|3949|4502|5468|5578|6348|6834|7275|23370|23568|27035|79058,ABCA1|ERBB2|GTF3A|LDLR|MT2A|PPARG|PRKCA|CCL3|SURF1|TUB|ARHGEF18|ARL2BP|NOX1|ASPSCR1,-1.8,0
1,-5.2,C0041696,M1,1,0,DisGeNET,35,Unipolar Depression,,-5.2,4.3,6,30169,641,155,14,9,2.3,815|1395|2064|2495|3839|4035|5141|5806|6854|7905|8997|27035|50604|64077,CAMK2A|CRHR2|ERBB2|FTH1|KPNA3|LRP1|PDE4A|PTX3|SYN2|REEP5|KALRN|NOX1|IL20|LHPP,-1.8,0
1,-5.2,C0020473,M1,1,0,DisGeNET,35,Hyperlipidemia,,-5.2,4.9,6.2,30169,472,155,12,7.7,2.1,19|39|860|1241|3689|3931|3949|4035|4973|5468|9104|9759,ABCA1|ACAT2|RUNX2|LTB4R|ITGB2|LCAT|LDLR|LRP1|OLR1|PPARG|RGN|HDAC4,-1.8,0
1,-5.2,C0221354,M1,1,0,DisGeNET,35,Frontal bossing,,-5.2,6.1,6.6,30169,321,155,10,6.5,2,657|860|1497|5426|5447|8260|8514|9759|9791|10736,BMPR1A|RUNX2|CTNS|POLE|POR|NAA10|KCNAB2|HDAC4|PTDSS1|SIX2,-1.8,0
1,-5,C0745103,M1,1,0,DisGeNET,35,Hyperlipoproteinemia Type IIa,,-5,7.7,6.9,30169,201,155,8,5.2,1.8,19|2495|3689|3931|3949|4035|4973|5447,ABCA1|FTH1|ITGB2|LCAT|LDLR|LRP1|OLR1|POR,-1.7,0
1,-4.9,C1563937,M1,1,0,DisGeNET,35,Atherogenesis,,-4.9,16,8.6,30169,59,155,5,3.2,1.4,19|602|3949|5468|6348,ABCA1|BCL3|LDLR|PPARG|CCL3,-1.6,0
1,-4.9,C0042373,M1,1,0,DisGeNET,35,Vascular Diseases,,-4.9,4,5.6,30169,688,155,14,9,2.3,1241|2821|3689|3949|4973|5141|5468|5578|5806|8804|8997|9759|22877|114907,LTB4R|GPI|ITGB2|LDLR|OLR1|PDE4A|PPARG|PRKCA|PTX3|CREG1|KALRN|HDAC4|MLXIP|FBXO32,-1.6,0
1,-4.7,C0039292,M1,1,0,DisGeNET,35,Tangier Disease,,-4.7,25,9.7,30169,31,155,4,2.6,1.3,19|3931|3949|5880,ABCA1|LCAT|LDLR|RAC2,-1.5,0
1,-4.6,C0007133,M1,1,0,DisGeNET,35,"Carcinoma, Papillary",,-4.6,6.9,6.4,30169,225,155,8,5.2,1.8,860|1965|1977|2064|2324|5468|7424|8260,RUNX2|EIF2S1|EIF4E|ERBB2|FLT4|PPARG|VEGFC|NAA10,-1.4,0
1,-4.6,C0035126,M1,1,0,DisGeNET,35,Reperfusion Injury,,-4.6,5.8,6.1,30169,300,155,9,5.8,1.9,1965|3689|3949|5468|5578|6348|6940|7225|7424,EIF2S1|ITGB2|LDLR|PPARG|PRKCA|CCL3|ZNF354A|TRPC6|VEGFC,-1.4,0
1,-4.6,C0035078,M1,1,0,DisGeNET,35,Kidney Failure,,-4.6,5.1,5.8,30169,378,155,10,6.5,2,3689|3931|3949|4502|5468|7225|9104|50604|55201|114907,ITGB2|LCAT|LDLR|MT2A|PPARG|TRPC6|RGN|IL20|MAP1S|FBXO32,-1.4,0
1,-4.5,C0151691,M1,1,0,DisGeNET,35,Decreased HDL cholesterol concentration,,-4.5,49,12,30169,12,155,3,1.9,1.1,19|3931|5468,ABCA1|LCAT|PPARG,-1.4,0
1,-4.5,C4524040,M1,1,0,DisGeNET,35,Atherogenic dyslipidaemia,,-4.5,22,8.9,30169,36,155,4,2.6,1.3,19|3931|4035|5468,ABCA1|LCAT|LRP1|PPARG,-1.3,0
1,-4.4,C0151744,M1,1,0,DisGeNET,35,Myocardial Ischemia,,-4.4,3.6,5.2,30169,756,155,14,9,2.3,19|602|1848|1977|2064|3757|3949|4973|5468|5578|6348|8804|9759|10085,ABCA1|BCL3|DUSP6|EIF4E|ERBB2|KCNH2|LDLR|OLR1|PPARG|PRKCA|CCL3|CREG1|HDAC4|EDIL3,-1.3,0
1,-4.4,C0155733,M1,1,0,DisGeNET,35,Atherosclerosis of aorta,,-4.4,21,8.8,30169,37,155,4,2.6,1.3,19|3931|3949|8804,ABCA1|LCAT|LDLR|CREG1,-1.3,0
1,-4.3,C0333463,M1,1,0,DisGeNET,35,Senile Plaques,,-4.3,6.3,6,30169,249,155,8,5.2,1.8,19|1977|2821|4035|4973|7905|9447|9457,ABCA1|EIF4E|GPI|LRP1|OLR1|REEP5|AIM2|FHL5,-1.3,0
1,-4.3,C0020443,M1,1,0,DisGeNET,35,Hypercholesterolemia,,-4.3,4.4,5.4,30169,489,155,11,7.1,2.1,19|39|3689|3931|3949|4973|5468|7225|23064|27035|55740,ABCA1|ACAT2|ITGB2|LCAT|LDLR|OLR1|PPARG|TRPC6|SETX|NOX1|ENAH,-1.3,0
1,-4.3,C0027439,M1,1,0,DisGeNET,35,Nasopharyngeal Neoplasms,,-4.3,19,8.4,30169,40,155,4,2.6,1.3,2064|2324|7424|9770,ERBB2|FLT4|VEGFC|RASSF2,-1.3,0
1,-4.3,C0162871,M1,1,0,DisGeNET,35,"Aortic Aneurysm, Abdominal",,-4.3,4,5.2,30169,586,155,12,7.7,2.1,19|860|1241|1977|2213|3689|3949|4035|5468|5806|9447|27035,ABCA1|RUNX2|LTB4R|EIF4E|FCGR2B|ITGB2|LDLR|LRP1|PPARG|PTX3|AIM2|NOX1,-1.3,0
1,-4.2,C1837404,M1,1,0,DisGeNET,35,"High, narrow palate",,-4.2,9.1,6.6,30169,129,155,6,3.9,1.5,657|860|1399|6611|8260|9791,BMPR1A|RUNX2|CRKL|SMS|NAA10|PTDSS1,-1.3,0
1,-4.2,C0007785,M1,1,0,DisGeNET,35,Cerebral Infarction,,-4.2,3.7,5.1,30169,687,155,13,8.4,2.2,19|2821|3931|3949|4973|5141|5468|6348|7225|7424|10085|51008|170692,ABCA1|GPI|LCAT|LDLR|OLR1|PDE4A|PPARG|CCL3|TRPC6|VEGFC|EDIL3|ASCC1|ADAMTS18,-1.3,0
1,-4.1,C0175754,M1,1,0,DisGeNET,35,Agenesis of corpus callosum,,-4.1,3.8,5,30169,615,155,12,7.7,2.1,1977|2064|4668|5468|7410|7424|8514|9457|9791|9990|64919|90338,EIF4E|ERBB2|NAGA|PPARG|VAV2|VEGFC|KCNAB2|FHL5|PTDSS1|SLC12A6|BCL11B|ZNF160,-1.1,0
1,-4.1,C0002895,M1,1,0,DisGeNET,35,"Anemia, Sickle Cell",,-4.1,4.5,5.3,30169,433,155,10,6.5,2,19|860|2523|3689|3931|3949|4973|5468|5578|5806,ABCA1|RUNX2|FUT1|ITGB2|LCAT|LDLR|OLR1|PPARG|PRKCA|PTX3,-1.1,0
1,-4.1,C0856169,M1,1,0,DisGeNET,35,Endothelial dysfunction,,-4.1,3.5,4.9,30169,716,155,13,8.4,2.2,19|2213|3689|3949|4973|5468|5578|5806|6385|7225|10645|27035|51008,ABCA1|FCGR2B|ITGB2|LDLR|OLR1|PPARG|PRKCA|PTX3|SDC4|TRPC6|CAMKK2|NOX1|ASCC1,-1.1,0
1,-4,C0024131,M1,1,0,DisGeNET,35,Lupus Vulgaris,,-4,4.1,5.1,30169,526,155,11,7.1,2.1,19|2064|2213|2821|3689|3949|5468|5578|5806|7225|9447,ABCA1|ERBB2|FCGR2B|GPI|ITGB2|LDLR|PPARG|PRKCA|PTX3|TRPC6|AIM2,-1.1,0
1,-4,C0263420,M1,1,0,DisGeNET,35,Hyperkeratosis lenticularis perstans,,-4,32,9.6,30169,18,155,3,1.9,1.1,3931|3949|4973,LCAT|LDLR|OLR1,-1.1,0
1,-3.9,C0020476,M1,1,0,DisGeNET,35,Hyperlipoproteinemias,,-3.9,16,7.5,30169,49,155,4,2.6,1.3,19|3931|3949|9104,ABCA1|LCAT|LDLR|RGN,-1,0
1,-3.9,C1263857,M1,1,0,DisGeNET,35,Peripheral axonal neuropathy,,-3.9,10,6.5,30169,94,155,5,3.2,1.4,19|4668|9990|23064|51008,ABCA1|NAGA|SLC12A6|SETX|ASCC1,-1,0
1,-3.9,C3665444,M1,1,0,DisGeNET,35,Neutrophilia (disorder),,-3.9,7.8,6,30169,150,155,6,3.9,1.5,19|3689|5141|5468|5880|27180,ABCA1|ITGB2|PDE4A|PPARG|RAC2|SIGLEC9,-1,0
1,-3.9,C0043194,M1,1,0,DisGeNET,35,Wiskott-Aldrich Syndrome,,-3.9,10,6.5,30169,95,155,5,3.2,1.4,2213|2523|5468|5880|23582,FCGR2B|FUT1|PPARG|RAC2|CCNDBP1,-1,0
1,-3.9,C0154251,M1,1,0,DisGeNET,35,Lipid Metabolism Disorders,,-3.9,10,6.5,30169,95,155,5,3.2,1.4,19|2213|3931|3949|5468,ABCA1|FCGR2B|LCAT|LDLR|PPARG,-1,0
1,-3.9,C4721453,M1,1,0,DisGeNET,35,Peripheral Nervous System Diseases,,-3.9,3.9,4.9,30169,549,155,11,7.1,2.1,19|1241|3949|4035|4668|5468|5578|6834|9457|9990|23064,ABCA1|LTB4R|LDLR|LRP1|NAGA|PPARG|PRKCA|SURF1|FHL5|SLC12A6|SETX,-1,0
1,-3.9,C0206650,M1,1,0,DisGeNET,35,Fibroadenoma,,-3.9,7.7,6,30169,151,155,6,3.9,1.5,1977|2064|3927|8260|10085|170692,EIF4E|ERBB2|LASP1|NAA10|EDIL3|ADAMTS18,-1,0
1,-3.9,C0018777,M1,1,0,DisGeNET,35,Conductive hearing loss,,-3.9,5.4,5.4,30169,291,155,8,5.2,1.8,2762|5447|7275|8514|9759|10736|23370|23568,GMDS|POR|TUB|KCNAB2|HDAC4|SIX2|ARHGEF18|ARL2BP,-1,0
1,-3.9,C0024138,M1,1,0,DisGeNET,35,"Lupus Erythematosus, Discoid",,-3.9,3.9,4.9,30169,552,155,11,7.1,2.1,19|2064|2213|2821|3689|3949|5468|5578|5806|7225|9447,ABCA1|ERBB2|FCGR2B|GPI|ITGB2|LDLR|PPARG|PRKCA|PTX3|TRPC6|AIM2,-1,0
1,-3.8,C0043325,M1,1,0,DisGeNET,35,Xanthomatosis,,-3.8,29,9.1,30169,20,155,3,1.9,1.1,19|3949|5468,ABCA1|LDLR|PPARG,-1,0
1,-3.8,C0473527,M1,1,0,DisGeNET,35,Hypoalphalipoproteinemias,,-3.8,29,9.1,30169,20,155,3,1.9,1.1,19|3931|3949,ABCA1|LCAT|LDLR,-1,0
1,-3.8,C0349204,M1,1,0,DisGeNET,35,Nonorganic psychosis,,-3.8,4.7,5.1,30169,376,155,9,5.8,1.9,1745|2566|3757|5468|5578|6611|8997|9457|51008,DLX1|GABRG2|KCNH2|PPARG|PRKCA|SMS|KALRN|FHL5|ASCC1,-1,0
1,-3.8,C0178664,M1,1,0,DisGeNET,35,Glomerulosclerosis (disorder),,-3.8,6.2,5.5,30169,221,155,7,4.5,1.7,3931|4973|5468|5578|7225|7410|10736,LCAT|OLR1|PPARG|PRKCA|TRPC6|VAV2|SIX2,-1,0
1,-3.8,C0409974,M1,1,0,DisGeNET,35,Lupus Erythematosus,,-3.8,3.8,4.9,30169,558,155,11,7.1,2.1,19|2064|2213|2821|3689|3949|5468|5578|5806|7225|9447,ABCA1|ERBB2|FCGR2B|GPI|ITGB2|LDLR|PPARG|PRKCA|PTX3|TRPC6|AIM2,-1,0
1,-3.8,C0033975,M1,1,0,DisGeNET,35,Psychotic Disorders,,-3.8,3.8,4.8,30169,560,155,11,7.1,2.1,1745|2213|2566|3757|5468|5578|6611|8997|9457|9990|51008,DLX1|FCGR2B|GABRG2|KCNH2|PPARG|PRKCA|SMS|KALRN|FHL5|SLC12A6|ASCC1,-1,0
1,-3.8,C3875321,M1,1,0,DisGeNET,35,Inflammatory dermatosis,,-3.8,4.6,5.1,30169,382,155,9,5.8,1.9,1241|2324|3689|3949|5468|5880|6348|7424|64919,LTB4R|FLT4|ITGB2|LDLR|PPARG|RAC2|CCL3|VEGFC|BCL11B,-1,0
1,-3.8,C0339573,M1,1,0,DisGeNET,35,"Glaucoma, Primary Open Angle",,-3.8,4.6,5.1,30169,383,155,9,5.8,1.9,19|2762|3949|7410|7424|9457|22877|50604|51008,ABCA1|GMDS|LDLR|VAV2|VEGFC|FHL5|MLXIP|IL20|ASCC1,-1,0
1,-3.7,C2316810,M1,1,0,DisGeNET,35,Chronic kidney disease stage 5,,-3.7,3.5,4.7,30169,666,155,12,7.7,2.1,1497|2775|3931|3949|4973|5447|5468|5806|7225|8625|9584|50604,CTNS|GNAO1|LCAT|LDLR|OLR1|POR|PPARG|PTX3|TRPC6|RFXANK|RBM39|IL20,-1,0
1,-3.7,C0494463,M1,1,0,DisGeNET,35,"Alzheimer Disease, Late Onset",,-3.7,4.5,5,30169,385,155,9,5.8,1.9,19|1965|3949|4035|4973|5468|9457|9900|23268,ABCA1|EIF2S1|LDLR|LRP1|OLR1|PPARG|FHL5|SV2A|DNMBP,-1,0
1,-3.7,C0278595,M1,1,0,DisGeNET,35,Adult Fibrosarcoma,,-3.7,4.5,5,30169,387,155,9,5.8,1.9,2064|2821|3949|5578|5806|5880|7424|8804|51008,ERBB2|GPI|LDLR|PRKCA|PTX3|RAC2|VEGFC|CREG1|ASCC1,-1,0
1,-3.7,C0020619,M1,1,0,DisGeNET,35,Hypogonadism,,-3.7,5.1,5.2,30169,305,155,8,5.2,1.8,1497|5426|7275|8514|9791|23064|23370|23568,CTNS|POLE|TUB|KCNAB2|PTDSS1|SETX|ARHGEF18|ARL2BP,-1,0
1,-3.7,C0947751,M1,1,0,DisGeNET,35,Vascular inflammations,,-3.7,5.1,5.2,30169,305,155,8,5.2,1.8,19|2821|3689|3949|4035|5468|5806|9759,ABCA1|GPI|ITGB2|LDLR|LRP1|PPARG|PTX3|HDAC4,-1,0
1,-3.7,C3203102,M1,1,0,DisGeNET,35,Idiopathic pulmonary arterial hypertension,,-3.7,3.3,4.6,30169,776,155,13,8.4,2.2,19|657|860|2324|2821|4035|5468|5806|7225|9457|9759|27035|114907,ABCA1|BMPR1A|RUNX2|FLT4|GPI|LRP1|PPARG|PTX3|TRPC6|FHL5|HDAC4|NOX1|FBXO32,-1,0
1,-3.7,C0220650,M1,1,0,DisGeNET,35,Metastatic malignant neoplasm to brain,,-3.7,4.5,5,30169,392,155,9,5.8,1.9,1848|2064|2523|3831|5468|5578|5806|6611|9770,DUSP6|ERBB2|FUT1|KLC1|PPARG|PRKCA|PTX3|SMS|RASSF2,-1,0
1,-3.7,C1854882,M1,1,0,DisGeNET,35,Absent speech,,-3.7,5.9,5.4,30169,232,155,7,4.5,1.7,815|2566|2775|6611|8514|64919|440138,CAMK2A|GABRG2|GNAO1|SMS|KCNAB2|BCL11B|ALG11,-1,0
1,-3.7,C0031099,M1,1,0,DisGeNET,35,Periodontitis,,-3.7,3.4,4.6,30169,681,155,12,7.7,2.1,860|2213|3689|3949|5073|5468|5806|5880|6348|7424|7850|10085,RUNX2|FCGR2B|ITGB2|LDLR|PARN|PPARG|PTX3|RAC2|CCL3|VEGFC|IL1R2|EDIL3,-0.99,0
1,-3.6,C3714514,M1,1,0,DisGeNET,35,Infection,,-3.6,4,4.8,30169,491,155,10,6.5,2,1977|2495|3689|3949|5468|5578|5806|6348|7850|50604,EIF4E|FTH1|ITGB2|LDLR|PPARG|PRKCA|PTX3|CCL3|IL1R2|IL20,-0.96,0
1,-3.6,C0005940,M1,1,0,DisGeNET,35,Bone Diseases,,-3.6,4.9,5,30169,317,155,8,5.2,1.8,860|1497|2064|4035|5468|5806|6348|50604,RUNX2|CTNS|ERBB2|LRP1|PPARG|PTX3|CCL3|IL20,-0.96,0
1,-3.6,C0598784,M1,1,0,DisGeNET,35,Dyslipoproteinemias,,-3.6,24,8.2,30169,24,155,3,1.9,1.1,602|3949|5468,BCL3|LDLR|PPARG,-0.96,0
1,-3.6,C0020534,M1,1,0,DisGeNET,35,Orbital separation excessive,,-3.6,3.6,4.6,30169,590,155,11,7.1,2.1,657|815|860|1848|5447|6611|7862|9791|9990|10736|64919,BMPR1A|CAMK2A|RUNX2|DUSP6|POR|SMS|BRPF1|PTDSS1|SLC12A6|SIX2|BCL11B,-0.96,0
1,-3.6,C0002726,M1,1,0,DisGeNET,35,Amyloidosis,,-3.6,3.4,4.5,30169,694,155,12,7.7,2.1,19|1848|3831|3949|4035|5447|5468|5578|5806|7225|9900|51008,ABCA1|DUSP6|KLC1|LDLR|LRP1|POR|PPARG|PRKCA|PTX3|TRPC6|SV2A|ASCC1,-0.95,0
1,-3.6,C0026034,M1,1,0,DisGeNET,35,Microstomia,,-3.6,6.8,5.5,30169,172,155,6,3.9,1.5,657|1399|6611|7862|8514|64919,BMPR1A|CRKL|SMS|BRPF1|KCNAB2|BCL11B,-0.93,0
1,-3.5,C0375206,M1,1,0,DisGeNET,35,Hemiplegia/hemiparesis,,-3.5,8.7,5.9,30169,112,155,5,3.2,1.4,19|657|4668|8514|9990,ABCA1|BMPR1A|NAGA|KCNAB2|SLC12A6,-0.92,0
1,-3.5,C0016057,M1,1,0,DisGeNET,35,Fibrosarcoma,,-3.5,4.2,4.8,30169,413,155,9,5.8,1.9,2064|2821|3949|5578|5806|5880|7424|8804|51008,ERBB2|GPI|LDLR|PRKCA|PTX3|RAC2|VEGFC|CREG1|ASCC1,-0.91,0
1,-3.5,C2973725,M1,1,0,DisGeNET,35,Pulmonary arterial hypertension,,-3.5,4.2,4.8,30169,413,155,9,5.8,1.9,657|860|2324|4035|5468|5578|7225|9457|27035,BMPR1A|RUNX2|FLT4|LRP1|PPARG|PRKCA|TRPC6|FHL5|NOX1,-0.91,0
1,-3.5,C0149725,M1,1,0,DisGeNET,35,Lower respiratory tract infection,,-3.5,12,6.5,30169,63,155,4,2.6,1.3,2821|5806|5880|6348,GPI|PTX3|RAC2|CCL3,-0.9,0
1,-3.5,C0038436,M1,1,0,DisGeNET,35,Post-Traumatic Stress Disorder,,-3.5,4.2,4.7,30169,417,155,9,5.8,1.9,1395|2324|4035|5141|5447|5578|6348|6611|9759,CRHR2|FLT4|LRP1|PDE4A|POR|PRKCA|CCL3|SMS|HDAC4,-0.89,0
1,-3.5,C0041912,M1,1,0,DisGeNET,35,Upper Respiratory Infections,,-3.5,12,6.4,30169,64,155,4,2.6,1.3,2821|6348|6611|50604,GPI|CCL3|SMS|IL20,-0.89,0
1,-3.5,C0035309,M1,1,0,DisGeNET,35,Retinal Diseases,,-3.5,3.3,4.4,30169,714,155,12,7.7,2.1,1497|2324|3689|5468|5806|6834|7424|10085|27035|57085|143689|170692,CTNS|FLT4|ITGB2|PPARG|PTX3|SURF1|VEGFC|EDIL3|NOX1|AGTRAP|PIWIL4|ADAMTS18,-0.89,0
1,-3.4,C1857276,M1,1,0,DisGeNET,35,Trichohepatoenteric Syndrome,,-3.4,4.1,4.7,30169,423,155,9,5.8,1.9,1399|2566|3757|5447|5468|5806|23064|23582|170692,CRKL|GABRG2|KCNH2|POR|PPARG|PTX3|SETX|CCNDBP1|ADAMTS18,-0.87,0
1,-3.4,C0018939,M1,1,0,DisGeNET,35,Hematological Disease,,-3.4,5.3,5,30169,255,155,7,4.5,1.7,1977|2523|4035|5880|6348|64919|170692,EIF4E|FUT1|LRP1|RAC2|CCL3|BCL11B|ADAMTS18,-0.86,0
1,-3.4,C0342649,M1,1,0,DisGeNET,35,Vascular calcification,,-3.4,5.3,5,30169,257,155,7,4.5,1.7,860|3949|5468|5578|5806|6385|9759,RUNX2|LDLR|PPARG|PRKCA|PTX3|SDC4|HDAC4,-0.86,0
1,-3.4,C0020479,M1,1,0,DisGeNET,35,Hyperlipoproteinemia Type III,,-3.4,21,7.6,30169,28,155,3,1.9,1.1,19|3689|3949,ABCA1|ITGB2|LDLR,-0.86,0
1,-3.4,C0038016,M1,1,0,DisGeNET,35,Spondylolisthesis,,-3.4,21,7.6,30169,28,155,3,1.9,1.1,860|2495|6611,RUNX2|FTH1|SMS,-0.86,0
1,-3.4,C0221369,M1,1,0,DisGeNET,35,Acquired Camptodactyly,,-3.4,8.1,5.6,30169,120,155,5,3.2,1.4,1848|5447|6611|7862|8260,DUSP6|POR|SMS|BRPF1|NAA10,-0.86,0
1,-3.4,C1270972,M1,1,0,DisGeNET,35,Mild cognitive disorder,,-3.4,4.1,4.6,30169,430,155,9,5.8,1.9,19|815|3831|4035|5141|7225|9457|9759|51008,ABCA1|CAMK2A|KLC1|LRP1|PDE4A|TRPC6|FHL5|HDAC4|ASCC1,-0.86,0
1,-3.4,C0034194,M1,1,0,DisGeNET,35,Pyloric Stenosis,,-3.4,8,5.6,30169,121,155,5,3.2,1.4,1399|5468|8260|8514|9759,CRKL|PPARG|NAA10|KCNAB2|HDAC4,-0.86,0
1,-3.4,C0236736,M1,1,0,DisGeNET,35,Cocaine-Related Disorders,,-3.4,8,5.6,30169,121,155,5,3.2,1.4,815|860|1395|2566|9759,CAMK2A|RUNX2|CRHR2|GABRG2|HDAC4,-0.86,0
1,-3.4,C0221356,M1,1,0,DisGeNET,35,Brachycephaly,,-3.4,6.3,5.2,30169,186,155,6,3.9,1.5,860|5447|6611|8514|9990|80152,RUNX2|POR|SMS|KCNAB2|SLC12A6|CENPT,-0.86,0
1,-3.4,C0042345,M1,1,0,DisGeNET,35,Varicosity,,-3.4,6.2,5.2,30169,188,155,6,3.9,1.5,2324|3689|5468|5578|7424|140689,FLT4|ITGB2|PPARG|PRKCA|VEGFC|CBLN4,-0.84,0
1,-3.4,C0685409,M1,1,0,DisGeNET,35,Congenital Camptodactyly,,-3.4,7.9,5.5,30169,123,155,5,3.2,1.4,1848|5447|6611|7862|8260,DUSP6|POR|SMS|BRPF1|NAA10,-0.84,0
1,-3.4,C3805574,M1,1,0,DisGeNET,35,Increased fracture rate,,-3.4,7.9,5.5,30169,123,155,5,3.2,1.4,860|1848|5073|5468|6611,RUNX2|DUSP6|PARN|PPARG|SMS,-0.84,0
1,-3.3,C0031117,M1,1,0,DisGeNET,35,Peripheral Neuropathy,,-3.3,4.4,4.7,30169,351,155,8,5.2,1.8,1241|3949|4035|5578|6834|9457|9990|23064,LTB4R|LDLR|LRP1|PRKCA|SURF1|FHL5|SLC12A6|SETX,-0.82,0
1,-3.3,C0428474,M1,1,0,DisGeNET,35,Serum LDL cholesterol measurement,,-3.3,5.1,4.8,30169,269,155,7,4.5,1.7,602|3757|3831|3931|3949|4035|5468,BCL3|KCNH2|KLC1|LCAT|LDLR|LRP1|PPARG,-0.81,0
1,-3.3,C0424503,M1,1,0,DisGeNET,35,Dysmorphic facies,,-3.3,5,4.8,30169,271,155,7,4.5,1.7,657|2324|5426|7424|8625|9990|440138,BMPR1A|FLT4|POLE|VEGFC|RFXANK|SLC12A6|ALG11,-0.79,0
1,-3.3,C0085436,M1,1,0,DisGeNET,35,"Meningitis, Cryptococcal",,-3.3,19,7.1,30169,31,155,3,1.9,1.1,2213|3949|6348,FCGR2B|LDLR|CCL3,-0.79,0
1,-3.2,C0085078,M1,1,0,DisGeNET,35,Lysosomal Storage Diseases,,-3.2,7.5,5.3,30169,130,155,5,3.2,1.4,1497|2213|2523|3757|10085,CTNS|FCGR2B|FUT1|KCNH2|EDIL3,-0.76,0
1,-3.2,C0206624,M1,1,0,DisGeNET,35,Hepatoblastoma,,-3.2,3.9,4.4,30169,452,155,9,5.8,1.9,19|2064|2495|3949|4779|5447|5468|9104|51280,ABCA1|ERBB2|FTH1|LDLR|NFE2L1|POR|PPARG|RGN|GOLM1,-0.76,0
1,-3.2,C0600427,M1,1,0,DisGeNET,35,Cocaine Dependence,,-3.2,5.9,5,30169,199,155,6,3.9,1.5,815|860|1395|2566|8997|9759,CAMK2A|RUNX2|CRHR2|GABRG2|KALRN|HDAC4,-0.76,0
1,-3.2,C0042138,M1,1,0,DisGeNET,35,Uterine Neoplasms,,-3.2,18,7,30169,32,155,3,1.9,1.1,657|2064|3757,BMPR1A|ERBB2|KCNH2,-0.76,0
1,-3.2,C0233794,M1,1,0,DisGeNET,35,Memory impairment,,-3.2,3.1,4.1,30169,763,155,12,7.7,2.1,19|657|1977|3689|5141|5468|5578|6348|8997|9759|9900|51008,ABCA1|BMPR1A|EIF4E|ITGB2|PDE4A|PPARG|PRKCA|CCL3|KALRN|HDAC4|SV2A|ASCC1,-0.75,0
1,-3.2,C0740304,M1,1,0,DisGeNET,35,COPD exacerbation,,-3.2,18,6.9,30169,33,155,3,1.9,1.1,5468|9447|27180,PPARG|AIM2|SIGLEC9,-0.73,0
1,-3.2,C0409959,M1,1,0,DisGeNET,35,"Osteoarthritis, Knee",,-3.2,4.2,4.5,30169,368,155,8,5.2,1.8,860|2762|2971|4973|6348|6385|8997|79058,RUNX2|GMDS|GTF3A|OLR1|CCL3|SDC4|KALRN|ASPSCR1,-0.73,0
1,-3.2,C0428472,M1,1,0,DisGeNET,35,Serum HDL cholesterol measurement,,-3.2,4.8,4.6,30169,283,155,7,4.5,1.7,19|602|1399|3931|4035|5468|5576,ABCA1|BCL3|CRKL|LCAT|LRP1|PPARG|PRKAR2A,-0.72,0
1,-3.2,C0338480,M1,1,0,DisGeNET,35,Common Migraine,,-3.2,10,5.8,30169,77,155,4,2.6,1.3,3949|4035|9457|23245,LDLR|LRP1|FHL5|ASTN2,-0.72,0
1,-3.2,C0026691,M1,1,0,DisGeNET,35,Mucocutaneous Lymph Node Syndrome,,-3.2,4.2,4.5,30169,370,155,8,5.2,1.8,2064|2213|2523|4973|5468|5806|7424|9447,ERBB2|FCGR2B|FUT1|OLR1|PPARG|PTX3|VEGFC|AIM2,-0.72,0
1,-3.1,C0021368,M1,1,0,DisGeNET,35,Inflammation,,-3.1,3.8,4.3,30169,467,155,9,5.8,1.9,815|1241|1395|4502|5468|5806|6348|7424|50604,CAMK2A|LTB4R|CRHR2|MT2A|PPARG|PTX3|CCL3|VEGFC|IL20,-0.71,0
1,-3.1,C0375023,M1,1,0,DisGeNET,35,Respiratory syncytial virus (RSV) infection in conditions classified elsewhere and of unspecified site,,-3.1,3.8,4.3,30169,467,155,9,5.8,1.9,19|1395|5468|5578|6348|25820|50604|51008|79132,ABCA1|CRHR2|PPARG|PRKCA|CCL3|ARIH1|IL20|ASCC1|DHX58,-0.71,0
1,-3.1,C0279628,M1,1,0,DisGeNET,35,Adenocarcinoma Of Esophagus,,-3.1,3.7,4.3,30169,468,155,9,5.8,1.9,602|1977|2064|2495|3757|5468|6348|51008|51280,BCL3|EIF4E|ERBB2|FTH1|KCNH2|PPARG|CCL3|ASCC1|GOLM1,-0.71,0
1,-3.1,C0032339,M1,1,0,DisGeNET,35,Rothmund-Thomson syndrome,,-3.1,17,6.7,30169,35,155,3,1.9,1.1,860|1977|5141,RUNX2|EIF4E|PDE4A,-0.69,0
1,-3.1,C0333559,M1,1,0,DisGeNET,35,"Infarction, Lacunar",,-3.1,16,6.6,30169,36,155,3,1.9,1.1,19|2821|5806,ABCA1|GPI|PTX3,-0.66,0
1,-3.1,C0741923,M1,1,0,DisGeNET,35,cardiac event,,-3.1,9.5,5.5,30169,82,155,4,2.6,1.3,2064|3757|3949|5806,ERBB2|KCNH2|LDLR|PTX3,-0.66,0
1,-3.1,C0022665,M1,1,0,DisGeNET,35,Kidney Neoplasm,,-3.1,4.6,4.5,30169,295,155,7,4.5,1.7,1395|2064|5468|6940|7225|10736|79058,CRHR2|ERBB2|PPARG|ZNF354A|TRPC6|SIX2|ASPSCR1,-0.66,0
1,-3.1,C0149678,M1,1,0,DisGeNET,35,Epstein-Barr Virus Infections,,-3.1,4.1,4.3,30169,384,155,8,5.2,1.8,1241|2064|2523|2821|3689|6348|23568|140733,LTB4R|ERBB2|FUT1|GPI|ITGB2|CCL3|ARL2BP|MACROD2,-0.66,0
1,-3,C0427086,M1,1,0,DisGeNET,35,Involuntary Movements,,-3,16,6.5,30169,37,155,3,1.9,1.1,2775|9900|55145,GNAO1|SV2A|THAP1,-0.65,0
1,-3,C0009171,M1,1,0,DisGeNET,35,Cocaine Abuse,,-3,6.8,5,30169,144,155,5,3.2,1.4,815|860|1395|2566|9759,CAMK2A|RUNX2|CRHR2|GABRG2|HDAC4,-0.65,0
1,-3,C0338908,M1,1,0,DisGeNET,35,Mixed anxiety and depressive disorder,,-3,6.7,5,30169,145,155,5,3.2,1.4,1395|2324|5141|5447|6611,CRHR2|FLT4|PDE4A|POR|SMS,-0.64,0
1,-3,C0577631,M1,1,0,DisGeNET,35,Carotid Atherosclerosis,,-3,5.3,4.6,30169,219,155,6,3.9,1.5,19|3689|3931|3949|5468|5806,ABCA1|ITGB2|LCAT|LDLR|PPARG|PTX3,-0.63,0
1,-3,C0015625,M1,1,0,DisGeNET,35,Fanconi Anemia,,-3,4,4.2,30169,393,155,8,5.2,1.8,1497|1977|2064|2523|4173|5468|6348|10085,CTNS|EIF4E|ERBB2|FUT1|MCM4|PPARG|CCL3|EDIL3,-0.62,0
1,-3,C0282160,M1,1,0,DisGeNET,35,Aplasia Cutis Congenita,,-3,4,4.2,30169,393,155,8,5.2,1.8,1977|2064|4668|5468|7410|7424|9457|90338,EIF4E|ERBB2|NAGA|PPARG|VAV2|VEGFC|FHL5|ZNF160,-0.62,0
1,-3,C0314719,M1,1,0,DisGeNET,35,Dryness of eye,,-3,6.5,4.9,30169,149,155,5,3.2,1.4,3689|3931|5468|6348|9104,ITGB2|LCAT|PPARG|CCL3|RGN,-0.6,0
1,-3,C0011603,M1,1,0,DisGeNET,35,Dermatitis,,-3,3.5,4.1,30169,496,155,9,5.8,1.9,19|1241|2324|3689|3949|5468|5880|7424|64919,ABCA1|LTB4R|FLT4|ITGB2|LDLR|PPARG|RAC2|VEGFC|BCL11B,-0.59,0
1,-2.9,C0023223,M1,1,0,DisGeNET,35,Leg Ulcer,,-2.9,15,6.2,30169,40,155,3,1.9,1.1,3689|6348|6385,ITGB2|CCL3|SDC4,-0.58,0
1,-2.9,C0346627,M1,1,0,DisGeNET,35,Intestinal Cancer,,-2.9,8.7,5.3,30169,89,155,4,2.6,1.3,666|2064|5578|6611,BOK|ERBB2|PRKCA|SMS,-0.57,0
1,-2.9,C0149721,M1,1,0,DisGeNET,35,Left Ventricular Hypertrophy,,-2.9,3.9,4.2,30169,403,155,8,5.2,1.8,19|1395|3949|4973|5468|5578|23568|57085,ABCA1|CRHR2|LDLR|OLR1|PPARG|PRKCA|ARL2BP|AGTRAP,-0.57,0
1,-2.9,C0030848,M1,1,0,DisGeNET,35,Peyronie Disease,,-2.9,14,6.1,30169,41,155,3,1.9,1.1,860|5141|5806,RUNX2|PDE4A|PTX3,-0.56,0
1,-2.9,C0277828,M1,1,0,DisGeNET,35,Late fontanel closure,,-2.9,14,6.1,30169,41,155,3,1.9,1.1,8260|8514|9791,NAA10|KCNAB2|PTDSS1,-0.56,0
1,-2.9,C0032580,M1,1,0,DisGeNET,35,Adenomatous Polyposis Coli,,-2.9,3.2,3.9,30169,609,155,10,6.5,2,657|860|1965|2064|2324|3757|3949|5426|5468|7905,BMPR1A|RUNX2|EIF2S1|ERBB2|FLT4|KCNH2|LDLR|POLE|PPARG|REEP5,-0.55,0
1,-2.9,C0020474,M1,1,0,DisGeNET,35,"Hyperlipidemia, Familial Combined",,-2.9,8.6,5.2,30169,91,155,4,2.6,1.3,19|3931|3949|5468,ABCA1|LCAT|LDLR|PPARG,-0.55,0
1,-2.9,C0151779,M1,1,0,DisGeNET,35,Cutaneous Melanoma,,-2.9,3.5,4,30169,507,155,9,5.8,1.9,1848|2064|2775|4173|5426|7424|9759|9874|51280,DUSP6|ERBB2|GNAO1|MCM4|POLE|VEGFC|HDAC4|TLK1|GOLM1,-0.55,0
1,-2.9,C0428883,M1,1,0,DisGeNET,35,Diastolic blood pressure,,-2.9,3.5,4,30169,507,155,9,5.8,1.9,2775|5578|7483|9759|22877|23112|23245|23683|79987,GNAO1|PRKCA|WNT9A|HDAC4|MLXIP|TNRC6B|ASTN2|PRKD3|SVEP1,-0.55,0
1,-2.9,C0013238,M1,1,0,DisGeNET,35,Dry Eye Syndromes,,-2.9,6.2,4.7,30169,156,155,5,3.2,1.4,3689|3931|5468|6348|9104,ITGB2|LCAT|PPARG|CCL3|RGN,-0.55,0
1,-2.9,C0085762,M1,1,0,DisGeNET,35,Alcohol abuse,,-2.9,6.2,4.7,30169,156,155,5,3.2,1.4,307|2566|3949|5141|6611,ANXA4|GABRG2|LDLR|PDE4A|SMS,-0.55,0
1,-2.9,C0007114,M1,1,0,DisGeNET,35,Malignant neoplasm of skin,,-2.9,3.4,4,30169,508,155,9,5.8,1.9,1977|2064|2324|4173|5426|5468|5578|7424|27035,EIF4E|ERBB2|FLT4|MCM4|POLE|PPARG|PRKCA|VEGFC|NOX1,-0.55,0
1,-2.9,C0004623,M1,1,0,DisGeNET,35,Bacterial Infections,,-2.9,3.2,3.9,30169,616,155,10,6.5,2,2213|2324|3689|5468|5806|5880|6348|6385|9447|9457,FCGR2B|FLT4|ITGB2|PPARG|PTX3|RAC2|CCL3|SDC4|AIM2|FHL5,-0.54,0
1,-2.9,C0949690,M1,1,0,DisGeNET,35,Spondylarthritis,,-2.9,6.2,4.7,30169,158,155,5,3.2,1.4,860|2213|5806|7850|50604,RUNX2|FCGR2B|PTX3|IL1R2|IL20,-0.54,0
1,-2.9,C0149931,M1,1,0,DisGeNET,35,Migraine Disorders,,-2.9,3.4,4,30169,512,155,9,5.8,1.9,657|2566|2775|2821|3949|4035|5806|9457|23245,BMPR1A|GABRG2|GNAO1|GPI|LDLR|LRP1|PTX3|FHL5|ASTN2,-0.54,0
1,-2.8,C0024003,M1,1,0,DisGeNET,35,Lordosis,,-2.8,6.1,4.6,30169,160,155,5,3.2,1.4,1399|2495|5141|5468|8260,CRKL|FTH1|PDE4A|PPARG|NAA10,-0.52,0
1,-2.8,C0553580,M1,1,0,DisGeNET,35,Ewings sarcoma,,-2.8,3.4,3.9,30169,517,155,9,5.8,1.9,860|2064|2324|4035|5578|7905|9770|22877|64919,RUNX2|ERBB2|FLT4|LRP1|PRKCA|REEP5|RASSF2|MLXIP|BCL11B,-0.52,0
1,-2.8,C0748607,M1,1,0,DisGeNET,35,Recurrent seizure,,-2.8,13,5.9,30169,44,155,3,1.9,1.1,2566|3757|5468,GABRG2|KCNH2|PPARG,-0.52,0
1,-2.8,C0031090,M1,1,0,DisGeNET,35,Periodontal Diseases,,-2.8,4.2,4.1,30169,326,155,7,4.5,1.7,3689|4502|5468|5806|6348|9447|10085,ITGB2|MT2A|PPARG|PTX3|CCL3|AIM2|EDIL3,-0.51,0
1,-2.8,C0001175,M1,1,0,DisGeNET,35,Acquired Immunodeficiency Syndrome,,-2.8,4.8,4.3,30169,243,155,6,3.9,1.5,2523|2821|3949|4035|6348|51008,FUT1|GPI|LDLR|LRP1|CCL3|ASCC1,-0.49,0
1,-2.8,C0032914,M1,1,0,DisGeNET,35,Pre-Eclampsia,,-2.8,5.9,4.5,30169,166,155,5,3.2,1.4,666|4973|5468|5806|27035,BOK|OLR1|PPARG|PTX3|NOX1,-0.48,0
1,-2.8,C0423250,M1,1,0,DisGeNET,35,Corneal stromal opacities,,-2.8,13,5.7,30169,46,155,3,1.9,1.1,19|3931|4668,ABCA1|LCAT|NAGA,-0.48,0
1,-2.8,C0949059,M1,1,0,DisGeNET,35,Polyp of large intestine,,-2.8,7.9,4.9,30169,99,155,4,2.6,1.3,657|1977|5426|5468,BMPR1A|EIF4E|POLE|PPARG,-0.48,0
1,-2.8,C0085215,M1,1,0,DisGeNET,35,"Ovarian Failure, Premature",,-2.8,4.1,4.1,30169,333,155,7,4.5,1.7,657|860|1977|9447|9457|9874|23064,BMPR1A|RUNX2|EIF4E|AIM2|FHL5|TLK1|SETX,-0.48,0
1,-2.8,C0010414,M1,1,0,DisGeNET,35,Infection by Cryptococcus neoformans,,-2.8,5.8,4.5,30169,167,155,5,3.2,1.4,2213|2282|3689|5468|5806,FCGR2B|FKBP1AP1|ITGB2|PPARG|PTX3,-0.48,0
1,-2.7,C0011615,M1,1,0,DisGeNET,35,"Dermatitis, Atopic",,-2.7,2.9,3.7,30169,751,155,11,7.1,2.1,602|1241|2064|2324|5141|5468|6348|7424|50604|64377|64919,BCL3|LTB4R|ERBB2|FLT4|PDE4A|PPARG|CCL3|VEGFC|IL20|CHST8|BCL11B,-0.47,0
1,-2.7,C0038220,M1,1,0,DisGeNET,35,Status Epilepticus,,-2.7,3.3,3.8,30169,533,155,9,5.8,1.9,1965|1977|2324|2566|6348|6611|7225|7424|9900,EIF2S1|EIF4E|FLT4|GABRG2|CCL3|SMS|TRPC6|VEGFC|SV2A,-0.47,0
1,-2.7,C0598935,M1,1,0,DisGeNET,35,Tumor Initiation,,-2.7,3.3,3.8,30169,533,155,9,5.8,1.9,602|1977|2064|5578|6348|10736|23582|23683|114907,BCL3|EIF4E|ERBB2|PRKCA|CCL3|SIX2|CCNDBP1|PRKD3|FBXO32,-0.47,0
1,-2.7,C0795864,M1,1,0,DisGeNET,35,Smith-Magenis syndrome,,-2.7,12,5.6,30169,47,155,3,1.9,1.1,2064|6611|9759,ERBB2|SMS|HDAC4,-0.47,0
1,-2.7,C0850666,M1,1,0,DisGeNET,35,Infection caused by Helicobacter pylori,,-2.7,4,4,30169,337,155,7,4.5,1.7,307|2064|2821|5468|6348|27035|51008,ANXA4|ERBB2|GPI|PPARG|CCL3|NOX1|ASCC1,-0.47,0
1,-2.7,C1519680,M1,1,0,DisGeNET,35,Tumor Immunity,,-2.7,4,4,30169,337,155,7,4.5,1.7,1241|1977|2064|2213|5468|5578|27180,LTB4R|EIF4E|ERBB2|FCGR2B|PPARG|PRKCA|SIGLEC9,-0.47,0
1,-2.7,C1535926,M1,1,0,DisGeNET,35,Neurodevelopmental Disorders,,-2.7,3.3,3.8,30169,535,155,9,5.8,1.9,1977|2566|2775|7862|9874|23112|23245|64919|140733,EIF4E|GABRG2|GNAO1|BRPF1|TLK1|TNRC6B|ASTN2|BCL11B|MACROD2,-0.47,0
1,-2.7,C0018681,M1,1,0,DisGeNET,35,Headache,,-2.7,4,4,30169,338,155,7,4.5,1.7,2064|4035|5141|5806|9457|23245|59338,ERBB2|LRP1|PDE4A|PTX3|FHL5|ASTN2|PLEKHA1,-0.47,0
1,-2.7,C0153381,M1,1,0,DisGeNET,35,Malignant neoplasm of mouth,,-2.7,2.8,3.7,30169,756,155,11,7.1,2.1,602|1241|2064|2523|3927|5468|5578|5806|6348|7424|51008,BCL3|LTB4R|ERBB2|FUT1|LASP1|PPARG|PRKCA|PTX3|CCL3|VEGFC|ASCC1,-0.47,0
1,-2.7,C0011884,M1,1,0,DisGeNET,35,Diabetic Retinopathy,,-2.7,3,3.7,30169,644,155,10,6.5,2,860|2324|4035|5468|5578|5806|6348|7410|7424|27035,RUNX2|FLT4|LRP1|PPARG|PRKCA|PTX3|CCL3|VAV2|VEGFC|NOX1,-0.47,0
1,-2.7,C0018799,M1,1,0,DisGeNET,35,Heart Diseases,,-2.7,3.3,3.8,30169,537,155,9,5.8,1.9,19|2064|2324|3757|3949|4502|5578|5880|55201,ABCA1|ERBB2|FLT4|KCNH2|LDLR|MT2A|PRKCA|RAC2|MAP1S,-0.47,0
1,-2.7,C2945695,M1,1,0,DisGeNET,35,Limb ischemia,,-2.7,5.7,4.4,30169,171,155,5,3.2,1.4,2821|3689|7424|9457|10085,GPI|ITGB2|VEGFC|FHL5|EDIL3,-0.47,0
1,-2.7,C0020557,M1,1,0,DisGeNET,35,Hypertriglyceridemia,,-2.7,4,4,30169,340,155,7,4.5,1.7,19|39|2821|3689|3931|3949|5468,ABCA1|ACAT2|GPI|ITGB2|LCAT|LDLR|PPARG,-0.47,0
1,-2.7,C0022116,M1,1,0,DisGeNET,35,Ischemia,,-2.7,7.6,4.8,30169,103,155,4,2.6,1.3,1395|5468|5578|6348,CRHR2|PPARG|PRKCA|CCL3,-0.46,0
1,-2.7,C4703473,M1,1,0,DisGeNET,35,Atherosclerotic lesion,,-2.7,4.6,4.2,30169,253,155,6,3.9,1.5,19|3689|3949|5468|5806|9447,ABCA1|ITGB2|LDLR|PPARG|PTX3|AIM2,-0.46,0
1,-2.7,C0020500,M1,1,0,DisGeNET,35,Hyperoxaluria,,-2.7,12,5.5,30169,49,155,3,1.9,1.1,860|5578|5806,RUNX2|PRKCA|PTX3,-0.46,0
1,-2.7,C0026846,M1,1,0,DisGeNET,35,Muscular Atrophy,,-2.7,12,5.5,30169,49,155,3,1.9,1.1,1395|3757|114907,CRHR2|KCNH2|FBXO32,-0.46,0
1,-2.7,C0221032,M1,1,0,DisGeNET,35,Familial generalized lipodystrophy,,-2.7,12,5.5,30169,49,155,3,1.9,1.1,5468|23064|27035,PPARG|SETX|NOX1,-0.46,0
1,-2.7,C0042514,M1,1,0,DisGeNET,35,"Tachycardia, Ventricular",,-2.7,7.5,4.8,30169,104,155,4,2.6,1.3,2523|3757|5447|8260,FUT1|KCNH2|POR|NAA10,-0.46,0
1,-2.7,C0392885,M1,1,0,DisGeNET,35,High density lipoprotein measurement,,-2.7,3.2,3.7,30169,545,155,9,5.8,1.9,19|602|1399|3931|4035|5468|5576|9584|79132,ABCA1|BCL3|CRKL|LCAT|LRP1|PPARG|PRKAR2A|RBM39|DHX58,-0.46,0
1,-2.7,C0038002,M1,1,0,DisGeNET,35,Splenomegaly,,-2.7,3.9,4,30169,345,155,7,4.5,1.7,19|1497|2821|3931|4173|5073|5468,ABCA1|CTNS|GPI|LCAT|MCM4|PARN|PPARG,-0.46,0
1,-2.7,C0035334,M1,1,0,DisGeNET,35,Retinitis Pigmentosa,,-2.7,3.2,3.7,30169,546,155,9,5.8,1.9,1497|1848|2064|4502|6834|7275|9759|23370|23568,CTNS|DUSP6|ERBB2|MT2A|SURF1|TUB|HDAC4|ARHGEF18|ARL2BP,-0.46,0
1,-2.7,C0018203,M1,1,0,DisGeNET,35,Chronic granulomatous disease,,-2.7,7.4,4.7,30169,105,155,4,2.6,1.3,3689|5468|27035|654817,ITGB2|PPARG|NOX1|NCF1C,-0.46,0
1,-2.7,C0162534,M1,1,0,DisGeNET,35,Prion Diseases,,-2.7,5.6,4.3,30169,175,155,5,3.2,1.4,19|2064|2821|10085|29927,ABCA1|ERBB2|GPI|EDIL3|SEC61A1,-0.46,0
1,-2.7,C0017601,M1,1,0,DisGeNET,35,Glaucoma,,-2.7,2.8,3.6,30169,769,155,11,7.1,2.1,19|2324|5468|7275|7410|8260|9447|23370|23568|50604|51008,ABCA1|FLT4|PPARG|TUB|VAV2|NAA10|AIM2|ARHGEF18|ARL2BP|IL20|ASCC1,-0.46,0
1,-2.7,C0085580,M1,1,0,DisGeNET,35,Essential Hypertension,,-2.7,3.5,3.8,30169,445,155,8,5.2,1.8,3757|3949|4973|5468|5806|7225|7424|27035,KCNH2|LDLR|OLR1|PPARG|PTX3|TRPC6|VEGFC|NOX1,-0.46,0
1,-2.7,C0023646,M1,1,0,DisGeNET,35,Lichen Planus,,-2.7,7.3,4.7,30169,106,155,4,2.6,1.3,2064|2324|3689|9447,ERBB2|FLT4|ITGB2|AIM2,-0.46,0
1,-2.7,C2676033,M1,1,0,DisGeNET,35,Hepatoblastoma Caused By Somatic Mutation,,-2.7,7.3,4.7,30169,106,155,4,2.6,1.3,19|2495|4779|9104,ABCA1|FTH1|NFE2L1|RGN,-0.46,0
1,-2.6,C0034050,M1,1,0,DisGeNET,35,Pulmonary Alveolar Proteinosis,,-2.6,11,5.4,30169,51,155,3,1.9,1.1,19|2213|5468,ABCA1|FCGR2B|PPARG,-0.44,0
1,-2.6,C2931852,M1,1,0,DisGeNET,35,Clear-cell metastatic renal cell carcinoma,,-2.6,4.5,4.1,30169,260,155,6,3.9,1.5,2064|2324|3949|5546|9104|143689,ERBB2|FLT4|LDLR|PRCC|RGN|PIWIL4,-0.44,0
1,-2.6,C1963184,M1,1,0,DisGeNET,35,"Nystagmus, CTCAE 3.0",,-2.6,2.7,3.6,30169,779,155,11,7.1,2.1,1848|2566|4668|6834|7275|8260|8514|9990|23064|23370|23568,DUSP6|GABRG2|NAGA|SURF1|TUB|NAA10|KCNAB2|SLC12A6|SETX|ARHGEF18|ARL2BP,-0.44,0
1,-2.6,C4554036,M1,1,0,DisGeNET,35,"Nystagmus, CTCAE 5.0",,-2.6,2.7,3.6,30169,779,155,11,7.1,2.1,1848|2566|4668|6834|7275|8260|8514|9990|23064|23370|23568,DUSP6|GABRG2|NAGA|SURF1|TUB|NAA10|KCNAB2|SLC12A6|SETX|ARHGEF18|ARL2BP,-0.44,0
1,-2.6,C0020429,M1,1,0,DisGeNET,35,Hyperalgesia,,-2.6,3.5,3.8,30169,451,155,8,5.2,1.8,815|1848|5468|5578|6854|7225|8997|9759,CAMK2A|DUSP6|PPARG|PRKCA|SYN2|TRPC6|KALRN|HDAC4,-0.44,0
1,-2.6,C0399526,M1,1,0,DisGeNET,35,Class III malocclusion,,-2.6,5.4,4.2,30169,181,155,5,3.2,1.4,860|1848|5468|6611|9791,RUNX2|DUSP6|PPARG|SMS|PTDSS1,-0.42,0
1,-2.6,C0041948,M1,1,0,DisGeNET,35,Uremia,,-2.6,7.1,4.6,30169,110,155,4,2.6,1.3,860|5578|5806|7225,RUNX2|PRKCA|PTX3|TRPC6,-0.42,0
1,-2.6,C0027066,M1,1,0,DisGeNET,35,Myoclonus,,-2.6,4.4,4,30169,265,155,6,3.9,1.5,815|2566|2775|4668|6611|23064,CAMK2A|GABRG2|GNAO1|NAGA|SMS|SETX,-0.42,0
1,-2.6,C0037284,M1,1,0,DisGeNET,35,Skin lesion,,-2.6,3.1,3.6,30169,563,155,9,5.8,1.9,602|2064|2324|3949|5806|6348|9447|10085|50604,BCL3|ERBB2|FLT4|LDLR|PTX3|CCL3|AIM2|EDIL3|IL20,-0.42,0
1,-2.6,C0151514,M1,1,0,DisGeNET,35,Atrophic condition of skin,,-2.6,7,4.6,30169,111,155,4,2.6,1.3,2821|5073|25820|114907,GPI|PARN|ARIH1|FBXO32,-0.42,0
1,-2.6,C0242231,M1,1,0,DisGeNET,35,Coronary Stenosis,,-2.6,7,4.6,30169,111,155,4,2.6,1.3,19|3689|4973|5806,ABCA1|ITGB2|OLR1|PTX3,-0.42,0
1,-2.6,C1402315,M1,1,0,DisGeNET,35,Vascular lesions,,-2.6,7,4.6,30169,111,155,4,2.6,1.3,860|3689|4973|9447,RUNX2|ITGB2|OLR1|AIM2,-0.42,0
1,-2.6,C0031106,M1,1,0,DisGeNET,35,Aggressive Periodontitis,,-2.6,5.3,4.2,30169,184,155,5,3.2,1.4,3689|6348|7850|9447|50604,ITGB2|CCL3|IL1R2|AIM2|IL20,-0.41,0
1,-2.6,C0026650,M1,1,0,DisGeNET,35,Movement Disorders,,-2.6,3.8,3.8,30169,362,155,7,4.5,1.7,815|2566|2775|6611|6834|23064|55145,CAMK2A|GABRG2|GNAO1|SMS|SURF1|SETX|THAP1,-0.41,0
1,-2.6,C0349566,M1,1,0,DisGeNET,35,Squamous cell carcinoma of tongue,,-2.6,3.4,3.7,30169,462,155,8,5.2,1.8,1977|2064|2324|6348|7424|10736|51008|114907,EIF4E|ERBB2|FLT4|CCL3|VEGFC|SIX2|ASCC1|FBXO32,-0.41,0
1,-2.6,C0151718,M1,1,0,DisGeNET,35,Hypocholesterolemia,,-2.6,6.9,4.5,30169,113,155,4,2.6,1.3,19|3931|3949|5578,ABCA1|LCAT|LDLR|PRKCA,-0.41,0
1,-2.5,C0024530,M1,1,0,DisGeNET,35,Malaria,,-2.5,2.8,3.5,30169,684,155,10,6.5,2,19|307|2213|2971|3689|3949|5468|6348|9447|9457,ABCA1|ANXA4|FCGR2B|GTF3A|ITGB2|LDLR|PPARG|CCL3|AIM2|FHL5,-0.39,0
1,-2.5,C0848558,M1,1,0,DisGeNET,35,Hypospadias,,-2.5,3.7,3.8,30169,366,155,7,4.5,1.7,5426|5447|6611|8260|8514|9791|10085,POLE|POR|SMS|NAA10|KCNAB2|PTDSS1|EDIL3,-0.39,0
1,-2.5,C0079773,M1,1,0,DisGeNET,35,"Lymphoma, T-Cell, Cutaneous",,-2.5,3.7,3.8,30169,367,155,7,4.5,1.7,2324|2495|3689|6385|50604|51008|64919,FLT4|FTH1|ITGB2|SDC4|IL20|ASCC1|BCL11B,-0.39,0
1,-2.5,C0001973,M1,1,0,DisGeNET,35,"Alcoholic Intoxication, Chronic",,-2.5,3,3.5,30169,577,155,9,5.8,1.9,815|2566|3839|5141|5468|6611|6854|51008|64077,CAMK2A|GABRG2|KPNA3|PDE4A|PPARG|SMS|SYN2|ASCC1|LHPP,-0.38,0
1,-2.5,C0242339,M1,1,0,DisGeNET,35,Dyslipidemias,,-2.5,3.3,3.6,30169,471,155,8,5.2,1.8,19|602|3931|3949|4973|5468|5806|27035,ABCA1|BCL3|LCAT|LDLR|OLR1|PPARG|PTX3|NOX1,-0.38,0
1,-2.5,C0003486,M1,1,0,DisGeNET,35,Aortic Aneurysm,,-2.5,4.2,3.9,30169,278,155,6,3.9,1.5,1241|1399|2064|5468|9447|25820,LTB4R|CRKL|ERBB2|PPARG|AIM2|ARIH1,-0.37,0
1,-2.5,C1860834,M1,1,0,DisGeNET,35,Infantile muscular hypotonia,,-2.5,6.6,4.4,30169,118,155,4,2.6,1.3,2775|6611|6834|440138,GNAO1|SMS|SURF1|ALG11,-0.36,0
1,-2.5,C0424605,M1,1,0,DisGeNET,35,Developmental delay (disorder),,-2.5,3,3.5,30169,584,155,9,5.8,1.9,2762|2775|3689|5073|6611|8260|9759|9900|10085,GMDS|GNAO1|ITGB2|PARN|SMS|NAA10|HDAC4|SV2A|EDIL3,-0.36,0
1,-2.5,C0016037,M1,1,0,DisGeNET,35,Fibrodysplasia Ossificans Progressiva,,-2.5,10,5,30169,58,155,3,1.9,1.1,2282|6385|51008,FKBP1AP1|SDC4|ASCC1,-0.36,0
1,-2.5,C1519346,M1,1,0,DisGeNET,35,Skin Carcinogenesis,,-2.5,5,4,30169,194,155,5,3.2,1.4,2064|5468|5578|27035|51008,ERBB2|PPARG|PRKCA|NOX1|ASCC1,-0.36,0
1,-2.5,C0162701,M1,1,0,DisGeNET,35,Polysomnography,,-2.5,6.5,4.4,30169,119,155,4,2.6,1.3,815|23194|116328|126567,CAMK2A|FBXL7|C8orf34|C2CD4C,-0.36,0
1,-2.5,C1856689,M1,1,0,DisGeNET,35,FRIEDREICH ATAXIA 1,,-2.5,6.5,4.4,30169,119,155,4,2.6,1.3,2064|2495|5468|23064,ERBB2|FTH1|PPARG|SETX,-0.36,0
1,-2.4,C0017665,M1,1,0,DisGeNET,35,Membranous glomerulonephritis,,-2.4,4.9,4,30169,197,155,5,3.2,1.4,19|1977|2775|5578|7225,ABCA1|EIF4E|GNAO1|PRKCA|TRPC6,-0.34,0
1,-2.4,C0085110,M1,1,0,DisGeNET,35,Severe Combined Immunodeficiency,,-2.4,4.1,3.8,30169,284,155,6,3.9,1.5,2064|2523|3949|5468|5880|64919,ERBB2|FUT1|LDLR|PPARG|RAC2|BCL11B,-0.34,0
1,-2.4,C1850049,M1,1,0,DisGeNET,35,Clinodactyly of the 5th finger,,-2.4,4.1,3.8,30169,284,155,6,3.9,1.5,860|1399|8260|8514|9759|9990,RUNX2|CRKL|NAA10|KCNAB2|HDAC4|SLC12A6,-0.34,0
1,-2.4,C0202117,M1,1,0,DisGeNET,35,Low density lipoprotein cholesterol measurement,,-2.4,3.2,3.5,30169,483,155,8,5.2,1.8,19|602|3757|3831|3931|3949|4035|5468,ABCA1|BCL3|KCNH2|KLC1|LCAT|LDLR|LRP1|PPARG,-0.34,0
1,-2.4,C0699949,M1,1,0,DisGeNET,35,airway disease,,-2.4,4.9,4,30169,198,155,5,3.2,1.4,3689|5141|5468|5578|50604,ITGB2|PDE4A|PPARG|PRKCA|IL20,-0.34,0
1,-2.4,C0750974,M1,1,0,DisGeNET,35,"Brain Tumor, Primary",,-2.4,6.4,4.3,30169,122,155,4,2.6,1.3,602|3689|4035|5806,BCL3|ITGB2|LRP1|PTX3,-0.34,0
1,-2.4,C1445957,M1,1,0,DisGeNET,35,Serum total cholesterol measurement,,-2.4,3.2,3.5,30169,486,155,8,5.2,1.8,19|602|3931|3949|4035|5468|7275|7850,ABCA1|BCL3|LCAT|LDLR|LRP1|PPARG|TUB|IL1R2,-0.33,0
1,-2.4,C0003130,M1,1,0,DisGeNET,35,Anoxia,,-2.4,4.1,3.8,30169,287,155,6,3.9,1.5,860|2064|3757|4502|8260|27035,RUNX2|ERBB2|KCNH2|MT2A|NAA10|NOX1,-0.33,0
1,-2.4,C0266929,M1,1,0,DisGeNET,35,Chronic Periodontitis,,-2.4,4.1,3.8,30169,287,155,6,3.9,1.5,2213|5468|5806|7850|9447|10085,FCGR2B|PPARG|PTX3|IL1R2|AIM2|EDIL3,-0.33,0
1,-2.4,C0038013,M1,1,0,DisGeNET,35,Ankylosing spondylitis,,-2.4,2.7,3.4,30169,710,155,10,6.5,2,657|860|2213|5806|6611|7424|7850|8804|10085|64919,BMPR1A|RUNX2|FCGR2B|PTX3|SMS|VEGFC|IL1R2|CREG1|EDIL3|BCL11B,-0.33,0
1,-2.4,C0013362,M1,1,0,DisGeNET,35,Dysarthria,,-2.4,3.2,3.5,30169,487,155,8,5.2,1.8,657|1848|2775|6611|6834|8625|23064|55145,BMPR1A|DUSP6|GNAO1|SMS|SURF1|RFXANK|SETX|THAP1,-0.33,0
1,-2.4,C0023827,M1,1,0,DisGeNET,35,liposarcoma,,-2.4,4.9,3.9,30169,200,155,5,3.2,1.4,1965|1977|3949|5468|5806,EIF2S1|EIF4E|LDLR|PPARG|PTX3,-0.33,0
1,-2.4,C0019569,M1,1,0,DisGeNET,35,Hirschsprung Disease,,-2.4,3.5,3.6,30169,384,155,7,4.5,1.7,1848|2064|2566|3689|3757|8260|79987,DUSP6|ERBB2|GABRG2|ITGB2|KCNH2|NAA10|SVEP1,-0.33,0
1,-2.4,C0020621,M1,1,0,DisGeNET,35,Hypokalemia,,-2.4,9.6,4.8,30169,61,155,3,1.9,1.1,657|1497|3757,BMPR1A|CTNS|KCNH2,-0.33,0
1,-2.4,C0024236,M1,1,0,DisGeNET,35,Lymphedema,,-2.4,9.6,4.8,30169,61,155,3,1.9,1.1,2324|4668|7424,FLT4|NAGA|VEGFC,-0.33,0
1,-2.4,C0151468,M1,1,0,DisGeNET,35,Thyroid Gland Follicular Adenoma,,-2.4,4.8,3.9,30169,202,155,5,3.2,1.4,1977|2064|3689|5468|9770,EIF4E|ERBB2|ITGB2|PPARG|RASSF2,-0.32,0
1,-2.4,C0002170,M1,1,0,DisGeNET,35,Alopecia,,-2.4,3.2,3.5,30169,491,155,8,5.2,1.8,1241|1977|2064|3949|5073|5468|25820|64919,LTB4R|EIF4E|ERBB2|LDLR|PARN|PPARG|ARIH1|BCL11B,-0.32,0
1,-2.4,C0279014,M1,1,0,DisGeNET,35,Childhood Germ Cell Tumor,,-2.4,9.4,4.8,30169,62,155,3,1.9,1.1,2064|6940|143689,ERBB2|ZNF354A|PIWIL4,-0.32,0
1,-2.4,C3900101,M1,1,0,DisGeNET,35,Adult Germ Cell Tumor,,-2.4,9.4,4.8,30169,62,155,3,1.9,1.1,2064|6940|143689,ERBB2|ZNF354A|PIWIL4,-0.32,0
1,-2.4,C0014772,M1,1,0,DisGeNET,35,Red Blood Cell Count measurement,,-2.4,2.7,3.3,30169,717,155,10,6.5,2,2762|4173|4779|5468|23112|23683|64919|79058|80152|80212,GMDS|MCM4|NFE2L1|PPARG|TNRC6B|PRKD3|BCL11B|ASPSCR1|CENPT|CCDC92,-0.32,0
1,-2.4,C0011168,M1,1,0,DisGeNET,35,Deglutition Disorders,,-2.4,3.5,3.6,30169,389,155,7,4.5,1.7,761|1497|2775|6834|8514|23064|51008,CA3|CTNS|GNAO1|SURF1|KCNAB2|SETX|ASCC1,-0.32,0
1,-2.4,C1519176,M1,1,0,DisGeNET,35,Salivary Gland Pleomorphic Adenoma,,-2.4,9.3,4.7,30169,63,155,3,1.9,1.1,2064|5141|6348,ERBB2|PDE4A|CCL3,-0.31,0
1,-2.4,C1136033,M1,1,0,DisGeNET,35,Cutaneous Mastocytosis,,-2.4,6.1,4.2,30169,127,155,4,2.6,1.3,2064|3689|3757|5468,ERBB2|ITGB2|KCNH2|PPARG,-0.31,0
1,-2.4,C0238461,M1,1,0,DisGeNET,35,Anaplastic thyroid carcinoma,,-2.4,3.5,3.5,30169,392,155,7,4.5,1.7,1977|2064|2821|3757|5468|7424|23429,EIF4E|ERBB2|GPI|KCNH2|PPARG|VEGFC|RYBP,-0.31,0
1,-2.4,C0003868,M1,1,0,DisGeNET,35,"Arthritis, Gouty",,-2.4,4.7,3.9,30169,206,155,5,3.2,1.4,19|5468|5578|5806|22877,ABCA1|PPARG|PRKCA|PTX3|MLXIP,-0.3,0
1,-2.4,C0027697,M1,1,0,DisGeNET,35,Nephritis,,-2.4,3.9,3.7,30169,296,155,6,3.9,1.5,2213|3689|4502|5806|6348|9447,FCGR2B|ITGB2|MT2A|PTX3|CCL3|AIM2,-0.3,0
1,-2.4,C0741899,M1,1,0,DisGeNET,35,Poorly differentiated carcinoma,,-2.4,9.1,4.7,30169,64,155,3,1.9,1.1,2064|5468|5806,ERBB2|PPARG|PTX3,-0.3,0
1,-2.4,C2350236,M1,1,0,DisGeNET,35,Idiopathic Interstitial Pneumonias,,-2.4,9.1,4.7,30169,64,155,3,1.9,1.1,5073|5468|6385,PARN|PPARG|SDC4,-0.3,0
1,-2.4,C0150055,M1,1,0,DisGeNET,35,Chronic pain,,-2.4,4.7,3.8,30169,207,155,5,3.2,1.4,1977|2821|5578|7225|9457,EIF4E|GPI|PRKCA|TRPC6|FHL5,-0.3,0
1,-2.3,C0007959,M1,1,0,DisGeNET,35,Charcot-Marie-Tooth Disease,,-2.3,4.7,3.8,30169,208,155,5,3.2,1.4,2064|3931|6834|9990|23064,ERBB2|LCAT|SURF1|SLC12A6|SETX,-0.3,0
1,-2.3,C0035204,M1,1,0,DisGeNET,35,Respiration Disorders,,-2.3,4.7,3.8,30169,208,155,5,3.2,1.4,860|3689|5141|5578|25820,RUNX2|ITGB2|PDE4A|PRKCA|ARIH1,-0.3,0
1,-2.3,C4721579,M1,1,0,DisGeNET,35,Secondary malignant neoplasm of colon and/or rectum,,-2.3,3.4,3.5,30169,397,155,7,4.5,1.7,307|1977|2064|9457|23245|25820|140733,ANXA4|EIF4E|ERBB2|FHL5|ASTN2|ARIH1|MACROD2,-0.29,0
1,-2.3,C0917996,M1,1,0,DisGeNET,35,Cerebral Aneurysm,,-2.3,9,4.6,30169,65,155,3,1.9,1.1,5141|27035|51008,PDE4A|NOX1|ASCC1,-0.29,0
1,-2.3,C0024143,M1,1,0,DisGeNET,35,Lupus Nephritis,,-2.3,3.1,3.4,30169,503,155,8,5.2,1.8,2064|2213|2495|3689|4502|5806|9447|50604,ERBB2|FCGR2B|FTH1|ITGB2|MT2A|PTX3|AIM2|IL20,-0.29,0
1,-2.3,C0677944,M1,1,0,DisGeNET,35,Sentinel node (disorder),,-2.3,6,4.1,30169,130,155,4,2.6,1.3,2064|2324|7424|9770,ERBB2|FLT4|VEGFC|RASSF2,-0.29,0
1,-2.3,C1843367,M1,1,0,DisGeNET,35,Poor school performance,,-2.3,4.6,3.8,30169,211,155,5,3.2,1.4,815|7275|7862|8260|80152,CAMK2A|TUB|BRPF1|NAA10|CENPT,-0.28,0
1,-2.3,C0376618,M1,1,0,DisGeNET,35,Endotoxemia,,-2.3,3.4,3.5,30169,401,155,7,4.5,1.7,2495|3689|4502|5468|5806|27035|114907,FTH1|ITGB2|MT2A|PPARG|PTX3|NOX1|FBXO32,-0.28,0
1,-2.3,C0521158,M1,1,0,DisGeNET,35,Recurrent tumor,,-2.3,2.6,3.3,30169,735,155,10,6.5,2,1977|2064|2324|3757|5297|5468|6611|7424|28969|55740,EIF4E|ERBB2|FLT4|KCNH2|PI4KA|PPARG|SMS|VEGFC|BZW2|ENAH,-0.28,0
1,-2.3,C0008495,M1,1,0,DisGeNET,35,Chorioamnionitis,,-2.3,5.9,4.1,30169,132,155,4,2.6,1.3,1395|5141|5447|9447,CRHR2|PDE4A|POR|AIM2,-0.28,0
1,-2.3,C0024790,M1,1,0,DisGeNET,35,Paroxysmal nocturnal hemoglobinuria,,-2.3,5.9,4.1,30169,132,155,4,2.6,1.3,2523|2821|3689|51290,FUT1|GPI|ITGB2|ERGIC2,-0.28,0
1,-2.3,C0011269,M1,1,0,DisGeNET,35,"Dementia, Vascular",,-2.3,4.6,3.8,30169,212,155,5,3.2,1.4,1977|2821|5468|9104|27035,EIF4E|GPI|PPARG|RGN|NOX1,-0.28,0
1,-2.3,C0042963,M1,1,0,DisGeNET,35,Vomiting,,-2.3,3.9,3.6,30169,303,155,6,3.9,1.5,1497|2064|5141|5578|26873|440138,CTNS|ERBB2|PDE4A|PRKCA|OPLAH|ALG11,-0.28,0
1,-2.3,C0151517,M1,1,0,DisGeNET,35,Complete atrioventricular block,,-2.3,3.4,3.5,30169,403,155,7,4.5,1.7,3757|5468|9104|9447|9759|27180|51280,KCNH2|PPARG|RGN|AIM2|HDAC4|SIGLEC9|GOLM1,-0.28,0
1,-2.3,C0019187,M1,1,0,DisGeNET,35,"Hepatitis, Alcoholic",,-2.3,5.9,4,30169,133,155,4,2.6,1.3,3689|5468|5806|6348,ITGB2|PPARG|PTX3|CCL3,-0.28,0
1,-2.3,C1849089,M1,1,0,DisGeNET,35,Broad forehead,,-2.3,5.9,4,30169,133,155,4,2.6,1.3,860|5426|7862|9791,RUNX2|POLE|BRPF1|PTDSS1,-0.28,0
1,-2.3,C0027668,M1,1,0,DisGeNET,35,"Neoplasms, Vascular Tissue",,-2.3,8.7,4.5,30169,67,155,3,1.9,1.1,2324|5468|7424,FLT4|PPARG|VEGFC,-0.28,0
1,-2.3,C3854173,M1,1,0,DisGeNET,35,Pre-renal acute kidney injury,,-2.3,8.7,4.5,30169,67,155,3,1.9,1.1,5447|5468|50604,POR|PPARG|IL20,-0.28,0
1,-2.3,C0013146,M1,1,0,DisGeNET,35,Drug abuse,,-2.3,3.4,3.4,30169,404,155,7,4.5,1.7,1395|2324|2566|6348|6611|51008|140733,CRHR2|FLT4|GABRG2|CCL3|SMS|ASCC1|MACROD2,-0.28,0
1,-2.3,C0007138,M1,1,0,DisGeNET,35,"Carcinoma, Transitional Cell",,-2.3,2.8,3.3,30169,623,155,9,5.8,1.9,666|1241|1977|2064|2213|3927|9759|25820|51008,BOK|LTB4R|EIF4E|ERBB2|FCGR2B|LASP1|HDAC4|ARIH1|ASCC1,-0.28,0
1,-2.3,C0022821,M1,1,0,DisGeNET,35,Kyphosis deformity of spine,,-2.3,3.8,3.6,30169,305,155,6,3.9,1.5,860|6611|8260|8514|9791|79058,RUNX2|SMS|NAA10|KCNAB2|PTDSS1|ASPSCR1,-0.28,0
1,-2.3,C0005612,M1,1,0,DisGeNET,35,Birth Weight,,-2.3,4.5,3.7,30169,214,155,5,3.2,1.4,2213|3773|59338|79058|79716,FCGR2B|KCNJ16|PLEKHA1|ASPSCR1|NPEPL1,-0.28,0
1,-2.3,C0742343,M1,1,0,DisGeNET,35,Acute Chest Syndrome,,-2.3,3.4,3.4,30169,405,155,7,4.5,1.7,3927|3931|3949|4973|5447|5468|5806,LASP1|LCAT|LDLR|OLR1|POR|PPARG|PTX3,-0.28,0
1,-2.3,C3828530,M1,1,0,DisGeNET,35,Platelet Component Distribution Width Measurement,,-2.3,5.8,4,30169,134,155,4,2.6,1.3,1399|8997|9874|79987,CRKL|KALRN|TLK1|SVEP1,-0.28,0
1,-2.3,C0338106,M1,1,0,DisGeNET,35,Adenocarcinoma of colon,,-2.3,3.4,3.4,30169,406,155,7,4.5,1.7,657|1977|2064|5426|5468|7424|29927,BMPR1A|EIF4E|ERBB2|POLE|PPARG|VEGFC|SEC61A1,-0.28,0
1,-2.3,C0220621,M1,1,0,DisGeNET,35,Childhood Acute Myeloid Leukemia,,-2.3,4.5,3.7,30169,215,155,5,3.2,1.4,602|1977|3757|4035|7424,BCL3|EIF4E|KCNH2|LRP1|VEGFC,-0.28,0
1,-2.3,C2936719,M1,1,0,DisGeNET,35,Mechanical Allodynia,,-2.3,3.3,3.4,30169,408,155,7,4.5,1.7,602|815|1977|3689|5578|6854|7225,BCL3|CAMK2A|EIF4E|ITGB2|PRKCA|SYN2|TRPC6,-0.27,0
1,-2.3,C1531647,M1,1,0,DisGeNET,35,Cerebral ventriculomegaly,,-2.3,3.3,3.4,30169,410,155,7,4.5,1.7,2775|5073|5468|6834|8260|8514|9990,GNAO1|PARN|PPARG|SURF1|NAA10|KCNAB2|SLC12A6,-0.27,0
1,-2.3,C0007273,M1,1,0,DisGeNET,35,Carotid Artery Diseases,,-2.3,8.5,4.5,30169,69,155,3,1.9,1.1,1241|4035|5468,LTB4R|LRP1|PPARG,-0.27,0
1,-2.3,C0011991,M1,1,0,DisGeNET,35,Diarrhea,,-2.3,2.8,3.2,30169,632,155,9,5.8,1.9,2064|2523|8997|9104|9447|9457|26873|27035|157739,ERBB2|FUT1|KALRN|RGN|AIM2|FHL5|OPLAH|NOX1|TDH,-0.26,0
1,-2.2,C0010495,M1,1,0,DisGeNET,35,Cutis Laxa,,-2.2,8.3,4.4,30169,70,155,3,1.9,1.1,8260|9791|64919,NAA10|PTDSS1|BCL11B,-0.26,0
1,-2.2,C0021167,M1,1,0,DisGeNET,35,Incontinence,,-2.2,8.3,4.4,30169,70,155,3,1.9,1.1,2064|2821|5073,ERBB2|GPI|PARN,-0.26,0
1,-2.2,C0524909,M1,1,0,DisGeNET,35,"Hepatitis B, Chronic",,-2.2,3.3,3.4,30169,415,155,7,4.5,1.7,5468|9104|9447|22877|27180|50604|51280,PPARG|RGN|AIM2|MLXIP|SIGLEC9|IL20|GOLM1,-0.25,0
1,-2.2,C0019209,M1,1,0,DisGeNET,35,Hepatomegaly,,-2.2,3,3.3,30169,523,155,8,5.2,1.8,19|815|1497|3931|4173|4668|5073|5468,ABCA1|CAMK2A|CTNS|LCAT|MCM4|NAGA|PARN|PPARG,-0.25,0
1,-2.2,C1862382,M1,1,0,DisGeNET,35,SVEINSSON CHORIORETINAL ATROPHY,,-2.2,5.6,3.9,30169,139,155,4,2.6,1.3,2064|2775|5141|6348,ERBB2|GNAO1|PDE4A|CCL3,-0.25,0
1,-2.2,C3495949,M1,1,0,DisGeNET,35,Locally advanced breast cancer,,-2.2,8.2,4.4,30169,71,155,3,1.9,1.1,2064|4035|51008,ERBB2|LRP1|ASCC1,-0.25,0
1,-2.2,C0013384,M1,1,0,DisGeNET,35,Dyskinetic syndrome,,-2.2,3.7,3.5,30169,316,155,6,3.9,1.5,657|2566|2775|5578|6834|55145,BMPR1A|GABRG2|GNAO1|PRKCA|SURF1|THAP1,-0.24,0
1,-2.2,C0040822,M1,1,0,DisGeNET,35,Tremor,,-2.2,2.9,3.2,30169,528,155,8,5.2,1.8,19|1848|2064|2566|2775|6611|6834|23064,ABCA1|DUSP6|ERBB2|GABRG2|GNAO1|SMS|SURF1|SETX,-0.23,0
1,-2.2,C0206664,M1,1,0,DisGeNET,35,Teratocarcinoma,,-2.2,5.5,3.9,30169,141,155,4,2.6,1.3,2064|2324|2523|8804,ERBB2|FLT4|FUT1|CREG1,-0.23,0
1,-2.2,C3806482,M1,1,0,DisGeNET,35,Recurrent respiratory infections,,-2.2,3.7,3.4,30169,318,155,6,3.9,1.5,860|1399|4173|5073|5426|8625,RUNX2|CRKL|MCM4|PARN|POLE|RFXANK,-0.23,0
1,-2.2,C0007682,M1,1,0,DisGeNET,35,CNS disorder,,-2.2,3.7,3.4,30169,319,155,6,3.9,1.5,2064|5141|5468|5880|6611|9900,ERBB2|PDE4A|PPARG|RAC2|SMS|SV2A,-0.23,0
1,-2.2,C1145670,M1,1,0,DisGeNET,35,Respiratory Failure,,-2.2,3.7,3.4,30169,319,155,6,3.9,1.5,860|3689|5447|6834|23112|51008,RUNX2|ITGB2|POR|SURF1|TNRC6B|ASCC1,-0.23,0
1,-2.2,C1861403,M1,1,0,DisGeNET,35,Variable expressivity,,-2.2,3.7,3.4,30169,319,155,6,3.9,1.5,5073|6834|7424|7862|8260|23064,PARN|SURF1|VEGFC|BRPF1|NAA10|SETX,-0.23,0
1,-2.2,C0026847,M1,1,0,DisGeNET,35,Spinal Muscular Atrophy,,-2.2,3.6,3.4,30169,320,155,6,3.9,1.5,2523|5468|9759|23064|51008|114907,FUT1|PPARG|HDAC4|SETX|ASCC1|FBXO32,-0.22,0
1,-2.2,C0151611,M1,1,0,DisGeNET,35,Electroencephalogram abnormal,,-2.2,4.3,3.6,30169,227,155,5,3.2,1.4,2566|2775|6611|8514|9990,GABRG2|GNAO1|SMS|KCNAB2|SLC12A6,-0.22,0
1,-2.2,C0339510,M1,1,0,DisGeNET,35,Vitelliform Macular Dystrophy,,-2.2,7.9,4.3,30169,74,155,3,1.9,1.1,2064|2495|9104,ERBB2|FTH1|RGN,-0.21,0
1,-2.2,C0220620,M1,1,0,DisGeNET,35,Gastrointestinal Carcinoid Tumor,,-2.2,3.6,3.4,30169,323,155,6,3.9,1.5,657|860|2064|5468|9457|22877,BMPR1A|RUNX2|ERBB2|PPARG|FHL5|MLXIP,-0.21,0
1,-2.2,C0018818,M1,1,0,DisGeNET,35,Ventricular Septal Defects,,-2.2,3.2,3.3,30169,426,155,7,4.5,1.7,815|1399|2775|5578|6834|7424|8260,CAMK2A|CRKL|GNAO1|PRKCA|SURF1|VEGFC|NAA10,-0.21,0
1,-2.2,C3278923,M1,1,0,DisGeNET,35,Dilated ventricles (finding),,-2.2,3.2,3.3,30169,427,155,7,4.5,1.7,2775|5073|5468|6834|8260|8514|9990,GNAO1|PARN|PPARG|SURF1|NAA10|KCNAB2|SLC12A6,-0.21,0
1,-2.2,C0036916,M1,1,0,DisGeNET,35,Sexually Transmitted Diseases,,-2.2,7.8,4.2,30169,75,155,3,1.9,1.1,2821|4035|64077,GPI|LRP1|LHPP,-0.2,0
1,-2.2,C0429028,M1,1,0,DisGeNET,35,QT interval feature (observable entity),,-2.2,7.8,4.2,30169,75,155,3,1.9,1.1,3757|5578|8514,KCNH2|PRKCA|KCNAB2,-0.2,0
1,-2.2,C2939465,M1,1,0,DisGeNET,35,Deficiency of glucose-6-phosphate dehydrogenase,,-2.2,7.8,4.2,30169,75,155,3,1.9,1.1,2821|3689|3949,GPI|ITGB2|LDLR,-0.2,0
1,-2.2,C0542476,M1,1,0,DisGeNET,35,Forgetful,,-2.2,3.2,3.3,30169,429,155,7,4.5,1.7,657|3689|5468|5578|6348|9759|9900,BMPR1A|ITGB2|PPARG|PRKCA|CCL3|HDAC4|SV2A,-0.2,0
1,-2.2,C1849367,M1,1,0,DisGeNET,35,Nasal bridge wide,,-2.2,3.2,3.3,30169,429,155,7,4.5,1.7,7275|7862|8260|8514|9990|23370|23568,TUB|BRPF1|NAA10|KCNAB2|SLC12A6|ARHGEF18|ARL2BP,-0.2,0
1,-2.2,C0042834,M1,1,0,DisGeNET,35,Vital capacity,,-2.2,3.2,3.3,30169,430,155,7,4.5,1.7,666|860|2762|6780|23245|79058|116328,BOK|RUNX2|GMDS|STAU1|ASTN2|ASPSCR1|C8orf34,-0.2,0
1,-2.2,C1969372,M1,1,0,DisGeNET,35,Tubulointerstitial fibrosis,,-2.2,3.6,3.4,30169,327,155,6,3.9,1.5,5073|5468|6385|7225|7424|9874,PARN|PPARG|SDC4|TRPC6|VEGFC|TLK1,-0.2,0
1,-2.1,C0085253,M1,1,0,DisGeNET,35,Adult-Onset Still Disease,,-2.1,7.7,4.2,30169,76,155,3,1.9,1.1,2213|2775|9447,FCGR2B|GNAO1|AIM2,-0.2,0
1,-2.1,C1334177,M1,1,0,DisGeNET,35,Infiltrating Cervical Carcinoma,,-2.1,7.7,4.2,30169,76,155,3,1.9,1.1,2064|2775|7424,ERBB2|GNAO1|VEGFC,-0.2,0
1,-2.1,C0524528,M1,1,0,DisGeNET,35,Pervasive Development Disorder,,-2.1,3.6,3.4,30169,328,155,6,3.9,1.5,1977|4035|5468|6611|9447|140733,EIF4E|LRP1|PPARG|SMS|AIM2|MACROD2,-0.2,0
1,-2.1,C0007820,M1,1,0,DisGeNET,35,Cerebrovascular Disorders,,-2.1,4.2,3.5,30169,233,155,5,3.2,1.4,19|3949|4973|9457|27035,ABCA1|LDLR|OLR1|FHL5|NOX1,-0.19,0
1,-2.1,C3241937,M1,1,0,DisGeNET,35,Nonalcoholic Steatohepatitis,,-2.1,3.1,3.2,30169,434,155,7,4.5,1.7,19|3949|4973|5141|5468|5578|27035,ABCA1|LDLR|OLR1|PDE4A|PPARG|PRKCA|NOX1,-0.19,0
1,-2.1,C0003507,M1,1,0,DisGeNET,35,Aortic Valve Stenosis,,-2.1,4.2,3.5,30169,234,155,5,3.2,1.4,860|3949|5468|6385|9791,RUNX2|LDLR|PPARG|SDC4|PTDSS1,-0.19,0
1,-2.1,C0238790,M1,1,0,DisGeNET,35,bone destruction,,-2.1,4.2,3.5,30169,234,155,5,3.2,1.4,657|860|2821|6348|50604,BMPR1A|RUNX2|GPI|CCL3|IL20,-0.19,0
1,-2.1,C0376634,M1,1,0,DisGeNET,35,Craniofacial Abnormalities,,-2.1,4.2,3.5,30169,234,155,5,3.2,1.4,657|860|1745|6834|29927,BMPR1A|RUNX2|DLX1|SURF1|SEC61A1,-0.19,0
1,-2.1,C0004930,M1,1,0,DisGeNET,35,Behavior Disorders,,-2.1,7.6,4.2,30169,77,155,3,1.9,1.1,5141|7225|10645,PDE4A|TRPC6|CAMKK2,-0.19,0
1,-2.1,C0241726,M1,1,0,DisGeNET,35,Delayed ability to walk,,-2.1,7.6,4.2,30169,77,155,3,1.9,1.1,815|7862|64919,CAMK2A|BRPF1|BCL11B,-0.19,0
1,-2.1,C0525041,M1,1,0,DisGeNET,35,Neurobehavioral Manifestations,,-2.1,7.6,4.2,30169,77,155,3,1.9,1.1,3757|5141|51008,KCNH2|PDE4A|ASCC1,-0.19,0
1,-2.1,C1838391,M1,1,0,DisGeNET,35,Limb hypertonia,,-2.1,7.6,4.2,30169,77,155,3,1.9,1.1,2566|7862|440138,GABRG2|BRPF1|ALG11,-0.19,0
1,-2.1,C0018784,M1,1,0,DisGeNET,35,Sensorineural Hearing Loss (disorder),,-2.1,2.5,3,30169,783,155,10,6.5,2,860|1399|1848|4668|6834|7275|8514|9791|23370|23568,RUNX2|CRKL|DUSP6|NAGA|SURF1|TUB|KCNAB2|PTDSS1|ARHGEF18|ARL2BP,-0.19,0
1,-2.1,C0948089,M1,1,0,DisGeNET,35,Acute Coronary Syndrome,,-2.1,3.1,3.2,30169,440,155,7,4.5,1.7,3931|3949|4035|4973|5447|5468|5806,LCAT|LDLR|LRP1|OLR1|POR|PPARG|PTX3,-0.17,0
1,-2.1,C0677607,M1,1,0,DisGeNET,35,Hashimoto Disease,,-2.1,3.5,3.3,30169,335,155,6,3.9,1.5,19|2064|2213|3689|5468|9447,ABCA1|ERBB2|FCGR2B|ITGB2|PPARG|AIM2,-0.17,0
1,-2.1,C1834055,M1,1,0,DisGeNET,35,Underdeveloped nasal alae,,-2.1,7.4,4.1,30169,79,155,3,1.9,1.1,1399|8260|9759,CRKL|NAA10|HDAC4,-0.17,0
1,-2.1,C0008311,M1,1,0,DisGeNET,35,Cholangitis,,-2.1,7.3,4.1,30169,80,155,3,1.9,1.1,602|5468|8625,BCL3|PPARG|RFXANK,-0.16,0
1,-2.1,C0034155,M1,1,0,DisGeNET,35,"Purpura, Thrombotic Thrombocytopenic",,-2.1,7.3,4.1,30169,80,155,3,1.9,1.1,19|2324|5806,ABCA1|FLT4|PTX3,-0.16,0
1,-2.1,C0038587,M1,1,0,DisGeNET,35,Substance Withdrawal Syndrome,,-2.1,7.3,4.1,30169,80,155,3,1.9,1.1,860|2775|2821,RUNX2|GNAO1|GPI,-0.16,0
1,-2.1,C0860659,M1,1,0,DisGeNET,35,Aloof,,-2.1,7.2,4,30169,81,155,3,1.9,1.1,2064|7225|10085,ERBB2|TRPC6|EDIL3,-0.15,0
1,-2.1,C1561826,M1,1,0,DisGeNET,35,Overweight and obesity,,-2.1,7.2,4,30169,81,155,3,1.9,1.1,2064|5468|9457,ERBB2|PPARG|FHL5,-0.15,0
1,-2.1,C0005859,M1,1,0,DisGeNET,35,Bloom Syndrome,,-2.1,5,3.6,30169,155,155,4,2.6,1.3,1965|1977|3931|5806,EIF2S1|EIF4E|LCAT|PTX3,-0.15,0
1,-2.1,C0234132,M1,1,0,DisGeNET,35,Pyramidal sign,,-2.1,5,3.6,30169,155,155,4,2.6,1.3,657|4668|6834|23064,BMPR1A|NAGA|SURF1|SETX,-0.15,0
1,-2.1,C0025500,M1,1,0,DisGeNET,35,Mesothelioma,,-2.1,2.8,3.1,30169,560,155,8,5.2,1.8,19|307|1977|2064|2324|2821|5578|7424,ABCA1|ANXA4|EIF4E|ERBB2|FLT4|GPI|PRKCA|VEGFC,-0.15,0
1,-2.1,C0035235,M1,1,0,DisGeNET,35,Respiratory Syncytial Virus Infections,,-2.1,4,3.4,30169,244,155,5,3.2,1.4,2821|5141|5468|5578|6348,GPI|PDE4A|PPARG|PRKCA|CCL3,-0.15,0
1,-2.1,C0947622,M1,1,0,DisGeNET,35,Cholecystolithiasis,,-2.1,5,3.6,30169,156,155,4,2.6,1.3,39|3949|5468|23673,ACAT2|LDLR|PPARG|STX12,-0.15,0
1,-2.1,C0162836,M1,1,0,DisGeNET,35,Hidradenitis Suppurativa,,-2.1,7.1,4,30169,82,155,3,1.9,1.1,3689|5141|50604,ITGB2|PDE4A|IL20,-0.15,0
1,-2.1,C0279672,M1,1,0,DisGeNET,35,Cervical Adenocarcinoma,,-2.1,7.1,4,30169,82,155,3,1.9,1.1,2064|5578|9104,ERBB2|PRKCA|RGN,-0.15,0
1,-2.1,C1707444,M1,1,0,DisGeNET,35,Columnar Cell Change of the Breast,,-2.1,7.1,4,30169,82,155,3,1.9,1.1,307|2064|5468,ANXA4|ERBB2|PPARG,-0.15,0
1,-2.1,C0003872,M1,1,0,DisGeNET,35,"Arthritis, Psoriatic",,-2.1,3,3.1,30169,450,155,7,4.5,1.7,860|2523|5141|5468|5806|27035|50604,RUNX2|FUT1|PDE4A|PPARG|PTX3|NOX1|IL20,-0.14,0
1,-2.1,C3642347,M1,1,0,DisGeNET,35,Basal-Like Breast Carcinoma,,-2.1,4,3.4,30169,245,155,5,3.2,1.4,2064|2324|5578|5806|7424,ERBB2|FLT4|PRKCA|PTX3|VEGFC,-0.14,0
1,-2.1,C0007787,M1,1,0,DisGeNET,35,Transient Ischemic Attack,,-2.1,3.4,3.2,30169,344,155,6,3.9,1.5,815|1965|4502|4973|5468|7225,CAMK2A|EIF2S1|MT2A|OLR1|PPARG|TRPC6,-0.14,0
1,-2,C0019159,M1,1,0,DisGeNET,35,Hepatitis A,,-2,3,3.1,30169,451,155,7,4.5,1.7,1977|2064|2324|3949|9457|51280|79132,EIF4E|ERBB2|FLT4|LDLR|FHL5|GOLM1|DHX58,-0.14,0
1,-2,C0598608,M1,1,0,DisGeNET,35,Hyperhomocysteinemia,,-2,4,3.3,30169,246,155,5,3.2,1.4,2064|3949|4973|5468|7410,ERBB2|LDLR|OLR1|PPARG|VAV2,-0.14,0
1,-2,C0205682,M1,1,0,DisGeNET,35,Waist-Hip Ratio,,-2,2.8,3,30169,565,155,8,5.2,1.8,19|7424|10645|23112|23245|80212|116328|124446,ABCA1|VEGFC|CAMKK2|TNRC6B|ASTN2|CCDC92|C8orf34|TMEM219,-0.14,0
1,-2,C1302401,M1,1,0,DisGeNET,35,Adenoma of large intestine,,-2,3,3.1,30169,452,155,7,4.5,1.7,602|4035|5426|5468|7225|9584|9770,BCL3|LRP1|POLE|PPARG|TRPC6|RBM39|RASSF2,-0.14,0
1,-2,C0242383,M1,1,0,DisGeNET,35,Age related macular degeneration,,-2,2.6,3,30169,685,155,9,5.8,1.9,19|39|1241|2324|4502|5468|5806|7424|59338,ABCA1|ACAT2|LTB4R|FLT4|MT2A|PPARG|PTX3|VEGFC|PLEKHA1,-0.14,0
1,-2,C0023051,M1,1,0,DisGeNET,35,Laryngeal Diseases,,-2,4.9,3.5,30169,159,155,4,2.6,1.3,761|1977|2064|55145,CA3|EIF4E|ERBB2|THAP1,-0.14,0
1,-2,C1262091,M1,1,0,DisGeNET,35,Lymphocytic infiltration,,-2,7,3.9,30169,84,155,3,1.9,1.1,2064|5426|6348,ERBB2|POLE|CCL3,-0.14,0
1,-2,C0162770,M1,1,0,DisGeNET,35,Right Ventricular Hypertrophy,,-2,4.9,3.5,30169,160,155,4,2.6,1.3,5468|5578|9104|27035,PPARG|PRKCA|RGN|NOX1,-0.13,0
1,-2,C4317109,M1,1,0,DisGeNET,35,Epileptic Seizures,,-2,3.9,3.3,30169,250,155,5,3.2,1.4,860|5468|6854|9900|9990,RUNX2|PPARG|SYN2|SV2A|SLC12A6,-0.13,0
1,-2,C0333516,M1,1,0,DisGeNET,35,Tumor necrosis,,-2,3.3,3.2,30169,350,155,6,3.9,1.5,860|2064|5141|5468|7424|27035,RUNX2|ERBB2|PDE4A|PPARG|VEGFC|NOX1,-0.13,0
1,-2,C0032269,M1,1,0,DisGeNET,35,Pneumococcal Infections,,-2,6.9,3.9,30169,85,155,3,1.9,1.1,5806|9447|50604,PTX3|AIM2|IL20,-0.13,0
1,-2,C0857379,M1,1,0,DisGeNET,35,Abnormality of the pinna,,-2,6.9,3.9,30169,85,155,3,1.9,1.1,5447|6611|7862,POR|SMS|BRPF1,-0.13,0
1,-2,C0026948,M1,1,0,DisGeNET,35,Mycosis Fungoides,,-2,3.9,3.3,30169,251,155,5,3.2,1.4,2324|2775|3689|7424|64919,FLT4|GNAO1|ITGB2|VEGFC|BCL11B,-0.13,0
1,-2,C0034067,M1,1,0,DisGeNET,35,Pulmonary Emphysema,,-2,3.3,3.1,30169,352,155,6,3.9,1.5,19|5468|6611|9104|9759|27180,ABCA1|PPARG|SMS|RGN|HDAC4|SIGLEC9,-0.13,0
1,-2,C0018923,M1,1,0,DisGeNET,35,Hemangiosarcoma,,-2,4.8,3.5,30169,162,155,4,2.6,1.3,1399|2064|2324|7424,CRKL|ERBB2|FLT4|VEGFC,-0.13,0
1,-2,C0494261,M1,1,0,DisGeNET,35,Combined immunodeficiency,,-2,6.8,3.9,30169,86,155,3,1.9,1.1,5880|8625|64919,RAC2|RFXANK|BCL11B,-0.13,0
