_MEMBER_MyList,_LogP_MyList,GO,_PATTERN_,_RANK_,GiniIndex,Category,CategoryID,Description,PARENT_GO,LogP,Enrichment,Z-score,#TotalGeneInLibrary,#GeneInGO,#GeneInHitList,#GeneInGOAndHitList,%InGO,STDV %InGO,GeneID,Hits,Log(q-value),EvidenceCutoff
1,-5.2,TRR01269,M1,1,0,TRRUST,34,Regulated by: SREBF2,,-5.2,32,11,30169,24,155,4,2.6,1.3,19|3949|4035|5468,ABCA1|LDLR|LRP1|PPARG,-1.8,0
1,-3.1,TRR01268,M1,1,0,TRRUST,34,Regulated by: SREBF1,,-3.1,17,6.8,30169,34,155,3,1.9,1.1,3949|4035|5468,LDLR|LRP1|PPARG,-0.71,0
1,-2.8,TRR01256,M1,1,0,TRRUST,34,Regulated by: SP1,,-2.8,3.3,3.9,30169,523,155,9,5.8,1.9,19|2064|3689|3757|3931|3949|5447|9104|9759,ABCA1|ERBB2|ITGB2|KCNH2|LCAT|LDLR|POR|RGN|HDAC4,-0.5,0
1,-2.8,TRR00253,M1,1,0,TRRUST,34,Regulated by: EGR1,,-2.8,7.9,4.9,30169,99,155,4,2.6,1.3,3949|5447|5468|6854,LDLR|POR|PPARG|SYN2,-0.48,0
1,-2.8,TRR01548,M1,1,0,TRRUST,34,Regulated by: YY1,,-2.8,7.9,4.9,30169,99,155,4,2.6,1.3,2064|2213|3949|6834,ERBB2|FCGR2B|LDLR|SURF1,-0.48,0
1,-2.4,TRR01259,M1,1,0,TRRUST,34,Regulated by: SP3,,-2.4,6.2,4.2,30169,126,155,4,2.6,1.3,19|2064|3931|9759,ABCA1|ERBB2|LCAT|HDAC4,-0.32,0
1,-2.1,TRR01158,M1,1,0,TRRUST,34,Regulated by: RELA,,-2.1,3.5,3.3,30169,333,155,6,3.9,1.5,19|602|2324|4779|4973|6348,ABCA1|BCL3|FLT4|NFE2L1|OLR1|CCL3,-0.18,0
1,-2.1,TRR00875,M1,1,0,TRRUST,34,Regulated by: NFKB1,,-2.1,3.4,3.3,30169,339,155,6,3.9,1.5,19|602|2324|4779|4973|6348,ABCA1|BCL3|FLT4|NFE2L1|OLR1|CCL3,-0.16,0
1,-2,TRR01277,M1,1,0,TRRUST,34,Regulated by: STAT3,,-2,4.8,3.5,30169,161,155,4,2.6,1.3,19|2821|3931|27035,ABCA1|GPI|LCAT|NOX1,-0.13,0
