Network,Annotation
MyList,GO:0009896|positive regulation of catabolic process|-9.4;GO:0071214|cellular response to abiotic stimulus|-9.1;GO:0104004|cellular response to environmental stimulus|-9.1
MyList_MCODE_ALL,GO:0009314|response to radiation|-9.2;GO:0006974|cellular response to DNA damage stimulus|-8.9;GO:0071478|cellular response to radiation|-8.5
MyList_SUB1_MCODE_1,R-HSA-73894|DNA Repair|-9.9;GO:0006974|cellular response to DNA damage stimulus|-9.1;GO:0009314|response to radiation|-9.1
MyList_SUB1_MCODE_2,R-HSA-9033241|Peroxisomal protein import|-6.5;R-HSA-9609507|Protein localization|-5.3;GO:0042176|regulation of protein catabolic process|-4.2
