Cluster,Score,Type,Gene,Symbol,Network
1,2.1333333333333333,Clustered,4987,OPRL1,MyList_SUB1
1,2.1333333333333333,Clustered,580,BARD1,MyList_SUB1
1,2.1333333333333333,Clustered,22976,PAXIP1,MyList_SUB1
1,2.1333333333333333,Clustered,351,APP,MyList_SUB1
1,2.1333333333333333,Clustered,2033,EP300,MyList_SUB1
1,2.1333333333333333,Clustered,1234,CCR5,MyList_SUB1
1,2.1333333333333333,Seed,6753,SSTR3,MyList_SUB1
1,2.1333333333333333,Clustered,5573,PRKAR1A,MyList_SUB1
1,2.1333333333333333,Clustered,2182,ACSL4,MyList_SUB1
1,2.1333333333333333,Clustered,6421,SFPQ,MyList_SUB1
1,2.1333333333333333,Clustered,2072,ERCC4,MyList_SUB1
1,2.1333333333333333,Clustered,217,ALDH2,MyList_SUB1
1,2.1333333333333333,Clustered,9156,EXO1,MyList_SUB1
1,2.1333333333333333,Clustered,1111,CHEK1,MyList_SUB1
1,2.1333333333333333,Clustered,1642,DDB1,MyList_SUB1
2,1.4285714285714286,Seed,6597,SMARCA4,MyList_SUB1
2,1.4285714285714286,Clustered,6872,TAF1,MyList_SUB1
2,1.4285714285714286,Clustered,4843,NOS2,MyList_SUB1
2,1.4285714285714286,Clustered,2627,GATA6,MyList_SUB1
2,1.4285714285714286,Clustered,1962,EHHADH,MyList_SUB1
2,1.4285714285714286,Clustered,5537,PPP6C,MyList_SUB1
2,1.4285714285714286,Clustered,3416,IDE,MyList_SUB1
