Category,CategoryID,GO,Description,PARENT_GO,LogP,Enrichment,Z-score,#TotalGeneInLibrary,#GeneInGO,#GeneInHitList,#GeneInGOAndHitList,%InGO,STDV %InGO,GeneID,Hits,Log(q-value),GeneList
GO Biological Processes,19,GO:0006468,protein phosphorylation,19_GO:0008152 metabolic process,-6.3,4.3,6.7,30169,701,170,17,10,2.3,90|102|596|1020|2041|2321|3055|4915|5166|5218|5596|5607|5747|6850|7405|54986|153090,ACVR1|ADAM10|BCL2|CDK5|EPHA1|FLT1|HCK|NTRK2|PDK4|CDK14|MAPK4|MAP2K5|PTK2|SYK|UVRAG|ULK4|DAB2IP,-2.3,MyList
GO Biological Processes,19,GO:0043549,regulation of kinase activity,19_GO:0008152 metabolic process,-6.3,4.1,6.6,30169,786,170,18,11,2.4,151|1020|2041|2074|2321|4915|5207|5339|5607|5747|6850|7405|8322|8651|29950|54757|57091|153090,ADRA2B|CDK5|EPHA1|ERCC6|FLT1|NTRK2|PFKFB1|PLEC|MAP2K5|PTK2|SYK|UVRAG|FZD4|SOCS1|SERTAD1|FAM20A|CASS4|DAB2IP,-2.3,MyList
GO Biological Processes,19,GO:0048514,blood vessel morphogenesis,19_GO:0032502 developmental process,-6.1,5.5,7,30169,421,170,13,7.6,2,90|151|2041|2321|4915|5747|6376|6850|8322|23462|83478|83700|153090,ACVR1|ADRA2B|EPHA1|FLT1|NTRK2|PTK2|CX3CL1|SYK|FZD4|HEY1|ARHGAP24|JAM3|DAB2IP,-2.3,MyList
GO Biological Processes,19,GO:0033674,positive regulation of kinase activity,19_GO:0048518 positive regulation of biological process,-6,5,6.8,30169,494,170,14,8.2,2.1,151|1020|2041|2074|2321|4915|5207|5607|5747|6850|8322|54757|57091|153090,ADRA2B|CDK5|EPHA1|ERCC6|FLT1|NTRK2|PFKFB1|MAP2K5|PTK2|SYK|FZD4|FAM20A|CASS4|DAB2IP,-2.3,MyList
GO Biological Processes,19,GO:0035239,tube morphogenesis,19_GO:0032502 developmental process,-5.9,4.2,6.4,30169,670,170,16,9.4,2.2,90|151|596|2041|2321|4915|5747|6376|6850|8322|9653|23462|83478|83700|153090|339829,ACVR1|ADRA2B|BCL2|EPHA1|FLT1|NTRK2|PTK2|CX3CL1|SYK|FZD4|HS2ST1|HEY1|ARHGAP24|JAM3|DAB2IP|CCDC39,-2.3,MyList
GO Biological Processes,19,GO:0045859,regulation of protein kinase activity,19_GO:0008152 metabolic process,-5.8,4.2,6.4,30169,672,170,16,9.4,2.2,151|1020|2041|2074|2321|5339|5607|5747|6850|7405|8322|8651|29950|54757|57091|153090,ADRA2B|CDK5|EPHA1|ERCC6|FLT1|PLEC|MAP2K5|PTK2|SYK|UVRAG|FZD4|SOCS1|SERTAD1|FAM20A|CASS4|DAB2IP,-2.3,MyList
GO Biological Processes,19,GO:0050900,leukocyte migration,19_GO:0002376 immune system process,-5.8,7.2,7.3,30169,247,170,10,5.9,1.8,1230|2321|3055|5142|5339|6367|6376|6850|83692|83700,CCR1|FLT1|HCK|PDE4B|PLEC|CCL22|CX3CL1|SYK|CD99L2|JAM3,-2.3,MyList
GO Biological Processes,19,GO:0043408,regulation of MAPK cascade,19_GO:0023052 signaling,-5.7,4.1,6.2,30169,694,170,16,9.4,2.2,151|1230|2218|2321|3487|4915|5607|5972|6367|6376|6850|8322|54986|55504|57053|153090,ADRA2B|CCR1|FKTN|FLT1|IGFBP4|NTRK2|MAP2K5|REN|CCL22|CX3CL1|SYK|FZD4|ULK4|TNFRSF19|CHRNA10|DAB2IP,-2.2,MyList
GO Biological Processes,19,GO:0001525,angiogenesis,19_GO:0032502 developmental process,-5.6,6,6.8,30169,325,170,11,6.5,1.9,90|151|2041|2321|5747|6376|6850|23462|83478|83700|153090,ACVR1|ADRA2B|EPHA1|FLT1|PTK2|CX3CL1|SYK|HEY1|ARHGAP24|JAM3|DAB2IP,-2.2,MyList
GO Biological Processes,19,GO:2000811,negative regulation of anoikis,19_GO:0048519 negative regulation of biological process,-5.6,39,12,30169,18,170,4,2.4,1.2,596|4915|5166|5747,BCL2|NTRK2|PDK4|PTK2,-2.2,MyList
GO Biological Processes,19,GO:0032940,secretion by cell,19_GO:0051179 localization,-5.5,5.3,6.5,30169,405,170,12,7.1,2,1020|1230|2692|2912|3055|4915|5873|6850|8322|9342|54536|85477,CDK5|CCR1|GHRHR|GRM2|HCK|NTRK2|RAB27A|SYK|FZD4|SNAP29|EXOC6|SCIN,-2.1,MyList
GO Biological Processes,19,GO:0030335,positive regulation of cell migration,19_GO:0040011 locomotion,-5.4,4.4,6.1,30169,566,170,14,8.2,2.1,90|102|596|811|1230|2041|2321|5747|6376|8322|57091|83692|83700|153090,ACVR1|ADAM10|BCL2|CALR|CCR1|EPHA1|FLT1|PTK2|CX3CL1|FZD4|CASS4|CD99L2|JAM3|DAB2IP,-2.1,MyList
GO Biological Processes,19,GO:0051347,positive regulation of transferase activity,19_GO:0065007 biological regulation,-5.2,4.2,6,30169,586,170,14,8.2,2.1,151|1020|2041|2074|2321|4915|5207|5607|5747|6850|8322|54757|57091|153090,ADRA2B|CDK5|EPHA1|ERCC6|FLT1|NTRK2|PFKFB1|MAP2K5|PTK2|SYK|FZD4|FAM20A|CASS4|DAB2IP,-2,MyList
GO Biological Processes,19,GO:0001568,blood vessel development,19_GO:0032502 developmental process,-5.2,4.6,6.1,30169,507,170,13,7.6,2,90|151|2041|2321|4915|5747|6376|6850|8322|23462|83478|83700|153090,ACVR1|ADRA2B|EPHA1|FLT1|NTRK2|PTK2|CX3CL1|SYK|FZD4|HEY1|ARHGAP24|JAM3|DAB2IP,-2,MyList
GO Biological Processes,19,GO:2000147,positive regulation of cell motility,19_GO:0040011 locomotion,-5.1,4.2,5.9,30169,592,170,14,8.2,2.1,90|102|596|811|1230|2041|2321|5747|6376|8322|57091|83692|83700|153090,ACVR1|ADAM10|BCL2|CALR|CCR1|EPHA1|FLT1|PTK2|CX3CL1|FZD4|CASS4|CD99L2|JAM3|DAB2IP,-2,MyList
GO Biological Processes,19,GO:0046903,secretion,19_GO:0051179 localization,-5.1,4.4,6,30169,520,170,13,7.6,2,1020|1230|2692|2912|3055|4915|5873|6850|8322|9342|9474|54536|85477,CDK5|CCR1|GHRHR|GRM2|HCK|NTRK2|RAB27A|SYK|FZD4|SNAP29|ATG5|EXOC6|SCIN,-1.9,MyList
GO Biological Processes,19,GO:0040017,positive regulation of locomotion,19_GO:0040011 locomotion,-5,4.1,5.8,30169,607,170,14,8.2,2.1,90|102|596|811|1230|2041|2321|5747|6376|8322|57091|83692|83700|153090,ACVR1|ADAM10|BCL2|CALR|CCR1|EPHA1|FLT1|PTK2|CX3CL1|FZD4|CASS4|CD99L2|JAM3|DAB2IP,-1.9,MyList
GO Biological Processes,19,GO:0001944,vasculature development,19_GO:0032502 developmental process,-5,4.4,5.9,30169,528,170,13,7.6,2,90|151|2041|2321|4915|5747|6376|6850|8322|23462|83478|83700|153090,ACVR1|ADRA2B|EPHA1|FLT1|NTRK2|PTK2|CX3CL1|SYK|FZD4|HEY1|ARHGAP24|JAM3|DAB2IP,-1.9,MyList
GO Biological Processes,19,GO:0040011,locomotion,19_GO:0040011 locomotion,-5,4.4,5.9,30169,530,170,13,7.6,2,1020|1230|2041|2321|5142|5339|5747|6367|6376|6850|8322|57408|64843,CDK5|CCR1|EPHA1|FLT1|PDE4B|PLEC|PTK2|CCL22|CX3CL1|SYK|FZD4|LRTM1|ISL2,-1.9,MyList
GO Biological Processes,19,GO:2000209,regulation of anoikis,19_GO:0050789 regulation of biological process,-4.9,28,10,30169,25,170,4,2.4,1.2,596|4915|5166|5747,BCL2|NTRK2|PDK4|PTK2,-1.9,MyList
GO Biological Processes,19,GO:0140352,export from cell,19_GO:0051179 localization,-4.9,4.6,5.9,30169,460,170,12,7.1,2,1020|1230|2692|2912|3055|4915|5873|6850|8322|9342|54536|85477,CDK5|CCR1|GHRHR|GRM2|HCK|NTRK2|RAB27A|SYK|FZD4|SNAP29|EXOC6|SCIN,-1.9,MyList
GO Biological Processes,19,GO:0030595,leukocyte chemotaxis,19_GO:0040011 locomotion,-4.7,8.4,6.8,30169,148,170,7,4.1,1.5,1230|2321|5142|5339|6367|6376|6850,CCR1|FLT1|PDE4B|PLEC|CCL22|CX3CL1|SYK,-1.7,MyList
GO Biological Processes,19,GO:0002687,positive regulation of leukocyte migration,19_GO:0040011 locomotion,-4.7,8.4,6.8,30169,148,170,7,4.1,1.5,102|811|1230|5747|6376|83692|83700,ADAM10|CALR|CCR1|PTK2|CX3CL1|CD99L2|JAM3,-1.7,MyList
GO Biological Processes,19,GO:0001934,positive regulation of protein phosphorylation,19_GO:0048518 positive regulation of biological process,-4.6,3.6,5.3,30169,749,170,15,8.8,2.2,90|151|596|1020|2074|2321|4915|5607|5747|6376|6850|8322|54757|57091|153090,ACVR1|ADRA2B|BCL2|CDK5|ERCC6|FLT1|NTRK2|MAP2K5|PTK2|CX3CL1|SYK|FZD4|FAM20A|CASS4|DAB2IP,-1.6,MyList
GO Biological Processes,19,GO:0022412,cellular process involved in reproduction in multicellular organism,19_GO:0022414 reproductive process,-4.6,4.7,5.7,30169,415,170,11,6.5,1.9,90|596|676|3622|6901|8322|9425|64753|79925|83700|89765,ACVR1|BCL2|BRDT|ING2|TAFAZZIN|FZD4|CDYL|CCDC136|SPEF2|JAM3|RSPH1,-1.6,MyList
GO Biological Processes,19,GO:0043410,positive regulation of MAPK cascade,19_GO:0023052 signaling,-4.6,4.3,5.6,30169,496,170,12,7.1,2,151|1230|2321|3487|4915|5607|6367|6376|6850|8322|55504|153090,ADRA2B|CCR1|FLT1|IGFBP4|NTRK2|MAP2K5|CCL22|CX3CL1|SYK|FZD4|TNFRSF19|DAB2IP,-1.6,MyList
GO Biological Processes,19,GO:0045860,positive regulation of protein kinase activity,19_GO:0048518 positive regulation of biological process,-4.6,4.7,5.7,30169,418,170,11,6.5,1.9,151|1020|2074|2321|5607|5747|6850|8322|54757|57091|153090,ADRA2B|CDK5|ERCC6|FLT1|MAP2K5|PTK2|SYK|FZD4|FAM20A|CASS4|DAB2IP,-1.6,MyList
GO Biological Processes,19,GO:0007169,transmembrane receptor protein tyrosine kinase signaling pathway,19_GO:0023052 signaling,-4.5,4.6,5.7,30169,420,170,11,6.5,1.9,2041|2321|3055|3416|4915|5166|5747|6850|57091|57727|153090,EPHA1|FLT1|HCK|IDE|NTRK2|PDK4|PTK2|SYK|CASS4|NCOA5|DAB2IP,-1.6,MyList
GO Biological Processes,19,GO:0061061,muscle structure development,19_GO:0032502 developmental process,-4.5,4.2,5.5,30169,503,170,12,7.1,2,90|596|811|1020|2218|5339|6525|6901|9474|23345|23462|26508,ACVR1|BCL2|CALR|CDK5|FKTN|PLEC|SMTN|TAFAZZIN|ATG5|SYNE1|HEY1|HEYL,-1.6,MyList
GO Biological Processes,19,GO:0006935,chemotaxis,19_GO:0040011 locomotion,-4.5,4.2,5.4,30169,510,170,12,7.1,2,1020|1230|2041|2321|5142|5339|5747|6367|6376|6850|57408|64843,CDK5|CCR1|EPHA1|FLT1|PDE4B|PLEC|PTK2|CCL22|CX3CL1|SYK|LRTM1|ISL2,-1.6,MyList
GO Biological Processes,19,GO:0042330,taxis,19_GO:0040011 locomotion,-4.4,4.2,5.4,30169,512,170,12,7.1,2,1020|1230|2041|2321|5142|5339|5747|6367|6376|6850|57408|64843,CDK5|CCR1|EPHA1|FLT1|PDE4B|PLEC|PTK2|CCL22|CX3CL1|SYK|LRTM1|ISL2,-1.6,MyList
GO Biological Processes,19,GO:0018108,peptidyl-tyrosine phosphorylation,19_GO:0008152 metabolic process,-4.4,7.7,6.4,30169,161,170,7,4.1,1.5,2041|2321|3055|4915|5607|5747|6850,EPHA1|FLT1|HCK|NTRK2|MAP2K5|PTK2|SYK,-1.6,MyList
GO Biological Processes,19,GO:0018212,peptidyl-tyrosine modification,19_GO:0008152 metabolic process,-4.4,7.6,6.4,30169,163,170,7,4.1,1.5,2041|2321|3055|4915|5607|5747|6850,EPHA1|FLT1|HCK|NTRK2|MAP2K5|PTK2|SYK,-1.6,MyList
Reactome Gene Sets,6,R-HSA-372790,Signaling by GPCR,,-4.3,3.5,5.1,30169,708,170,14,8.2,2.1,151|1020|1230|2692|2912|3360|5142|5173|6367|6376|8322|9828|10161|59350,ADRA2B|CDK5|CCR1|GHRHR|GRM2|HTR4|PDE4B|PDYN|CCL22|CX3CL1|FZD4|ARHGEF17|LPAR6|RXFP1,-1.5,MyList
GO Biological Processes,19,GO:0002685,regulation of leukocyte migration,19_GO:0040011 locomotion,-4.3,6.1,5.9,30169,231,170,8,4.7,1.6,102|811|1230|5747|6376|79890|83692|83700,ADAM10|CALR|CCR1|PTK2|CX3CL1|RIN3|CD99L2|JAM3,-1.5,MyList
GO Biological Processes,19,GO:0006887,exocytosis,19_GO:0051179 localization,-4.2,6,5.8,30169,235,170,8,4.7,1.6,1020|1230|3055|5873|6850|9342|54536|85477,CDK5|CCR1|HCK|RAB27A|SYK|SNAP29|EXOC6|SCIN,-1.4,MyList
GO Biological Processes,19,GO:0031056,regulation of histone modification,19_GO:0008152 metabolic process,-4.2,7.1,6.1,30169,175,170,7,4.1,1.5,2074|3622|6839|9474|10891|23476|55209,ERCC6|ING2|SUV39H1|ATG5|PPARGC1A|BRD4|SETD5,-1.4,MyList
Reactome Gene Sets,6,R-HSA-500792,GPCR ligand binding,,-4.1,4.2,5.2,30169,467,170,11,6.5,1.9,151|1230|2692|2912|3360|5173|6367|6376|8322|10161|59350,ADRA2B|CCR1|GHRHR|GRM2|HTR4|PDYN|CCL22|CX3CL1|FZD4|LPAR6|RXFP1,-1.4,MyList
GO Biological Processes,19,GO:0002688,regulation of leukocyte chemotaxis,19_GO:0040011 locomotion,-4.1,8.4,6.3,30169,127,170,6,3.5,1.4,102|811|1230|5747|79890|83700,ADAM10|CALR|CCR1|PTK2|RIN3|JAM3,-1.3,MyList
GO Biological Processes,19,GO:0046777,protein autophosphorylation,19_GO:0008152 metabolic process,-4,6.6,5.8,30169,187,170,7,4.1,1.5,1020|2041|2321|3055|4915|5747|6850,CDK5|EPHA1|FLT1|HCK|NTRK2|PTK2|SYK,-1.3,MyList
GO Biological Processes,19,GO:0016236,macroautophagy,19_GO:0008152 metabolic process,-4,6.6,5.8,30169,188,170,7,4.1,1.5,4864|6901|7405|9342|9474|23339|285636,NPC1|TAFAZZIN|UVRAG|SNAP29|ATG5|VPS39|RIMOC1,-1.3,MyList
GO Biological Processes,19,GO:0009154,purine ribonucleotide catabolic process,19_GO:0008152 metabolic process,-4,17,7.7,30169,43,170,4,2.4,1.2,5142|8803|11165|22978,PDE4B|SUCLA2|NUDT3|NT5C2,-1.3,MyList
GO Biological Processes,19,GO:0032870,cellular response to hormone stimulus,19_GO:0050896 response to stimulus,-4,4,5.1,30169,484,170,11,6.5,1.9,90|811|2692|3416|4864|5166|5747|5972|7538|57727|59350,ACVR1|CALR|GHRHR|IDE|NPC1|PDK4|PTK2|REN|ZFP36|NCOA5|RXFP1,-1.3,MyList
GO Biological Processes,19,GO:0060537,muscle tissue development,19_GO:0032502 developmental process,-4,4.9,5.3,30169,329,170,9,5.3,1.7,90|596|811|1020|5339|6901|9474|23462|26508,ACVR1|BCL2|CALR|CDK5|PLEC|TAFAZZIN|ATG5|HEY1|HEYL,-1.2,MyList
GO Biological Processes,19,GO:0009725,response to hormone,19_GO:0050896 response to stimulus,-3.9,3.3,4.7,30169,764,170,14,8.2,2.1,90|596|811|2692|3416|4864|5166|5207|5747|5972|7538|9070|57727|59350,ACVR1|BCL2|CALR|GHRHR|IDE|NPC1|PDK4|PFKFB1|PTK2|REN|ZFP36|ASH2L|NCOA5|RXFP1,-1.2,MyList
GO Biological Processes,19,GO:0009991,response to extracellular stimulus,19_GO:0050896 response to stimulus,-3.9,4,5,30169,494,170,11,6.5,1.9,596|1208|2074|3360|5166|5207|5339|6839|7538|9474|10891,BCL2|CLPS|ERCC6|HTR4|PDK4|PFKFB1|PLEC|SUV39H1|ZFP36|ATG5|PPARGC1A,-1.2,MyList
GO Biological Processes,19,GO:0045664,regulation of neuron differentiation,19_GO:0032502 developmental process,-3.9,6.3,5.6,30169,196,170,7,4.1,1.5,151|596|811|10363|23462|26508|64843,ADRA2B|BCL2|CALR|HMG20A|HEY1|HEYL|ISL2,-1.2,MyList
GO Biological Processes,19,GO:0045055,regulated exocytosis,19_GO:0051179 localization,-3.9,7.7,6,30169,138,170,6,3.5,1.4,1020|3055|5873|6850|9342|85477,CDK5|HCK|RAB27A|SYK|SNAP29|SCIN,-1.2,MyList
GO Biological Processes,19,GO:0097529,myeloid leukocyte migration,19_GO:0002376 immune system process,-3.8,7.7,5.9,30169,139,170,6,3.5,1.4,2321|5142|6367|6376|6850|83700,FLT1|PDE4B|CCL22|CX3CL1|SYK|JAM3,-1.2,MyList
GO Biological Processes,19,GO:0006195,purine nucleotide catabolic process,19_GO:0008152 metabolic process,-3.8,15,7.2,30169,48,170,4,2.4,1.2,5142|8803|11165|22978,PDE4B|SUCLA2|NUDT3|NT5C2,-1.2,MyList
WikiPathways,27,WP3287,Overview of nanoparticle effects,,-3.8,28,8.9,30169,19,170,3,1.8,1,596|5742|5747,BCL2|PTGS1|PTK2,-1.2,MyList
GO Biological Processes,19,GO:0009261,ribonucleotide catabolic process,19_GO:0008152 metabolic process,-3.8,14,7.1,30169,49,170,4,2.4,1.2,5142|8803|11165|22978,PDE4B|SUCLA2|NUDT3|NT5C2,-1.1,MyList
GO Biological Processes,19,GO:0031329,regulation of cellular catabolic process,19_GO:0008152 metabolic process,-3.7,3.1,4.6,30169,798,170,14,8.2,2.1,291|596|1020|4864|5747|6737|7405|7538|9474|29974|51085|51099|79660|257397,SLC25A4|BCL2|CDK5|NPC1|PTK2|TRIM21|UVRAG|ZFP36|ATG5|A1CF|MLXIPL|ABHD5|PPP1R3B|TAB3,-1.1,MyList
GO Biological Processes,19,GO:0060218,hematopoietic stem cell differentiation,19_GO:0002376 immune system process,-3.7,27,8.6,30169,20,170,3,1.8,1,596|7538|55716,BCL2|ZFP36|LMBR1L,-1.1,MyList
GO Biological Processes,19,GO:0019882,antigen processing and presentation,19_GO:0002376 immune system process,-3.7,9.4,6.2,30169,94,170,5,2.9,1.3,811|3416|5873|9474|64167,CALR|IDE|RAB27A|ATG5|ERAP2,-1.1,MyList
GO Biological Processes,19,GO:0060326,cell chemotaxis,19_GO:0040011 locomotion,-3.7,5.9,5.4,30169,210,170,7,4.1,1.5,1230|2321|5142|5339|6367|6376|6850,CCR1|FLT1|PDE4B|PLEC|CCL22|CX3CL1|SYK,-1.1,MyList
GO Biological Processes,19,GO:0042594,response to starvation,19_GO:0050896 response to stimulus,-3.7,5.9,5.4,30169,211,170,7,4.1,1.5,596|5166|5207|6839|7538|9474|10891,BCL2|PDK4|PFKFB1|SUV39H1|ZFP36|ATG5|PPARGC1A,-1.1,MyList
GO Biological Processes,19,GO:0006820,anion transport,19_GO:0051179 localization,-3.7,4,4.8,30169,441,170,10,5.9,1.8,291|1378|2912|4915|7038|7439|56606|57719|81539|159963,SLC25A4|CR1|GRM2|NTRK2|TG|BEST1|SLC2A9|ANO8|SLC38A1|SLC5A12,-1.1,MyList
GO Biological Processes,19,GO:0002433,immune response-regulating cell surface receptor signaling pathway involved in phagocytosis,19_GO:0002376 immune system process,-3.7,25,8.4,30169,21,170,3,1.8,1,3055|5747|6850,HCK|PTK2|SYK,-1.1,MyList
GO Biological Processes,19,GO:0038096,Fc-gamma receptor signaling pathway involved in phagocytosis,19_GO:0002376 immune system process,-3.7,25,8.4,30169,21,170,3,1.8,1,3055|5747|6850,HCK|PTK2|SYK,-1.1,MyList
GO Biological Processes,19,GO:0000083,regulation of transcription involved in G1/S transition of mitotic cell cycle,19_GO:0008152 metabolic process,-3.7,25,8.4,30169,21,170,3,1.8,1,1020|5218|23476,CDK5|CDK14|BRD4,-1.1,MyList
GO Biological Processes,19,GO:0009611,response to wounding,19_GO:0050896 response to stimulus,-3.7,4,4.8,30169,443,170,10,5.9,1.8,151|596|1020|1230|5339|5873|6376|6850|7538|83478,ADRA2B|BCL2|CDK5|CCR1|PLEC|RAB27A|CX3CL1|SYK|ZFP36|ARHGAP24,-1.1,MyList
GO Biological Processes,19,GO:0051651,maintenance of location in cell,19_GO:0051179 localization,-3.6,9.1,6.1,30169,97,170,5,2.9,1.3,811|1020|7405|23345|85477,CALR|CDK5|UVRAG|SYNE1|SCIN,-1.1,MyList
GO Biological Processes,19,GO:0072132,mesenchyme morphogenesis,19_GO:0032502 developmental process,-3.6,13,6.8,30169,53,170,4,2.4,1.2,72|90|23462|26508,ACTG2|ACVR1|HEY1|HEYL,-1.1,MyList
GO Biological Processes,19,GO:0043269,regulation of ion transport,19_GO:0051179 localization,-3.6,3.2,4.5,30169,718,170,13,7.6,2,151|596|1020|1230|2912|3755|5142|6376|6850|7439|9474|56479|81539,ADRA2B|BCL2|CDK5|CCR1|GRM2|KCNG1|PDE4B|CX3CL1|SYK|BEST1|ATG5|KCNQ5|SLC38A1,-1.1,MyList
GO Biological Processes,19,GO:0000165,MAPK cascade,19_GO:0023052 signaling,-3.6,5.7,5.3,30169,217,170,7,4.1,1.5,151|2074|3487|5596|5607|7538|55504,ADRA2B|ERCC6|IGFBP4|MAPK4|MAP2K5|ZFP36|TNFRSF19,-1.1,MyList
GO Biological Processes,19,GO:0072523,purine-containing compound catabolic process,19_GO:0008152 metabolic process,-3.6,13,6.7,30169,54,170,4,2.4,1.2,5142|8803|11165|22978,PDE4B|SUCLA2|NUDT3|NT5C2,-1.1,MyList
GO Biological Processes,19,GO:0045834,positive regulation of lipid metabolic process,19_GO:0048518 positive regulation of biological process,-3.6,6.9,5.5,30169,154,170,6,3.5,1.4,2321|5747|6901|10891|51085|51099,FLT1|PTK2|TAFAZZIN|PPARGC1A|MLXIPL|ABHD5,-1.1,MyList
GO Biological Processes,19,GO:0006954,inflammatory response,19_GO:0050896 response to stimulus,-3.6,3.6,4.6,30169,537,170,11,6.5,1.9,90|1230|3055|3487|5742|6367|6376|6850|83700|153090|246778,ACVR1|CCR1|HCK|IGFBP4|PTGS1|CCL22|CX3CL1|SYK|JAM3|DAB2IP|IL27,-1.1,MyList
Reactome Gene Sets,6,R-HSA-388396,GPCR downstream signalling,,-3.6,3.4,4.5,30169,633,170,12,7.1,2,151|1020|1230|2692|2912|3360|5142|5173|6376|9828|10161|59350,ADRA2B|CDK5|CCR1|GHRHR|GRM2|HTR4|PDE4B|PDYN|CX3CL1|ARHGEF17|LPAR6|RXFP1,-1.1,MyList
GO Biological Processes,19,GO:0002244,hematopoietic progenitor cell differentiation,19_GO:0002376 immune system process,-3.6,8.8,5.9,30169,101,170,5,2.9,1.3,596|2321|7538|55716|83700,BCL2|FLT1|ZFP36|LMBR1L|JAM3,-1.1,MyList
GO Biological Processes,19,GO:0097530,granulocyte migration,19_GO:0002376 immune system process,-3.6,8.8,5.9,30169,101,170,5,2.9,1.3,5142|6367|6376|6850|83700,PDE4B|CCL22|CX3CL1|SYK|JAM3,-1.1,MyList
GO Biological Processes,19,GO:0007167,enzyme-linked receptor protein signaling pathway,19_GO:0023052 signaling,-3.6,3.3,4.5,30169,636,170,12,7.1,2,90|2041|2321|3055|3416|4915|5166|5747|6850|57091|57727|153090,ACVR1|EPHA1|FLT1|HCK|IDE|NTRK2|PDK4|PTK2|SYK|CASS4|NCOA5|DAB2IP,-1.1,MyList
GO Biological Processes,19,GO:0010810,regulation of cell-substrate adhesion,19_GO:0050789 regulation of biological process,-3.6,5.6,5.2,30169,222,170,7,4.1,1.5,596|811|2041|5747|6376|8322|57091,BCL2|CALR|EPHA1|PTK2|CX3CL1|FZD4|CASS4,-1.1,MyList
GO Biological Processes,19,GO:0043551,regulation of phosphatidylinositol 3-kinase activity,19_GO:0008152 metabolic process,-3.5,13,6.6,30169,56,170,4,2.4,1.2,2321|5747|8651|153090,FLT1|PTK2|SOCS1|DAB2IP,-1.1,MyList
WikiPathways,27,WP2509,Nanoparticle triggered autophagic cell death,,-3.5,23,8,30169,23,170,3,1.8,1,596|7405|9474,BCL2|UVRAG|ATG5,-1.1,MyList
GO Biological Processes,19,GO:0031058,positive regulation of histone modification,19_GO:0048518 positive regulation of biological process,-3.5,8.7,5.9,30169,102,170,5,2.9,1.3,2074|3622|6839|10891|23476,ERCC6|ING2|SUV39H1|PPARGC1A|BRD4,-1.1,MyList
GO Biological Processes,19,GO:0043087,regulation of GTPase activity,19_GO:0065007 biological regulation,-3.5,4.2,4.8,30169,376,170,9,5.3,1.7,2041|4915|5747|5922|6367|6376|23216|83478|153090,EPHA1|NTRK2|PTK2|RASA2|CCL22|CX3CL1|TBC1D1|ARHGAP24|DAB2IP,-1.1,MyList
GO Biological Processes,19,GO:0050764,regulation of phagocytosis,19_GO:0051179 localization,-3.5,8.6,5.8,30169,103,170,5,2.9,1.3,811|3055|5873|6850|9474,CALR|HCK|RAB27A|SYK|ATG5,-1.1,MyList
GO Biological Processes,19,GO:0031667,response to nutrient levels,19_GO:0050896 response to stimulus,-3.5,3.8,4.6,30169,464,170,10,5.9,1.8,596|1208|3360|5166|5207|5339|6839|7538|9474|10891,BCL2|CLPS|HTR4|PDK4|PFKFB1|PLEC|SUV39H1|ZFP36|ATG5|PPARGC1A,-1.1,MyList
GO Biological Processes,19,GO:0050792,regulation of viral process,19_GO:0016032 viral process,-3.5,6.6,5.4,30169,162,170,6,3.5,1.4,596|5481|6590|6737|7538|9474,BCL2|PPID|SLPI|TRIM21|ZFP36|ATG5,-1.1,MyList
GO Biological Processes,19,GO:0003181,atrioventricular valve morphogenesis,19_GO:0032502 developmental process,-3.5,22,7.8,30169,24,170,3,1.8,1,90|23462|26508,ACVR1|HEY1|HEYL,-1.1,MyList
GO Biological Processes,19,GO:0061311,cell surface receptor signaling pathway involved in heart development,19_GO:0023052 signaling,-3.5,22,7.8,30169,24,170,3,1.8,1,90|23462|26508,ACVR1|HEY1|HEYL,-1.1,MyList
GO Biological Processes,19,GO:0002431,Fc receptor mediated stimulatory signaling pathway,19_GO:0002376 immune system process,-3.5,22,7.8,30169,24,170,3,1.8,1,3055|5747|6850,HCK|PTK2|SYK,-1.1,MyList
GO Biological Processes,19,GO:0007281,germ cell development,19_GO:0022414 reproductive process,-3.5,4.7,4.8,30169,305,170,8,4.7,1.6,90|596|3622|9425|64753|79925|83700|89765,ACVR1|BCL2|ING2|CDYL|CCDC136|SPEF2|JAM3|RSPH1,-1,MyList
GO Biological Processes,19,GO:0007276,gamete generation,19_GO:0022414 reproductive process,-3.4,3.1,4.3,30169,753,170,13,7.6,2,90|596|676|811|3622|6901|9425|10732|23345|64753|79925|83700|89765,ACVR1|BCL2|BRDT|CALR|ING2|TAFAZZIN|CDYL|TCFL5|SYNE1|CCDC136|SPEF2|JAM3|RSPH1,-1,MyList
GO Biological Processes,19,GO:0019883,antigen processing and presentation of endogenous antigen,19_GO:0002376 immune system process,-3.4,21,7.6,30169,25,170,3,1.8,1,3416|9474|64167,IDE|ATG5|ERAP2,-1,MyList
Reactome Gene Sets,6,R-HSA-9705462,Inactivation of CSF3 (G-CSF) signaling,,-3.4,21,7.6,30169,25,170,3,1.8,1,3055|6850|8651,HCK|SYK|SOCS1,-1,MyList
GO Biological Processes,19,GO:0007162,negative regulation of cell adhesion,19_GO:0048519 negative regulation of biological process,-3.4,4.6,4.8,30169,308,170,8,4.7,1.6,102|1378|5607|5747|6376|8322|8651|83700,ADAM10|CR1|MAP2K5|PTK2|CX3CL1|FZD4|SOCS1|JAM3,-1,MyList
GO Biological Processes,19,GO:0022411,cellular component disassembly,19_GO:0009987 cellular process,-3.4,4.5,4.7,30169,313,170,8,4.7,1.6,102|1020|6376|6901|7405|9342|9474|285636,ADAM10|CDK5|CX3CL1|TAFAZZIN|UVRAG|SNAP29|ATG5|RIMOC1,-0.98,MyList
GO Biological Processes,19,GO:0051235,maintenance of location,19_GO:0051179 localization,-3.4,6.2,5.1,30169,172,170,6,3.5,1.4,811|1020|6646|7405|23345|85477,CALR|CDK5|SOAT1|UVRAG|SYNE1|SCIN,-0.96,MyList
GO Biological Processes,19,GO:0003171,atrioventricular valve development,19_GO:0032502 developmental process,-3.3,20,7.3,30169,27,170,3,1.8,1,90|23462|26508,ACVR1|HEY1|HEYL,-0.95,MyList
GO Biological Processes,19,GO:0071674,mononuclear cell migration,19_GO:0002376 immune system process,-3.3,7.7,5.4,30169,115,170,5,2.9,1.3,1230|2321|5339|6367|6376,CCR1|FLT1|PLEC|CCL22|CX3CL1,-0.92,MyList
GO Biological Processes,19,GO:0035065,regulation of histone acetylation,19_GO:0008152 metabolic process,-3.3,11,6,30169,65,170,4,2.4,1.2,2074|9474|10891|55209,ERCC6|ATG5|PPARGC1A|SETD5,-0.92,MyList
GO Biological Processes,19,GO:0006091,generation of precursor metabolites and energy,19_GO:0008152 metabolic process,-3.3,3.9,4.5,30169,405,170,9,5.3,1.7,291|1340|1431|5207|5339|6901|8803|10891|79660,SLC25A4|COX6B1|CS|PFKFB1|PLEC|TAFAZZIN|SUCLA2|PPARGC1A|PPP1R3B,-0.92,MyList
GO Biological Processes,19,GO:0038094,Fc-gamma receptor signaling pathway,19_GO:0002376 immune system process,-3.3,19,7.2,30169,28,170,3,1.8,1,3055|5747|6850,HCK|PTK2|SYK,-0.92,MyList
GO Biological Processes,19,GO:0019058,viral life cycle,19_GO:0016032 viral process,-3.3,6,5,30169,177,170,6,3.5,1.4,1378|3416|4864|5481|7405|9474,CR1|IDE|NPC1|PPID|UVRAG|ATG5,-0.92,MyList
GO Biological Processes,19,GO:0015711,organic anion transport,19_GO:0051179 localization,-3.3,4.4,4.6,30169,324,170,8,4.7,1.6,291|1378|2912|4915|7439|56606|81539|159963,SLC25A4|CR1|GRM2|NTRK2|BEST1|SLC2A9|SLC38A1|SLC5A12,-0.92,MyList
GO Biological Processes,19,GO:0043406,positive regulation of MAP kinase activity,19_GO:0023052 signaling,-3.3,7.6,5.4,30169,117,170,5,2.9,1.3,2321|5607|6850|8322|153090,FLT1|MAP2K5|SYK|FZD4|DAB2IP,-0.91,MyList
GO Biological Processes,19,GO:0002474,antigen processing and presentation of peptide antigen via MHC class I,19_GO:0002376 immune system process,-3.2,18,7,30169,29,170,3,1.8,1,811|3416|64167,CALR|IDE|ERAP2,-0.89,MyList
GO Biological Processes,19,GO:0043550,regulation of lipid kinase activity,19_GO:0008152 metabolic process,-3.2,10,5.9,30169,68,170,4,2.4,1.2,2321|5747|8651|153090,FLT1|PTK2|SOCS1|DAB2IP,-0.88,MyList
Reactome Gene Sets,6,R-HSA-9674555,Signaling by CSF3 (G-CSF),,-3.2,18,6.9,30169,30,170,3,1.8,1,3055|6850|8651,HCK|SYK|SOCS1,-0.85,MyList
GO Biological Processes,19,GO:0048738,cardiac muscle tissue development,19_GO:0032502 developmental process,-3.2,5.8,4.9,30169,185,170,6,3.5,1.4,90|811|5339|6901|9474|23462,ACVR1|CALR|PLEC|TAFAZZIN|ATG5|HEY1,-0.85,MyList
Reactome Gene Sets,6,R-HSA-373076,Class A/1 (Rhodopsin-like receptors),,-3.2,4.2,4.5,30169,335,170,8,4.7,1.6,151|1230|3360|5173|6367|6376|10161|59350,ADRA2B|CCR1|HTR4|PDYN|CCL22|CX3CL1|LPAR6|RXFP1,-0.85,MyList
GO Biological Processes,19,GO:0007286,spermatid development,19_GO:0022414 reproductive process,-3.2,5.7,4.9,30169,186,170,6,3.5,1.4,3622|9425|64753|79925|83700|89765,ING2|CDYL|CCDC136|SPEF2|JAM3|RSPH1,-0.85,MyList
GO Biological Processes,19,GO:0006109,regulation of carbohydrate metabolic process,19_GO:0008152 metabolic process,-3.2,5.7,4.9,30169,186,170,6,3.5,1.4,3487|5166|5207|10891|51085|79660,IGFBP4|PDK4|PFKFB1|PPARGC1A|MLXIPL|PPP1R3B,-0.85,MyList
GO Biological Processes,19,GO:0071675,regulation of mononuclear cell migration,19_GO:0040011 locomotion,-3.2,7.2,5.2,30169,123,170,5,2.9,1.3,102|811|1230|5747|83692,ADAM10|CALR|CCR1|PTK2|CD99L2,-0.85,MyList
GO Biological Processes,19,GO:0006325,chromatin organization,19_GO:0009987 cellular process,-3.2,3.2,4.1,30169,608,170,11,6.5,1.9,676|2074|3622|6839|9070|9425|10363|23476|55209|55213|57798,BRDT|ERCC6|ING2|SUV39H1|ASH2L|CDYL|HMG20A|BRD4|SETD5|RCBTB1|GATAD1,-0.84,MyList
GO Biological Processes,19,GO:0015980,energy derivation by oxidation of organic compounds,19_GO:0008152 metabolic process,-3.1,4.8,4.6,30169,261,170,7,4.1,1.5,1340|1431|5339|6901|8803|10891|79660,COX6B1|CS|PLEC|TAFAZZIN|SUCLA2|PPARGC1A|PPP1R3B,-0.83,MyList
GO Biological Processes,19,GO:0048232,male gamete generation,19_GO:0022414 reproductive process,-3.1,3.2,4.1,30169,611,170,11,6.5,1.9,676|811|3622|6901|9425|10732|23345|64753|79925|83700|89765,BRDT|CALR|ING2|TAFAZZIN|CDYL|TCFL5|SYNE1|CCDC136|SPEF2|JAM3|RSPH1,-0.83,MyList
GO Biological Processes,19,GO:0099537,trans-synaptic signaling,19_GO:0023052 signaling,-3.1,3.7,4.3,30169,426,170,9,5.3,1.7,1020|2912|3360|4915|5173|5816|6530|9342|57053,CDK5|GRM2|HTR4|NTRK2|PDYN|PVALB|SLC6A2|SNAP29|CHRNA10,-0.83,MyList
GO Biological Processes,19,GO:0031400,negative regulation of protein modification process,19_GO:0048519 negative regulation of biological process,-3.1,3.4,4.2,30169,519,170,10,5.9,1.8,1020|2041|5339|6737|8651|9425|9474|10363|51085|153090,CDK5|EPHA1|PLEC|TRIM21|SOCS1|CDYL|ATG5|HMG20A|MLXIPL|DAB2IP,-0.83,MyList
GO Biological Processes,19,GO:0014044,Schwann cell development,19_GO:0032502 developmental process,-3.1,17,6.7,30169,32,170,3,1.8,1,1020|4915|5339,CDK5|NTRK2|PLEC,-0.83,MyList
GO Biological Processes,19,GO:0014706,striated muscle tissue development,19_GO:0032502 developmental process,-3.1,5.6,4.8,30169,191,170,6,3.5,1.4,90|811|5339|6901|9474|23462,ACVR1|CALR|PLEC|TAFAZZIN|ATG5|HEY1,-0.83,MyList
GO Biological Processes,19,GO:0010506,regulation of autophagy,19_GO:0008152 metabolic process,-3.1,4.1,4.4,30169,344,170,8,4.7,1.6,291|596|1020|4864|6737|7405|9474|257397,SLC25A4|BCL2|CDK5|NPC1|TRIM21|UVRAG|ATG5|TAB3,-0.83,MyList
GO Biological Processes,19,GO:0071677,positive regulation of mononuclear cell migration,19_GO:0040011 locomotion,-3.1,9.7,5.6,30169,73,170,4,2.4,1.2,102|811|1230|83692,ADAM10|CALR|CCR1|CD99L2,-0.83,MyList
GO Biological Processes,19,GO:0045665,negative regulation of neuron differentiation,19_GO:0032502 developmental process,-3.1,9.7,5.6,30169,73,170,4,2.4,1.2,811|10363|23462|64843,CALR|HMG20A|HEY1|ISL2,-0.83,MyList
GO Biological Processes,19,GO:0045333,cellular respiration,19_GO:0008152 metabolic process,-3.1,5.5,4.8,30169,192,170,6,3.5,1.4,1340|1431|5339|6901|8803|10891,COX6B1|CS|PLEC|TAFAZZIN|SUCLA2|PPARGC1A,-0.83,MyList
WikiPathways,27,WP3888,VEGFA-VEGFR2 signaling pathway,,-3.1,3.7,4.3,30169,432,170,9,5.3,1.7,102|596|811|2321|5747|6748|7019|23339|23476,ADAM10|BCL2|CALR|FLT1|PTK2|SSR4|TFAM|VPS39|BRD4,-0.83,MyList
GO Biological Processes,19,GO:0048515,spermatid differentiation,19_GO:0022414 reproductive process,-3.1,5.5,4.7,30169,193,170,6,3.5,1.4,3622|9425|64753|79925|83700|89765,ING2|CDYL|CCDC136|SPEF2|JAM3|RSPH1,-0.83,MyList
GO Biological Processes,19,GO:2000756,regulation of peptidyl-lysine acetylation,19_GO:0008152 metabolic process,-3.1,9.6,5.6,30169,74,170,4,2.4,1.2,2074|9474|10891|55209,ERCC6|ATG5|PPARGC1A|SETD5,-0.83,MyList
GO Biological Processes,19,GO:0019216,regulation of lipid metabolic process,19_GO:0008152 metabolic process,-3.1,4.1,4.4,30169,347,170,8,4.7,1.6,2321|5166|5747|6901|10891|51085|51099|153090,FLT1|PDK4|PTK2|TAFAZZIN|PPARGC1A|MLXIPL|ABHD5|DAB2IP,-0.83,MyList
GO Biological Processes,19,GO:0044703,multi-organism reproductive process,19_GO:0022414 reproductive process,-3.1,5.5,4.7,30169,194,170,6,3.5,1.4,151|412|596|29974|59350|81539,ADRA2B|STS|BCL2|A1CF|RXFP1|SLC38A1,-0.83,MyList
WikiPathways,27,WP4217,Ebola virus infection in host,,-3.1,6.9,5,30169,129,170,5,2.9,1.3,4864|5922|23339|85477|153090,NPC1|RASA2|VPS39|SCIN|DAB2IP,-0.83,MyList
GO Biological Processes,19,GO:0048010,vascular endothelial growth factor receptor signaling pathway,19_GO:0023052 signaling,-3.1,16,6.5,30169,33,170,3,1.8,1,2321|5747|153090,FLT1|PTK2|DAB2IP,-0.83,MyList
GO Biological Processes,19,GO:0071345,cellular response to cytokine stimulus,19_GO:0050896 response to stimulus,-3.1,2.9,4,30169,722,170,12,7.1,2,1230|3055|6367|6376|6850|7538|8322|8651|27316|29088|55504|153090,CCR1|HCK|CCL22|CX3CL1|SYK|ZFP36|FZD4|SOCS1|RBMX|MRPL15|TNFRSF19|DAB2IP,-0.83,MyList
GO Biological Processes,19,GO:0051924,regulation of calcium ion transport,19_GO:0051179 localization,-3.1,4.6,4.5,30169,268,170,7,4.1,1.5,596|1020|1230|5142|6376|7439|9474,BCL2|CDK5|CCR1|PDE4B|CX3CL1|BEST1|ATG5,-0.83,MyList
GO Biological Processes,19,GO:0051046,regulation of secretion,19_GO:0051179 localization,-3.1,3.1,4.1,30169,623,170,11,6.5,1.9,151|1020|2692|2912|5481|5873|5972|6850|9474|9581|85477,ADRA2B|CDK5|GHRHR|GRM2|PPID|RAB27A|REN|SYK|ATG5|PREPL|SCIN,-0.83,MyList
GO Biological Processes,19,GO:0071396,cellular response to lipid,19_GO:0050896 response to stimulus,-3.1,3.4,4.1,30169,528,170,10,5.9,1.8,90|811|3055|4864|5142|5166|6850|7538|8322|153090,ACVR1|CALR|HCK|NPC1|PDE4B|PDK4|SYK|ZFP36|FZD4|DAB2IP,-0.82,MyList
GO Biological Processes,19,GO:0009166,nucleotide catabolic process,19_GO:0008152 metabolic process,-3,9.3,5.5,30169,76,170,4,2.4,1.2,5142|8803|11165|22978,PDE4B|SUCLA2|NUDT3|NT5C2,-0.81,MyList
WikiPathways,27,WP5087,Malignant pleural mesothelioma,,-3,3.6,4.2,30169,440,170,9,5.3,1.7,72|596|2321|4915|5607|5747|10891|55209|83937,ACTG2|BCL2|FLT1|NTRK2|MAP2K5|PTK2|PPARGC1A|SETD5|RASSF4,-0.81,MyList
Canonical Pathways,11,M177,PID EPHA FWDPATHWAY,,-3,16,6.4,30169,34,170,3,1.8,1,1020|2041|3055,CDK5|EPHA1|HCK,-0.81,MyList
GO Biological Processes,19,GO:0031348,negative regulation of defense response,19_GO:0048519 negative regulation of biological process,-3,4.6,4.4,30169,272,170,7,4.1,1.5,1378|3055|6376|6737|6850|7538|9474,CR1|HCK|CX3CL1|TRIM21|SYK|ZFP36|ATG5,-0.81,MyList
GO Biological Processes,19,GO:0007519,skeletal muscle tissue development,19_GO:0032502 developmental process,-3,6.7,5,30169,132,170,5,2.9,1.3,596|1020|5339|6901|26508,BCL2|CDK5|PLEC|TAFAZZIN|HEYL,-0.81,MyList
GO Biological Processes,19,GO:0007005,mitochondrion organization,19_GO:0009987 cellular process,-3,3.6,4.2,30169,442,170,9,5.3,1.7,291|596|1020|5339|6901|7019|9474|10891|285636,SLC25A4|BCL2|CDK5|PLEC|TAFAZZIN|TFAM|ATG5|PPARGC1A|RIMOC1,-0.8,MyList
GO Biological Processes,19,GO:0042692,muscle cell differentiation,19_GO:0032502 developmental process,-3,4.5,4.4,30169,274,170,7,4.1,1.5,90|596|811|5339|9474|23345|23462,ACVR1|BCL2|CALR|PLEC|ATG5|SYNE1|HEY1,-0.8,MyList
GO Biological Processes,19,GO:2001240,negative regulation of extrinsic apoptotic signaling pathway in absence of ligand,19_GO:0023052 signaling,-3,15,6.3,30169,35,170,3,1.8,1,596|5607|6376,BCL2|MAP2K5|CX3CL1,-0.79,MyList
GO Biological Processes,19,GO:1901099,negative regulation of signal transduction in absence of ligand,19_GO:0023052 signaling,-3,15,6.3,30169,35,170,3,1.8,1,596|5607|6376,BCL2|MAP2K5|CX3CL1,-0.79,MyList
GO Biological Processes,19,GO:0044706,multi-multicellular organism process,19_GO:0032501 multicellular organismal process,-3,5.2,4.6,30169,203,170,6,3.5,1.4,151|412|596|29974|59350|81539,ADRA2B|STS|BCL2|A1CF|RXFP1|SLC38A1,-0.77,MyList
GO Biological Processes,19,GO:0002831,regulation of response to biotic stimulus,19_GO:0050896 response to stimulus,-3,3.9,4.2,30169,361,170,8,4.7,1.6,1378|3055|6376|6737|6850|8651|9474|246778,CR1|HCK|CX3CL1|TRIM21|SYK|SOCS1|ATG5|IL27,-0.77,MyList
KEGG Pathway,24,hsa04080,Neuroactive ligand-receptor interaction,,-3,3.9,4.2,30169,362,170,8,4.7,1.6,151|2692|2912|3360|5173|10161|57053|59350,ADRA2B|GHRHR|GRM2|HTR4|PDYN|LPAR6|CHRNA10|RXFP1,-0.77,MyList
GO Biological Processes,19,GO:1903580,positive regulation of ATP metabolic process,19_GO:0048518 positive regulation of biological process,-3,15,6.2,30169,36,170,3,1.8,1,6901|10891|51085,TAFAZZIN|PPARGC1A|MLXIPL,-0.77,MyList
GO Biological Processes,19,GO:0030593,neutrophil chemotaxis,19_GO:0040011 locomotion,-3,8.9,5.3,30169,80,170,4,2.4,1.2,5142|6367|6376|6850,PDE4B|CCL22|CX3CL1|SYK,-0.77,MyList
GO Biological Processes,19,GO:0007422,peripheral nervous system development,19_GO:0032502 developmental process,-3,8.9,5.3,30169,80,170,4,2.4,1.2,1020|4915|5339|64843,CDK5|NTRK2|PLEC|ISL2,-0.77,MyList
GO Biological Processes,19,GO:0044000,movement in host,19_GO:0044419 biological process involved in interspecies interaction between organisms,-2.9,6.4,4.8,30169,138,170,5,2.9,1.3,1378|3416|4864|5481|7405,CR1|IDE|NPC1|PPID|UVRAG,-0.76,MyList
GO Biological Processes,19,GO:0034612,response to tumor necrosis factor,19_GO:0050896 response to stimulus,-2.9,5.2,4.5,30169,206,170,6,3.5,1.4,102|6367|6376|7538|55504|153090,ADAM10|CCL22|CX3CL1|ZFP36|TNFRSF19|DAB2IP,-0.76,MyList
GO Biological Processes,19,GO:0099536,synaptic signaling,19_GO:0023052 signaling,-2.9,3.5,4.1,30169,454,170,9,5.3,1.7,1020|2912|3360|4915|5173|5816|6530|9342|57053,CDK5|GRM2|HTR4|NTRK2|PDYN|PVALB|SLC6A2|SNAP29|CHRNA10,-0.76,MyList
GO Biological Processes,19,GO:0051090,regulation of DNA-binding transcription factor activity,19_GO:0008152 metabolic process,-2.9,3.5,4.1,30169,454,170,9,5.3,1.7,3055|5607|6376|6737|6850|8322|10891|26508|153090,HCK|MAP2K5|CX3CL1|TRIM21|SYK|FZD4|PPARGC1A|HEYL|DAB2IP,-0.76,MyList
GO Biological Processes,19,GO:0019221,cytokine-mediated signaling pathway,19_GO:0023052 signaling,-2.9,3.9,4.2,30169,366,170,8,4.7,1.6,1230|3055|6367|6376|6850|8322|8651|55504,CCR1|HCK|CCL22|CX3CL1|SYK|FZD4|SOCS1|TNFRSF19,-0.76,MyList
GO Biological Processes,19,GO:0048545,response to steroid hormone,19_GO:0050896 response to stimulus,-2.9,4.4,4.3,30169,283,170,7,4.1,1.5,90|596|811|2692|4864|5207|7538,ACVR1|BCL2|CALR|GHRHR|NPC1|PFKFB1|ZFP36,-0.76,MyList
GO Biological Processes,19,GO:0014037,Schwann cell differentiation,19_GO:0032502 developmental process,-2.9,14,6.1,30169,37,170,3,1.8,1,1020|4915|5339,CDK5|NTRK2|PLEC,-0.76,MyList
GO Biological Processes,19,GO:0003203,endocardial cushion morphogenesis,19_GO:0032502 developmental process,-2.9,14,6.1,30169,37,170,3,1.8,1,90|23462|26508,ACVR1|HEY1|HEYL,-0.76,MyList
GO Biological Processes,19,GO:0030336,negative regulation of cell migration,19_GO:0040011 locomotion,-2.9,3.9,4.2,30169,368,170,8,4.7,1.6,596|811|2041|3622|5607|6376|79890|153090,BCL2|CALR|EPHA1|ING2|MAP2K5|CX3CL1|RIN3|DAB2IP,-0.76,MyList
GO Biological Processes,19,GO:0007507,heart development,19_GO:0032502 developmental process,-2.9,3.2,3.9,30169,556,170,10,5.9,1.8,90|811|5339|5607|5747|6901|9474|23462|26508|339829,ACVR1|CALR|PLEC|MAP2K5|PTK2|TAFAZZIN|ATG5|HEY1|HEYL|CCDC39,-0.73,MyList
GO Biological Processes,19,GO:0051384,response to glucocorticoid,19_GO:0050896 response to stimulus,-2.9,6.2,4.7,30169,142,170,5,2.9,1.3,90|596|2692|5207|7538,ACVR1|BCL2|GHRHR|PFKFB1|ZFP36,-0.73,MyList
GO Biological Processes,19,GO:0060538,skeletal muscle organ development,19_GO:0032502 developmental process,-2.9,6.2,4.7,30169,144,170,5,2.9,1.3,596|1020|5339|6901|26508,BCL2|CDK5|PLEC|TAFAZZIN|HEYL,-0.72,MyList
GO Biological Processes,19,GO:1901292,nucleoside phosphate catabolic process,19_GO:0008152 metabolic process,-2.9,8.4,5.1,30169,85,170,4,2.4,1.2,5142|8803|11165|22978,PDE4B|SUCLA2|NUDT3|NT5C2,-0.72,MyList
GO Biological Processes,19,GO:0000082,G1/S transition of mitotic cell cycle,19_GO:0009987 cellular process,-2.9,8.4,5.1,30169,85,170,4,2.4,1.2,596|1020|5218|23476,BCL2|CDK5|CDK14|BRD4,-0.72,MyList
Reactome Gene Sets,6,R-HSA-76009,Platelet Aggregation (Plug Formation),,-2.9,14,6,30169,39,170,3,1.8,1,151|5747|6850,ADRA2B|PTK2|SYK,-0.72,MyList
GO Biological Processes,19,GO:0043299,leukocyte degranulation,19_GO:0002376 immune system process,-2.9,14,6,30169,39,170,3,1.8,1,3055|5873|6850,HCK|RAB27A|SYK,-0.72,MyList
GO Biological Processes,19,GO:0030866,cortical actin cytoskeleton organization,19_GO:0009987 cellular process,-2.9,14,6,30169,39,170,3,1.8,1,811|1020|5339,CALR|CDK5|PLEC,-0.72,MyList
GO Biological Processes,19,GO:0051656,establishment of organelle localization,19_GO:0051179 localization,-2.8,3.8,4.1,30169,378,170,8,4.7,1.6,1020|5873|6850|9342|54536|55638|79789|80179,CDK5|RAB27A|SYK|SNAP29|EXOC6|SYBU|CLMN|MYO19,-0.71,MyList
GO Biological Processes,19,GO:0071621,granulocyte chemotaxis,19_GO:0040011 locomotion,-2.8,8.3,5.1,30169,86,170,4,2.4,1.2,5142|6367|6376|6850,PDE4B|CCL22|CX3CL1|SYK,-0.7,MyList
GO Biological Processes,19,GO:0044843,cell cycle G1/S phase transition,19_GO:0009987 cellular process,-2.8,8.2,5,30169,87,170,4,2.4,1.2,596|1020|5218|23476,BCL2|CDK5|CDK14|BRD4,-0.69,MyList
GO Biological Processes,19,GO:2000146,negative regulation of cell motility,19_GO:0040011 locomotion,-2.8,3.7,4,30169,383,170,8,4.7,1.6,596|811|2041|3622|5607|6376|79890|153090,BCL2|CALR|EPHA1|ING2|MAP2K5|CX3CL1|RIN3|DAB2IP,-0.68,MyList
GO Biological Processes,19,GO:0055007,cardiac muscle cell differentiation,19_GO:0032502 developmental process,-2.8,8.1,5,30169,88,170,4,2.4,1.2,90|811|5339|9474,ACVR1|CALR|PLEC|ATG5,-0.68,MyList
GO Biological Processes,19,GO:1901983,regulation of protein acetylation,19_GO:0008152 metabolic process,-2.8,8.1,5,30169,88,170,4,2.4,1.2,2074|9474|10891|55209,ERCC6|ATG5|PPARGC1A|SETD5,-0.68,MyList
KEGG Pathway,24,hsa05010,Alzheimer disease,,-2.8,3.7,4,30169,384,170,8,4.7,1.6,102|291|1020|1340|3416|5481|7277|8322,ADAM10|SLC25A4|CDK5|COX6B1|IDE|PPID|TUBA4A|FZD4,-0.68,MyList
GO Biological Processes,19,GO:0070050,neuron cellular homeostasis,19_GO:0065007 biological regulation,-2.8,13,5.8,30169,41,170,3,1.8,1,4753|6376|6530,NELL2|CX3CL1|SLC6A2,-0.67,MyList
GO Biological Processes,19,GO:0061919,process utilizing autophagic mechanism,19_GO:0009987 cellular process,-2.8,4.1,4.1,30169,300,170,7,4.1,1.5,4864|6901|7405|9342|9474|23339|285636,NPC1|TAFAZZIN|UVRAG|SNAP29|ATG5|VPS39|RIMOC1,-0.67,MyList
GO Biological Processes,19,GO:0006914,autophagy,19_GO:0008152 metabolic process,-2.8,4.1,4.1,30169,300,170,7,4.1,1.5,4864|6901|7405|9342|9474|23339|285636,NPC1|TAFAZZIN|UVRAG|SNAP29|ATG5|VPS39|RIMOC1,-0.67,MyList
GO Biological Processes,19,GO:2000249,regulation of actin cytoskeleton reorganization,19_GO:0050789 regulation of biological process,-2.8,13,5.7,30169,42,170,3,1.8,1,1020|3055|51225,CDK5|HCK|ABI3,-0.65,MyList
GO Biological Processes,19,GO:0051047,positive regulation of secretion,19_GO:0051179 localization,-2.8,4.1,4.1,30169,304,170,7,4.1,1.5,1020|2692|5481|5873|6850|9474|85477,CDK5|GHRHR|PPID|RAB27A|SYK|ATG5|SCIN,-0.65,MyList
GO Biological Processes,19,GO:0007517,muscle organ development,19_GO:0032502 developmental process,-2.8,4.1,4.1,30169,304,170,7,4.1,1.5,596|1020|2218|5339|6525|6901|26508,BCL2|CDK5|FKTN|PLEC|SMTN|TAFAZZIN|HEYL,-0.65,MyList
GO Biological Processes,19,GO:0097009,energy homeostasis,19_GO:0032501 multicellular organismal process,-2.7,12,5.6,30169,43,170,3,1.8,1,6839|10891|51085,SUV39H1|PPARGC1A|MLXIPL,-0.64,MyList
GO Biological Processes,19,GO:0045058,T cell selection,19_GO:0002376 immune system process,-2.7,12,5.6,30169,43,170,3,1.8,1,596|6850|9474,BCL2|SYK|ATG5,-0.64,MyList
GO Biological Processes,19,GO:1900371,regulation of purine nucleotide biosynthetic process,19_GO:0008152 metabolic process,-2.7,12,5.6,30169,43,170,3,1.8,1,5166|6901|10891,PDK4|TAFAZZIN|PPARGC1A,-0.64,MyList
GO Biological Processes,19,GO:0060412,ventricular septum morphogenesis,19_GO:0032502 developmental process,-2.7,12,5.6,30169,43,170,3,1.8,1,90|23462|26508,ACVR1|HEY1|HEYL,-0.64,MyList
GO Biological Processes,19,GO:0043507,positive regulation of JUN kinase activity,19_GO:0023052 signaling,-2.7,12,5.6,30169,43,170,3,1.8,1,6850|8322|153090,SYK|FZD4|DAB2IP,-0.64,MyList
GO Biological Processes,19,GO:1990266,neutrophil migration,19_GO:0002376 immune system process,-2.7,7.7,4.9,30169,92,170,4,2.4,1.2,5142|6367|6376|6850,PDE4B|CCL22|CX3CL1|SYK,-0.64,MyList
GO Biological Processes,19,GO:0071900,regulation of protein serine/threonine kinase activity,19_GO:0008152 metabolic process,-2.7,3.6,3.9,30169,395,170,8,4.7,1.6,2321|5607|6850|7405|8322|29950|54757|153090,FLT1|MAP2K5|SYK|UVRAG|FZD4|SERTAD1|FAM20A|DAB2IP,-0.64,MyList
GO Biological Processes,19,GO:0010675,regulation of cellular carbohydrate metabolic process,19_GO:0008152 metabolic process,-2.7,5.7,4.4,30169,155,170,5,2.9,1.3,3487|5166|5207|10891|79660,IGFBP4|PDK4|PFKFB1|PPARGC1A|PPP1R3B,-0.64,MyList
GO Biological Processes,19,GO:0051701,biological process involved in interaction with host,19_GO:0044419 biological process involved in interspecies interaction between organisms,-2.7,5.7,4.4,30169,155,170,5,2.9,1.3,1378|3416|4864|5481|7405,CR1|IDE|NPC1|PPID|UVRAG,-0.64,MyList
GO Biological Processes,19,GO:0071417,cellular response to organonitrogen compound,19_GO:0050896 response to stimulus,-2.7,3,3.7,30169,588,170,10,5.9,1.8,1020|2692|3360|3416|4915|5142|5166|5747|8651|57727,CDK5|GHRHR|HTR4|IDE|NTRK2|PDE4B|PDK4|PTK2|SOCS1|NCOA5,-0.63,MyList
GO Biological Processes,19,GO:0071902,positive regulation of protein serine/threonine kinase activity,19_GO:0048518 positive regulation of biological process,-2.7,4.6,4.2,30169,229,170,6,3.5,1.4,2321|5607|6850|8322|54757|153090,FLT1|MAP2K5|SYK|FZD4|FAM20A|DAB2IP,-0.63,MyList
GO Biological Processes,19,GO:0030808,regulation of nucleotide biosynthetic process,19_GO:0008152 metabolic process,-2.7,12,5.5,30169,44,170,3,1.8,1,5166|6901|10891,PDK4|TAFAZZIN|PPARGC1A,-0.63,MyList
GO Biological Processes,19,GO:0002548,monocyte chemotaxis,19_GO:0040011 locomotion,-2.7,12,5.5,30169,44,170,3,1.8,1,2321|6367|6376,FLT1|CCL22|CX3CL1,-0.63,MyList
GO Biological Processes,19,GO:0050920,regulation of chemotaxis,19_GO:0040011 locomotion,-2.7,4.6,4.2,30169,230,170,6,3.5,1.4,102|811|1230|5747|79890|83700,ADAM10|CALR|CCR1|PTK2|RIN3|JAM3,-0.63,MyList
GO Biological Processes,19,GO:1900542,regulation of purine nucleotide metabolic process,19_GO:0008152 metabolic process,-2.7,7.6,4.8,30169,94,170,4,2.4,1.2,5166|6901|10891|51085,PDK4|TAFAZZIN|PPARGC1A|MLXIPL,-0.63,MyList
GO Biological Processes,19,GO:0007283,spermatogenesis,19_GO:0022414 reproductive process,-2.7,3,3.7,30169,591,170,10,5.9,1.8,811|3622|6901|9425|10732|23345|64753|79925|83700|89765,CALR|ING2|TAFAZZIN|CDYL|TCFL5|SYNE1|CCDC136|SPEF2|JAM3|RSPH1,-0.63,MyList
GO Biological Processes,19,GO:0007229,integrin-mediated signaling pathway,19_GO:0023052 signaling,-2.7,7.5,4.8,30169,95,170,4,2.4,1.2,102|3055|5747|6850,ADAM10|HCK|PTK2|SYK,-0.61,MyList
GO Biological Processes,19,GO:2001234,negative regulation of apoptotic signaling pathway,19_GO:0023052 signaling,-2.7,4.6,4.1,30169,233,170,6,3.5,1.4,90|291|596|3622|5607|6376,ACVR1|SLC25A4|BCL2|ING2|MAP2K5|CX3CL1,-0.61,MyList
GO Biological Processes,19,GO:1903321,negative regulation of protein modification by small protein conjugation or removal,19_GO:0048519 negative regulation of biological process,-2.7,7.4,4.7,30169,96,170,4,2.4,1.2,1020|6737|9474|10363,CDK5|TRIM21|ATG5|HMG20A,-0.6,MyList
GO Biological Processes,19,GO:0016241,regulation of macroautophagy,19_GO:0008152 metabolic process,-2.7,5.5,4.3,30169,160,170,5,2.9,1.3,291|1020|4864|7405|9474,SLC25A4|CDK5|NPC1|UVRAG|ATG5,-0.6,MyList
GO Biological Processes,19,GO:0032970,regulation of actin filament-based process,19_GO:0050789 regulation of biological process,-2.7,3.5,3.8,30169,406,170,8,4.7,1.6,1020|2041|3055|5142|6376|51225|83700|85477,CDK5|EPHA1|HCK|PDE4B|CX3CL1|ABI3|JAM3|SCIN,-0.6,MyList
GO Biological Processes,19,GO:0034332,adherens junction organization,19_GO:0009987 cellular process,-2.7,12,5.4,30169,46,170,3,1.8,1,102|5339|83700,ADAM10|PLEC|JAM3,-0.6,MyList
WikiPathways,27,WP4535,Envelope proteins and their potential roles in EDMD physiopathology,,-2.7,12,5.4,30169,46,170,3,1.8,1,5339|6901|23345,PLEC|TAFAZZIN|SYNE1,-0.6,MyList
GO Biological Processes,19,GO:1901861,regulation of muscle tissue development,19_GO:0032502 developmental process,-2.7,12,5.4,30169,46,170,3,1.8,1,90|596|10891,ACVR1|BCL2|PPARGC1A,-0.6,MyList
GO Biological Processes,19,GO:2001239,regulation of extrinsic apoptotic signaling pathway in absence of ligand,19_GO:0023052 signaling,-2.7,12,5.4,30169,46,170,3,1.8,1,596|5607|6376,BCL2|MAP2K5|CX3CL1,-0.6,MyList
GO Biological Processes,19,GO:0015850,organic hydroxy compound transport,19_GO:0051179 localization,-2.7,5.5,4.3,30169,161,170,5,2.9,1.3,4864|6530|6646|6850|159963,NPC1|SLC6A2|SOAT1|SYK|SLC5A12,-0.6,MyList
GO Biological Processes,19,GO:0002690,positive regulation of leukocyte chemotaxis,19_GO:0040011 locomotion,-2.6,7.3,4.7,30169,97,170,4,2.4,1.2,102|811|1230|5747,ADAM10|CALR|CCR1|PTK2,-0.6,MyList
Reactome Gene Sets,6,R-HSA-418594,G alpha (i) signalling events,,-2.6,3.9,3.9,30169,318,170,7,4.1,1.5,151|1020|1230|2912|5142|5173|6376,ADRA2B|CDK5|CCR1|GRM2|PDE4B|PDYN|CX3CL1,-0.6,MyList
GO Biological Processes,19,GO:0007268,chemical synaptic transmission,19_GO:0023052 signaling,-2.6,3.5,3.8,30169,410,170,8,4.7,1.6,1020|2912|3360|5173|5816|6530|9342|57053,CDK5|GRM2|HTR4|PDYN|PVALB|SLC6A2|SNAP29|CHRNA10,-0.59,MyList
GO Biological Processes,19,GO:0098916,anterograde trans-synaptic signaling,19_GO:0023052 signaling,-2.6,3.5,3.8,30169,410,170,8,4.7,1.6,1020|2912|3360|5173|5816|6530|9342|57053,CDK5|GRM2|HTR4|PDYN|PVALB|SLC6A2|SNAP29|CHRNA10,-0.59,MyList
Reactome Gene Sets,6,R-HSA-9609507,Protein localization,,-2.6,5.4,4.3,30169,163,170,5,2.9,1.3,291|1431|3416|6901|51268,SLC25A4|CS|IDE|TAFAZZIN|PIPOX,-0.59,MyList
GO Biological Processes,19,GO:0003197,endocardial cushion development,19_GO:0032502 developmental process,-2.6,11,5.3,30169,47,170,3,1.8,1,90|23462|26508,ACVR1|HEY1|HEYL,-0.59,MyList
GO Biological Processes,19,GO:2001222,regulation of neuron migration,19_GO:0040011 locomotion,-2.6,11,5.3,30169,47,170,3,1.8,1,6376|54986|153090,CX3CL1|ULK4|DAB2IP,-0.59,MyList
WikiPathways,27,WP4008,NO/cGMP/PKG mediated neuroprotection,,-2.6,11,5.3,30169,47,170,3,1.8,1,596|1259|5481,BCL2|CNGA1|PPID,-0.59,MyList
GO Biological Processes,19,GO:2001237,negative regulation of extrinsic apoptotic signaling pathway,19_GO:0023052 signaling,-2.6,7.2,4.6,30169,99,170,4,2.4,1.2,90|596|5607|6376,ACVR1|BCL2|MAP2K5|CX3CL1,-0.59,MyList
GO Biological Processes,19,GO:0006140,regulation of nucleotide metabolic process,19_GO:0008152 metabolic process,-2.6,7.2,4.6,30169,99,170,4,2.4,1.2,5166|6901|10891|51085,PDK4|TAFAZZIN|PPARGC1A|MLXIPL,-0.59,MyList
GO Biological Processes,19,GO:0045088,regulation of innate immune response,19_GO:0044419 biological process involved in interspecies interaction between organisms,-2.6,4.4,4,30169,240,170,6,3.5,1.4,1378|3055|6737|6850|8651|9474,CR1|HCK|TRIM21|SYK|SOCS1|ATG5,-0.58,MyList
GO Biological Processes,19,GO:0031960,response to corticosteroid,19_GO:0050896 response to stimulus,-2.6,5.4,4.2,30169,165,170,5,2.9,1.3,90|596|2692|5207|7538,ACVR1|BCL2|GHRHR|PFKFB1|ZFP36,-0.58,MyList
GO Biological Processes,19,GO:0051640,organelle localization,19_GO:0051179 localization,-2.6,3.1,3.7,30169,509,170,9,5.3,1.7,1020|5873|6850|7405|9342|54536|55638|79789|80179,CDK5|RAB27A|SYK|UVRAG|SNAP29|EXOC6|SYBU|CLMN|MYO19,-0.58,MyList
GO Biological Processes,19,GO:1900544,positive regulation of purine nucleotide metabolic process,19_GO:0048518 positive regulation of biological process,-2.6,11,5.3,30169,48,170,3,1.8,1,6901|10891|51085,TAFAZZIN|PPARGC1A|MLXIPL,-0.58,MyList
GO Biological Processes,19,GO:0045981,positive regulation of nucleotide metabolic process,19_GO:0048518 positive regulation of biological process,-2.6,11,5.3,30169,48,170,3,1.8,1,6901|10891|51085,TAFAZZIN|PPARGC1A|MLXIPL,-0.58,MyList
WikiPathways,27,WP3929,Chemokine signaling pathway,,-2.6,5.3,4.2,30169,166,170,5,2.9,1.3,1230|3055|5747|6367|6376,CCR1|HCK|PTK2|CCL22|CX3CL1,-0.58,MyList
GO Biological Processes,19,GO:0016032,viral process,19_GO:0016032 viral process,-2.6,4.4,4,30169,242,170,6,3.5,1.4,1378|3416|4864|5481|7405|9474,CR1|IDE|NPC1|PPID|UVRAG|ATG5,-0.58,MyList
KEGG Pathway,24,hsa05030,Cocaine addiction,,-2.6,11,5.2,30169,49,170,3,1.8,1,1020|2912|5173,CDK5|GRM2|PDYN,-0.57,MyList
GO Biological Processes,19,GO:0033628,regulation of cell adhesion mediated by integrin,19_GO:0050789 regulation of biological process,-2.6,11,5.2,30169,49,170,3,1.8,1,5747|6850|83700,PTK2|SYK|JAM3,-0.57,MyList
Reactome Gene Sets,6,R-HSA-9012852,Signaling by NOTCH3,,-2.6,11,5.2,30169,49,170,3,1.8,1,102|23462|26508,ADAM10|HEY1|HEYL,-0.57,MyList
GO Biological Processes,19,GO:0043457,regulation of cellular respiration,19_GO:0008152 metabolic process,-2.6,11,5.2,30169,49,170,3,1.8,1,3416|10891|51085,IDE|PPARGC1A|MLXIPL,-0.57,MyList
GO Biological Processes,19,GO:0071347,cellular response to interleukin-1,19_GO:0050896 response to stimulus,-2.6,7,4.5,30169,102,170,4,2.4,1.2,6367|6376|27316|153090,CCL22|CX3CL1|RBMX|DAB2IP,-0.57,MyList
GO Biological Processes,19,GO:0040013,negative regulation of locomotion,19_GO:0040011 locomotion,-2.6,3.4,3.7,30169,419,170,8,4.7,1.6,596|811|2041|3622|5607|6376|79890|153090,BCL2|CALR|EPHA1|ING2|MAP2K5|CX3CL1|RIN3|DAB2IP,-0.57,MyList
Reactome Gene Sets,6,R-HSA-9662851,Anti-inflammatory response favouring Leishmania parasite infection,,-2.6,5.3,4.2,30169,169,170,5,2.9,1.3,2692|3055|3360|6850|59350,GHRHR|HCK|HTR4|SYK|RXFP1,-0.56,MyList
Reactome Gene Sets,6,R-HSA-9664433,Leishmania parasite growth and survival,,-2.6,5.3,4.2,30169,169,170,5,2.9,1.3,2692|3055|3360|6850|59350,GHRHR|HCK|HTR4|SYK|RXFP1,-0.56,MyList
GO Biological Processes,19,GO:0009896,positive regulation of catabolic process,19_GO:0048518 positive regulation of biological process,-2.5,3.1,3.6,30169,519,170,9,5.3,1.7,291|3416|5747|6737|7405|7538|51085|51099|153090,SLC25A4|IDE|PTK2|TRIM21|UVRAG|ZFP36|MLXIPL|ABHD5|DAB2IP,-0.56,MyList
GO Biological Processes,19,GO:0048247,lymphocyte chemotaxis,19_GO:0040011 locomotion,-2.5,11,5.1,30169,50,170,3,1.8,1,5339|6367|6376,PLEC|CCL22|CX3CL1,-0.56,MyList
GO Biological Processes,19,GO:0038093,Fc receptor signaling pathway,19_GO:0002376 immune system process,-2.5,11,5.1,30169,50,170,3,1.8,1,3055|5747|6850,HCK|PTK2|SYK,-0.56,MyList
WikiPathways,27,WP286,IL-3 signaling pathway,,-2.5,11,5.1,30169,50,170,3,1.8,1,596|3055|6850,BCL2|HCK|SYK,-0.56,MyList
GO Biological Processes,19,GO:0010959,regulation of metal ion transport,19_GO:0051179 localization,-2.5,3.4,3.7,30169,423,170,8,4.7,1.6,596|1020|1230|3755|5142|6376|7439|9474,BCL2|CDK5|CCR1|KCNG1|PDE4B|CX3CL1|BEST1|ATG5,-0.56,MyList
GO Biological Processes,19,GO:0051650,establishment of vesicle localization,19_GO:0051179 localization,-2.5,5.2,4.1,30169,171,170,5,2.9,1.3,1020|5873|9342|54536|80179,CDK5|RAB27A|SNAP29|EXOC6|MYO19,-0.55,MyList
GO Biological Processes,19,GO:0072521,purine-containing compound metabolic process,19_GO:0008152 metabolic process,-2.5,3.3,3.7,30169,425,170,8,4.7,1.6,5142|5207|8803|11165|22978|51268|56606|79071,PDE4B|PFKFB1|SUCLA2|NUDT3|NT5C2|PIPOX|SLC2A9|ELOVL6,-0.55,MyList
GO Biological Processes,19,GO:1901136,carbohydrate derivative catabolic process,19_GO:0008152 metabolic process,-2.5,5.2,4.1,30169,172,170,5,2.9,1.3,5142|8803|11165|22978|55347,PDE4B|SUCLA2|NUDT3|NT5C2|ABHD10,-0.55,MyList
GO Biological Processes,19,GO:1903307,positive regulation of regulated secretory pathway,19_GO:0051179 localization,-2.5,10,5.1,30169,51,170,3,1.8,1,1020|5873|6850,CDK5|RAB27A|SYK,-0.54,MyList
GO Biological Processes,19,GO:0046580,negative regulation of Ras protein signal transduction,19_GO:0023052 signaling,-2.5,10,5.1,30169,51,170,3,1.8,1,5922|83478|153090,RASA2|ARHGAP24|DAB2IP,-0.54,MyList
GO Biological Processes,19,GO:0007565,female pregnancy,19_GO:0022414 reproductive process,-2.5,5.1,4.1,30169,174,170,5,2.9,1.3,151|412|596|29974|81539,ADRA2B|STS|BCL2|A1CF|SLC38A1,-0.53,MyList
GO Biological Processes,19,GO:0010906,regulation of glucose metabolic process,19_GO:0008152 metabolic process,-2.5,6.6,4.4,30169,107,170,4,2.4,1.2,3487|5166|5207|10891,IGFBP4|PDK4|PFKFB1|PPARGC1A,-0.52,MyList
GO Biological Processes,19,GO:0003007,heart morphogenesis,19_GO:0032502 developmental process,-2.5,4.2,3.9,30169,253,170,6,3.5,1.4,90|5747|6901|23462|26508|339829,ACVR1|PTK2|TAFAZZIN|HEY1|HEYL|CCDC39,-0.52,MyList
GO Biological Processes,19,GO:0062012,regulation of small molecule metabolic process,19_GO:0008152 metabolic process,-2.5,3.7,3.7,30169,339,170,7,4.1,1.5,3487|5166|5207|6901|10891|51085|171425,IGFBP4|PDK4|PFKFB1|TAFAZZIN|PPARGC1A|MLXIPL|CLYBL,-0.52,MyList
GO Biological Processes,19,GO:0031668,cellular response to extracellular stimulus,19_GO:0050896 response to stimulus,-2.5,4.2,3.8,30169,254,170,6,3.5,1.4,596|2074|5166|5339|6839|9474,BCL2|ERCC6|PDK4|PLEC|SUV39H1|ATG5,-0.52,MyList
Reactome Gene Sets,6,R-HSA-9658195,Leishmania infection,,-2.5,4.2,3.8,30169,254,170,6,3.5,1.4,2692|3055|3360|5747|6850|59350,GHRHR|HCK|HTR4|PTK2|SYK|RXFP1,-0.52,MyList
GO Biological Processes,19,GO:0032102,negative regulation of response to external stimulus,19_GO:0048519 negative regulation of biological process,-2.5,3.3,3.6,30169,433,170,8,4.7,1.6,1378|3055|6376|6737|6850|7538|9474|79890,CR1|HCK|CX3CL1|TRIM21|SYK|ZFP36|ATG5|RIN3,-0.52,MyList
Reactome Gene Sets,6,R-HSA-8957275,Post-translational protein phosphorylation,,-2.5,6.6,4.4,30169,108,170,4,2.4,1.2,102|3487|54757|57719,ADAM10|IGFBP4|FAM20A|ANO8,-0.52,MyList
GO Biological Processes,19,GO:0046718,viral entry into host cell,19_GO:0016032 viral process,-2.5,6.6,4.4,30169,108,170,4,2.4,1.2,1378|3416|4864|7405,CR1|IDE|NPC1|UVRAG,-0.52,MyList
GO Biological Processes,19,GO:0043122,regulation of I-kappaB kinase/NF-kappaB signaling,19_GO:0023052 signaling,-2.5,4.2,3.8,30169,255,170,6,3.5,1.4,6376|6737|23476|55504|153090|257397,CX3CL1|TRIM21|BRD4|TNFRSF19|DAB2IP|TAB3,-0.52,MyList
GO Biological Processes,19,GO:0044409,entry into host,19_GO:0044419 biological process involved in interspecies interaction between organisms,-2.5,6.5,4.3,30169,110,170,4,2.4,1.2,1378|3416|4864|7405,CR1|IDE|NPC1|UVRAG,-0.49,MyList
GO Biological Processes,19,GO:0019725,cellular homeostasis,19_GO:0065007 biological regulation,-2.4,2.8,3.4,30169,641,170,10,5.9,1.8,596|811|1230|2692|3416|4753|6376|6530|10891|51085,BCL2|CALR|CCR1|GHRHR|IDE|NELL2|CX3CL1|SLC6A2|PPARGC1A|MLXIPL,-0.49,MyList
GO Biological Processes,19,GO:0023061,signal release,19_GO:0051179 localization,-2.4,4.9,4,30169,180,170,5,2.9,1.3,1020|2692|6850|8322|9342,CDK5|GHRHR|SYK|FZD4|SNAP29,-0.49,MyList
GO Biological Processes,19,GO:0014066,regulation of phosphatidylinositol 3-kinase signaling,19_GO:0023052 signaling,-2.4,6.4,4.3,30169,111,170,4,2.4,1.2,2321|4915|5747|153090,FLT1|NTRK2|PTK2|DAB2IP,-0.49,MyList
GO Biological Processes,19,GO:0051648,vesicle localization,19_GO:0051179 localization,-2.4,4.9,4,30169,181,170,5,2.9,1.3,1020|5873|9342|54536|80179,CDK5|RAB27A|SNAP29|EXOC6|MYO19,-0.48,MyList
Canonical Pathways,11,M122,PID IL2 1PATHWAY,,-2.4,9.7,4.9,30169,55,170,3,1.8,1,596|6850|8651,BCL2|SYK|SOCS1,-0.48,MyList
GO Biological Processes,19,GO:0003179,heart valve morphogenesis,19_GO:0032502 developmental process,-2.4,9.7,4.9,30169,55,170,3,1.8,1,90|23462|26508,ACVR1|HEY1|HEYL,-0.48,MyList
Reactome Gene Sets,6,R-HSA-71406,Pyruvate metabolism and Citric Acid (TCA) cycle,,-2.4,9.7,4.9,30169,55,170,3,1.8,1,1431|5166|8803,CS|PDK4|SUCLA2,-0.48,MyList
GO Biological Processes,19,GO:1901699,cellular response to nitrogen compound,19_GO:0050896 response to stimulus,-2.4,2.7,3.4,30169,646,170,10,5.9,1.8,1020|2692|3360|3416|4915|5142|5166|5747|8651|57727,CDK5|GHRHR|HTR4|IDE|NTRK2|PDE4B|PDK4|PTK2|SOCS1|NCOA5,-0.48,MyList
GO Biological Processes,19,GO:0071356,cellular response to tumor necrosis factor,19_GO:0050896 response to stimulus,-2.4,4.9,3.9,30169,182,170,5,2.9,1.3,6367|6376|7538|55504|153090,CCL22|CX3CL1|ZFP36|TNFRSF19|DAB2IP,-0.48,MyList
GO Biological Processes,19,GO:0002429,immune response-activating cell surface receptor signaling pathway,19_GO:0002376 immune system process,-2.4,4.1,3.7,30169,262,170,6,3.5,1.4,596|1378|3055|5142|5747|6850,BCL2|CR1|HCK|PDE4B|PTK2|SYK,-0.48,MyList
GO Biological Processes,19,GO:0002757,immune response-activating signal transduction,19_GO:0002376 immune system process,-2.4,4.1,3.7,30169,262,170,6,3.5,1.4,596|1378|3055|5142|5747|6850,BCL2|CR1|HCK|PDE4B|PTK2|SYK,-0.48,MyList
GO Biological Processes,19,GO:0030036,actin cytoskeleton organization,19_GO:0009987 cellular process,-2.4,2.9,3.4,30169,544,170,9,5.3,1.7,596|811|1020|5339|6525|9828|57091|80179|85477,BCL2|CALR|CDK5|PLEC|SMTN|ARHGEF17|CASS4|MYO19|SCIN,-0.48,MyList
WikiPathways,27,WP5124,Alzheimer's disease,,-2.4,4,3.7,30169,263,170,6,3.5,1.4,102|291|1020|3416|5481|7277,ADAM10|SLC25A4|CDK5|IDE|PPID|TUBA4A,-0.48,MyList
GO Biological Processes,19,GO:0030097,hemopoiesis,19_GO:0002376 immune system process,-2.4,2.7,3.4,30169,649,170,10,5.9,1.8,596|2321|6850|6901|7538|8651|9070|9474|55716|83700,BCL2|FLT1|SYK|TAFAZZIN|ZFP36|SOCS1|ASH2L|ATG5|LMBR1L|JAM3,-0.48,MyList
GO Biological Processes,19,GO:0045761,regulation of adenylate cyclase activity,19_GO:0065007 biological regulation,-2.4,9.5,4.8,30169,56,170,3,1.8,1,2692|2912|59350,GHRHR|GRM2|RXFP1,-0.48,MyList
GO Biological Processes,19,GO:0000422,autophagy of mitochondrion,19_GO:0008152 metabolic process,-2.4,9.5,4.8,30169,56,170,3,1.8,1,6901|9474|285636,TAFAZZIN|ATG5|RIMOC1,-0.48,MyList
GO Biological Processes,19,GO:0061726,mitochondrion disassembly,19_GO:0009987 cellular process,-2.4,9.5,4.8,30169,56,170,3,1.8,1,6901|9474|285636,TAFAZZIN|ATG5|RIMOC1,-0.48,MyList
GO Biological Processes,19,GO:0010559,regulation of glycoprotein biosynthetic process,19_GO:0008152 metabolic process,-2.4,9.5,4.8,30169,56,170,3,1.8,1,596|2218|6646,BCL2|FKTN|SOAT1,-0.48,MyList
GO Biological Processes,19,GO:0002683,negative regulation of immune system process,19_GO:0002376 immune system process,-2.4,3.2,3.5,30169,449,170,8,4.7,1.6,1378|3055|6376|6737|6850|8651|9474|79890,CR1|HCK|CX3CL1|TRIM21|SYK|SOCS1|ATG5|RIN3,-0.46,MyList
WikiPathways,27,WP5265,Neurogenesis regulation in the olfactory epithelium,,-2.4,9.3,4.7,30169,57,170,3,1.8,1,1020|4915|23462,CDK5|NTRK2|HEY1,-0.46,MyList
GO Biological Processes,19,GO:0022904,respiratory electron transport chain,19_GO:0008152 metabolic process,-2.4,6.2,4.2,30169,115,170,4,2.4,1.2,1340|5339|6901|10891,COX6B1|PLEC|TAFAZZIN|PPARGC1A,-0.46,MyList
GO Biological Processes,19,GO:0043405,regulation of MAP kinase activity,19_GO:0008152 metabolic process,-2.4,4.8,3.9,30169,186,170,5,2.9,1.3,2321|5607|6850|8322|153090,FLT1|MAP2K5|SYK|FZD4|DAB2IP,-0.46,MyList
Reactome Gene Sets,6,R-HSA-2644606,Constitutive Signaling by NOTCH1 PEST Domain Mutants,,-2.4,9.2,4.7,30169,58,170,3,1.8,1,102|23462|26508,ADAM10|HEY1|HEYL,-0.45,MyList
GO Biological Processes,19,GO:0061912,selective autophagy,19_GO:0008152 metabolic process,-2.4,9.2,4.7,30169,58,170,3,1.8,1,6901|9474|285636,TAFAZZIN|ATG5|RIMOC1,-0.45,MyList
Reactome Gene Sets,6,R-HSA-2644602,Signaling by NOTCH1 PEST Domain Mutants in Cancer,,-2.4,9.2,4.7,30169,58,170,3,1.8,1,102|23462|26508,ADAM10|HEY1|HEYL,-0.45,MyList
Reactome Gene Sets,6,R-HSA-2894862,Constitutive Signaling by NOTCH1 HD+PEST Domain Mutants,,-2.4,9.2,4.7,30169,58,170,3,1.8,1,102|23462|26508,ADAM10|HEY1|HEYL,-0.45,MyList
Reactome Gene Sets,6,R-HSA-2644603,Signaling by NOTCH1 in Cancer,,-2.4,9.2,4.7,30169,58,170,3,1.8,1,102|23462|26508,ADAM10|HEY1|HEYL,-0.45,MyList
Reactome Gene Sets,6,R-HSA-2894858,Signaling by NOTCH1 HD+PEST Domain Mutants in Cancer,,-2.4,9.2,4.7,30169,58,170,3,1.8,1,102|23462|26508,ADAM10|HEY1|HEYL,-0.45,MyList
GO Biological Processes,19,GO:0051058,negative regulation of small GTPase mediated signal transduction,19_GO:0023052 signaling,-2.4,9.2,4.7,30169,58,170,3,1.8,1,5922|83478|153090,RASA2|ARHGAP24|DAB2IP,-0.45,MyList
GO Biological Processes,19,GO:1903169,regulation of calcium ion transmembrane transport,19_GO:0051179 localization,-2.4,4.7,3.9,30169,188,170,5,2.9,1.3,596|1020|5142|6376|9474,BCL2|CDK5|PDE4B|CX3CL1|ATG5,-0.45,MyList
GO Biological Processes,19,GO:0048511,rhythmic process,19_GO:0048511 rhythmic process,-2.4,3.9,3.7,30169,270,170,6,3.5,1.4,1020|4915|6839|8322|8863|10891,CDK5|NTRK2|SUV39H1|FZD4|PER3|PPARGC1A,-0.45,MyList
WikiPathways,27,WP3931,Embryonic stem cell pluripotency pathways,,-2.4,6.1,4.1,30169,117,170,4,2.4,1.2,90|5596|5607|8322,ACVR1|MAPK4|MAP2K5|FZD4,-0.45,MyList
GO Biological Processes,19,GO:0031175,neuron projection development,19_GO:0032502 developmental process,-2.4,2.7,3.3,30169,661,170,10,5.9,1.8,596|1020|2041|2074|5747|57408|64843|79789|114787|153090,BCL2|CDK5|EPHA1|ERCC6|PTK2|LRTM1|ISL2|CLMN|GPRIN1|DAB2IP,-0.45,MyList
GO Biological Processes,19,GO:0051896,regulation of protein kinase B signaling,19_GO:0023052 signaling,-2.4,4.7,3.8,30169,189,170,5,2.9,1.3,2912|4915|5747|6376|57091,GRM2|NTRK2|PTK2|CX3CL1|CASS4,-0.45,MyList
GO Biological Processes,19,GO:0043123,positive regulation of I-kappaB kinase/NF-kappaB signaling,19_GO:0023052 signaling,-2.4,4.7,3.8,30169,189,170,5,2.9,1.3,6376|6737|23476|55504|257397,CX3CL1|TRIM21|BRD4|TNFRSF19|TAB3,-0.45,MyList
Reactome Gene Sets,6,R-HSA-380108,Chemokine receptors bind chemokines,,-2.3,9,4.6,30169,59,170,3,1.8,1,1230|6367|6376,CCR1|CCL22|CX3CL1,-0.45,MyList
Reactome Gene Sets,6,R-HSA-9664407,Parasite infection,,-2.3,9,4.6,30169,59,170,3,1.8,1,3055|5747|6850,HCK|PTK2|SYK,-0.45,MyList
Reactome Gene Sets,6,R-HSA-9664417,Leishmania phagocytosis,,-2.3,9,4.6,30169,59,170,3,1.8,1,3055|5747|6850,HCK|PTK2|SYK,-0.45,MyList
Reactome Gene Sets,6,R-HSA-9664422,FCGR3A-mediated phagocytosis,,-2.3,9,4.6,30169,59,170,3,1.8,1,3055|5747|6850,HCK|PTK2|SYK,-0.45,MyList
GO Biological Processes,19,GO:0035051,cardiocyte differentiation,19_GO:0032502 developmental process,-2.3,6,4.1,30169,118,170,4,2.4,1.2,90|811|5339|9474,ACVR1|CALR|PLEC|ATG5,-0.45,MyList
GO Biological Processes,19,GO:0050777,negative regulation of immune response,19_GO:0002376 immune system process,-2.3,4.7,3.8,30169,190,170,5,2.9,1.3,1378|3055|6737|6850|9474,CR1|HCK|TRIM21|SYK|ATG5,-0.45,MyList
KEGG Pathway,24,hsa04062,Chemokine signaling pathway,,-2.3,4.6,3.8,30169,192,170,5,2.9,1.3,1230|3055|5747|6367|6376,CCR1|HCK|PTK2|CCL22|CX3CL1,-0.44,MyList
GO Biological Processes,19,GO:0030865,cortical cytoskeleton organization,19_GO:0009987 cellular process,-2.3,8.9,4.6,30169,60,170,3,1.8,1,811|1020|5339,CALR|CDK5|PLEC,-0.44,MyList
GO Biological Processes,19,GO:0032956,regulation of actin cytoskeleton organization,19_GO:0050789 regulation of biological process,-2.3,3.4,3.5,30169,365,170,7,4.1,1.5,1020|2041|3055|6376|51225|83700|85477,CDK5|EPHA1|HCK|CX3CL1|ABI3|JAM3|SCIN,-0.43,MyList
GO Biological Processes,19,GO:0007423,sensory organ development,19_GO:0032502 developmental process,-2.3,2.8,3.3,30169,563,170,9,5.3,1.7,102|596|2321|4810|4915|5816|8322|9474|57053,ADAM10|BCL2|FLT1|NHS|NTRK2|PVALB|FZD4|ATG5|CHRNA10,-0.43,MyList
GO Biological Processes,19,GO:0042752,regulation of circadian rhythm,19_GO:0048511 rhythmic process,-2.3,5.9,4.1,30169,120,170,4,2.4,1.2,2692|6839|8863|10891,GHRHR|SUV39H1|PER3|PPARGC1A,-0.43,MyList
GO Biological Processes,19,GO:0031589,cell-substrate adhesion,19_GO:0009987 cellular process,-2.3,4.6,3.8,30169,194,170,5,2.9,1.3,596|1020|2041|8322|83700,BCL2|CDK5|EPHA1|FZD4|JAM3,-0.43,MyList
WikiPathways,27,WP4541,Hippo-Merlin signaling dysregulation,,-2.3,5.9,4,30169,121,170,4,2.4,1.2,2321|4915|5747|6901,FLT1|NTRK2|PTK2|TAFAZZIN,-0.43,MyList
GO Biological Processes,19,GO:0098655,cation transmembrane transport,19_GO:0051179 localization,-2.3,2.6,3.2,30169,672,170,10,5.9,1.8,291|596|1259|1340|3755|6530|51063|56479|56606|57053,SLC25A4|BCL2|CNGA1|COX6B1|KCNG1|SLC6A2|CALHM2|KCNQ5|SLC2A9|CHRNA10,-0.43,MyList
GO Biological Processes,19,GO:1903530,regulation of secretion by cell,19_GO:0051179 localization,-2.3,2.8,3.3,30169,566,170,9,5.3,1.7,151|1020|2692|2912|5481|5873|5972|6850|9581,ADRA2B|CDK5|GHRHR|GRM2|PPID|RAB27A|REN|SYK|PREPL,-0.43,MyList
GO Biological Processes,19,GO:0048002,antigen processing and presentation of peptide antigen,19_GO:0002376 immune system process,-2.3,8.7,4.5,30169,61,170,3,1.8,1,811|3416|64167,CALR|IDE|ERAP2,-0.43,MyList
GO Biological Processes,19,GO:0019226,transmission of nerve impulse,19_GO:0023052 signaling,-2.3,8.7,4.5,30169,61,170,3,1.8,1,4915|5339|83700,NTRK2|PLEC|JAM3,-0.43,MyList
GO Biological Processes,19,GO:1900024,regulation of substrate adhesion-dependent cell spreading,19_GO:0032502 developmental process,-2.3,8.7,4.5,30169,61,170,3,1.8,1,811|5747|57091,CALR|PTK2|CASS4,-0.43,MyList
GO Biological Processes,19,GO:0051495,positive regulation of cytoskeleton organization,19_GO:0048518 positive regulation of biological process,-2.3,4.6,3.7,30169,195,170,5,2.9,1.3,1020|2041|3055|6376|85477,CDK5|EPHA1|HCK|CX3CL1|SCIN,-0.42,MyList
GO Biological Processes,19,GO:0008286,insulin receptor signaling pathway,19_GO:0023052 signaling,-2.3,8.6,4.5,30169,62,170,3,1.8,1,3416|5166|57727,IDE|PDK4|NCOA5,-0.42,MyList
GO Biological Processes,19,GO:0043506,regulation of JUN kinase activity,19_GO:0008152 metabolic process,-2.3,8.6,4.5,30169,62,170,3,1.8,1,6850|8322|153090,SYK|FZD4|DAB2IP,-0.42,MyList
GO Biological Processes,19,GO:1903018,regulation of glycoprotein metabolic process,19_GO:0008152 metabolic process,-2.3,8.6,4.5,30169,62,170,3,1.8,1,596|2218|6646,BCL2|FKTN|SOAT1,-0.42,MyList
GO Biological Processes,19,GO:0048871,multicellular organismal homeostasis,19_GO:0032501 multicellular organismal process,-2.3,3.3,3.4,30169,372,170,7,4.1,1.5,596|2074|5339|6839|10891|51085|83700,BCL2|ERCC6|PLEC|SUV39H1|PPARGC1A|MLXIPL|JAM3,-0.41,MyList
GO Biological Processes,19,GO:0031347,regulation of defense response,19_GO:0050896 response to stimulus,-2.3,2.6,3.2,30169,680,170,10,5.9,1.8,1378|3055|6376|6737|6850|7538|8651|9474|23476|246778,CR1|HCK|CX3CL1|TRIM21|SYK|ZFP36|SOCS1|ATG5|BRD4|IL27,-0.4,MyList
GO Biological Processes,19,GO:0032663,regulation of interleukin-2 production,19_GO:0032501 multicellular organismal process,-2.3,8.5,4.5,30169,63,170,3,1.8,1,1378|5142|7538,CR1|PDE4B|ZFP36,-0.4,MyList
GO Biological Processes,19,GO:2001233,regulation of apoptotic signaling pathway,19_GO:0023052 signaling,-2.3,3.3,3.4,30169,374,170,7,4.1,1.5,90|291|596|3622|5607|6376|153090,ACVR1|SLC25A4|BCL2|ING2|MAP2K5|CX3CL1|DAB2IP,-0.4,MyList
Reactome Gene Sets,6,R-HSA-449147,Signaling by Interleukins,,-2.3,3,3.3,30169,473,170,8,4.7,1.6,596|1230|3055|6367|6850|8651|246778|257397,BCL2|CCR1|HCK|CCL22|SYK|SOCS1|IL27|TAB3,-0.4,MyList
GO Biological Processes,19,GO:0001952,regulation of cell-matrix adhesion,19_GO:0050789 regulation of biological process,-2.3,5.7,3.9,30169,125,170,4,2.4,1.2,596|2041|5747|6376,BCL2|EPHA1|PTK2|CX3CL1,-0.4,MyList
GO Biological Processes,19,GO:0010811,positive regulation of cell-substrate adhesion,19_GO:0048518 positive regulation of biological process,-2.3,5.7,3.9,30169,125,170,4,2.4,1.2,811|2041|6376|57091,CALR|EPHA1|CX3CL1|CASS4,-0.4,MyList
Reactome Gene Sets,6,R-HSA-381426,Regulation of Insulin-like Growth Factor (IGF) transport and uptake by Insulin-like Growth Factor Binding Proteins (IGFBPs),,-2.3,5.7,3.9,30169,125,170,4,2.4,1.2,102|3487|54757|57719,ADAM10|IGFBP4|FAM20A|ANO8,-0.4,MyList
GO Biological Processes,19,GO:0045786,negative regulation of cell cycle,19_GO:0048519 negative regulation of biological process,-2.3,3.3,3.4,30169,376,170,7,4.1,1.5,90|596|1020|2074|6839|51379|153090,ACVR1|BCL2|CDK5|ERCC6|SUV39H1|CRLF3|DAB2IP,-0.4,MyList
Reactome Gene Sets,6,R-HSA-1268020,Mitochondrial protein import,,-2.2,8.3,4.4,30169,64,170,3,1.8,1,291|1431|6901,SLC25A4|CS|TAFAZZIN,-0.39,MyList
GO Biological Processes,19,GO:0048524,positive regulation of viral process,19_GO:0016032 viral process,-2.2,8.3,4.4,30169,64,170,3,1.8,1,5481|6737|9474,PPID|TRIM21|ATG5,-0.39,MyList
GO Biological Processes,19,GO:0034341,response to interferon-gamma,19_GO:0044419 biological process involved in interspecies interaction between organisms,-2.2,5.6,3.9,30169,126,170,4,2.4,1.2,3055|6367|6376|6737,HCK|CCL22|CX3CL1|TRIM21,-0.39,MyList
Reactome Gene Sets,6,R-HSA-375276,Peptide ligand-binding receptors,,-2.2,4.4,3.7,30169,201,170,5,2.9,1.3,1230|5173|6367|6376|59350,CCR1|PDYN|CCL22|CX3CL1|RXFP1,-0.39,MyList
GO Biological Processes,19,GO:0007204,positive regulation of cytosolic calcium ion concentration,19_GO:0065007 biological regulation,-2.2,4.4,3.7,30169,201,170,5,2.9,1.3,596|1020|1230|10161|57053,BCL2|CDK5|CCR1|LPAR6|CHRNA10,-0.39,MyList
KEGG Pathway,24,hsa05022,Pathways of neurodegeneration - multiple diseases,,-2.2,3,3.3,30169,476,170,8,4.7,1.6,291|596|1020|1340|5173|5481|7277|8322,SLC25A4|BCL2|CDK5|COX6B1|PDYN|PPID|TUBA4A|FZD4,-0.39,MyList
GO Biological Processes,19,GO:0032507,maintenance of protein location in cell,19_GO:0051179 localization,-2.2,8.2,4.4,30169,65,170,3,1.8,1,1020|23345|85477,CDK5|SYNE1|SCIN,-0.38,MyList
GO Biological Processes,19,GO:0003170,heart valve development,19_GO:0032502 developmental process,-2.2,8.2,4.4,30169,65,170,3,1.8,1,90|23462|26508,ACVR1|HEY1|HEYL,-0.38,MyList
GO Biological Processes,19,GO:0009150,purine ribonucleotide metabolic process,19_GO:0008152 metabolic process,-2.2,3.3,3.3,30169,381,170,7,4.1,1.5,5142|5207|8803|11165|22978|51268|79071,PDE4B|PFKFB1|SUCLA2|NUDT3|NT5C2|PIPOX|ELOVL6,-0.38,MyList
GO Biological Processes,19,GO:0042445,hormone metabolic process,19_GO:0008152 metabolic process,-2.2,4.3,3.6,30169,206,170,5,2.9,1.3,102|2692|3416|5972|7038,ADAM10|GHRHR|IDE|REN|TG,-0.36,MyList
GO Biological Processes,19,GO:0098660,inorganic ion transmembrane transport,19_GO:0051179 localization,-2.2,2.5,3.1,30169,697,170,10,5.9,1.8,291|596|1340|3755|6530|7439|56479|56606|57053|57719,SLC25A4|BCL2|COX6B1|KCNG1|SLC6A2|BEST1|KCNQ5|SLC2A9|CHRNA10|ANO8,-0.36,MyList
GO Biological Processes,19,GO:0002768,immune response-regulating cell surface receptor signaling pathway,19_GO:0002376 immune system process,-2.2,3.6,3.4,30169,292,170,6,3.5,1.4,596|1378|3055|5142|5747|6850,BCL2|CR1|HCK|PDE4B|PTK2|SYK,-0.36,MyList
GO Biological Processes,19,GO:0051345,positive regulation of hydrolase activity,19_GO:0065007 biological regulation,-2.2,2.7,3.2,30169,589,170,9,5.3,1.7,1378|2041|2321|6367|6376|6850|23216|51099|83478,CR1|EPHA1|FLT1|CCL22|CX3CL1|SYK|TBC1D1|ABHD5|ARHGAP24,-0.36,MyList
GO Biological Processes,19,GO:0048534,hematopoietic or lymphoid organ development,19_GO:0002376 immune system process,-2.2,2.5,3.1,30169,699,170,10,5.9,1.8,596|2321|6850|6901|7538|8651|9070|9474|55716|83700,BCL2|FLT1|SYK|TAFAZZIN|ZFP36|SOCS1|ASH2L|ATG5|LMBR1L|JAM3,-0.35,MyList
GO Biological Processes,19,GO:0051146,striated muscle cell differentiation,19_GO:0032502 developmental process,-2.2,4.3,3.6,30169,207,170,5,2.9,1.3,90|596|811|5339|9474,ACVR1|BCL2|CALR|PLEC|ATG5,-0.35,MyList
GO Biological Processes,19,GO:0071363,cellular response to growth factor stimulus,19_GO:0050896 response to stimulus,-2.2,2.9,3.2,30169,488,170,8,4.7,1.6,90|2321|4915|5607|5747|7538|26508|153090,ACVR1|FLT1|NTRK2|MAP2K5|PTK2|ZFP36|HEYL|DAB2IP,-0.34,MyList
KEGG Pathway,24,hsa04060,Cytokine-cytokine receptor interaction,,-2.2,3.6,3.4,30169,295,170,6,3.5,1.4,90|1230|6367|6376|55504|246778,ACVR1|CCR1|CCL22|CX3CL1|TNFRSF19|IL27,-0.34,MyList
GO Biological Processes,19,GO:0070555,response to interleukin-1,19_GO:0050896 response to stimulus,-2.2,5.4,3.8,30169,132,170,4,2.4,1.2,6367|6376|27316|153090,CCL22|CX3CL1|RBMX|DAB2IP,-0.34,MyList
GO Biological Processes,19,GO:0050807,regulation of synapse organization,19_GO:0050789 regulation of biological process,-2.2,4.2,3.5,30169,209,170,5,2.9,1.3,1020|4915|51225|55209|153090,CDK5|NTRK2|ABI3|SETD5|DAB2IP,-0.34,MyList
GO Biological Processes,19,GO:0042593,glucose homeostasis,19_GO:0065007 biological regulation,-2.2,4.2,3.5,30169,209,170,5,2.9,1.3,2692|5166|10891|51085|57727,GHRHR|PDK4|PPARGC1A|MLXIPL|NCOA5,-0.34,MyList
GO Biological Processes,19,GO:0032989,cellular component morphogenesis,19_GO:0032502 developmental process,-2.2,2.7,3.1,30169,594,170,9,5.3,1.7,596|1020|2041|5339|5747|57408|64753|64843|153090,BCL2|CDK5|EPHA1|PLEC|PTK2|LRTM1|CCDC136|ISL2|DAB2IP,-0.34,MyList
GO Biological Processes,19,GO:0060249,anatomical structure homeostasis,19_GO:0065007 biological regulation,-2.2,3.6,3.4,30169,296,170,6,3.5,1.4,596|2074|4753|6376|6530|83700,BCL2|ERCC6|NELL2|CX3CL1|SLC6A2|JAM3,-0.34,MyList
GO Biological Processes,19,GO:0033500,carbohydrate homeostasis,19_GO:0065007 biological regulation,-2.2,4.2,3.5,30169,210,170,5,2.9,1.3,2692|5166|10891|51085|57727,GHRHR|PDK4|PPARGC1A|MLXIPL|NCOA5,-0.34,MyList
GO Biological Processes,19,GO:0018107,peptidyl-threonine phosphorylation,19_GO:0008152 metabolic process,-2.2,7.7,4.2,30169,69,170,3,1.8,1,90|596|1020,ACVR1|BCL2|CDK5,-0.33,MyList
GO Biological Processes,19,GO:0043467,regulation of generation of precursor metabolites and energy,19_GO:0008152 metabolic process,-2.1,5.3,3.8,30169,134,170,4,2.4,1.2,3416|10891|51085|79660,IDE|PPARGC1A|MLXIPL|PPP1R3B,-0.33,MyList
GO Biological Processes,19,GO:1904062,regulation of cation transmembrane transport,19_GO:0051179 localization,-2.1,3.2,3.2,30169,394,170,7,4.1,1.5,596|1020|3755|5142|6376|9474|81539,BCL2|CDK5|KCNG1|PDE4B|CX3CL1|ATG5|SLC38A1,-0.32,MyList
GO Biological Processes,19,GO:0006163,purine nucleotide metabolic process,19_GO:0008152 metabolic process,-2.1,3.2,3.2,30169,394,170,7,4.1,1.5,5142|5207|8803|11165|22978|51268|79071,PDE4B|PFKFB1|SUCLA2|NUDT3|NT5C2|PIPOX|ELOVL6,-0.32,MyList
GO Biological Processes,19,GO:0032868,response to insulin,19_GO:0050896 response to stimulus,-2.1,4.1,3.5,30169,214,170,5,2.9,1.3,2692|3416|5166|5207|57727,GHRHR|IDE|PDK4|PFKFB1|NCOA5,-0.31,MyList
GO Biological Processes,19,GO:0006836,neurotransmitter transport,19_GO:0051179 localization,-2.1,5.2,3.7,30169,136,170,4,2.4,1.2,1020|6530|9342|81539,CDK5|SLC6A2|SNAP29|SLC38A1,-0.31,MyList
GO Biological Processes,19,GO:0032990,cell part morphogenesis,19_GO:0032502 developmental process,-2.1,2.9,3.1,30169,498,170,8,4.7,1.6,596|1020|2041|5339|5747|57408|64843|153090,BCL2|CDK5|EPHA1|PLEC|PTK2|LRTM1|ISL2|DAB2IP,-0.31,MyList
WikiPathways,27,WP3932,Focal adhesion: PI3K-Akt-mTOR-signaling pathway,,-2.1,3.5,3.3,30169,302,170,6,3.5,1.4,2321|5207|5747|10161|10891|23216,FLT1|PFKFB1|PTK2|LPAR6|PPARGC1A|TBC1D1,-0.31,MyList
GO Biological Processes,19,GO:0050803,regulation of synapse structure or activity,19_GO:0065007 biological regulation,-2.1,4.1,3.5,30169,215,170,5,2.9,1.3,1020|4915|51225|55209|153090,CDK5|NTRK2|ABI3|SETD5|DAB2IP,-0.31,MyList
GO Biological Processes,19,GO:0140029,exocytic process,19_GO:0051179 localization,-2.1,7.5,4.1,30169,71,170,3,1.8,1,6850|9342|54536,SYK|SNAP29|EXOC6,-0.31,MyList
GO Biological Processes,19,GO:0030029,actin filament-based process,19_GO:0009987 cellular process,-2.1,2.6,3.1,30169,606,170,9,5.3,1.7,596|811|1020|5339|6525|9828|57091|80179|85477,BCL2|CALR|CDK5|PLEC|SMTN|ARHGEF17|CASS4|MYO19|SCIN,-0.31,MyList
GO Biological Processes,19,GO:0009259,ribonucleotide metabolic process,19_GO:0008152 metabolic process,-2.1,3.1,3.2,30169,400,170,7,4.1,1.5,5142|5207|8803|11165|22978|51268|79071,PDE4B|PFKFB1|SUCLA2|NUDT3|NT5C2|PIPOX|ELOVL6,-0.3,MyList
GO Biological Processes,19,GO:0032787,monocarboxylic acid metabolic process,19_GO:0008152 metabolic process,-2.1,2.8,3.1,30169,502,170,8,4.7,1.6,4864|5207|5742|10891|51099|55347|79071|81539,NPC1|PFKFB1|PTGS1|PPARGC1A|ABHD5|ABHD10|ELOVL6|SLC38A1,-0.3,MyList
GO Biological Processes,19,GO:0003013,circulatory system process,19_GO:0032501 multicellular organismal process,-2.1,2.8,3.1,30169,502,170,8,4.7,1.6,151|5339|5742|5972|6901|9474|64167|81539,ADRA2B|PLEC|PTGS1|REN|TAFAZZIN|ATG5|ERAP2|SLC38A1,-0.3,MyList
GO Biological Processes,19,GO:0001505,regulation of neurotransmitter levels,19_GO:0065007 biological regulation,-2.1,4.1,3.4,30169,217,170,5,2.9,1.3,1020|6530|9342|9581|81539,CDK5|SLC6A2|SNAP29|PREPL|SLC38A1,-0.3,MyList
GO Biological Processes,19,GO:0060411,cardiac septum morphogenesis,19_GO:0032502 developmental process,-2.1,7.4,4.1,30169,72,170,3,1.8,1,90|23462|26508,ACVR1|HEY1|HEYL,-0.3,MyList
GO Biological Processes,19,GO:0033143,regulation of intracellular steroid hormone receptor signaling pathway,19_GO:0023052 signaling,-2.1,7.4,4.1,30169,72,170,3,1.8,1,811|2692|26508,CALR|GHRHR|HEYL,-0.3,MyList
WikiPathways,27,WP5218,Extrafollicular B cell activation by SARS-CoV-2,,-2.1,7.4,4.1,30169,72,170,3,1.8,1,1378|3732|6850,CR1|CD82|SYK,-0.3,MyList
Reactome Gene Sets,6,R-HSA-1445148,Translocation of SLC2A4 (GLUT4) to the plasma membrane,,-2.1,7.4,4.1,30169,72,170,3,1.8,1,7277|23216|54536,TUBA4A|TBC1D1|EXOC6,-0.3,MyList
GO Biological Processes,19,GO:1901215,negative regulation of neuron death,19_GO:0048519 negative regulation of biological process,-2.1,4.1,3.4,30169,218,170,5,2.9,1.3,596|1020|4915|6376|10891,BCL2|CDK5|NTRK2|CX3CL1|PPARGC1A,-0.3,MyList
GO Biological Processes,19,GO:0043523,regulation of neuron apoptotic process,19_GO:0050789 regulation of biological process,-2.1,4.1,3.4,30169,218,170,5,2.9,1.3,596|1020|4915|6376|10891,BCL2|CDK5|NTRK2|CX3CL1|PPARGC1A,-0.3,MyList
KEGG Pathway,24,hsa05418,Fluid shear stress and atherosclerosis,,-2.1,5.1,3.7,30169,139,170,4,2.4,1.2,90|596|5607|5747,ACVR1|BCL2|MAP2K5|PTK2,-0.3,MyList
GO Biological Processes,19,GO:0043583,ear development,19_GO:0032502 developmental process,-2.1,4.1,3.4,30169,219,170,5,2.9,1.3,102|596|5816|9474|57053,ADAM10|BCL2|PVALB|ATG5|CHRNA10,-0.29,MyList
GO Biological Processes,19,GO:0046637,regulation of alpha-beta T cell differentiation,19_GO:0002376 immune system process,-2.1,7.3,4.1,30169,73,170,3,1.8,1,6850|8651|246778,SYK|SOCS1|IL27,-0.29,MyList
GO Biological Processes,19,GO:1903578,regulation of ATP metabolic process,19_GO:0008152 metabolic process,-2.1,7.3,4.1,30169,73,170,3,1.8,1,6901|10891|51085,TAFAZZIN|PPARGC1A|MLXIPL,-0.29,MyList
GO Biological Processes,19,GO:1901653,cellular response to peptide,19_GO:0050896 response to stimulus,-2.1,3.5,3.3,30169,308,170,6,3.5,1.4,1020|2692|3416|5166|5747|57727,CDK5|GHRHR|IDE|PDK4|PTK2|NCOA5,-0.29,MyList
GO Biological Processes,19,GO:0010638,positive regulation of organelle organization,19_GO:0048518 positive regulation of biological process,-2.1,2.8,3.1,30169,508,170,8,4.7,1.6,291|1020|2041|3055|6376|7405|10891|85477,SLC25A4|CDK5|EPHA1|HCK|CX3CL1|UVRAG|PPARGC1A|SCIN,-0.29,MyList
KEGG Pathway,24,hsa04140,Autophagy - animal,,-2.1,5,3.6,30169,141,170,4,2.4,1.2,596|7405|9342|9474,BCL2|UVRAG|SNAP29|ATG5,-0.29,MyList
GO Biological Processes,19,GO:0046328,regulation of JNK cascade,19_GO:0023052 signaling,-2.1,5,3.6,30169,141,170,4,2.4,1.2,2218|54986|55504|153090,FKTN|ULK4|TNFRSF19|DAB2IP,-0.29,MyList
GO Biological Processes,19,GO:0090090,negative regulation of canonical Wnt signaling pathway,19_GO:0023052 signaling,-2.1,5,3.6,30169,141,170,4,2.4,1.2,3487|8322|55716|153090,IGFBP4|FZD4|LMBR1L|DAB2IP,-0.29,MyList
GO Biological Processes,19,GO:0003281,ventricular septum development,19_GO:0032502 developmental process,-2.1,7.2,4,30169,74,170,3,1.8,1,90|23462|26508,ACVR1|HEY1|HEYL,-0.29,MyList
Reactome Gene Sets,6,R-HSA-1980143,Signaling by NOTCH1,,-2.1,7.2,4,30169,74,170,3,1.8,1,102|23462|26508,ADAM10|HEY1|HEYL,-0.29,MyList
GO Biological Processes,19,GO:0051403,stress-activated MAPK cascade,19_GO:0023052 signaling,-2.1,7.2,4,30169,74,170,3,1.8,1,2074|7538|55504,ERCC6|ZFP36|TNFRSF19,-0.29,MyList
GO Biological Processes,19,GO:1903900,regulation of viral life cycle,19_GO:0016032 viral process,-2.1,5,3.6,30169,142,170,4,2.4,1.2,596|5481|6590|6737,BCL2|PPID|SLPI|TRIM21,-0.28,MyList
GO Biological Processes,19,GO:0019693,ribose phosphate metabolic process,19_GO:0008152 metabolic process,-2.1,3,3.1,30169,409,170,7,4.1,1.5,5142|5207|8803|11165|22978|51268|79071,PDE4B|PFKFB1|SUCLA2|NUDT3|NT5C2|PIPOX|ELOVL6,-0.28,MyList
GO Biological Processes,19,GO:0032890,regulation of organic acid transport,19_GO:0051179 localization,-2.1,7.1,4,30169,75,170,3,1.8,1,2912|6850|81539,GRM2|SYK|SLC38A1,-0.28,MyList
GO Biological Processes,19,GO:0008015,blood circulation,19_GO:0032501 multicellular organismal process,-2,3,3.1,30169,411,170,7,4.1,1.5,151|5339|5742|5972|6901|9474|64167,ADRA2B|PLEC|PTGS1|REN|TAFAZZIN|ATG5|ERAP2,-0.27,MyList
WikiPathways,27,WP2882,Nuclear receptors meta-pathway,,-2,3.4,3.2,30169,314,170,6,3.5,1.4,5142|5166|6530|10891|56606|159963,PDE4B|PDK4|SLC6A2|PPARGC1A|SLC2A9|SLC5A12,-0.27,MyList
GO Biological Processes,19,GO:0050921,positive regulation of chemotaxis,19_GO:0040011 locomotion,-2,4.9,3.6,30169,144,170,4,2.4,1.2,102|811|1230|5747,ADAM10|CALR|CCR1|PTK2,-0.27,MyList
GO Biological Processes,19,GO:0070372,regulation of ERK1 and ERK2 cascade,19_GO:0023052 signaling,-2,3.4,3.2,30169,315,170,6,3.5,1.4,1230|6367|6376|6850|57053|153090,CCR1|CCL22|CX3CL1|SYK|CHRNA10|DAB2IP,-0.27,MyList
GO Biological Processes,19,GO:0009416,response to light stimulus,19_GO:0050896 response to stimulus,-2,3.4,3.2,30169,315,170,6,3.5,1.4,596|1020|2074|5481|7439|8863,BCL2|CDK5|ERCC6|PPID|BEST1|PER3,-0.27,MyList
GO Biological Processes,19,GO:0051339,regulation of lyase activity,19_GO:0065007 biological regulation,-2,7,3.9,30169,76,170,3,1.8,1,2692|2912|59350,GHRHR|GRM2|RXFP1,-0.27,MyList
GO Biological Processes,19,GO:0046425,regulation of receptor signaling pathway via JAK-STAT,19_GO:0023052 signaling,-2,7,3.9,30169,76,170,3,1.8,1,1020|8651|51379,CDK5|SOCS1|CRLF3,-0.27,MyList
GO Biological Processes,19,GO:0060284,regulation of cell development,19_GO:0032502 developmental process,-2,2.8,3,30169,516,170,8,4.7,1.6,596|811|1020|4915|6376|23462|26508|57091,BCL2|CALR|CDK5|NTRK2|CX3CL1|HEY1|HEYL|CASS4,-0.27,MyList
GO Biological Processes,19,GO:1903706,regulation of hemopoiesis,19_GO:0002376 immune system process,-2,3,3.1,30169,413,170,7,4.1,1.5,1230|1378|6850|7538|8651|85477|246778,CCR1|CR1|SYK|ZFP36|SOCS1|SCIN|IL27,-0.27,MyList
GO Biological Processes,19,GO:1903305,regulation of regulated secretory pathway,19_GO:0051179 localization,-2,4.9,3.5,30169,145,170,4,2.4,1.2,1020|5873|6850|9581,CDK5|RAB27A|SYK|PREPL,-0.26,MyList
GO Biological Processes,19,GO:0070848,response to growth factor,19_GO:0050896 response to stimulus,-2,2.7,3,30169,519,170,8,4.7,1.6,90|2321|4915|5607|5747|7538|26508|153090,ACVR1|FLT1|NTRK2|MAP2K5|PTK2|ZFP36|HEYL|DAB2IP,-0.26,MyList
GO Biological Processes,19,GO:0034968,histone lysine methylation,19_GO:0008152 metabolic process,-2,6.9,3.9,30169,77,170,3,1.8,1,6839|9070|55209,SUV39H1|ASH2L|SETD5,-0.26,MyList
GO Biological Processes,19,GO:0045824,negative regulation of innate immune response,19_GO:0044419 biological process involved in interspecies interaction between organisms,-2,6.9,3.9,30169,77,170,3,1.8,1,1378|6737|9474,CR1|TRIM21|ATG5,-0.26,MyList
GO Biological Processes,19,GO:0031279,regulation of cyclase activity,19_GO:0065007 biological regulation,-2,6.9,3.9,30169,77,170,3,1.8,1,2692|2912|59350,GHRHR|GRM2|RXFP1,-0.26,MyList
GO Biological Processes,19,GO:0090559,regulation of membrane permeability,19_GO:0065007 biological regulation,-2,6.9,3.9,30169,77,170,3,1.8,1,291|596|83700,SLC25A4|BCL2|JAM3,-0.26,MyList
GO Biological Processes,19,GO:0030001,metal ion transport,19_GO:0051179 localization,-2,2.5,2.9,30169,628,170,9,5.3,1.7,596|1020|1230|3755|6530|56479|57053|81539|159963,BCL2|CDK5|CCR1|KCNG1|SLC6A2|KCNQ5|CHRNA10|SLC38A1|SLC5A12,-0.26,MyList
GO Biological Processes,19,GO:0034765,regulation of ion transmembrane transport,19_GO:0051179 localization,-2,2.7,3,30169,520,170,8,4.7,1.6,596|1020|3755|5142|6376|9474|56479|81539,BCL2|CDK5|KCNG1|PDE4B|CX3CL1|ATG5|KCNQ5|SLC38A1,-0.26,MyList
GO Biological Processes,19,GO:0007411,axon guidance,19_GO:0040011 locomotion,-2,3.9,3.3,30169,228,170,5,2.9,1.3,1020|2041|5747|57408|64843,CDK5|EPHA1|PTK2|LRTM1|ISL2,-0.26,MyList
GO Biological Processes,19,GO:0009410,response to xenobiotic stimulus,19_GO:0050896 response to stimulus,-2,3,3.1,30169,418,170,7,4.1,1.5,596|811|4864|5142|5972|6530|9474,BCL2|CALR|NPC1|PDE4B|REN|SLC6A2|ATG5,-0.25,MyList
GO Biological Processes,19,GO:0071496,cellular response to external stimulus,19_GO:0050896 response to stimulus,-2,3.3,3.2,30169,320,170,6,3.5,1.4,596|2074|5166|5339|6839|9474,BCL2|ERCC6|PDK4|PLEC|SUV39H1|ATG5,-0.25,MyList
GO Biological Processes,19,GO:0097485,neuron projection guidance,19_GO:0040011 locomotion,-2,3.9,3.3,30169,229,170,5,2.9,1.3,1020|2041|5747|57408|64843,CDK5|EPHA1|PTK2|LRTM1|ISL2,-0.25,MyList
GO Biological Processes,19,GO:0031098,stress-activated protein kinase signaling cascade,19_GO:0023052 signaling,-2,6.8,3.9,30169,78,170,3,1.8,1,2074|7538|55504,ERCC6|ZFP36|TNFRSF19,-0.25,MyList
GO Biological Processes,19,GO:0018210,peptidyl-threonine modification,19_GO:0008152 metabolic process,-2,6.8,3.9,30169,78,170,3,1.8,1,90|596|1020,ACVR1|BCL2|CDK5,-0.25,MyList
GO Biological Processes,19,GO:0032869,cellular response to insulin stimulus,19_GO:0050896 response to stimulus,-2,4.8,3.5,30169,148,170,4,2.4,1.2,2692|3416|5166|57727,GHRHR|IDE|PDK4|NCOA5,-0.25,MyList
GO Biological Processes,19,GO:0002520,immune system development,19_GO:0002376 immune system process,-2,2.4,2.9,30169,746,170,10,5.9,1.8,596|2321|6850|6901|7538|8651|9070|9474|55716|83700,BCL2|FLT1|SYK|TAFAZZIN|ZFP36|SOCS1|ASH2L|ATG5|LMBR1L|JAM3,-0.25,MyList
