_MEMBER_MyList,_LogP_MyList,GO,Description,_PATTERN_,_RANK_,CHILD_GO_MyList
1,-6.285116468811585,GO:0008152,metabolic process,M1,1,GO:0006468 protein phosphorylation
1,-6.0608740566416675,GO:0032502,developmental process,M1,1,GO:0048514 blood vessel morphogenesis
1,-6.0447897580738505,GO:0048518,positive regulation of biological process,M1,1,GO:0033674 positive regulation of kinase activity
1,-5.817454136505471,GO:0002376,immune system process,M1,1,GO:0050900 leukocyte migration
1,-5.659573895581615,GO:0023052,signaling,M1,1,GO:0043408 regulation of MAPK cascade
1,-5.552873514329539,GO:0048519,negative regulation of biological process,M1,1,GO:2000811 negative regulation of anoikis
1,-5.450536361257571,GO:0051179,localization,M1,1,GO:0032940 secretion by cell
1,-5.358948759917128,GO:0040011,locomotion,M1,1,GO:0030335 positive regulation of cell migration
1,-5.187548771434128,GO:0065007,biological regulation,M1,1,GO:0051347 positive regulation of transferase activity
1,-4.94988152096127,GO:0050789,regulation of biological process,M1,1,GO:2000209 regulation of anoikis
1,-4.592395407728605,GO:0022414,reproductive process,M1,1,GO:0022412 cellular process involved in reproduction in multicellular organism
1,-3.9938410063519263,GO:0050896,response to stimulus,M1,1,GO:0032870 cellular response to hormone stimulus
1,-3.488779477823494,GO:0016032,viral process,M1,1,GO:0050792 regulation of viral process
1,-3.375880046417685,GO:0009987,cellular process,M1,1,GO:0022411 cellular component disassembly
1,-2.9746400344559727,GO:0032501,multicellular organismal process,M1,1,GO:0044706 multi-multicellular organism process
1,-2.944800100974465,GO:0044419,biological process involved in interspecies interaction between organisms,M1,1,GO:0044000 movement in host
1,-2.356736245708907,GO:0048511,rhythmic process,M1,1,GO:0048511 rhythmic process
