_MEMBER_MyList,_LogP_MyList,GO,Description,_PATTERN_,_RANK_,GiniIndex
1,-3,GO:0042692,muscle cell differentiation,M1,1,0
1,-2.6,R-HSA-9664433,Leishmania parasite growth and survival,M1,1,0
1,-2.3,hsa04062,Chemokine signaling pathway,M1,1,0
1,-4.1,R-HSA-500792,GPCR ligand binding,M1,1,0
1,-3.2,GO:0007286,spermatid development,M1,1,0
1,-3.6,GO:0006954,inflammatory response,M1,1,0
1,-2.1,GO:0046328,regulation of JNK cascade,M1,1,0
1,-3.4,GO:0007162,negative regulation of cell adhesion,M1,1,0
1,-2.6,GO:0031960,response to corticosteroid,M1,1,0
1,-2.6,GO:0098916,anterograde trans-synaptic signaling,M1,1,0
1,-3.3,GO:0071674,mononuclear cell migration,M1,1,0
1,-2.3,GO:0043506,regulation of JUN kinase activity,M1,1,0
1,-3.7,GO:0031329,regulation of cellular catabolic process,M1,1,0
1,-2.9,GO:0048545,response to steroid hormone,M1,1,0
1,-2,GO:0050921,positive regulation of chemotaxis,M1,1,0
1,-3.8,GO:0097529,myeloid leukocyte migration,M1,1,0
1,-3,hsa04080,Neuroactive ligand-receptor interaction,M1,1,0
1,-2.3,GO:0042752,regulation of circadian rhythm,M1,1,0
1,-2.5,GO:0038093,Fc receptor signaling pathway,M1,1,0
1,-2.7,GO:0032970,regulation of actin filament-based process,M1,1,0
1,-3.5,GO:0050792,regulation of viral process,M1,1,0
1,-2.8,GO:0061919,process utilizing autophagic mechanism,M1,1,0
1,-4,GO:0009154,purine ribonucleotide catabolic process,M1,1,0
1,-2.1,GO:1904062,regulation of cation transmembrane transport,M1,1,0
1,-2.1,R-HSA-1980143,Signaling by NOTCH1,M1,1,0
1,-2.3,GO:0098655,cation transmembrane transport,M1,1,0
1,-2.3,WP4541,Hippo-Merlin signaling dysregulation,M1,1,0
1,-2.1,GO:0001505,regulation of neurotransmitter levels,M1,1,0
1,-2.1,WP3932,Focal adhesion: PI3K-Akt-mTOR-signaling pathway,M1,1,0
1,-4,GO:0016236,macroautophagy,M1,1,0
1,-6,GO:0033674,positive regulation of kinase activity,M1,1,0
1,-2.6,GO:0002690,positive regulation of leukocyte chemotaxis,M1,1,0
1,-3,GO:0007005,mitochondrion organization,M1,1,0
1,-3.6,GO:0010810,regulation of cell-substrate adhesion,M1,1,0
1,-3.6,GO:0051651,maintenance of location in cell,M1,1,0
1,-3.5,GO:0031058,positive regulation of histone modification,M1,1,0
1,-2.6,GO:0033628,regulation of cell adhesion mediated by integrin,M1,1,0
1,-2.1,GO:0006836,neurotransmitter transport,M1,1,0
1,-2.5,GO:0062012,regulation of small molecule metabolic process,M1,1,0
1,-4.4,GO:0018108,peptidyl-tyrosine phosphorylation,M1,1,0
1,-2.1,GO:0010638,positive regulation of organelle organization,M1,1,0
1,-2.4,GO:0071356,cellular response to tumor necrosis factor,M1,1,0
1,-2.5,GO:0003007,heart morphogenesis,M1,1,0
1,-2.4,WP3931,Embryonic stem cell pluripotency pathways,M1,1,0
1,-3.2,GO:0006109,regulation of carbohydrate metabolic process,M1,1,0
1,-2.4,GO:0002683,negative regulation of immune system process,M1,1,0
1,-2.6,R-HSA-9662851,Anti-inflammatory response favouring Leishmania parasite infection,M1,1,0
1,-4.5,GO:0061061,muscle structure development,M1,1,0
1,-3.1,GO:0099537,trans-synaptic signaling,M1,1,0
1,-2.3,GO:0035051,cardiocyte differentiation,M1,1,0
1,-2.1,GO:0032890,regulation of organic acid transport,M1,1,0
1,-3.4,GO:0022411,cellular component disassembly,M1,1,0
1,-2.9,GO:0051384,response to glucocorticoid,M1,1,0
1,-3.2,R-HSA-9674555,Signaling by CSF3 (G-CSF),M1,1,0
1,-2.4,GO:0051896,regulation of protein kinase B signaling,M1,1,0
1,-2.2,hsa05022,Pathways of neurodegeneration - multiple diseases,M1,1,0
1,-2.9,GO:0030866,cortical actin cytoskeleton organization,M1,1,0
1,-2,GO:0090559,regulation of membrane permeability,M1,1,0
1,-2.8,GO:0055007,cardiac muscle cell differentiation,M1,1,0
1,-2.6,GO:0006140,regulation of nucleotide metabolic process,M1,1,0
1,-3,GO:0030593,neutrophil chemotaxis,M1,1,0
1,-3.2,R-HSA-373076,Class A/1 (Rhodopsin-like receptors),M1,1,0
1,-2.7,GO:1900371,regulation of purine nucleotide biosynthetic process,M1,1,0
1,-3.2,GO:0002474,antigen processing and presentation of peptide antigen via MHC class I,M1,1,0
1,-3,GO:1901099,negative regulation of signal transduction in absence of ligand,M1,1,0
1,-3,GO:0007422,peripheral nervous system development,M1,1,0
1,-2,WP2882,Nuclear receptors meta-pathway,M1,1,0
1,-3.1,GO:0019216,regulation of lipid metabolic process,M1,1,0
1,-3.1,GO:0014044,Schwann cell development,M1,1,0
1,-2.7,GO:0071900,regulation of protein serine/threonine kinase activity,M1,1,0
1,-2.1,GO:0046637,regulation of alpha-beta T cell differentiation,M1,1,0
1,-2.7,GO:0045058,T cell selection,M1,1,0
1,-2.5,GO:0010959,regulation of metal ion transport,M1,1,0
1,-2.6,R-HSA-9012852,Signaling by NOTCH3,M1,1,0
1,-3.3,GO:0043406,positive regulation of MAP kinase activity,M1,1,0
1,-3,WP5087,Malignant pleural mesothelioma,M1,1,0
1,-2.7,GO:0016241,regulation of macroautophagy,M1,1,0
1,-3.1,GO:0014706,striated muscle tissue development,M1,1,0
1,-2.1,GO:0003013,circulatory system process,M1,1,0
1,-3.1,GO:0015980,energy derivation by oxidation of organic compounds,M1,1,0
1,-2.1,hsa05418,Fluid shear stress and atherosclerosis,M1,1,0
1,-2.4,GO:0051648,vesicle localization,M1,1,0
1,-2.3,R-HSA-381426,Regulation of Insulin-like Growth Factor (IGF) transport and uptake by Insulin-like Growth Factor Binding Proteins (IGFBPs),M1,1,0
1,-2.2,GO:0050807,regulation of synapse organization,M1,1,0
1,-2.8,GO:2000146,negative regulation of cell motility,M1,1,0
1,-3.3,GO:0015711,organic anion transport,M1,1,0
1,-3,GO:0044706,multi-multicellular organism process,M1,1,0
1,-2.7,GO:1903321,negative regulation of protein modification by small protein conjugation or removal,M1,1,0
1,-2.9,R-HSA-76009,Platelet Aggregation (Plug Formation),M1,1,0
1,-2.6,GO:0016032,viral process,M1,1,0
1,-2.6,GO:0007268,chemical synaptic transmission,M1,1,0
1,-2.4,R-HSA-2894858,Signaling by NOTCH1 HD+PEST Domain Mutants in Cancer,M1,1,0
1,-2.2,GO:0060249,anatomical structure homeostasis,M1,1,0
1,-3.3,GO:0035065,regulation of histone acetylation,M1,1,0
1,-5.8,GO:0050900,leukocyte migration,M1,1,0
1,-2.4,GO:0030036,actin cytoskeleton organization,M1,1,0
1,-4.9,GO:2000209,regulation of anoikis,M1,1,0
1,-3.7,GO:0002433,immune response-regulating cell surface receptor signaling pathway involved in phagocytosis,M1,1,0
1,-2.1,GO:1903900,regulation of viral life cycle,M1,1,0
1,-3.5,GO:0003181,atrioventricular valve morphogenesis,M1,1,0
1,-2.9,GO:0030336,negative regulation of cell migration,M1,1,0
1,-2.6,hsa05030,Cocaine addiction,M1,1,0
1,-5,GO:0001944,vasculature development,M1,1,0
1,-5.6,GO:2000811,negative regulation of anoikis,M1,1,0
1,-2.7,GO:0034332,adherens junction organization,M1,1,0
1,-3.2,GO:0006325,chromatin organization,M1,1,0
1,-2.2,GO:0071363,cellular response to growth factor stimulus,M1,1,0
1,-3.7,GO:0019882,antigen processing and presentation,M1,1,0
1,-2.7,GO:0030808,regulation of nucleotide biosynthetic process,M1,1,0
1,-2.2,GO:0042445,hormone metabolic process,M1,1,0
1,-3.2,GO:0043550,regulation of lipid kinase activity,M1,1,0
1,-2.1,GO:1903578,regulation of ATP metabolic process,M1,1,0
1,-2.9,GO:0043299,leukocyte degranulation,M1,1,0
1,-3.8,GO:0006195,purine nucleotide catabolic process,M1,1,0
1,-3.9,GO:0045055,regulated exocytosis,M1,1,0
1,-3.6,GO:0000165,MAPK cascade,M1,1,0
1,-5.6,GO:0001525,angiogenesis,M1,1,0
1,-3.4,GO:0051235,maintenance of location,M1,1,0
1,-3.6,GO:0043269,regulation of ion transport,M1,1,0
1,-2.3,R-HSA-380108,Chemokine receptors bind chemokines,M1,1,0
1,-3.3,GO:0006091,generation of precursor metabolites and energy,M1,1,0
1,-3.1,GO:0010506,regulation of autophagy,M1,1,0
1,-2.7,GO:0043507,positive regulation of JUN kinase activity,M1,1,0
1,-2.8,GO:0051656,establishment of organelle localization,M1,1,0
1,-4.3,GO:0002685,regulation of leukocyte migration,M1,1,0
1,-2.5,GO:0010906,regulation of glucose metabolic process,M1,1,0
1,-2.4,GO:0043405,regulation of MAP kinase activity,M1,1,0
1,-2.4,GO:0002429,immune response-activating cell surface receptor signaling pathway,M1,1,0
1,-2.6,R-HSA-9609507,Protein localization,M1,1,0
1,-2.7,GO:0015850,organic hydroxy compound transport,M1,1,0
1,-2.2,GO:0002768,immune response-regulating cell surface receptor signaling pathway,M1,1,0
1,-2.3,GO:1900024,regulation of substrate adhesion-dependent cell spreading,M1,1,0
1,-2.3,GO:1903530,regulation of secretion by cell,M1,1,0
1,-2.4,GO:0061912,selective autophagy,M1,1,0
1,-2.7,GO:0071417,cellular response to organonitrogen compound,M1,1,0
1,-2.4,GO:0000422,autophagy of mitochondrion,M1,1,0
1,-3,M177,PID EPHA FWDPATHWAY,M1,1,0
1,-3.1,GO:0051924,regulation of calcium ion transport,M1,1,0
1,-2.3,GO:0045786,negative regulation of cell cycle,M1,1,0
1,-2,GO:0031098,stress-activated protein kinase signaling cascade,M1,1,0
1,-2,GO:0018210,peptidyl-threonine modification,M1,1,0
1,-2.1,GO:1901215,negative regulation of neuron death,M1,1,0
1,-2.1,GO:0043583,ear development,M1,1,0
1,-2.3,GO:0010811,positive regulation of cell-substrate adhesion,M1,1,0
1,-4.5,GO:0007169,transmembrane receptor protein tyrosine kinase signaling pathway,M1,1,0
1,-5.7,GO:0043408,regulation of MAPK cascade,M1,1,0
1,-2.3,GO:0031589,cell-substrate adhesion,M1,1,0
1,-2.2,GO:0032507,maintenance of protein location in cell,M1,1,0
1,-2.1,GO:0050803,regulation of synapse structure or activity,M1,1,0
1,-2.3,R-HSA-449147,Signaling by Interleukins,M1,1,0
1,-2.5,GO:0043122,regulation of I-kappaB kinase/NF-kappaB signaling,M1,1,0
1,-2.4,GO:0030097,hemopoiesis,M1,1,0
1,-3.1,GO:0045333,cellular respiration,M1,1,0
1,-2.1,hsa04140,Autophagy - animal,M1,1,0
1,-5.8,GO:0045859,regulation of protein kinase activity,M1,1,0
1,-2.2,GO:0003170,heart valve development,M1,1,0
1,-4,GO:0032870,cellular response to hormone stimulus,M1,1,0
1,-4.7,GO:0030595,leukocyte chemotaxis,M1,1,0
1,-2.3,GO:0019226,transmission of nerve impulse,M1,1,0
1,-3.6,GO:0097530,granulocyte migration,M1,1,0
1,-2.3,R-HSA-9664417,Leishmania phagocytosis,M1,1,0
1,-3.7,GO:0038096,Fc-gamma receptor signaling pathway involved in phagocytosis,M1,1,0
1,-2.4,GO:0031175,neuron projection development,M1,1,0
1,-2.5,GO:0048247,lymphocyte chemotaxis,M1,1,0
1,-2.3,GO:1903018,regulation of glycoprotein metabolic process,M1,1,0
1,-2.4,GO:1903169,regulation of calcium ion transmembrane transport,M1,1,0
1,-2,GO:0031279,regulation of cyclase activity,M1,1,0
1,-2,GO:0009416,response to light stimulus,M1,1,0
1,-3.1,GO:0044703,multi-organism reproductive process,M1,1,0
1,-3.5,GO:0043551,regulation of phosphatidylinositol 3-kinase activity,M1,1,0
1,-3.5,GO:0002431,Fc receptor mediated stimulatory signaling pathway,M1,1,0
1,-2.4,GO:0051058,negative regulation of small GTPase mediated signal transduction,M1,1,0
1,-2.8,GO:0006914,autophagy,M1,1,0
1,-2.2,GO:0042593,glucose homeostasis,M1,1,0
1,-2.4,GO:0048511,rhythmic process,M1,1,0
1,-2.1,GO:0043523,regulation of neuron apoptotic process,M1,1,0
1,-3.6,GO:0072523,purine-containing compound catabolic process,M1,1,0
1,-2.6,GO:0051640,organelle localization,M1,1,0
1,-3.5,GO:0061311,cell surface receptor signaling pathway involved in heart development,M1,1,0
1,-2.1,GO:0051403,stress-activated MAPK cascade,M1,1,0
1,-2.7,WP4535,Envelope proteins and their potential roles in EDMD physiopathology,M1,1,0
1,-3.1,GO:0031400,negative regulation of protein modification process,M1,1,0
1,-2,GO:0009410,response to xenobiotic stimulus,M1,1,0
1,-4.6,GO:0043410,positive regulation of MAPK cascade,M1,1,0
1,-2.4,GO:0002757,immune response-activating signal transduction,M1,1,0
1,-2.3,GO:0051495,positive regulation of cytoskeleton organization,M1,1,0
1,-2.2,GO:0034341,response to interferon-gamma,M1,1,0
1,-2.8,hsa05010,Alzheimer disease,M1,1,0
1,-2.4,GO:0003179,heart valve morphogenesis,M1,1,0
1,-2.2,GO:0048524,positive regulation of viral process,M1,1,0
1,-2.9,GO:0000082,G1/S transition of mitotic cell cycle,M1,1,0
1,-2.1,WP5218,Extrafollicular B cell activation by SARS-CoV-2,M1,1,0
1,-2.5,GO:1901136,carbohydrate derivative catabolic process,M1,1,0
1,-3.2,GO:0048738,cardiac muscle tissue development,M1,1,0
1,-2.6,WP4008,NO/cGMP/PKG mediated neuroprotection,M1,1,0
1,-2.9,GO:0014037,Schwann cell differentiation,M1,1,0
1,-3.5,GO:0043087,regulation of GTPase activity,M1,1,0
1,-2.1,GO:0060411,cardiac septum morphogenesis,M1,1,0
1,-2.1,GO:0090090,negative regulation of canonical Wnt signaling pathway,M1,1,0
1,-4.6,GO:0045860,positive regulation of protein kinase activity,M1,1,0
1,-3.1,GO:0071677,positive regulation of mononuclear cell migration,M1,1,0
1,-2.6,WP3929,Chemokine signaling pathway,M1,1,0
1,-2.8,GO:0070050,neuron cellular homeostasis,M1,1,0
1,-2.9,GO:1901292,nucleoside phosphate catabolic process,M1,1,0
1,-2,GO:0034765,regulation of ion transmembrane transport,M1,1,0
1,-3.1,GO:0071396,cellular response to lipid,M1,1,0
1,-4,GO:0046777,protein autophosphorylation,M1,1,0
1,-5,GO:0040017,positive regulation of locomotion,M1,1,0
1,-2.1,GO:1901653,cellular response to peptide,M1,1,0
1,-2.6,GO:0045981,positive regulation of nucleotide metabolic process,M1,1,0
1,-2,GO:0051339,regulation of lyase activity,M1,1,0
1,-2.4,GO:0022904,respiratory electron transport chain,M1,1,0
1,-2.1,GO:0003281,ventricular septum development,M1,1,0
1,-2.2,R-HSA-375276,Peptide ligand-binding receptors,M1,1,0
1,-3.4,GO:0007276,gamete generation,M1,1,0
1,-2.6,GO:2001237,negative regulation of extrinsic apoptotic signaling pathway,M1,1,0
1,-3,GO:0031348,negative regulation of defense response,M1,1,0
1,-2.1,R-HSA-1445148,Translocation of SLC2A4 (GLUT4) to the plasma membrane,M1,1,0
1,-2.5,GO:0032102,negative regulation of response to external stimulus,M1,1,0
1,-2.2,GO:0018107,peptidyl-threonine phosphorylation,M1,1,0
1,-2.5,GO:0046580,negative regulation of Ras protein signal transduction,M1,1,0
1,-2.2,GO:0051146,striated muscle cell differentiation,M1,1,0
1,-4.4,GO:0018212,peptidyl-tyrosine modification,M1,1,0
1,-2.8,GO:0044843,cell cycle G1/S phase transition,M1,1,0
1,-2.6,GO:0045088,regulation of innate immune response,M1,1,0
1,-2.1,GO:0030029,actin filament-based process,M1,1,0
1,-3,GO:1903580,positive regulation of ATP metabolic process,M1,1,0
1,-4.6,GO:0001934,positive regulation of protein phosphorylation,M1,1,0
1,-2.4,GO:0010559,regulation of glycoprotein biosynthetic process,M1,1,0
1,-2.3,GO:0008286,insulin receptor signaling pathway,M1,1,0
1,-6.3,GO:0006468,protein phosphorylation,M1,1,0
1,-2.9,GO:0003203,endocardial cushion morphogenesis,M1,1,0
1,-2.3,GO:0031347,regulation of defense response,M1,1,0
1,-3.9,GO:0009991,response to extracellular stimulus,M1,1,0
1,-3.7,GO:0042594,response to starvation,M1,1,0
1,-3.6,R-HSA-388396,GPCR downstream signalling,M1,1,0
1,-2,GO:1903706,regulation of hemopoiesis,M1,1,0
1,-4.5,GO:0006935,chemotaxis,M1,1,0
1,-2.4,GO:0045761,regulation of adenylate cyclase activity,M1,1,0
1,-2.6,GO:1900544,positive regulation of purine nucleotide metabolic process,M1,1,0
1,-2,GO:0032869,cellular response to insulin stimulus,M1,1,0
1,-3,GO:2001240,negative regulation of extrinsic apoptotic signaling pathway in absence of ligand,M1,1,0
1,-3.6,GO:0072132,mesenchyme morphogenesis,M1,1,0
1,-4.7,GO:0002687,positive regulation of leukocyte migration,M1,1,0
1,-2.4,M122,PID IL2 1PATHWAY,M1,1,0
1,-2.5,GO:0046718,viral entry into host cell,M1,1,0
1,-2,GO:0070848,response to growth factor,M1,1,0
1,-2.1,GO:0032787,monocarboxylic acid metabolic process,M1,1,0
1,-2.3,GO:0032663,regulation of interleukin-2 production,M1,1,0
1,-2.9,GO:0034612,response to tumor necrosis factor,M1,1,0
1,-3.1,GO:0045665,negative regulation of neuron differentiation,M1,1,0
1,-2.4,GO:0043123,positive regulation of I-kappaB kinase/NF-kappaB signaling,M1,1,0
1,-2.2,GO:0009150,purine ribonucleotide metabolic process,M1,1,0
1,-2,GO:0060284,regulation of cell development,M1,1,0
1,-5.2,GO:0051347,positive regulation of transferase activity,M1,1,0
1,-2.2,GO:0048534,hematopoietic or lymphoid organ development,M1,1,0
1,-2.6,GO:2001222,regulation of neuron migration,M1,1,0
1,-2,GO:0008015,blood circulation,M1,1,0
1,-2.5,R-HSA-8957275,Post-translational protein phosphorylation,M1,1,0
1,-2.5,GO:0051650,establishment of vesicle localization,M1,1,0
1,-2.3,GO:0048871,multicellular organismal homeostasis,M1,1,0
1,-3.3,GO:0019058,viral life cycle,M1,1,0
1,-2,GO:0034968,histone lysine methylation,M1,1,0
1,-2.1,GO:0043467,regulation of generation of precursor metabolites and energy,M1,1,0
1,-2.2,GO:0033500,carbohydrate homeostasis,M1,1,0
1,-2.8,GO:0007517,muscle organ development,M1,1,0
1,-2.4,GO:1901699,cellular response to nitrogen compound,M1,1,0
1,-3.9,GO:0045664,regulation of neuron differentiation,M1,1,0
1,-2.7,GO:0007283,spermatogenesis,M1,1,0
1,-4.6,GO:0022412,cellular process involved in reproduction in multicellular organism,M1,1,0
1,-2.7,GO:0097009,energy homeostasis,M1,1,0
1,-3.2,GO:0071675,regulation of mononuclear cell migration,M1,1,0
1,-2.7,GO:0002548,monocyte chemotaxis,M1,1,0
1,-3.9,GO:0009725,response to hormone,M1,1,0
1,-2.2,R-HSA-1268020,Mitochondrial protein import,M1,1,0
1,-2.4,R-HSA-71406,Pyruvate metabolism and Citric Acid (TCA) cycle,M1,1,0
1,-3.1,GO:0048232,male gamete generation,M1,1,0
1,-2.1,GO:0019693,ribose phosphate metabolic process,M1,1,0
1,-2.1,GO:0006163,purine nucleotide metabolic process,M1,1,0
1,-4.9,GO:0140352,export from cell,M1,1,0
1,-2.3,GO:0001952,regulation of cell-matrix adhesion,M1,1,0
1,-3,GO:0009166,nucleotide catabolic process,M1,1,0
1,-6.3,GO:0043549,regulation of kinase activity,M1,1,0
1,-2.5,GO:0007565,female pregnancy,M1,1,0
1,-3.1,GO:0048010,vascular endothelial growth factor receptor signaling pathway,M1,1,0
1,-3.1,GO:0071345,cellular response to cytokine stimulus,M1,1,0
1,-5.2,GO:0001568,blood vessel development,M1,1,0
1,-3.1,GO:0048515,spermatid differentiation,M1,1,0
1,-5,GO:0040011,locomotion,M1,1,0
1,-2,GO:0097485,neuron projection guidance,M1,1,0
1,-2,GO:1903305,regulation of regulated secretory pathway,M1,1,0
1,-2.4,GO:0014066,regulation of phosphatidylinositol 3-kinase signaling,M1,1,0
1,-2.3,GO:0007423,sensory organ development,M1,1,0
1,-2,GO:0007411,axon guidance,M1,1,0
1,-2.5,GO:0072521,purine-containing compound metabolic process,M1,1,0
1,-2.4,R-HSA-2644603,Signaling by NOTCH1 in Cancer,M1,1,0
1,-2.3,R-HSA-9664407,Parasite infection,M1,1,0
1,-5.5,GO:0032940,secretion by cell,M1,1,0
1,-2.7,GO:0060412,ventricular septum morphogenesis,M1,1,0
1,-5.9,GO:0035239,tube morphogenesis,M1,1,0
1,-3.1,WP3888,VEGFA-VEGFR2 signaling pathway,M1,1,0
1,-3.5,WP2509,Nanoparticle triggered autophagic cell death,M1,1,0
1,-2,GO:0030001,metal ion transport,M1,1,0
1,-3.6,GO:0002244,hematopoietic progenitor cell differentiation,M1,1,0
1,-2.7,GO:0007229,integrin-mediated signaling pathway,M1,1,0
1,-2.6,GO:0040013,negative regulation of locomotion,M1,1,0
1,-2.7,GO:2001239,regulation of extrinsic apoptotic signaling pathway in absence of ligand,M1,1,0
1,-2.6,GO:0071347,cellular response to interleukin-1,M1,1,0
1,-3.7,GO:0000083,regulation of transcription involved in G1/S transition of mitotic cell cycle,M1,1,0
1,-2,GO:0070372,regulation of ERK1 and ERK2 cascade,M1,1,0
1,-3.1,GO:0051046,regulation of secretion,M1,1,0
1,-3.5,GO:0050764,regulation of phagocytosis,M1,1,0
1,-4.3,R-HSA-372790,Signaling by GPCR,M1,1,0
1,-3.7,GO:0006820,anion transport,M1,1,0
1,-2.7,GO:1990266,neutrophil migration,M1,1,0
1,-2.4,GO:0019725,cellular homeostasis,M1,1,0
1,-2.7,GO:2001234,negative regulation of apoptotic signaling pathway,M1,1,0
1,-2.7,GO:1900542,regulation of purine nucleotide metabolic process,M1,1,0
1,-3.7,GO:0060326,cell chemotaxis,M1,1,0
1,-4.4,GO:0042330,taxis,M1,1,0
1,-2.8,GO:0071621,granulocyte chemotaxis,M1,1,0
1,-2.9,GO:0044000,movement in host,M1,1,0
1,-2.1,GO:0032868,response to insulin,M1,1,0
1,-2.4,WP5124,Alzheimer's disease,M1,1,0
1,-2.5,GO:0009896,positive regulation of catabolic process,M1,1,0
1,-3,GO:0002831,regulation of response to biotic stimulus,M1,1,0
1,-5.1,GO:2000147,positive regulation of cell motility,M1,1,0
1,-2.9,GO:0060538,skeletal muscle organ development,M1,1,0
1,-3.5,GO:0007281,germ cell development,M1,1,0
1,-5.1,GO:0046903,secretion,M1,1,0
1,-2.1,GO:0009259,ribonucleotide metabolic process,M1,1,0
1,-3.7,GO:0060218,hematopoietic stem cell differentiation,M1,1,0
1,-2.3,GO:2001233,regulation of apoptotic signaling pathway,M1,1,0
1,-2.4,R-HSA-2894862,Constitutive Signaling by NOTCH1 HD+PEST Domain Mutants,M1,1,0
1,-2.1,GO:0032990,cell part morphogenesis,M1,1,0
1,-3.3,GO:0038094,Fc-gamma receptor signaling pathway,M1,1,0
1,-2.7,GO:0051701,biological process involved in interaction with host,M1,1,0
1,-2.8,GO:0051047,positive regulation of secretion,M1,1,0
1,-2.3,GO:0050777,negative regulation of immune response,M1,1,0
1,-6.1,GO:0048514,blood vessel morphogenesis,M1,1,0
1,-2.2,GO:0098660,inorganic ion transmembrane transport,M1,1,0
1,-2.4,GO:0023061,signal release,M1,1,0
1,-5.4,GO:0030335,positive regulation of cell migration,M1,1,0
1,-2.5,GO:0044409,entry into host,M1,1,0
1,-2.3,GO:0032956,regulation of actin cytoskeleton organization,M1,1,0
1,-3.4,GO:0019883,antigen processing and presentation of endogenous antigen,M1,1,0
1,-2.7,GO:1901861,regulation of muscle tissue development,M1,1,0
1,-2,GO:0046425,regulation of receptor signaling pathway via JAK-STAT,M1,1,0
1,-2.9,GO:0099536,synaptic signaling,M1,1,0
1,-2.4,GO:0061726,mitochondrion disassembly,M1,1,0
1,-4.1,GO:0002688,regulation of leukocyte chemotaxis,M1,1,0
1,-2.3,GO:0048002,antigen processing and presentation of peptide antigen,M1,1,0
1,-2.9,GO:0007507,heart development,M1,1,0
1,-2.2,GO:0070555,response to interleukin-1,M1,1,0
1,-2.7,GO:0010675,regulation of cellular carbohydrate metabolic process,M1,1,0
1,-2.5,GO:0031668,cellular response to extracellular stimulus,M1,1,0
1,-2.6,GO:0043457,regulation of cellular respiration,M1,1,0
1,-3.3,GO:0003171,atrioventricular valve development,M1,1,0
1,-2.4,WP5265,Neurogenesis regulation in the olfactory epithelium,M1,1,0
1,-3.7,GO:0009611,response to wounding,M1,1,0
1,-4.2,GO:0006887,exocytosis,M1,1,0
1,-2,GO:0002520,immune system development,M1,1,0
1,-3.8,GO:0009261,ribonucleotide catabolic process,M1,1,0
1,-3.1,GO:2000756,regulation of peptidyl-lysine acetylation,M1,1,0
1,-2.2,hsa04060,Cytokine-cytokine receptor interaction,M1,1,0
1,-2.2,GO:0032989,cellular component morphogenesis,M1,1,0
1,-4,GO:0060537,muscle tissue development,M1,1,0
1,-2,GO:0071496,cellular response to external stimulus,M1,1,0
1,-3.5,GO:0031667,response to nutrient levels,M1,1,0
1,-2.5,GO:1903307,positive regulation of regulated secretory pathway,M1,1,0
1,-2.9,GO:0051090,regulation of DNA-binding transcription factor activity,M1,1,0
1,-2.8,GO:2000249,regulation of actin cytoskeleton reorganization,M1,1,0
1,-2,GO:0045824,negative regulation of innate immune response,M1,1,0
1,-3,GO:0007519,skeletal muscle tissue development,M1,1,0
1,-3.6,GO:0007167,enzyme-linked receptor protein signaling pathway,M1,1,0
1,-2.5,R-HSA-9658195,Leishmania infection,M1,1,0
1,-3.1,WP4217,Ebola virus infection in host,M1,1,0
1,-2.2,GO:0051345,positive regulation of hydrolase activity,M1,1,0
1,-2.1,GO:0033143,regulation of intracellular steroid hormone receptor signaling pathway,M1,1,0
1,-2.1,GO:0140029,exocytic process,M1,1,0
1,-2.6,GO:0003197,endocardial cushion development,M1,1,0
1,-2.5,WP286,IL-3 signaling pathway,M1,1,0
1,-2.2,GO:0007204,positive regulation of cytosolic calcium ion concentration,M1,1,0
1,-2.6,R-HSA-418594,G alpha (i) signalling events,M1,1,0
1,-2.3,GO:0030865,cortical cytoskeleton organization,M1,1,0
1,-3.6,GO:0045834,positive regulation of lipid metabolic process,M1,1,0
1,-3.4,R-HSA-9705462,Inactivation of CSF3 (G-CSF) signaling,M1,1,0
1,-2.9,GO:0019221,cytokine-mediated signaling pathway,M1,1,0
1,-2.7,GO:0071902,positive regulation of protein serine/threonine kinase activity,M1,1,0
1,-2.3,R-HSA-9664422,FCGR3A-mediated phagocytosis,M1,1,0
1,-4.2,GO:0031056,regulation of histone modification,M1,1,0
1,-2.4,R-HSA-2644606,Constitutive Signaling by NOTCH1 PEST Domain Mutants,M1,1,0
1,-2.4,R-HSA-2644602,Signaling by NOTCH1 PEST Domain Mutants in Cancer,M1,1,0
1,-3.8,WP3287,Overview of nanoparticle effects,M1,1,0
1,-2.7,GO:0050920,regulation of chemotaxis,M1,1,0
1,-2.8,GO:1901983,regulation of protein acetylation,M1,1,0
