Network,Annotation
MyList,hsa04015|Rap1 signaling pathway|-10.1;hsa05417|Lipid and atherosclerosis|-8.7;GO:0007167|enzyme-linked receptor protein signaling pathway|-6.9
MyList_MCODE_ALL,GO:0043087|regulation of GTPase activity|-5.3;WP2380|Brain-derived neurotrophic factor (BDNF) signaling pathway|-4.9;WP437|EGF/EGFR signaling pathway|-4.8
MyList_SUB1_MCODE_1,GO:1903047|mitotic cell cycle process|-4.0;GO:0000278|mitotic cell cycle|-3.8
MyList_SUB1_MCODE_2,WP437|EGF/EGFR signaling pathway|-6.2;GO:1905475|regulation of protein localization to membrane|-6.1;WP306|Focal adhesion|-6.0
