Name,Category,CategoryID,GO,Description,PARENT_GO,LogP,Enrichment,Z-score,#TotalGeneInLibrary,#GeneInGO,#GeneInHitList,#GeneInGOAndHitList,%InGO,STDV %InGO,GeneID,Hits,Log(q-value)
MyList,KEGG Pathway,24,hsa04015,Rap1 signaling pathway,,-10,16,13,30169,210,96,11,11,3.3,1399|2324|2775|2846|3689|5578|5880|7410|7424|23683|55740,CRKL|FLT4|GNAO1|LPAR4|ITGB2|PRKCA|RAC2|VAV2|VEGFC|PRKD3|ENAH,-5.8
MyList,KEGG Pathway,24,hsa05417,Lipid and atherosclerosis,,-8.7,15,11,30169,215,96,10,10,3.1,19|815|1965|3949|4973|5468|5578|6348|7410|27035,ABCA1|CAMK2A|EIF2S1|LDLR|OLR1|PPARG|PRKCA|CCL3|VAV2|NOX1,-4.7
MyList,GO Biological Processes,19,GO:0007167,enzyme-linked receptor protein signaling pathway,19_GO:0023052 signaling,-6.9,6.4,7.8,30169,636,96,13,14,3.5,657|860|1399|2064|2324|4035|5468|7410|7424|8997|23064|59338|79987,BMPR1A|RUNX2|CRKL|ERBB2|FLT4|LRP1|PPARG|VAV2|VEGFC|KALRN|SETX|PLEKHA1|SVEP1,-3.2
MyList,GO Biological Processes,19,GO:0001944,vasculature development,19_GO:0032502 developmental process,-6.9,7.1,8,30169,528,96,12,12,3.4,657|1399|2324|3949|4035|5578|7342|7410|7424|9990|27035|79987,BMPR1A|CRKL|FLT4|LDLR|LRP1|PRKCA|UBP1|VAV2|VEGFC|SLC12A6|NOX1|SVEP1,-3.2
MyList,GO Biological Processes,19,GO:0001568,blood vessel development,19_GO:0032502 developmental process,-6.2,6.8,7.5,30169,507,96,11,11,3.3,657|1399|2324|3949|4035|5578|7342|7410|7424|9990|27035,BMPR1A|CRKL|FLT4|LDLR|LRP1|PRKCA|UBP1|VAV2|VEGFC|SLC12A6|NOX1,-2.7
MyList,GO Biological Processes,19,GO:0071404,cellular response to low-density lipoprotein particle stimulus,19_GO:0050896 response to stimulus,-6.2,57,15,30169,22,96,4,4.2,2,19|3689|3949|5468,ABCA1|ITGB2|LDLR|PPARG,-2.7
MyList,GO Biological Processes,19,GO:0048514,blood vessel morphogenesis,19_GO:0032502 developmental process,-6,7.5,7.5,30169,421,96,10,10,3.1,657|2324|3949|4035|5578|7342|7410|7424|9990|27035,BMPR1A|FLT4|LDLR|LRP1|PRKCA|UBP1|VAV2|VEGFC|SLC12A6|NOX1,-2.6
MyList,WikiPathways,27,WP430,Statin inhibition of cholesterol production,,-5.5,41,12,30169,31,96,4,4.2,2,19|3931|3949|4035,ABCA1|LCAT|LDLR|LRP1,-2.3
MyList,GO Biological Processes,19,GO:0055094,response to lipoprotein particle,19_GO:0050896 response to stimulus,-5.4,38,12,30169,33,96,4,4.2,2,19|3689|3949|5468,ABCA1|ITGB2|LDLR|PPARG,-2.3
MyList,KEGG Pathway,24,hsa04510,Focal adhesion,,-5.4,11,8,30169,201,96,7,7.3,2.7,1399|2064|2324|5578|5880|7410|7424,CRKL|ERBB2|FLT4|PRKCA|RAC2|VAV2|VEGFC,-2.3
MyList,GO Biological Processes,19,GO:0071402,cellular response to lipoprotein particle stimulus,19_GO:0050896 response to stimulus,-5.3,35,12,30169,36,96,4,4.2,2,19|3689|3949|5468,ABCA1|ITGB2|LDLR|PPARG,-2.2
MyList,Reactome Gene Sets,6,R-HSA-9006925,Intracellular signaling by second messengers,,-5.2,8.1,7.1,30169,309,96,8,8.3,2.8,815|2064|5468|5576|5578|5880|8975|23112,CAMK2A|ERBB2|PPARG|PRKAR2A|PRKCA|RAC2|USP13|TNRC6B,-2.1
MyList,KEGG Pathway,24,hsa05200,Pathways in cancer,,-5.1,5.9,6.5,30169,531,96,10,10,3.1,815|1399|2064|2324|2846|5468|5578|5880|7424|7483,CAMK2A|CRKL|ERBB2|FLT4|LPAR4|PPARG|PRKCA|RAC2|VEGFC|WNT9A,-2.1
MyList,GO Biological Processes,19,GO:0007169,transmembrane receptor protein tyrosine kinase signaling pathway,19_GO:0023052 signaling,-5.1,6.7,6.7,30169,420,96,9,9.4,3,1399|2064|2324|7410|7424|8997|23064|59338|79987,CRKL|ERBB2|FLT4|VAV2|VEGFC|KALRN|SETX|PLEKHA1|SVEP1,-2.1
MyList,WikiPathways,27,WP5110,Familial hyperlipidemia type 3,,-5.1,73,15,30169,13,96,3,3.1,1.8,3931|3949|4035,LCAT|LDLR|LRP1,-2.1
MyList,GO Biological Processes,19,GO:0035239,tube morphogenesis,19_GO:0032502 developmental process,-5,5.2,6.2,30169,670,96,11,11,3.3,657|2324|3949|4035|5578|6385|7342|7410|7424|9990|27035,BMPR1A|FLT4|LDLR|LRP1|PRKCA|SDC4|UBP1|VAV2|VEGFC|SLC12A6|NOX1,-2.1
MyList,GO Biological Processes,19,GO:0006909,phagocytosis,19_GO:0051179 localization,-5,9.3,7.3,30169,236,96,7,7.3,2.7,19|2213|3689|3949|4035|5880|7410,ABCA1|FCGR2B|ITGB2|LDLR|LRP1|RAC2|VAV2,-2
MyList,WikiPathways,27,WP35,G protein signaling pathways,,-5,17,8.8,30169,91,96,5,5.2,2.3,2775|5141|5576|5578|23683,GNAO1|PDE4A|PRKAR2A|PRKCA|PRKD3,-2
MyList,WikiPathways,27,WP5112,Familial hyperlipidemia type 5,,-4.9,63,14,30169,15,96,3,3.1,1.8,3931|3949|4035,LCAT|LDLR|LRP1,-2
MyList,KEGG Pathway,24,hsa04666,Fc gamma R-mediated phagocytosis,,-4.8,16,8.5,30169,97,96,5,5.2,2.3,1399|2213|5578|5880|7410,CRKL|FCGR2B|PRKCA|RAC2|VAV2,-2
MyList,Reactome Gene Sets,6,R-HSA-372790,Signaling by GPCR,,-4.8,4.9,5.9,30169,708,96,11,11,3.3,815|2846|5141|5576|5578|6348|7225|7410|7483|8997|23370,CAMK2A|LPAR4|PDE4A|PRKAR2A|PRKCA|CCL3|TRPC6|VAV2|WNT9A|KALRN|ARHGEF18,-1.9
MyList,GO Biological Processes,19,GO:0045596,negative regulation of cell differentiation,19_GO:0032502 developmental process,-4.7,4.8,5.8,30169,718,96,11,11,3.3,19|657|1977|2064|2213|3949|5468|6348|7424|7483|9759,ABCA1|BMPR1A|EIF4E|ERBB2|FCGR2B|LDLR|PPARG|CCL3|VEGFC|WNT9A|HDAC4,-1.9
MyList,WikiPathways,27,WP4522,"Metabolic pathway of LDL, HDL and TG, including diseases",,-4.7,55,13,30169,17,96,3,3.1,1.8,19|3931|3949,ABCA1|LCAT|LDLR,-1.9
MyList,KEGG Pathway,24,hsa04979,Cholesterol metabolism,,-4.7,25,9.5,30169,51,96,4,4.2,2,19|3931|3949|4035,ABCA1|LCAT|LDLR|LRP1,-1.9
MyList,WikiPathways,27,WP5108,Familial  hyperlipidemia type 1,,-4.6,52,12,30169,18,96,3,3.1,1.8,3931|3949|4035,LCAT|LDLR|LRP1,-1.9
MyList,GO Biological Processes,19,GO:0071466,cellular response to xenobiotic stimulus,19_GO:0050896 response to stimulus,-4.6,10,7.1,30169,183,96,6,6.2,2.5,1399|3757|5141|5447|7410|9447,CRKL|KCNH2|PDE4A|POR|VAV2|AIM2,-1.9
MyList,WikiPathways,27,WP4754,IL-18 signaling pathway,,-4.6,8.1,6.6,30169,273,96,7,7.3,2.7,860|3757|3831|5578|6348|6385|27035,RUNX2|KCNH2|KLC1|PRKCA|CCL3|SDC4|NOX1,-1.9
MyList,Reactome Gene Sets,6,R-HSA-109582,Hemostasis,,-4.5,5.1,5.8,30169,621,96,10,10,3.1,3689|3831|4973|5576|5578|5880|6385|7225|7410|7424,ITGB2|KLC1|OLR1|PRKAR2A|PRKCA|RAC2|SDC4|TRPC6|VAV2|VEGFC,-1.8
MyList,GO Biological Processes,19,GO:0006935,chemotaxis,19_GO:0040011 locomotion,-4.4,5.5,5.8,30169,510,96,9,9.4,3,1399|2064|3689|5880|6348|7424|8997|55740|64919,CRKL|ERBB2|ITGB2|RAC2|CCL3|VEGFC|KALRN|ENAH|BCL11B,-1.8
MyList,GO Biological Processes,19,GO:0042330,taxis,19_GO:0040011 locomotion,-4.4,5.5,5.8,30169,512,96,9,9.4,3,1399|2064|3689|5880|6348|7424|8997|55740|64919,CRKL|ERBB2|ITGB2|RAC2|CCL3|VEGFC|KALRN|ENAH|BCL11B,-1.8
MyList,WikiPathways,27,WP4787,Osteoblast differentiation and related diseases,,-4.4,13,7.5,30169,119,96,5,5.2,2.3,657|860|5468|5578|7483,BMPR1A|RUNX2|PPARG|PRKCA|WNT9A,-1.8
MyList,WikiPathways,27,WP306,Focal adhesion,,-4.4,9.5,6.8,30169,198,96,6,6.2,2.5,1399|2064|5578|5880|7410|7424,CRKL|ERBB2|PRKCA|RAC2|VAV2|VEGFC,-1.8
MyList,WikiPathways,27,WP5111,Familial hyperlipidemia type 4,,-4.3,43,11,30169,22,96,3,3.1,1.8,3931|3949|4035,LCAT|LDLR|LRP1,-1.7
MyList,Reactome Gene Sets,6,R-HSA-4086398,Ca2+ pathway,,-4.3,20,8.6,30169,62,96,4,4.2,2,815|2775|5578|23112,CAMK2A|GNAO1|PRKCA|TNRC6B,-1.7
MyList,GO Biological Processes,19,GO:0030301,cholesterol transport,19_GO:0051179 localization,-4.3,20,8.5,30169,63,96,4,4.2,2,19|3931|3949|23673,ABCA1|LCAT|LDLR|STX12,-1.7
MyList,GO Biological Processes,19,GO:0040011,locomotion,19_GO:0040011 locomotion,-4.3,5.3,5.7,30169,530,96,9,9.4,3,1399|2064|3689|5880|6348|7424|8997|55740|64919,CRKL|ERBB2|ITGB2|RAC2|CCL3|VEGFC|KALRN|ENAH|BCL11B,-1.7
MyList,KEGG Pathway,24,hsa05205,Proteoglycans in cancer,,-4.3,9.2,6.7,30169,205,96,6,6.2,2.5,815|2064|5578|6385|7410|7483,CAMK2A|ERBB2|PRKCA|SDC4|VAV2|WNT9A,-1.7
MyList,GO Biological Processes,19,GO:0097242,amyloid-beta clearance,19_GO:0032501 multicellular organismal process,-4.3,41,11,30169,23,96,3,3.1,1.8,3689|3949|4035,ITGB2|LDLR|LRP1,-1.7
MyList,GO Biological Processes,19,GO:0050678,regulation of epithelial cell proliferation,19_GO:0050789 regulation of biological process,-4.3,6.1,5.9,30169,414,96,8,8.3,2.8,657|860|2064|2324|5468|5578|7424|64919,BMPR1A|RUNX2|ERBB2|FLT4|PPARG|PRKCA|VEGFC|BCL11B,-1.7
MyList,GO Biological Processes,19,GO:0051056,regulation of small GTPase mediated signal transduction,19_GO:0023052 signaling,-4.3,7.2,6.2,30169,305,96,7,7.3,2.7,19|2846|7410|8997|23268|23370|27128,ABCA1|LPAR4|VAV2|KALRN|DNMBP|ARHGEF18|CYTH4,-1.7
MyList,Reactome Gene Sets,6,R-HSA-5668599,RHO GTPases Activate NADPH Oxidases,,-4.2,39,11,30169,24,96,3,3.1,1.8,5578|5880|27035,PRKCA|RAC2|NOX1,-1.7
MyList,GO Biological Processes,19,GO:0010324,membrane invagination,19_GO:0009987 cellular process,-4.2,12,7.2,30169,130,96,5,5.2,2.3,19|2213|3689|5880|54874,ABCA1|FCGR2B|ITGB2|RAC2|FNBP1L,-1.7
MyList,KEGG Pathway,24,hsa04810,Regulation of actin cytoskeleton,,-4.1,8.6,6.4,30169,218,96,6,6.2,2.5,1399|2846|3689|5880|7410|55740,CRKL|LPAR4|ITGB2|RAC2|VAV2|ENAH,-1.6
MyList,GO Biological Processes,19,GO:0001525,angiogenesis,19_GO:0032502 developmental process,-4.1,6.8,5.9,30169,325,96,7,7.3,2.7,2324|5578|7342|7410|7424|9990|27035,FLT4|PRKCA|UBP1|VAV2|VEGFC|SLC12A6|NOX1,-1.6
MyList,GO Biological Processes,19,GO:0050679,positive regulation of epithelial cell proliferation,19_GO:0048518 positive regulation of biological process,-4.1,8.4,6.3,30169,224,96,6,6.2,2.5,657|860|2064|2324|5578|7424,BMPR1A|RUNX2|ERBB2|FLT4|PRKCA|VEGFC,-1.6
MyList,GO Biological Processes,19,GO:0010875,positive regulation of cholesterol efflux,19_GO:0051179 localization,-4.1,35,10,30169,27,96,3,3.1,1.8,19|4035|5468,ABCA1|LRP1|PPARG,-1.6
MyList,Reactome Gene Sets,6,R-HSA-3858494,Beta-catenin independent WNT signaling,,-4,11,6.7,30169,146,96,5,5.2,2.3,815|2775|5578|5880|23112,CAMK2A|GNAO1|PRKCA|RAC2|TNRC6B,-1.5
MyList,GO Biological Processes,19,GO:0015918,sterol transport,19_GO:0051179 localization,-3.9,16,7.4,30169,80,96,4,4.2,2,19|3931|3949|23673,ABCA1|LCAT|LDLR|STX12,-1.4
MyList,KEGG Pathway,24,hsa04145,Phagosome,,-3.9,10,6.5,30169,152,96,5,5.2,2.3,2213|3689|4973|23673|29927,FCGR2B|ITGB2|OLR1|STX12|SEC61A1,-1.4
MyList,GO Biological Processes,19,GO:0060390,regulation of SMAD protein signal transduction,19_GO:0023052 signaling,-3.9,30,9.3,30169,31,96,3,3.1,1.8,657|4035|5468,BMPR1A|LRP1|PPARG,-1.4
MyList,GO Biological Processes,19,GO:0008360,regulation of cell shape,19_GO:0032502 developmental process,-3.9,10,6.5,30169,154,96,5,5.2,2.3,3689|5880|6348|23268|23370,ITGB2|RAC2|CCL3|DNMBP|ARHGEF18,-1.4
MyList,GO Biological Processes,19,GO:0010942,positive regulation of cell death,19_GO:0048518 positive regulation of biological process,-3.8,4.6,5.1,30169,614,96,9,9.4,3,815|1965|2213|3689|4035|5468|6348|23429|27035,CAMK2A|EIF2S1|FCGR2B|ITGB2|LRP1|PPARG|CCL3|RYBP|NOX1,-1.4
MyList,Canonical Pathways,11,M233,PID EPO PATHWAY,,-3.8,29,9,30169,33,96,3,3.1,1.8,1399|7225|7410,CRKL|TRPC6|VAV2,-1.4
MyList,GO Biological Processes,19,GO:0048010,vascular endothelial growth factor receptor signaling pathway,19_GO:0023052 signaling,-3.8,29,9,30169,33,96,3,3.1,1.8,2324|7410|7424,FLT4|VAV2|VEGFC,-1.4
MyList,KEGG Pathway,24,hsa04012,ErbB signaling pathway,,-3.8,15,7.2,30169,85,96,4,4.2,2,815|1399|2064|5578,CAMK2A|CRKL|ERBB2|PRKCA,-1.4
MyList,GO Biological Processes,19,GO:0071363,cellular response to growth factor stimulus,19_GO:0050896 response to stimulus,-3.8,5.2,5.2,30169,488,96,8,8.3,2.8,657|860|1399|2064|2324|5468|7424|23064,BMPR1A|RUNX2|CRKL|ERBB2|FLT4|PPARG|VEGFC|SETX,-1.3
MyList,WikiPathways,27,WP437,EGF/EGFR signaling pathway,,-3.8,9.7,6.3,30169,162,96,5,5.2,2.3,815|1399|2064|5578|7410,CAMK2A|CRKL|ERBB2|PRKCA|VAV2,-1.3
MyList,Reactome Gene Sets,6,R-HSA-388396,GPCR downstream signalling,,-3.7,4.5,5,30169,633,96,9,9.4,3,815|2846|5141|5576|5578|7225|7410|8997|23370,CAMK2A|LPAR4|PDE4A|PRKAR2A|PRKCA|TRPC6|VAV2|KALRN|ARHGEF18,-1.3
MyList,GO Biological Processes,19,GO:0006898,receptor-mediated endocytosis,19_GO:0051179 localization,-3.7,9.5,6.2,30169,166,96,5,5.2,2.3,2213|3689|3949|4035|54874,FCGR2B|ITGB2|LDLR|LRP1|FNBP1L,-1.3
MyList,GO Biological Processes,19,GO:0003013,circulatory system process,19_GO:0032501 multicellular organismal process,-3.7,5,5.1,30169,502,96,8,8.3,2.8,3757|4035|4973|5468|7424|27035|57085|79987,KCNH2|LRP1|OLR1|PPARG|VEGFC|NOX1|AGTRAP|SVEP1,-1.3
MyList,GO Biological Processes,19,GO:1901216,positive regulation of neuron death,19_GO:0048518 positive regulation of biological process,-3.7,14,6.9,30169,91,96,4,4.2,2,1965|2213|3689|6348,EIF2S1|FCGR2B|ITGB2|CCL3,-1.3
MyList,KEGG Pathway,24,hsa05032,Morphine addiction,,-3.7,14,6.9,30169,91,96,4,4.2,2,2566|2775|5141|5578,GABRG2|GNAO1|PDE4A|PRKCA,-1.3
MyList,GO Biological Processes,19,GO:0006897,endocytosis,19_GO:0051179 localization,-3.7,5,5.1,30169,506,96,8,8.3,2.8,19|2213|3689|3949|4035|4973|5880|54874,ABCA1|FCGR2B|ITGB2|LDLR|LRP1|OLR1|RAC2|FNBP1L,-1.3
MyList,Reactome Gene Sets,6,R-HSA-111885,Opioid Signalling,,-3.7,14,6.9,30169,92,96,4,4.2,2,815|5141|5576|5578,CAMK2A|PDE4A|PRKAR2A|PRKCA,-1.3
MyList,WikiPathways,27,WP673,ErbB signaling pathway,,-3.7,14,6.9,30169,92,96,4,4.2,2,815|1399|2064|5578,CAMK2A|CRKL|ERBB2|PRKCA,-1.3
MyList,GO Biological Processes,19,GO:1901699,cellular response to nitrogen compound,19_GO:0050896 response to stimulus,-3.7,4.4,4.9,30169,646,96,9,9.4,3,815|1399|2213|2566|2775|4035|5447|5468|57085,CAMK2A|CRKL|FCGR2B|GABRG2|GNAO1|LRP1|POR|PPARG|AGTRAP,-1.3
MyList,Reactome Gene Sets,6,R-HSA-111933,Calmodulin induced events,,-3.6,25,8.4,30169,37,96,3,3.1,1.8,815|5576|5578,CAMK2A|PRKAR2A|PRKCA,-1.3
MyList,Reactome Gene Sets,6,R-HSA-111997,CaM pathway,,-3.6,25,8.4,30169,37,96,3,3.1,1.8,815|5576|5578,CAMK2A|PRKAR2A|PRKCA,-1.3
MyList,GO Biological Processes,19,GO:0062197,cellular response to chemical stress,19_GO:0050896 response to stimulus,-3.6,6.9,5.6,30169,272,96,6,6.2,2.5,1965|6780|9990|23064|27035|59338,EIF2S1|STAU1|SLC12A6|SETX|NOX1|PLEKHA1,-1.3
MyList,GO Biological Processes,19,GO:0070848,response to growth factor,19_GO:0050896 response to stimulus,-3.6,4.8,5,30169,519,96,8,8.3,2.8,657|860|1399|2064|2324|5468|7424|23064,BMPR1A|RUNX2|CRKL|ERBB2|FLT4|PPARG|VEGFC|SETX,-1.2
MyList,GO Biological Processes,19,GO:0031175,neuron projection development,19_GO:0032502 developmental process,-3.6,4.3,4.8,30169,661,96,9,9.4,3,815|1399|2064|5880|6385|8997|55201|55740|64919,CAMK2A|CRKL|ERBB2|RAC2|SDC4|KALRN|MAP1S|ENAH|BCL11B,-1.2
MyList,Reactome Gene Sets,6,R-HSA-111996,Ca-dependent events,,-3.6,24,8.2,30169,39,96,3,3.1,1.8,815|5576|5578,CAMK2A|PRKAR2A|PRKCA,-1.2
MyList,GO Biological Processes,19,GO:0032376,positive regulation of cholesterol transport,19_GO:0051179 localization,-3.6,24,8.2,30169,39,96,3,3.1,1.8,19|4035|5468,ABCA1|LRP1|PPARG,-1.2
MyList,GO Biological Processes,19,GO:0032373,positive regulation of sterol transport,19_GO:0051179 localization,-3.6,24,8.2,30169,39,96,3,3.1,1.8,19|4035|5468,ABCA1|LRP1|PPARG,-1.2
MyList,GO Biological Processes,19,GO:0043502,regulation of muscle adaptation,19_GO:0032501 multicellular organismal process,-3.6,13,6.7,30169,97,96,4,4.2,2,5468|5578|9759|114907,PPARG|PRKCA|HDAC4|FBXO32,-1.2
MyList,WikiPathways,27,WP23,B cell receptor signaling pathway,,-3.6,13,6.7,30169,97,96,4,4.2,2,815|1399|5880|7410,CAMK2A|CRKL|RAC2|VAV2,-1.2
MyList,WikiPathways,27,WP4540,Hippo signaling regulation pathways,,-3.6,13,6.6,30169,98,96,4,4.2,2,2324|5576|5578|23683,FLT4|PRKAR2A|PRKCA|PRKD3,-1.2
MyList,KEGG Pathway,24,hsa04925,Aldosterone synthesis and secretion,,-3.6,13,6.6,30169,98,96,4,4.2,2,815|3949|5578|23683,CAMK2A|LDLR|PRKCA|PRKD3,-1.2
MyList,WikiPathways,27,WP3937,Microglia pathogen phagocytosis pathway,,-3.5,24,8.1,30169,40,96,3,3.1,1.8,3689|5880|7410,ITGB2|RAC2|VAV2,-1.2
MyList,KEGG Pathway,24,hsa04360,Axon guidance,,-3.5,8.6,5.8,30169,182,96,5,5.2,2.3,815|5578|5880|7225|55740,CAMK2A|PRKCA|RAC2|TRPC6|ENAH,-1.2
MyList,KEGG Pathway,24,hsa04916,Melanogenesis,,-3.5,12,6.5,30169,101,96,4,4.2,2,815|2775|5578|7483,CAMK2A|GNAO1|PRKCA|WNT9A,-1.2
MyList,GO Biological Processes,19,GO:0006954,inflammatory response,19_GO:0050896 response to stimulus,-3.5,4.7,4.9,30169,537,96,8,8.3,2.8,2213|3689|4035|4973|6348|9447|9759|27035,FCGR2B|ITGB2|LRP1|OLR1|CCL3|AIM2|HDAC4|NOX1,-1.2
MyList,Reactome Gene Sets,6,R-HSA-112316,Neuronal System,,-3.5,5.4,5,30169,410,96,7,7.3,2.7,815|2566|3757|5576|5578|6854|8514,CAMK2A|GABRG2|KCNH2|PRKAR2A|PRKCA|SYN2|KCNAB2,-1.2
MyList,GO Biological Processes,19,GO:0071548,response to dexamethasone,19_GO:0050896 response to stimulus,-3.5,22,7.8,30169,43,96,3,3.1,1.8,1977|5447|114907,EIF4E|POR|FBXO32,-1.2
MyList,Canonical Pathways,11,M238,PID THROMBIN PAR1 PATHWAY,,-3.5,22,7.8,30169,43,96,3,3.1,1.8,2775|5578|7225,GNAO1|PRKCA|TRPC6,-1.2
MyList,Reactome Gene Sets,6,R-HSA-1489509,DAG and IP3 signaling,,-3.5,22,7.8,30169,43,96,3,3.1,1.8,815|5576|5578,CAMK2A|PRKAR2A|PRKCA,-1.2
MyList,Reactome Gene Sets,6,R-HSA-2187338,Visual phototransduction,,-3.4,12,6.4,30169,105,96,4,4.2,2,3949|4035|5578|6385,LDLR|LRP1|PRKCA|SDC4,-1.2
MyList,KEGG Pathway,24,hsa04010,MAPK signaling pathway,,-3.4,6.4,5.3,30169,294,96,6,6.2,2.5,1399|2064|2324|5578|5880|7424,CRKL|ERBB2|FLT4|PRKCA|RAC2|VEGFC,-1.2
MyList,Reactome Gene Sets,6,R-HSA-975634,Retinoid metabolism and transport,,-3.4,21,7.7,30169,44,96,3,3.1,1.8,3949|4035|6385,LDLR|LRP1|SDC4,-1.1
MyList,GO Biological Processes,19,GO:0001775,cell activation,19_GO:0009987 cellular process,-3.4,4.1,4.6,30169,695,96,9,9.4,3,860|2064|2213|3689|4035|6348|7410|9759|64919,RUNX2|ERBB2|FCGR2B|ITGB2|LRP1|CCL3|VAV2|HDAC4|BCL11B,-1.1
MyList,GO Biological Processes,19,GO:0009410,response to xenobiotic stimulus,19_GO:0050896 response to stimulus,-3.4,5.3,5,30169,418,96,7,7.3,2.7,1399|3757|5141|5447|7410|7424|9447,CRKL|KCNH2|PDE4A|POR|VAV2|VEGFC|AIM2,-1.1
MyList,GO Biological Processes,19,GO:0048534,hematopoietic or lymphoid organ development,19_GO:0002376 immune system process,-3.4,4,4.6,30169,699,96,9,9.4,3,860|1399|2064|2213|2324|5468|9759|64919|90338,RUNX2|CRKL|ERBB2|FCGR2B|FLT4|PPARG|HDAC4|BCL11B|ZNF160,-1.1
MyList,Reactome Gene Sets,6,R-HSA-194138,Signaling by VEGF,,-3.4,12,6.3,30169,108,96,4,4.2,2,2324|5578|7410|7424,FLT4|PRKCA|VAV2|VEGFC,-1.1
MyList,KEGG Pathway,24,hsa04066,HIF-1 signaling pathway,,-3.4,12,6.2,30169,109,96,4,4.2,2,815|1977|2064|5578,CAMK2A|EIF4E|ERBB2|PRKCA,-1.1
MyList,Reactome Gene Sets,6,R-HSA-194315,Signaling by Rho GTPases,,-3.4,4,4.6,30169,707,96,9,9.4,3,3831|5578|5880|7410|8997|23268|23370|27035|54874,KLC1|PRKCA|RAC2|VAV2|KALRN|DNMBP|ARHGEF18|NOX1|FNBP1L,-1.1
MyList,GO Biological Processes,19,GO:1901653,cellular response to peptide,19_GO:0050896 response to stimulus,-3.3,6.1,5.1,30169,308,96,6,6.2,2.5,815|2213|4035|5447|5468|57085,CAMK2A|FCGR2B|LRP1|POR|PPARG|AGTRAP,-1.1
MyList,Reactome Gene Sets,6,R-HSA-6806667,Metabolism of fat-soluble vitamins,,-3.3,20,7.3,30169,48,96,3,3.1,1.8,3949|4035|6385,LDLR|LRP1|SDC4,-1.1
MyList,KEGG Pathway,24,hsa04670,Leukocyte transendothelial migration,,-3.3,11,6.1,30169,114,96,4,4.2,2,3689|5578|5880|7410,ITGB2|PRKCA|RAC2|VAV2,-1.1
MyList,GO Biological Processes,19,GO:0006911,"phagocytosis, engulfment",19_GO:0051179 localization,-3.3,11,6.1,30169,114,96,4,4.2,2,19|2213|3689|5880,ABCA1|FCGR2B|ITGB2|RAC2,-1.1
MyList,GO Biological Processes,19,GO:0022604,regulation of cell morphogenesis,19_GO:0032502 developmental process,-3.3,6,5.1,30169,312,96,6,6.2,2.5,1399|3689|5880|6348|23268|23370,CRKL|ITGB2|RAC2|CCL3|DNMBP|ARHGEF18,-1.1
MyList,Reactome Gene Sets,6,R-HSA-9716542,"Signaling by Rho GTPases, Miro GTPases and RHOBTB3",,-3.3,3.9,4.5,30169,723,96,9,9.4,3,3831|5578|5880|7410|8997|23268|23370|27035|54874,KLC1|PRKCA|RAC2|VAV2|KALRN|DNMBP|ARHGEF18|NOX1|FNBP1L,-1.1
MyList,GO Biological Processes,19,GO:0043300,regulation of leukocyte degranulation,19_GO:0002376 immune system process,-3.3,19,7.2,30169,49,96,3,3.1,1.8,2213|3689|5880,FCGR2B|ITGB2|RAC2,-1.1
MyList,Reactome Gene Sets,6,R-HSA-382551,Transport of small molecules,,-3.3,3.9,4.4,30169,729,96,9,9.4,3,19|815|1965|2495|3931|3949|5576|7225|9990,ABCA1|CAMK2A|EIF2S1|FTH1|LCAT|LDLR|PRKAR2A|TRPC6|SLC12A6,-1.1
MyList,GO Biological Processes,19,GO:1903131,mononuclear cell differentiation,19_GO:0002376 immune system process,-3.2,5.9,5,30169,321,96,6,6.2,2.5,860|2064|2213|5468|9759|64919,RUNX2|ERBB2|FCGR2B|PPARG|HDAC4|BCL11B,-1
MyList,Reactome Gene Sets,6,R-HSA-112043,PLC beta mediated events,,-3.2,18,7.1,30169,51,96,3,3.1,1.8,815|5576|5578,CAMK2A|PRKAR2A|PRKCA,-1
MyList,GO Biological Processes,19,GO:0071417,cellular response to organonitrogen compound,19_GO:0050896 response to stimulus,-3.2,4.3,4.5,30169,588,96,8,8.3,2.8,815|2213|2566|2775|4035|5447|5468|57085,CAMK2A|FCGR2B|GABRG2|GNAO1|LRP1|POR|PPARG|AGTRAP,-1
MyList,GO Biological Processes,19,GO:0002683,negative regulation of immune system process,19_GO:0002376 immune system process,-3.2,4.9,4.7,30169,449,96,7,7.3,2.7,2064|2213|3949|5468|6348|6385|79132,ERBB2|FCGR2B|LDLR|PPARG|CCL3|SDC4|DHX58,-1
MyList,Reactome Gene Sets,6,R-HSA-9012999,RHO GTPase cycle,,-3.2,4.9,4.7,30169,449,96,7,7.3,2.7,5880|7410|8997|23268|23370|27035|54874,RAC2|VAV2|KALRN|DNMBP|ARHGEF18|NOX1|FNBP1L,-1
MyList,WikiPathways,27,WP4549,Fragile X syndrome,,-3.2,10,5.8,30169,121,96,4,4.2,2,815|1977|2566|5578,CAMK2A|EIF4E|GABRG2|PRKCA,-1
MyList,GO Biological Processes,19,GO:0002520,immune system development,19_GO:0002376 immune system process,-3.2,3.8,4.4,30169,746,96,9,9.4,3,860|1399|2064|2213|2324|5468|9759|64919|90338,RUNX2|CRKL|ERBB2|FCGR2B|FLT4|PPARG|HDAC4|BCL11B|ZNF160,-1
MyList,GO Biological Processes,19,GO:0042157,lipoprotein metabolic process,19_GO:0008152 metabolic process,-3.2,10,5.8,30169,122,96,4,4.2,2,19|3931|3949|4973,ABCA1|LCAT|LDLR|OLR1,-1
MyList,GO Biological Processes,19,GO:0010874,regulation of cholesterol efflux,19_GO:0051179 localization,-3.2,18,6.9,30169,53,96,3,3.1,1.8,19|4035|5468,ABCA1|LRP1|PPARG,-1
MyList,GO Biological Processes,19,GO:0099024,plasma membrane invagination,19_GO:0009987 cellular process,-3.2,10,5.8,30169,123,96,4,4.2,2,19|2213|3689|5880,ABCA1|FCGR2B|ITGB2|RAC2,-1
MyList,Reactome Gene Sets,6,R-HSA-195721,Signaling by WNT,,-3.2,5.7,4.8,30169,332,96,6,6.2,2.5,815|2775|5578|5880|7483|23112,CAMK2A|GNAO1|PRKCA|RAC2|WNT9A|TNRC6B,-1
MyList,GO Biological Processes,19,GO:0032330,regulation of chondrocyte differentiation,19_GO:0032502 developmental process,-3.2,17,6.8,30169,54,96,3,3.1,1.8,860|5447|7483,RUNX2|POR|WNT9A,-1
MyList,GO Biological Processes,19,GO:0032103,positive regulation of response to external stimulus,19_GO:0048518 positive regulation of biological process,-3.1,4.7,4.6,30169,464,96,7,7.3,2.7,3949|5578|5880|6348|7424|9447|79132,LDLR|PRKCA|RAC2|CCL3|VEGFC|AIM2|DHX58,-0.98
MyList,GO Biological Processes,19,GO:0007159,leukocyte cell-cell adhesion,19_GO:0009987 cellular process,-3.1,17,6.8,30169,55,96,3,3.1,1.8,3689|4973|5880,ITGB2|OLR1|RAC2,-0.98
MyList,GO Biological Processes,19,GO:0097006,regulation of plasma lipoprotein particle levels,19_GO:0050789 regulation of biological process,-3.1,17,6.8,30169,55,96,3,3.1,1.8,19|3931|3949,ABCA1|LCAT|LDLR,-0.98
MyList,GO Biological Processes,19,GO:0034599,cellular response to oxidative stress,19_GO:0050896 response to stimulus,-3.1,7.1,5.1,30169,222,96,5,5.2,2.3,1965|6780|23064|27035|59338,EIF2S1|STAU1|SETX|NOX1|PLEKHA1,-0.98
MyList,Reactome Gene Sets,6,R-HSA-112040,G-protein mediated events,,-3.1,17,6.7,30169,56,96,3,3.1,1.8,815|5576|5578,CAMK2A|PRKAR2A|PRKCA,-0.97
MyList,KEGG Pathway,24,hsa05163,Human cytomegalovirus infection,,-3.1,7,5.1,30169,225,96,5,5.2,2.3,1399|2775|5578|5880|6348,CRKL|GNAO1|PRKCA|RAC2|CCL3,-0.97
MyList,GO Biological Processes,19,GO:0007411,axon guidance,19_GO:0040011 locomotion,-3.1,6.9,5,30169,228,96,5,5.2,2.3,2064|5880|8997|55740|64919,ERBB2|RAC2|KALRN|ENAH|BCL11B,-0.95
MyList,KEGG Pathway,24,hsa04650,Natural killer cell mediated cytotoxicity,,-3.1,9.6,5.6,30169,131,96,4,4.2,2,3689|5578|5880|7410,ITGB2|PRKCA|RAC2|VAV2,-0.95
MyList,GO Biological Processes,19,GO:0010595,positive regulation of endothelial cell migration,19_GO:0040011 locomotion,-3.1,9.6,5.6,30169,131,96,4,4.2,2,2324|2821|5578|7424,FLT4|GPI|PRKCA|VEGFC,-0.95
MyList,GO Biological Processes,19,GO:0097485,neuron projection guidance,19_GO:0040011 locomotion,-3.1,6.9,5,30169,229,96,5,5.2,2.3,2064|5880|8997|55740|64919,ERBB2|RAC2|KALRN|ENAH|BCL11B,-0.94
MyList,GO Biological Processes,19,GO:0010594,regulation of endothelial cell migration,19_GO:0040011 locomotion,-3.1,6.8,5,30169,230,96,5,5.2,2.3,2324|2821|5468|5578|7424,FLT4|GPI|PPARG|PRKCA|VEGFC,-0.94
MyList,GO Biological Processes,19,GO:0019216,regulation of lipid metabolic process,19_GO:0008152 metabolic process,-3.1,5.4,4.7,30169,347,96,6,6.2,2.5,3949|5447|5468|7410|51280|64919,LDLR|POR|PPARG|VAV2|GOLM1|BCL11B,-0.94
MyList,Reactome Gene Sets,6,R-HSA-193648,NRAGE signals death through JNK,,-3,16,6.5,30169,59,96,3,3.1,1.8,7410|8997|23370,VAV2|KALRN|ARHGEF18,-0.93
MyList,GO Biological Processes,19,GO:0030001,metal ion transport,19_GO:0051179 localization,-3,4,4.3,30169,628,96,8,8.3,2.8,815|2495|3757|6348|7225|8514|9990|29927,CAMK2A|FTH1|KCNH2|CCL3|TRPC6|KCNAB2|SLC12A6|SEC61A1,-0.93
MyList,GO Biological Processes,19,GO:0006417,regulation of translation,19_GO:0008152 metabolic process,-3,4.5,4.4,30169,486,96,7,7.3,2.7,1965|1977|2064|5073|23112|28969|143689,EIF2S1|EIF4E|ERBB2|PARN|TNRC6B|BZW2|PIWIL4,-0.91
MyList,GO Biological Processes,19,GO:0002886,regulation of myeloid leukocyte mediated immunity,19_GO:0002376 immune system process,-3,16,6.4,30169,60,96,3,3.1,1.8,2213|3689|5880,FCGR2B|ITGB2|RAC2,-0.91
MyList,KEGG Pathway,24,hsa04151,PI3K-Akt signaling pathway,,-3,5.3,4.6,30169,354,96,6,6.2,2.5,1977|2064|2324|2846|5578|7424,EIF4E|ERBB2|FLT4|LPAR4|PRKCA|VEGFC,-0.91
MyList,GO Biological Processes,19,GO:0034330,cell junction organization,19_GO:0009987 cellular process,-3,4.5,4.4,30169,489,96,7,7.3,2.7,1399|2064|2566|5578|6780|79987|140689,CRKL|ERBB2|GABRG2|PRKCA|STAU1|SVEP1|CBLN4,-0.9
MyList,GO Biological Processes,19,GO:0007409,axonogenesis,19_GO:0032502 developmental process,-3,5.3,4.6,30169,357,96,6,6.2,2.5,2064|5880|8997|55201|55740|64919,ERBB2|RAC2|KALRN|MAP1S|ENAH|BCL11B,-0.9
MyList,GO Biological Processes,19,GO:0043030,regulation of macrophage activation,19_GO:0002376 immune system process,-3,15,6.3,30169,62,96,3,3.1,1.8,2213|3949|6348,FCGR2B|LDLR|CCL3,-0.89
MyList,Reactome Gene Sets,6,R-HSA-8986944,Transcriptional Regulation by MECP2,,-3,15,6.3,30169,62,96,3,3.1,1.8,815|5468|23112,CAMK2A|PPARG|TNRC6B,-0.89
MyList,GO Biological Processes,19,GO:0060393,regulation of pathway-restricted SMAD protein phosphorylation,19_GO:0023052 signaling,-3,15,6.3,30169,62,96,3,3.1,1.8,657|4035|5468,BMPR1A|LRP1|PPARG,-0.89
MyList,KEGG Pathway,24,hsa05418,Fluid shear stress and atherosclerosis,,-3,9,5.4,30169,139,96,4,4.2,2,657|5880|6385|27035,BMPR1A|RAC2|SDC4|NOX1,-0.89
MyList,KEGG Pathway,24,hsa04020,Calcium signaling pathway,,-3,6.5,4.9,30169,240,96,5,5.2,2.3,815|2064|2324|5578|7424,CAMK2A|ERBB2|FLT4|PRKCA|VEGFC,-0.89
MyList,GO Biological Processes,19,GO:0043410,positive regulation of MAPK cascade,19_GO:0023052 signaling,-3,4.4,4.4,30169,496,96,7,7.3,2.7,1399|2064|2213|2324|5578|6348|27035,CRKL|ERBB2|FCGR2B|FLT4|PRKCA|CCL3|NOX1,-0.89
MyList,Canonical Pathways,11,M8,PID ENDOTHELIN PATHWAY,,-3,15,6.3,30169,63,96,3,3.1,1.8,2775|5578|7225,GNAO1|PRKCA|TRPC6,-0.89
MyList,WikiPathways,27,WP474,Endochondral ossification,,-3,15,6.3,30169,63,96,3,3.1,1.8,657|860|9759,BMPR1A|RUNX2|HDAC4,-0.89
MyList,WikiPathways,27,WP4808,Endochondral ossification with skeletal dysplasias,,-3,15,6.3,30169,63,96,3,3.1,1.8,657|860|9759,BMPR1A|RUNX2|HDAC4,-0.89
MyList,GO Biological Processes,19,GO:0045667,regulation of osteoblast differentiation,19_GO:0032502 developmental process,-3,8.9,5.3,30169,141,96,4,4.2,2,657|860|5468|7424,BMPR1A|RUNX2|PPARG|VEGFC,-0.88
MyList,GO Biological Processes,19,GO:0030097,hemopoiesis,19_GO:0002376 immune system process,-3,3.9,4.2,30169,649,96,8,8.3,2.8,860|2064|2213|2324|5468|9759|64919|90338,RUNX2|ERBB2|FCGR2B|FLT4|PPARG|HDAC4|BCL11B|ZNF160,-0.88
MyList,GO Biological Processes,19,GO:0051384,response to glucocorticoid,19_GO:0050896 response to stimulus,-3,8.9,5.3,30169,142,96,4,4.2,2,1977|3931|5447|114907,EIF4E|LCAT|POR|FBXO32,-0.88
MyList,WikiPathways,27,WP2380,Brain-derived neurotrophic factor (BDNF) signaling pathway,,-2.9,8.7,5.3,30169,144,96,4,4.2,2,815|1965|1977|7410,CAMK2A|EIF2S1|EIF4E|VAV2,-0.86
MyList,WikiPathways,27,WP4313,Ferroptosis,,-2.9,15,6.2,30169,65,96,3,3.1,1.8,2495|5447|27035,FTH1|POR|NOX1,-0.86
MyList,GO Biological Processes,19,GO:0071300,cellular response to retinoic acid,19_GO:0050896 response to stimulus,-2.9,14,6.1,30169,66,96,3,3.1,1.8,19|7483|23064,ABCA1|WNT9A|SETX,-0.84
MyList,GO Biological Processes,19,GO:0002764,immune response-regulating signaling pathway,19_GO:0002376 immune system process,-2.9,5,4.4,30169,374,96,6,6.2,2.5,1399|2213|7410|9447|59338|79132,CRKL|FCGR2B|VAV2|AIM2|PLEKHA1|DHX58,-0.83
MyList,KEGG Pathway,24,hsa04664,Fc epsilon RI signaling pathway,,-2.9,14,6,30169,68,96,3,3.1,1.8,5578|5880|7410,PRKCA|RAC2|VAV2,-0.81
MyList,Reactome Gene Sets,6,R-HSA-9006934,Signaling by Receptor Tyrosine Kinases,,-2.9,4.2,4.2,30169,521,96,7,7.3,2.7,1399|2064|2324|2566|5578|7410|7424,CRKL|ERBB2|FLT4|GABRG2|PRKCA|VAV2|VEGFC,-0.8
MyList,GO Biological Processes,19,GO:0048844,artery morphogenesis,19_GO:0032502 developmental process,-2.9,14,5.9,30169,69,96,3,3.1,1.8,657|3949|4035,BMPR1A|LDLR|LRP1,-0.8
MyList,WikiPathways,27,WP536,Calcium regulation in cardiac cells,,-2.8,8.3,5.1,30169,152,96,4,4.2,2,815|2775|5576|5578,CAMK2A|GNAO1|PRKAR2A|PRKCA,-0.79
MyList,GO Biological Processes,19,GO:0045834,positive regulation of lipid metabolic process,19_GO:0048518 positive regulation of biological process,-2.8,8.2,5,30169,154,96,4,4.2,2,3949|5447|5468|7410,LDLR|POR|PPARG|VAV2,-0.77
MyList,GO Biological Processes,19,GO:0071396,cellular response to lipid,19_GO:0050896 response to stimulus,-2.8,4.2,4.1,30169,528,96,7,7.3,2.7,19|1977|3949|6348|7483|23064|114907,ABCA1|EIF4E|LDLR|CCL3|WNT9A|SETX|FBXO32,-0.77
MyList,Reactome Gene Sets,6,R-HSA-76002,"Platelet activation, signaling and aggregation",,-2.8,6,4.6,30169,263,96,5,5.2,2.3,5578|5880|7225|7410|7424,PRKCA|RAC2|TRPC6|VAV2|VEGFC,-0.76
MyList,Reactome Gene Sets,6,R-HSA-1169408,ISG15 antiviral mechanism,,-2.8,13,5.8,30169,72,96,3,3.1,1.8,1977|3839|25820,EIF4E|KPNA3|ARIH1,-0.76
MyList,GO Biological Processes,19,GO:0002521,leukocyte differentiation,19_GO:0002376 immune system process,-2.8,4.8,4.3,30169,394,96,6,6.2,2.5,860|2064|2213|5468|9759|64919,RUNX2|ERBB2|FCGR2B|PPARG|HDAC4|BCL11B,-0.74
MyList,GO Biological Processes,19,GO:0061035,regulation of cartilage development,19_GO:0032502 developmental process,-2.8,13,5.8,30169,73,96,3,3.1,1.8,860|5447|7483,RUNX2|POR|WNT9A,-0.74
MyList,GO Biological Processes,19,GO:0007264,small GTPase mediated signal transduction,19_GO:0023052 signaling,-2.8,5.9,4.5,30169,267,96,5,5.2,2.3,1399|5880|7410|8625|23370,CRKL|RAC2|VAV2|RFXANK|ARHGEF18,-0.74
MyList,Reactome Gene Sets,6,R-HSA-1257604,PIP3 activates AKT signaling,,-2.8,5.9,4.5,30169,267,96,5,5.2,2.3,2064|5468|5880|8975|23112,ERBB2|PPARG|RAC2|USP13|TNRC6B,-0.74
MyList,GO Biological Processes,19,GO:0043408,regulation of MAPK cascade,19_GO:0023052 signaling,-2.8,3.6,3.9,30169,694,96,8,8.3,2.8,1399|2064|2213|2324|5468|5578|6348|27035,CRKL|ERBB2|FCGR2B|FLT4|PPARG|PRKCA|CCL3|NOX1,-0.74
MyList,GO Biological Processes,19,GO:0061564,axon development,19_GO:0032502 developmental process,-2.8,4.7,4.2,30169,397,96,6,6.2,2.5,2064|5880|8997|55201|55740|64919,ERBB2|RAC2|KALRN|MAP1S|ENAH|BCL11B,-0.74
MyList,Reactome Gene Sets,6,R-HSA-174824,"Plasma lipoprotein assembly, remodeling, and clearance",,-2.8,13,5.7,30169,74,96,3,3.1,1.8,19|3931|3949,ABCA1|LCAT|LDLR,-0.74
MyList,Reactome Gene Sets,6,R-HSA-112315,Transmission across Chemical Synapses,,-2.8,5.8,4.5,30169,270,96,5,5.2,2.3,815|2566|5576|5578|6854,CAMK2A|GABRG2|PRKAR2A|PRKCA|SYN2,-0.73
MyList,GO Biological Processes,19,GO:0015850,organic hydroxy compound transport,19_GO:0051179 localization,-2.8,7.8,4.9,30169,161,96,4,4.2,2,19|3931|3949|23673,ABCA1|LCAT|LDLR|STX12,-0.73
MyList,GO Biological Processes,19,GO:0006468,protein phosphorylation,19_GO:0008152 metabolic process,-2.7,3.6,3.9,30169,701,96,8,8.3,2.8,657|815|1965|2064|2324|5578|8997|23683,BMPR1A|CAMK2A|EIF2S1|ERBB2|FLT4|PRKCA|KALRN|PRKD3,-0.72
MyList,Reactome Gene Sets,6,R-HSA-204998,"Cell death signalling via NRAGE, NRIF and NADE",,-2.7,12,5.6,30169,76,96,3,3.1,1.8,7410|8997|23370,VAV2|KALRN|ARHGEF18,-0.71
MyList,GO Biological Processes,19,GO:0030098,lymphocyte differentiation,19_GO:0002376 immune system process,-2.7,5.7,4.4,30169,276,96,5,5.2,2.3,860|2064|2213|9759|64919,RUNX2|ERBB2|FCGR2B|HDAC4|BCL11B,-0.7
MyList,GO Biological Processes,19,GO:0034248,regulation of cellular amide metabolic process,19_GO:0008152 metabolic process,-2.7,4,4,30169,551,96,7,7.3,2.7,1965|1977|2064|5073|23112|28969|143689,EIF2S1|EIF4E|ERBB2|PARN|TNRC6B|BZW2|PIWIL4,-0.7
MyList,Reactome Gene Sets,6,R-HSA-422475,Axon guidance,,-2.7,4,4,30169,552,96,7,7.3,2.7,2064|5576|5578|7225|7410|8997|55740,ERBB2|PRKAR2A|PRKCA|TRPC6|VAV2|KALRN|ENAH,-0.7
MyList,GO Biological Processes,19,GO:0031960,response to corticosteroid,19_GO:0050896 response to stimulus,-2.7,7.6,4.8,30169,165,96,4,4.2,2,1977|3931|5447|114907,EIF4E|LCAT|POR|FBXO32,-0.7
MyList,WikiPathways,27,WP3929,Chemokine signaling pathway,,-2.7,7.6,4.8,30169,166,96,4,4.2,2,1399|5880|6348|7410,CRKL|RAC2|CCL3|VAV2,-0.69
MyList,GO Biological Processes,19,GO:1903533,regulation of protein targeting,19_GO:0051179 localization,-2.7,12,5.5,30169,78,96,3,3.1,1.8,2064|3689|5880,ERBB2|ITGB2|RAC2,-0.69
MyList,GO Biological Processes,19,GO:0008015,blood circulation,19_GO:0032501 multicellular organismal process,-2.7,4.6,4.1,30169,411,96,6,6.2,2.5,3757|4973|5468|7424|27035|57085,KCNH2|OLR1|PPARG|VEGFC|NOX1|AGTRAP,-0.68
MyList,KEGG Pathway,24,hsa01521,EGFR tyrosine kinase inhibitor resistance,,-2.7,12,5.5,30169,79,96,3,3.1,1.8,1977|2064|5578,EIF4E|ERBB2|PRKCA,-0.68
MyList,GO Biological Processes,19,GO:0048545,response to steroid hormone,19_GO:0050896 response to stimulus,-2.7,5.6,4.3,30169,283,96,5,5.2,2.3,1977|2821|3931|5447|114907,EIF4E|GPI|LCAT|POR|FBXO32,-0.67
MyList,Reactome Gene Sets,6,R-HSA-1169410,Antiviral mechanism by IFN-stimulated genes,,-2.7,12,5.5,30169,80,96,3,3.1,1.8,1977|3839|25820,EIF4E|KPNA3|ARIH1,-0.67
MyList,GO Biological Processes,19,GO:0048015,phosphatidylinositol-mediated signaling,19_GO:0023052 signaling,-2.7,12,5.5,30169,80,96,3,3.1,1.8,2064|5297|59338,ERBB2|PI4KA|PLEKHA1,-0.67
MyList,Reactome Gene Sets,6,R-HSA-416482,G alpha (12/13) signalling events,,-2.7,12,5.5,30169,80,96,3,3.1,1.8,7410|8997|23370,VAV2|KALRN|ARHGEF18,-0.67
MyList,KEGG Pathway,24,hsa04310,Wnt signaling pathway,,-2.7,7.4,4.7,30169,170,96,4,4.2,2,815|5578|5880|7483,CAMK2A|PRKCA|RAC2|WNT9A,-0.67
MyList,GO Biological Processes,19,GO:0032374,regulation of cholesterol transport,19_GO:0051179 localization,-2.7,12,5.4,30169,81,96,3,3.1,1.8,19|4035|5468,ABCA1|LRP1|PPARG,-0.66
MyList,GO Biological Processes,19,GO:0032371,regulation of sterol transport,19_GO:0051179 localization,-2.7,12,5.4,30169,81,96,3,3.1,1.8,19|4035|5468,ABCA1|LRP1|PPARG,-0.66
MyList,GO Biological Processes,19,GO:1903530,regulation of secretion by cell,19_GO:0051179 localization,-2.7,3.9,3.9,30169,566,96,7,7.3,2.7,815|2213|3689|5468|5880|6385|7424,CAMK2A|FCGR2B|ITGB2|PPARG|RAC2|SDC4|VEGFC,-0.66
MyList,GO Biological Processes,19,GO:0030335,positive regulation of cell migration,19_GO:0040011 locomotion,-2.7,3.9,3.9,30169,566,96,7,7.3,2.7,1399|2324|2821|5578|5880|6348|7424,CRKL|FLT4|GPI|PRKCA|RAC2|CCL3|VEGFC,-0.66
MyList,GO Biological Processes,19,GO:1905475,regulation of protein localization to membrane,19_GO:0051179 localization,-2.6,7.3,4.7,30169,172,96,4,4.2,2,1399|2064|3689|4035,CRKL|ERBB2|ITGB2|LRP1,-0.66
MyList,GO Biological Processes,19,GO:0050865,regulation of cell activation,19_GO:0050789 regulation of biological process,-2.6,3.5,3.8,30169,727,96,8,8.3,2.8,2064|2213|3689|3949|5578|5880|6348|6385,ERBB2|FCGR2B|ITGB2|LDLR|PRKCA|RAC2|CCL3|SDC4,-0.66
MyList,KEGG Pathway,24,hsa04662,B cell receptor signaling pathway,,-2.6,11,5.4,30169,82,96,3,3.1,1.8,2213|5880|7410,FCGR2B|RAC2|VAV2,-0.66
MyList,GO Biological Processes,19,GO:0042475,odontogenesis of dentin-containing tooth,19_GO:0032502 developmental process,-2.6,11,5.4,30169,82,96,3,3.1,1.8,657|860|64919,BMPR1A|RUNX2|BCL11B,-0.66
MyList,GO Biological Processes,19,GO:0055088,lipid homeostasis,19_GO:0065007 biological regulation,-2.6,7.2,4.7,30169,174,96,4,4.2,2,19|3931|3949|5468,ABCA1|LCAT|LDLR|PPARG,-0.65
MyList,GO Biological Processes,19,GO:2000112,regulation of cellular macromolecule biosynthetic process,19_GO:0008152 metabolic process,-2.6,3.8,3.9,30169,574,96,7,7.3,2.7,1965|1977|2064|5073|23112|28969|143689,EIF2S1|EIF4E|ERBB2|PARN|TNRC6B|BZW2|PIWIL4,-0.64
MyList,GO Biological Processes,19,GO:0045321,leukocyte activation,19_GO:0002376 immune system process,-2.6,3.8,3.9,30169,575,96,7,7.3,2.7,860|2064|2213|3689|6348|9759|64919,RUNX2|ERBB2|FCGR2B|ITGB2|CCL3|HDAC4|BCL11B,-0.64
MyList,GO Biological Processes,19,GO:0010632,regulation of epithelial cell migration,19_GO:0040011 locomotion,-2.6,5.4,4.3,30169,292,96,5,5.2,2.3,2324|2821|5468|5578|7424,FLT4|GPI|PPARG|PRKCA|VEGFC,-0.64
MyList,GO Biological Processes,19,GO:0010634,positive regulation of epithelial cell migration,19_GO:0040011 locomotion,-2.6,7.1,4.6,30169,176,96,4,4.2,2,2324|2821|5578|7424,FLT4|GPI|PRKCA|VEGFC,-0.64
MyList,GO Biological Processes,19,GO:0048017,inositol lipid-mediated signaling,19_GO:0023052 signaling,-2.6,11,5.3,30169,84,96,3,3.1,1.8,2064|5297|59338,ERBB2|PI4KA|PLEKHA1,-0.64
MyList,WikiPathways,27,WP4806,EGFR tyrosine kinase inhibitor resistance,,-2.6,11,5.3,30169,84,96,3,3.1,1.8,1977|2064|5578,EIF4E|ERBB2|PRKCA,-0.64
MyList,Reactome Gene Sets,6,R-HSA-9675108,Nervous system development,,-2.6,3.8,3.9,30169,577,96,7,7.3,2.7,2064|5576|5578|7225|7410|8997|55740,ERBB2|PRKAR2A|PRKCA|TRPC6|VAV2|KALRN|ENAH,-0.64
MyList,GO Biological Processes,19,GO:0048667,cell morphogenesis involved in neuron differentiation,19_GO:0032502 developmental process,-2.6,4.4,4,30169,428,96,6,6.2,2.5,2064|5880|8997|55201|55740|64919,ERBB2|RAC2|KALRN|MAP1S|ENAH|BCL11B,-0.64
MyList,GO Biological Processes,19,GO:0051222,positive regulation of protein transport,19_GO:0051179 localization,-2.6,5.3,4.2,30169,294,96,5,5.2,2.3,2064|3689|5468|5880|7424,ERBB2|ITGB2|PPARG|RAC2|VEGFC,-0.64
MyList,GO Biological Processes,19,GO:0000082,G1/S transition of mitotic cell cycle,19_GO:0009987 cellular process,-2.6,11,5.3,30169,85,96,3,3.1,1.8,815|1977|5426,CAMK2A|EIF4E|POLE,-0.64
MyList,GO Biological Processes,19,GO:0034103,regulation of tissue remodeling,19_GO:0032501 multicellular organismal process,-2.6,11,5.3,30169,85,96,3,3.1,1.8,2324|5468|5578,FLT4|PPARG|PRKCA,-0.64
MyList,GO Biological Processes,19,GO:0050808,synapse organization,19_GO:0009987 cellular process,-2.6,5.3,4.2,30169,295,96,5,5.2,2.3,1399|2064|2566|6780|140689,CRKL|ERBB2|GABRG2|STAU1|CBLN4,-0.64
MyList,Reactome Gene Sets,6,R-HSA-5663202,Diseases of signal transduction by growth factor receptors and second messengers,,-2.6,4.4,4,30169,433,96,6,6.2,2.5,815|2064|3831|5880|9759|57085,CAMK2A|ERBB2|KLC1|RAC2|HDAC4|AGTRAP,-0.62
MyList,KEGG Pathway,24,hsa05152,Tuberculosis,,-2.6,7,4.5,30169,180,96,4,4.2,2,815|2213|3689|8625,CAMK2A|FCGR2B|ITGB2|RFXANK,-0.62
MyList,GO Biological Processes,19,GO:0051347,positive regulation of transferase activity,19_GO:0065007 biological regulation,-2.6,3.8,3.8,30169,586,96,7,7.3,2.7,657|2064|2324|5073|6385|7410|7424,BMPR1A|ERBB2|FLT4|PARN|SDC4|VAV2|VEGFC,-0.62
MyList,GO Biological Processes,19,GO:0030324,lung development,19_GO:0032502 developmental process,-2.6,6.9,4.5,30169,181,96,4,4.2,2,657|1977|2324|10905,BMPR1A|EIF4E|FLT4|MAN1A2,-0.62
MyList,GO Biological Processes,19,GO:0044843,cell cycle G1/S phase transition,19_GO:0009987 cellular process,-2.6,11,5.2,30169,87,96,3,3.1,1.8,815|1977|5426,CAMK2A|EIF4E|POLE,-0.62
MyList,GO Biological Processes,19,GO:0050672,negative regulation of lymphocyte proliferation,19_GO:0002376 immune system process,-2.6,11,5.2,30169,87,96,3,3.1,1.8,2064|2213|6385,ERBB2|FCGR2B|SDC4,-0.62
MyList,GO Biological Processes,19,GO:0030162,regulation of proteolysis,19_GO:0008152 metabolic process,-2.6,3.4,3.7,30169,750,96,8,8.3,2.8,2821|4035|5447|5468|8975|9447|23429|25820,GPI|LRP1|POR|PPARG|USP13|AIM2|RYBP|ARIH1,-0.62
MyList,GO Biological Processes,19,GO:0032370,positive regulation of lipid transport,19_GO:0051179 localization,-2.6,11,5.2,30169,88,96,3,3.1,1.8,19|4035|5468,ABCA1|LRP1|PPARG,-0.61
MyList,GO Biological Processes,19,GO:0035023,regulation of Rho protein signal transduction,19_GO:0023052 signaling,-2.6,11,5.2,30169,88,96,3,3.1,1.8,19|2846|23370,ABCA1|LPAR4|ARHGEF18,-0.61
MyList,GO Biological Processes,19,GO:0032945,negative regulation of mononuclear cell proliferation,19_GO:0048519 negative regulation of biological process,-2.6,11,5.2,30169,88,96,3,3.1,1.8,2064|2213|6385,ERBB2|FCGR2B|SDC4,-0.61
MyList,GO Biological Processes,19,GO:0001936,regulation of endothelial cell proliferation,19_GO:0050789 regulation of biological process,-2.5,6.9,4.5,30169,183,96,4,4.2,2,2324|5468|5578|7424,FLT4|PPARG|PRKCA|VEGFC,-0.61
MyList,WikiPathways,27,WP3932,Focal adhesion: PI3K-Akt-mTOR-signaling pathway,,-2.5,5.2,4.1,30169,302,96,5,5.2,2.3,1977|2324|2846|3689|7424,EIF4E|FLT4|LPAR4|ITGB2|VEGFC,-0.61
MyList,GO Biological Processes,19,GO:2000147,positive regulation of cell motility,19_GO:0040011 locomotion,-2.5,3.7,3.8,30169,592,96,7,7.3,2.7,1399|2324|2821|5578|5880|6348|7424,CRKL|FLT4|GPI|PRKCA|RAC2|CCL3|VEGFC,-0.61
MyList,KEGG Pathway,24,hsa04727,GABAergic synapse,,-2.5,11,5.1,30169,89,96,3,3.1,1.8,2566|2775|5578,GABRG2|GNAO1|PRKCA,-0.6
MyList,GO Biological Processes,19,GO:0030323,respiratory tube development,19_GO:0032502 developmental process,-2.5,6.8,4.5,30169,185,96,4,4.2,2,657|1977|2324|10905,BMPR1A|EIF4E|FLT4|MAN1A2,-0.6
MyList,Reactome Gene Sets,6,R-HSA-9013149,RAC1 GTPase cycle,,-2.5,6.8,4.5,30169,185,96,4,4.2,2,7410|8997|23370|27035,VAV2|KALRN|ARHGEF18|NOX1,-0.6
MyList,GO Biological Processes,19,GO:0046777,protein autophosphorylation,19_GO:0008152 metabolic process,-2.5,6.7,4.4,30169,187,96,4,4.2,2,815|1965|2064|2324,CAMK2A|EIF2S1|ERBB2|FLT4,-0.59
MyList,GO Biological Processes,19,GO:0009725,response to hormone,19_GO:0050896 response to stimulus,-2.5,3.3,3.6,30169,764,96,8,8.3,2.8,815|1977|2821|3931|5447|5468|57085|114907,CAMK2A|EIF4E|GPI|LCAT|POR|PPARG|AGTRAP|FBXO32,-0.59
MyList,GO Biological Processes,19,GO:0030509,BMP signaling pathway,19_GO:0023052 signaling,-2.5,10,5.1,30169,91,96,3,3.1,1.8,657|860|5468,BMPR1A|RUNX2|PPARG,-0.59
MyList,GO Biological Processes,19,GO:1904951,positive regulation of establishment of protein localization,19_GO:0051179 localization,-2.5,5.1,4.1,30169,310,96,5,5.2,2.3,2064|3689|5468|5880|7424,ERBB2|ITGB2|PPARG|RAC2|VEGFC,-0.58
MyList,WikiPathways,27,WP2355,Corticotropin-releasing hormone signaling pathway,,-2.5,10,5,30169,92,96,3,3.1,1.8,815|2775|5578,CAMK2A|GNAO1|PRKCA,-0.58
MyList,GO Biological Processes,19,GO:0009791,post-embryonic development,19_GO:0032502 developmental process,-2.5,10,5,30169,92,96,3,3.1,1.8,2566|59338|64919,GABRG2|PLEKHA1|BCL11B,-0.58
MyList,KEGG Pathway,24,hsa04613,Neutrophil extracellular trap formation,,-2.5,6.6,4.4,30169,190,96,4,4.2,2,3689|5578|5880|9759,ITGB2|PRKCA|RAC2|HDAC4,-0.58
MyList,GO Biological Processes,19,GO:1901652,response to peptide,19_GO:0050896 response to stimulus,-2.5,4.2,3.8,30169,451,96,6,6.2,2.5,815|2213|4035|5447|5468|57085,CAMK2A|FCGR2B|LRP1|POR|PPARG|AGTRAP,-0.58
MyList,GO Biological Processes,19,GO:1903829,positive regulation of protein localization,19_GO:0051179 localization,-2.5,4.2,3.8,30169,451,96,6,6.2,2.5,2064|3689|4035|5468|5880|7424,ERBB2|ITGB2|LRP1|PPARG|RAC2|VEGFC,-0.58
MyList,GO Biological Processes,19,GO:0040017,positive regulation of locomotion,19_GO:0040011 locomotion,-2.5,3.6,3.7,30169,607,96,7,7.3,2.7,1399|2324|2821|5578|5880|6348|7424,CRKL|FLT4|GPI|PRKCA|RAC2|CCL3|VEGFC,-0.57
MyList,GO Biological Processes,19,GO:0008217,regulation of blood pressure,19_GO:0032501 multicellular organismal process,-2.5,6.6,4.4,30169,191,96,4,4.2,2,5468|7424|27035|57085,PPARG|VEGFC|NOX1|AGTRAP,-0.57
MyList,KEGG Pathway,24,hsa04062,Chemokine signaling pathway,,-2.5,6.5,4.4,30169,192,96,4,4.2,2,1399|5880|6348|7410,CRKL|RAC2|CCL3|VAV2,-0.57
MyList,GO Biological Processes,19,GO:0070372,regulation of ERK1 and ERK2 cascade,19_GO:0023052 signaling,-2.5,5,4,30169,315,96,5,5.2,2.3,1399|2064|2324|5578|6348,CRKL|ERBB2|FLT4|PRKCA|CCL3,-0.56
MyList,GO Biological Processes,19,GO:0046578,regulation of Ras protein signal transduction,19_GO:0023052 signaling,-2.5,6.5,4.3,30169,193,96,4,4.2,2,19|2846|23370|27128,ABCA1|LPAR4|ARHGEF18|CYTH4,-0.56
MyList,GO Biological Processes,19,GO:0046330,positive regulation of JNK cascade,19_GO:0023052 signaling,-2.4,9.8,4.9,30169,96,96,3,3.1,1.8,2213|2324|27035,FCGR2B|FLT4|NOX1,-0.54
MyList,GO Biological Processes,19,GO:0070664,negative regulation of leukocyte proliferation,19_GO:0048519 negative regulation of biological process,-2.4,9.8,4.9,30169,96,96,3,3.1,1.8,2064|2213|6385,ERBB2|FCGR2B|SDC4,-0.54
MyList,GO Biological Processes,19,GO:0043549,regulation of kinase activity,19_GO:0008152 metabolic process,-2.4,3.2,3.5,30169,786,96,8,8.3,2.8,657|2064|2324|5468|5576|6385|7410|7424,BMPR1A|ERBB2|FLT4|PPARG|PRKAR2A|SDC4|VAV2|VEGFC,-0.54
MyList,GO Biological Processes,19,GO:0060840,artery development,19_GO:0032502 developmental process,-2.4,9.7,4.9,30169,97,96,3,3.1,1.8,657|3949|4035,BMPR1A|LDLR|LRP1,-0.54
MyList,GO Biological Processes,19,GO:0002690,positive regulation of leukocyte chemotaxis,19_GO:0040011 locomotion,-2.4,9.7,4.9,30169,97,96,3,3.1,1.8,5880|6348|7424,RAC2|CCL3|VEGFC,-0.54
MyList,Reactome Gene Sets,6,R-HSA-193704,p75 NTR receptor-mediated signalling,,-2.4,9.7,4.9,30169,97,96,3,3.1,1.8,7410|8997|23370,VAV2|KALRN|ARHGEF18,-0.54
MyList,KEGG Pathway,24,hsa04713,Circadian entrainment,,-2.4,9.7,4.9,30169,97,96,3,3.1,1.8,815|2775|5578,CAMK2A|GNAO1|PRKCA,-0.54
MyList,GO Biological Processes,19,GO:0002695,negative regulation of leukocyte activation,19_GO:0002376 immune system process,-2.4,6.3,4.3,30169,198,96,4,4.2,2,2064|2213|3949|6385,ERBB2|FCGR2B|LDLR|SDC4,-0.53
MyList,GO Biological Processes,19,GO:0051046,regulation of secretion,19_GO:0051179 localization,-2.4,3.5,3.6,30169,623,96,7,7.3,2.7,815|2213|3689|5468|5880|6385|7424,CAMK2A|FCGR2B|ITGB2|PPARG|RAC2|SDC4|VEGFC,-0.53
MyList,GO Biological Processes,19,GO:1901214,regulation of neuron death,19_GO:0050789 regulation of biological process,-2.4,4.8,3.9,30169,325,96,5,5.2,2.3,1965|2213|2821|3689|6348,EIF2S1|FCGR2B|GPI|ITGB2|CCL3,-0.52
MyList,Reactome Gene Sets,6,R-HSA-913531,Interferon Signaling,,-2.4,6.3,4.2,30169,200,96,4,4.2,2,815|1977|3839|25820,CAMK2A|EIF4E|KPNA3|ARIH1,-0.52
MyList,GO Biological Processes,19,GO:0048812,neuron projection morphogenesis,19_GO:0032502 developmental process,-2.4,4,3.7,30169,469,96,6,6.2,2.5,2064|5880|8997|55201|55740|64919,ERBB2|RAC2|KALRN|MAP1S|ENAH|BCL11B,-0.52
MyList,GO Biological Processes,19,GO:0006869,lipid transport,19_GO:0051179 localization,-2.4,4.8,3.9,30169,328,96,5,5.2,2.3,19|3931|3949|5468|23673,ABCA1|LCAT|LDLR|PPARG|STX12,-0.51
MyList,GO Biological Processes,19,GO:0042632,cholesterol homeostasis,19_GO:0065007 biological regulation,-2.4,9.4,4.8,30169,100,96,3,3.1,1.8,19|3931|3949,ABCA1|LCAT|LDLR,-0.51
MyList,KEGG Pathway,24,hsa04933,AGE-RAGE signaling pathway in diabetic complications,,-2.4,9.4,4.8,30169,100,96,3,3.1,1.8,5578|7424|27035,PRKCA|VEGFC|NOX1,-0.51
MyList,GO Biological Processes,19,GO:0120039,plasma membrane bounded cell projection morphogenesis,19_GO:0032502 developmental process,-2.4,4,3.7,30169,474,96,6,6.2,2.5,2064|5880|8997|55201|55740|64919,ERBB2|RAC2|KALRN|MAP1S|ENAH|BCL11B,-0.5
MyList,GO Biological Processes,19,GO:1901654,response to ketone,19_GO:0050896 response to stimulus,-2.4,6.2,4.2,30169,204,96,4,4.2,2,1977|2821|5447|114907,EIF4E|GPI|POR|FBXO32,-0.5
MyList,GO Biological Processes,19,GO:0055092,sterol homeostasis,19_GO:0065007 biological regulation,-2.4,9.3,4.7,30169,101,96,3,3.1,1.8,19|3931|3949,ABCA1|LCAT|LDLR,-0.5
MyList,GO Biological Processes,19,GO:1905477,positive regulation of protein localization to membrane,19_GO:0051179 localization,-2.4,9.3,4.7,30169,101,96,3,3.1,1.8,2064|3689|4035,ERBB2|ITGB2|LRP1,-0.5
MyList,KEGG Pathway,24,hsa05022,Pathways of neurodegeneration - multiple diseases,,-2.4,4,3.7,30169,476,96,6,6.2,2.5,815|1965|3831|5578|7483|27035,CAMK2A|EIF2S1|KLC1|PRKCA|WNT9A|NOX1,-0.5
MyList,Reactome Gene Sets,6,R-HSA-112314,Neurotransmitter receptors and postsynaptic signal transmission,,-2.4,6.1,4.2,30169,205,96,4,4.2,2,815|2566|5576|5578,CAMK2A|GABRG2|PRKAR2A|PRKCA,-0.5
MyList,GO Biological Processes,19,GO:0060541,respiratory system development,19_GO:0032502 developmental process,-2.4,6.1,4.2,30169,205,96,4,4.2,2,657|1977|2324|10905,BMPR1A|EIF4E|FLT4|MAN1A2,-0.5
MyList,WikiPathways,27,WP185,Integrin-mediated cell adhesion,,-2.4,9.2,4.7,30169,102,96,3,3.1,1.8,3689|5880|7410,ITGB2|RAC2|VAV2,-0.5
MyList,GO Biological Processes,19,GO:0048858,cell projection morphogenesis,19_GO:0032502 developmental process,-2.4,3.9,3.7,30169,479,96,6,6.2,2.5,2064|5880|8997|55201|55740|64919,ERBB2|RAC2|KALRN|MAP1S|ENAH|BCL11B,-0.49
MyList,Reactome Gene Sets,6,R-HSA-6798695,Neutrophil degranulation,,-2.4,3.9,3.6,30169,482,96,6,6.2,2.5,2495|2821|3689|4973|8514|8804,FTH1|GPI|ITGB2|OLR1|KCNAB2|CREG1,-0.48
MyList,GO Biological Processes,19,GO:0002253,activation of immune response,19_GO:0002376 immune system process,-2.3,4.7,3.8,30169,337,96,5,5.2,2.3,1399|2213|7410|9447|59338,CRKL|FCGR2B|VAV2|AIM2|PLEKHA1,-0.48
MyList,GO Biological Processes,19,GO:0045732,positive regulation of protein catabolic process,19_GO:0048518 positive regulation of biological process,-2.3,6,4.1,30169,209,96,4,4.2,2,3949|4035|8975|25820,LDLR|LRP1|USP13|ARIH1,-0.48
MyList,GO Biological Processes,19,GO:0032870,cellular response to hormone stimulus,19_GO:0050896 response to stimulus,-2.3,3.9,3.6,30169,484,96,6,6.2,2.5,815|1977|5447|5468|57085|114907,CAMK2A|EIF4E|POR|PPARG|AGTRAP|FBXO32,-0.48
MyList,GO Biological Processes,19,GO:0045785,positive regulation of cell adhesion,19_GO:0048518 positive regulation of biological process,-2.3,3.9,3.6,30169,484,96,6,6.2,2.5,1399|2064|3689|5578|6385|10085,CRKL|ERBB2|ITGB2|PRKCA|SDC4|EDIL3,-0.48
MyList,WikiPathways,27,WP4172,PI3K-Akt signaling pathway,,-2.3,4.6,3.8,30169,339,96,5,5.2,2.3,1977|2324|2846|5578|7424,EIF4E|FLT4|LPAR4|PRKCA|VEGFC,-0.48
MyList,GO Biological Processes,19,GO:0007416,synapse assembly,19_GO:0032502 developmental process,-2.3,9,4.6,30169,105,96,3,3.1,1.8,1399|2566|140689,CRKL|GABRG2|CBLN4,-0.48
MyList,GO Biological Processes,19,GO:0071772,response to BMP,19_GO:0050896 response to stimulus,-2.3,9,4.6,30169,105,96,3,3.1,1.8,657|860|5468,BMPR1A|RUNX2|PPARG,-0.48
MyList,GO Biological Processes,19,GO:0071773,cellular response to BMP stimulus,19_GO:0050896 response to stimulus,-2.3,9,4.6,30169,105,96,3,3.1,1.8,657|860|5468,BMPR1A|RUNX2|PPARG,-0.48
MyList,GO Biological Processes,19,GO:0001819,positive regulation of cytokine production,19_GO:0048518 positive regulation of biological process,-2.3,3.9,3.6,30169,486,96,6,6.2,2.5,657|2324|6348|9447|27035|79132,BMPR1A|FLT4|CCL3|AIM2|NOX1|DHX58,-0.48
MyList,KEGG Pathway,24,hsa04928,"Parathyroid hormone synthesis, secretion and action",,-2.3,8.9,4.6,30169,106,96,3,3.1,1.8,860|5141|5578,RUNX2|PDE4A|PRKCA,-0.47
MyList,KEGG Pathway,24,hsa05170,Human immunodeficiency virus 1 infection,,-2.3,5.9,4.1,30169,212,96,4,4.2,2,1399|2775|5578|5880,CRKL|GNAO1|PRKCA|RAC2,-0.47
MyList,GO Biological Processes,19,GO:0017157,regulation of exocytosis,19_GO:0051179 localization,-2.3,5.9,4.1,30169,213,96,4,4.2,2,2213|3689|5880|6385,FCGR2B|ITGB2|RAC2|SDC4,-0.46
MyList,GO Biological Processes,19,GO:1902106,negative regulation of leukocyte differentiation,19_GO:0002376 immune system process,-2.3,8.7,4.5,30169,108,96,3,3.1,1.8,2064|2213|6348,ERBB2|FCGR2B|CCL3,-0.45
MyList,GO Biological Processes,19,GO:0032526,response to retinoic acid,19_GO:0050896 response to stimulus,-2.3,8.7,4.5,30169,108,96,3,3.1,1.8,19|7483|23064,ABCA1|WNT9A|SETX,-0.45
MyList,GO Biological Processes,19,GO:0033674,positive regulation of kinase activity,19_GO:0048518 positive regulation of biological process,-2.3,3.8,3.6,30169,494,96,6,6.2,2.5,657|2064|2324|6385|7410|7424,BMPR1A|ERBB2|FLT4|SDC4|VAV2|VEGFC,-0.45
MyList,KEGG Pathway,24,hsa05168,Herpes simplex virus 1 infection,,-2.3,3.8,3.6,30169,495,96,6,6.2,2.5,1965|6940|7539|63934|90338|170960,EIF2S1|ZNF354A|ZFP37|ZNF667|ZNF160|ZNF721,-0.45
MyList,Reactome Gene Sets,6,R-HSA-416476,G alpha (q) signalling events,,-2.3,5.8,4,30169,216,96,4,4.2,2,2846|5578|7225|8997,LPAR4|PRKCA|TRPC6|KALRN,-0.45
MyList,GO Biological Processes,19,GO:0055080,cation homeostasis,19_GO:0065007 biological regulation,-2.3,3.8,3.5,30169,497,96,6,6.2,2.5,2495|3757|6348|7225|9990|27035,FTH1|KCNH2|CCL3|TRPC6|SLC12A6|NOX1,-0.44
MyList,GO Biological Processes,19,GO:0000165,MAPK cascade,19_GO:0023052 signaling,-2.3,5.8,4,30169,217,96,4,4.2,2,1399|6348|23064|27035,CRKL|CCL3|SETX|NOX1,-0.44
MyList,GO Biological Processes,19,GO:0032990,cell part morphogenesis,19_GO:0032502 developmental process,-2.3,3.8,3.5,30169,498,96,6,6.2,2.5,2064|5880|8997|55201|55740|64919,ERBB2|RAC2|KALRN|MAP1S|ENAH|BCL11B,-0.44
MyList,WikiPathways,27,WP710,DNA damage response (only ATM dependent),,-2.3,8.5,4.5,30169,111,96,3,3.1,1.8,2064|3949|5880,ERBB2|LDLR|RAC2,-0.43
MyList,KEGG Pathway,24,hsa04024,cAMP signaling pathway,,-2.3,5.7,4,30169,221,96,4,4.2,2,815|5141|5880|7410,CAMK2A|PDE4A|RAC2|VAV2,-0.42
MyList,GO Biological Processes,19,GO:0050866,negative regulation of cell activation,19_GO:0048519 negative regulation of biological process,-2.3,5.7,4,30169,221,96,4,4.2,2,2064|2213|3949|6385,ERBB2|FCGR2B|LDLR|SDC4,-0.42
MyList,GO Biological Processes,19,GO:0010810,regulation of cell-substrate adhesion,19_GO:0050789 regulation of biological process,-2.3,5.7,3.9,30169,222,96,4,4.2,2,1399|5880|6385|10085,CRKL|RAC2|SDC4|EDIL3,-0.42
MyList,GO Biological Processes,19,GO:0002694,regulation of leukocyte activation,19_GO:0002376 immune system process,-2.3,3.3,3.4,30169,670,96,7,7.3,2.7,2064|2213|3689|3949|5880|6348|6385,ERBB2|FCGR2B|ITGB2|LDLR|RAC2|CCL3|SDC4,-0.42
MyList,KEGG Pathway,24,hsa04725,Cholinergic synapse,,-2.2,8.3,4.4,30169,113,96,3,3.1,1.8,815|2775|5578,CAMK2A|GNAO1|PRKCA,-0.42
MyList,GO Biological Processes,19,GO:0016358,dendrite development,19_GO:0032502 developmental process,-2.2,8.3,4.4,30169,113,96,3,3.1,1.8,815|1399|55201,CAMK2A|CRKL|MAP1S,-0.42
MyList,GO Biological Processes,19,GO:1905954,positive regulation of lipid localization,19_GO:0051179 localization,-2.2,8.3,4.4,30169,113,96,3,3.1,1.8,19|4035|5468,ABCA1|LRP1|PPARG,-0.42
MyList,GO Biological Processes,19,GO:0070374,positive regulation of ERK1 and ERK2 cascade,19_GO:0023052 signaling,-2.2,5.6,3.9,30169,223,96,4,4.2,2,1399|2324|5578|6348,CRKL|FLT4|PRKCA|CCL3,-0.42
MyList,Reactome Gene Sets,6,R-HSA-5653656,Vesicle-mediated transport,,-2.2,3.3,3.4,30169,673,96,7,7.3,2.7,2495|3831|3949|4035|10905|27128|54874,FTH1|KLC1|LDLR|LRP1|MAN1A2|CYTH4|FNBP1L,-0.41
MyList,GO Biological Processes,19,GO:1903707,negative regulation of hemopoiesis,19_GO:0002376 immune system process,-2.2,8.3,4.4,30169,114,96,3,3.1,1.8,2064|2213|6348,ERBB2|FCGR2B|CCL3,-0.41
MyList,GO Biological Processes,19,GO:0098771,inorganic ion homeostasis,19_GO:0065007 biological regulation,-2.2,3.7,3.5,30169,512,96,6,6.2,2.5,2495|3757|6348|7225|9990|27035,FTH1|KCNH2|CCL3|TRPC6|SLC12A6|NOX1,-0.4
MyList,GO Biological Processes,19,GO:0001938,positive regulation of endothelial cell proliferation,19_GO:0048518 positive regulation of biological process,-2.2,8.2,4.4,30169,115,96,3,3.1,1.8,2324|5578|7424,FLT4|PRKCA|VEGFC,-0.4
MyList,GO Biological Processes,19,GO:0002831,regulation of response to biotic stimulus,19_GO:0050896 response to stimulus,-2.2,4.4,3.6,30169,361,96,5,5.2,2.3,2213|5468|5578|9447|79132,FCGR2B|PPARG|PRKCA|AIM2|DHX58,-0.4
MyList,GO Biological Processes,19,GO:0042176,regulation of protein catabolic process,19_GO:0008152 metabolic process,-2.2,4.4,3.6,30169,361,96,5,5.2,2.3,3949|4035|8975|23429|25820,LDLR|LRP1|USP13|RYBP|ARIH1,-0.4
MyList,GO Biological Processes,19,GO:0008203,cholesterol metabolic process,19_GO:0008152 metabolic process,-2.2,8.1,4.3,30169,117,96,3,3.1,1.8,19|3931|3949,ABCA1|LCAT|LDLR,-0.38
MyList,GO Biological Processes,19,GO:0010876,lipid localization,19_GO:0051179 localization,-2.2,4.3,3.6,30169,365,96,5,5.2,2.3,19|3931|3949|5468|23673,ABCA1|LCAT|LDLR|PPARG|STX12,-0.38
MyList,GO Biological Processes,19,GO:0009896,positive regulation of catabolic process,19_GO:0048518 positive regulation of biological process,-2.2,3.6,3.4,30169,519,96,6,6.2,2.5,3949|4035|5073|8975|23112|25820,LDLR|LRP1|PARN|USP13|TNRC6B|ARIH1,-0.38
MyList,GO Biological Processes,19,GO:0006979,response to oxidative stress,19_GO:0050896 response to stimulus,-2.2,4.3,3.6,30169,366,96,5,5.2,2.3,1965|6780|23064|27035|59338,EIF2S1|STAU1|SETX|NOX1|PLEKHA1,-0.38
MyList,GO Biological Processes,19,GO:0002685,regulation of leukocyte migration,19_GO:0040011 locomotion,-2.2,5.4,3.8,30169,231,96,4,4.2,2,1399|5880|6348|7424,CRKL|RAC2|CCL3|VEGFC,-0.38
MyList,GO Biological Processes,19,GO:0001704,formation of primary germ layer,19_GO:0032502 developmental process,-2.2,7.9,4.3,30169,119,96,3,3.1,1.8,657|2821|3689,BMPR1A|GPI|ITGB2,-0.37
MyList,GO Biological Processes,19,GO:0050801,ion homeostasis,19_GO:0065007 biological regulation,-2.2,3.6,3.4,30169,525,96,6,6.2,2.5,2495|3757|6348|7225|9990|27035,FTH1|KCNH2|CCL3|TRPC6|SLC12A6|NOX1,-0.36
MyList,KEGG Pathway,24,hsa04014,Ras signaling pathway,,-2.2,5.3,3.8,30169,235,96,4,4.2,2,2324|5578|5880|7424,FLT4|PRKCA|RAC2|VEGFC,-0.36
MyList,GO Biological Processes,19,GO:2000116,regulation of cysteine-type endopeptidase activity,19_GO:0008152 metabolic process,-2.2,5.3,3.8,30169,235,96,4,4.2,2,2821|5447|5468|9447,GPI|POR|PPARG|AIM2,-0.36
MyList,WikiPathways,27,WP4541,Hippo-Merlin signaling dysregulation,,-2.2,7.8,4.2,30169,121,96,3,3.1,1.8,2324|3689|5576,FLT4|ITGB2|PRKAR2A,-0.36
MyList,GO Biological Processes,19,GO:0098660,inorganic ion transmembrane transport,19_GO:0051179 localization,-2.2,3.2,3.3,30169,697,96,7,7.3,2.7,2566|3757|6348|7225|8514|9990|29927,GABRG2|KCNH2|CCL3|TRPC6|KCNAB2|SLC12A6|SEC61A1,-0.35
MyList,GO Biological Processes,19,GO:1903047,mitotic cell cycle process,19_GO:0009987 cellular process,-2.2,3.6,3.4,30169,529,96,6,6.2,2.5,815|1977|4173|5426|5578|55201,CAMK2A|EIF4E|MCM4|POLE|PRKCA|MAP1S,-0.35
MyList,GO Biological Processes,19,GO:0008283,cell population proliferation,19_GO:0009987 cellular process,-2.2,3.2,3.2,30169,698,96,7,7.3,2.7,657|860|2064|5880|7424|8975|55145,BMPR1A|RUNX2|ERBB2|RAC2|VEGFC|USP13|THAP1,-0.35
MyList,GO Biological Processes,19,GO:0030278,regulation of ossification,19_GO:0032501 multicellular organismal process,-2.2,7.7,4.2,30169,122,96,3,3.1,1.8,657|860|6348,BMPR1A|RUNX2|CCL3,-0.35
MyList,GO Biological Processes,19,GO:0043087,regulation of GTPase activity,19_GO:0065007 biological regulation,-2.1,4.2,3.5,30169,376,96,5,5.2,2.3,1399|1965|2064|6348|7410,CRKL|EIF2S1|ERBB2|CCL3|VAV2,-0.35
MyList,GO Biological Processes,19,GO:0043065,positive regulation of apoptotic process,19_GO:0048518 positive regulation of biological process,-2.1,3.5,3.3,30169,532,96,6,6.2,2.5,815|1965|5468|6348|23429|27035,CAMK2A|EIF2S1|PPARG|CCL3|RYBP|NOX1,-0.35
MyList,GO Biological Processes,19,GO:0010035,response to inorganic substance,19_GO:0050896 response to stimulus,-2.1,3.5,3.3,30169,533,96,6,6.2,2.5,860|1965|2821|3931|23064|59338,RUNX2|EIF2S1|GPI|LCAT|SETX|PLEKHA1,-0.34
MyList,GO Biological Processes,19,GO:0042063,gliogenesis,19_GO:0032502 developmental process,-2.1,5.3,3.7,30169,239,96,4,4.2,2,2064|4035|6348|7424,ERBB2|LRP1|CCL3|VEGFC,-0.34
MyList,GO Biological Processes,19,GO:0050670,regulation of lymphocyte proliferation,19_GO:0002376 immune system process,-2.1,5.3,3.7,30169,239,96,4,4.2,2,2064|2213|5880|6385,ERBB2|FCGR2B|RAC2|SDC4,-0.34
MyList,GO Biological Processes,19,GO:0045088,regulation of innate immune response,19_GO:0044419 biological process involved in interspecies interaction between organisms,-2.1,5.2,3.7,30169,240,96,4,4.2,2,2213|5468|9447|79132,FCGR2B|PPARG|AIM2|DHX58,-0.34
MyList,GO Biological Processes,19,GO:0002697,regulation of immune effector process,19_GO:0002376 immune system process,-2.1,4.1,3.5,30169,379,96,5,5.2,2.3,2213|2821|3689|5880|79132,FCGR2B|GPI|ITGB2|RAC2|DHX58,-0.34
MyList,GO Biological Processes,19,GO:0042476,odontogenesis,19_GO:0032502 developmental process,-2.1,7.6,4.2,30169,124,96,3,3.1,1.8,657|860|64919,BMPR1A|RUNX2|BCL11B,-0.34
MyList,GO Biological Processes,19,GO:0071375,cellular response to peptide hormone stimulus,19_GO:0050896 response to stimulus,-2.1,5.2,3.7,30169,241,96,4,4.2,2,815|5447|5468|57085,CAMK2A|POR|PPARG|AGTRAP,-0.34
MyList,GO Biological Processes,19,GO:0042326,negative regulation of phosphorylation,19_GO:0048519 negative regulation of biological process,-2.1,4.1,3.5,30169,381,96,5,5.2,2.3,1399|4035|5468|5576|9759,CRKL|LRP1|PPARG|PRKAR2A|HDAC4,-0.34
MyList,GO Biological Processes,19,GO:0010811,positive regulation of cell-substrate adhesion,19_GO:0048518 positive regulation of biological process,-2.1,7.5,4.1,30169,125,96,3,3.1,1.8,1399|6385|10085,CRKL|SDC4|EDIL3,-0.34
MyList,GO Biological Processes,19,GO:0006816,calcium ion transport,19_GO:0051179 localization,-2.1,5.2,3.7,30169,243,96,4,4.2,2,815|6348|7225|29927,CAMK2A|CCL3|TRPC6|SEC61A1,-0.33
MyList,GO Biological Processes,19,GO:0032944,regulation of mononuclear cell proliferation,19_GO:0050789 regulation of biological process,-2.1,5.2,3.7,30169,243,96,4,4.2,2,2064|2213|5880|6385,ERBB2|FCGR2B|RAC2|SDC4,-0.33
MyList,KEGG Pathway,24,hsa05010,Alzheimer disease,,-2.1,4.1,3.4,30169,384,96,5,5.2,2.3,1965|3831|4035|7483|27035,EIF2S1|KLC1|LRP1|WNT9A|NOX1,-0.33
MyList,GO Biological Processes,19,GO:0002688,regulation of leukocyte chemotaxis,19_GO:0040011 locomotion,-2.1,7.4,4.1,30169,127,96,3,3.1,1.8,5880|6348|7424,RAC2|CCL3|VEGFC,-0.32
MyList,GO Biological Processes,19,GO:1902652,secondary alcohol metabolic process,19_GO:0008152 metabolic process,-2.1,7.4,4.1,30169,127,96,3,3.1,1.8,19|3931|3949,ABCA1|LCAT|LDLR,-0.32
MyList,GO Biological Processes,19,GO:0000904,cell morphogenesis involved in differentiation,19_GO:0032502 developmental process,-2.1,3.5,3.3,30169,544,96,6,6.2,2.5,2064|5880|8997|55201|55740|64919,ERBB2|RAC2|KALRN|MAP1S|ENAH|BCL11B,-0.32
MyList,KEGG Pathway,24,hsa04380,Osteoclast differentiation,,-2.1,7.4,4.1,30169,128,96,3,3.1,1.8,2213|5468|27035,FCGR2B|PPARG|NOX1,-0.32
MyList,GO Biological Processes,19,GO:0050868,negative regulation of T cell activation,19_GO:0002376 immune system process,-2.1,7.4,4.1,30169,128,96,3,3.1,1.8,2064|2213|6385,ERBB2|FCGR2B|SDC4,-0.32
MyList,GO Biological Processes,19,GO:0043068,positive regulation of programmed cell death,19_GO:0048518 positive regulation of biological process,-2.1,3.4,3.3,30169,547,96,6,6.2,2.5,815|1965|5468|6348|23429|27035,CAMK2A|EIF2S1|PPARG|CCL3|RYBP|NOX1,-0.31
MyList,GO Biological Processes,19,GO:0051928,positive regulation of calcium ion transport,19_GO:0051179 localization,-2.1,7.3,4.1,30169,129,96,3,3.1,1.8,815|6348|7225,CAMK2A|CCL3|TRPC6,-0.31
MyList,Canonical Pathways,11,M186,PID PDGFRB PATHWAY,,-2.1,7.3,4.1,30169,129,96,3,3.1,1.8,4035|5578|7410,LRP1|PRKCA|VAV2,-0.31
MyList,KEGG Pathway,24,hsa04926,Relaxin signaling pathway,,-2.1,7.3,4.1,30169,129,96,3,3.1,1.8,2775|5578|7424,GNAO1|PRKCA|VEGFC,-0.31
MyList,GO Biological Processes,19,GO:0032874,positive regulation of stress-activated MAPK cascade,19_GO:0023052 signaling,-2.1,7.3,4,30169,130,96,3,3.1,1.8,2213|2324|27035,FCGR2B|FLT4|NOX1,-0.3
MyList,GO Biological Processes,19,GO:0017148,negative regulation of translation,19_GO:0048519 negative regulation of biological process,-2.1,5,3.6,30169,250,96,4,4.2,2,1965|1977|5073|23112,EIF2S1|EIF4E|PARN|TNRC6B,-0.3
MyList,GO Biological Processes,19,GO:0045165,cell fate commitment,19_GO:0032502 developmental process,-2.1,5,3.6,30169,250,96,4,4.2,2,860|5468|7483|64919,RUNX2|PPARG|WNT9A|BCL11B,-0.3
MyList,Reactome Gene Sets,6,R-HSA-1280215,Cytokine Signaling in Immune system,,-2.1,3,3.1,30169,725,96,7,7.3,2.7,815|1399|1977|3689|3839|6348|25820,CAMK2A|CRKL|EIF4E|ITGB2|KPNA3|CCL3|ARIH1,-0.3
MyList,GO Biological Processes,19,GO:0070555,response to interleukin-1,19_GO:0050896 response to stimulus,-2.1,7.1,4,30169,132,96,3,3.1,1.8,5578|6348|9759,PRKCA|CCL3|HDAC4,-0.29
MyList,GO Biological Processes,19,GO:0016125,sterol metabolic process,19_GO:0008152 metabolic process,-2.1,7.1,4,30169,132,96,3,3.1,1.8,19|3931|3949,ABCA1|LCAT|LDLR,-0.29
MyList,GO Biological Processes,19,GO:0070304,positive regulation of stress-activated protein kinase signaling cascade,19_GO:0023052 signaling,-2.1,7.1,4,30169,132,96,3,3.1,1.8,2213|2324|27035,FCGR2B|FLT4|NOX1,-0.29
MyList,KEGG Pathway,24,hsa04728,Dopaminergic synapse,,-2.1,7.1,4,30169,132,96,3,3.1,1.8,815|2775|5578,CAMK2A|GNAO1|PRKCA,-0.29
MyList,GO Biological Processes,19,GO:0090257,regulation of muscle system process,19_GO:0032501 multicellular organismal process,-2,4.9,3.5,30169,256,96,4,4.2,2,5468|5578|9759|114907,PPARG|PRKCA|HDAC4|FBXO32,-0.27
MyList,GO Biological Processes,19,GO:0008202,steroid metabolic process,19_GO:0008152 metabolic process,-2,4.9,3.5,30169,256,96,4,4.2,2,19|3931|3949|59338,ABCA1|LCAT|LDLR|PLEKHA1,-0.27
MyList,Reactome Gene Sets,6,R-HSA-556833,Metabolism of lipids,,-2,3,3.1,30169,743,96,7,7.3,2.7,19|39|5297|5468|9791|23683|59338,ABCA1|ACAT2|PI4KA|PPARG|PTDSS1|PRKD3|PLEKHA1,-0.26
MyList,KEGG Pathway,24,hsa05135,Yersinia infection,,-2,6.9,3.9,30169,137,96,3,3.1,1.8,1399|5880|7410,CRKL|RAC2|VAV2,-0.26
MyList,KEGG Pathway,24,hsa04910,Insulin signaling pathway,,-2,6.9,3.9,30169,137,96,3,3.1,1.8,1399|1977|5576,CRKL|EIF4E|PRKAR2A,-0.26
MyList,Reactome Gene Sets,6,R-HSA-202733,Cell surface interactions at the vascular wall,,-2,6.9,3.9,30169,137,96,3,3.1,1.8,3689|4973|6385,ITGB2|OLR1|SDC4,-0.26
MyList,GO Biological Processes,19,GO:0002699,positive regulation of immune effector process,19_GO:0002376 immune system process,-2,4.8,3.5,30169,261,96,4,4.2,2,2821|3689|5880|79132,GPI|ITGB2|RAC2|DHX58,-0.25
MyList,GO Biological Processes,19,GO:0044403,biological process involved in symbiotic interaction,19_GO:0044419 biological process involved in interspecies interaction between organisms,-2,4.8,3.5,30169,261,96,4,4.2,2,3839|3949|5297|6348,KPNA3|LDLR|PI4KA|CCL3,-0.25
MyList,GO Biological Processes,19,GO:0008277,regulation of G protein-coupled receptor signaling pathway,19_GO:0023052 signaling,-2,6.8,3.9,30169,138,96,3,3.1,1.8,815|5141|5578,CAMK2A|PDE4A|PRKCA,-0.25
MyList,GO Biological Processes,19,GO:0002429,immune response-activating cell surface receptor signaling pathway,19_GO:0002376 immune system process,-2,4.8,3.5,30169,262,96,4,4.2,2,1399|2213|7410|59338,CRKL|FCGR2B|VAV2|PLEKHA1,-0.25
MyList,GO Biological Processes,19,GO:0002757,immune response-activating signal transduction,19_GO:0002376 immune system process,-2,4.8,3.5,30169,262,96,4,4.2,2,1399|2213|7410|59338,CRKL|FCGR2B|VAV2|PLEKHA1,-0.25
MyList_MCODE_ALL,GO Biological Processes,19,GO:0043087,regulation of GTPase activity,19_GO:0065007 biological regulation,-5.3,32,11,30169,376,10,4,40,15,1399|1965|2064|7410,CRKL|EIF2S1|ERBB2|VAV2,-2.2
MyList_MCODE_ALL,WikiPathways,27,WP2380,Brain-derived neurotrophic factor (BDNF) signaling pathway,,-4.9,63,14,30169,144,10,3,30,14,1965|1977|7410,EIF2S1|EIF4E|VAV2,-2
MyList_MCODE_ALL,WikiPathways,27,WP437,EGF/EGFR signaling pathway,,-4.8,56,13,30169,162,10,3,30,14,1399|2064|7410,CRKL|ERBB2|VAV2,-1.9
MyList_MCODE_ALL,GO Biological Processes,19,GO:1905475,regulation of protein localization to membrane,19_GO:0051179 localization,-4.7,53,12,30169,172,10,3,30,14,1399|2064|3689,CRKL|ERBB2|ITGB2,-1.9
MyList_MCODE_ALL,WikiPathways,27,WP306,Focal adhesion,,-4.5,46,11,30169,198,10,3,30,14,1399|2064|7410,CRKL|ERBB2|VAV2,-1.8
MyList_MCODE_ALL,KEGG Pathway,24,hsa04510,Focal adhesion,,-4.5,45,11,30169,201,10,3,30,14,1399|2064|7410,CRKL|ERBB2|VAV2,-1.8
MyList_MCODE_ALL,KEGG Pathway,24,hsa04015,Rap1 signaling pathway,,-4.4,43,11,30169,210,10,3,30,14,1399|3689|7410,CRKL|ITGB2|VAV2,-1.8
MyList_MCODE_ALL,KEGG Pathway,24,hsa04810,Regulation of actin cytoskeleton,,-4.4,42,11,30169,218,10,3,30,14,1399|3689|7410,CRKL|ITGB2|VAV2,-1.8
MyList_MCODE_ALL,GO Biological Processes,19,GO:0050808,synapse organization,19_GO:0009987 cellular process,-4,31,9.3,30169,295,10,3,30,14,1399|2064|6780,CRKL|ERBB2|STAU1,-1.5
MyList_MCODE_ALL,GO Biological Processes,19,GO:1901214,regulation of neuron death,19_GO:0050789 regulation of biological process,-3.9,28,8.9,30169,325,10,3,30,14,1965|2821|3689,EIF2S1|GPI|ITGB2,-1.4
MyList_MCODE_ALL,GO Biological Processes,19,GO:0007169,transmembrane receptor protein tyrosine kinase signaling pathway,19_GO:0023052 signaling,-3.5,22,7.7,30169,420,10,3,30,14,1399|2064|7410,CRKL|ERBB2|VAV2,-1.2
MyList_MCODE_ALL,GO Biological Processes,19,GO:0045785,positive regulation of cell adhesion,19_GO:0048518 positive regulation of biological process,-3.3,19,7.1,30169,484,10,3,30,14,1399|2064|3689,CRKL|ERBB2|ITGB2,-1.1
MyList_MCODE_ALL,GO Biological Processes,19,GO:0006417,regulation of translation,19_GO:0008152 metabolic process,-3.3,19,7.1,30169,486,10,3,30,14,1965|1977|2064,EIF2S1|EIF4E|ERBB2,-1.1
MyList_MCODE_ALL,GO Biological Processes,19,GO:0034330,cell junction organization,19_GO:0009987 cellular process,-3.3,19,7.1,30169,489,10,3,30,14,1399|2064|6780,CRKL|ERBB2|STAU1,-1.1
MyList_MCODE_ALL,GO Biological Processes,19,GO:0006935,chemotaxis,19_GO:0040011 locomotion,-3.3,18,6.9,30169,510,10,3,30,14,1399|2064|3689,CRKL|ERBB2|ITGB2,-1.1
MyList_MCODE_ALL,GO Biological Processes,19,GO:0042330,taxis,19_GO:0040011 locomotion,-3.3,18,6.9,30169,512,10,3,30,14,1399|2064|3689,CRKL|ERBB2|ITGB2,-1.1
MyList_MCODE_ALL,Reactome Gene Sets,6,R-HSA-9006934,Signaling by Receptor Tyrosine Kinases,,-3.3,17,6.9,30169,521,10,3,30,14,1399|2064|7410,CRKL|ERBB2|VAV2,-1
MyList_MCODE_ALL,GO Biological Processes,19,GO:1903047,mitotic cell cycle process,19_GO:0009987 cellular process,-3.2,17,6.8,30169,529,10,3,30,14,1977|4173|5426,EIF4E|MCM4|POLE,-1
MyList_MCODE_ALL,GO Biological Processes,19,GO:0040011,locomotion,19_GO:0040011 locomotion,-3.2,17,6.8,30169,530,10,3,30,14,1399|2064|3689,CRKL|ERBB2|ITGB2,-1
MyList_MCODE_ALL,GO Biological Processes,19,GO:0034248,regulation of cellular amide metabolic process,19_GO:0008152 metabolic process,-3.2,16,6.7,30169,551,10,3,30,14,1965|1977|2064,EIF2S1|EIF4E|ERBB2,-1
MyList_MCODE_ALL,GO Biological Processes,19,GO:0050778,positive regulation of immune response,19_GO:0002376 immune system process,-3.1,16,6.5,30169,574,10,3,30,14,1399|3689|7410,CRKL|ITGB2|VAV2,-0.98
MyList_MCODE_ALL,GO Biological Processes,19,GO:2000112,regulation of cellular macromolecule biosynthetic process,19_GO:0008152 metabolic process,-3.1,16,6.5,30169,574,10,3,30,14,1965|1977|2064,EIF2S1|EIF4E|ERBB2,-0.98
MyList_MCODE_ALL,GO Biological Processes,19,GO:0000278,mitotic cell cycle,19_GO:0009987 cellular process,-3,15,6.2,30169,622,10,3,30,14,1977|4173|5426,EIF4E|MCM4|POLE,-0.91
MyList_MCODE_ALL,GO Biological Processes,19,GO:0007167,enzyme-linked receptor protein signaling pathway,19_GO:0023052 signaling,-3,14,6.1,30169,636,10,3,30,14,1399|2064|7410,CRKL|ERBB2|VAV2,-0.9
MyList_MCODE_ALL,GO Biological Processes,19,GO:0001775,cell activation,19_GO:0009987 cellular process,-2.9,13,5.8,30169,695,10,3,30,14,2064|3689|7410,ERBB2|ITGB2|VAV2,-0.82
MyList_MCODE_ALL,Reactome Gene Sets,6,R-HSA-1280215,Cytokine Signaling in Immune system,,-2.8,12,5.7,30169,725,10,3,30,14,1399|1977|3689,CRKL|EIF4E|ITGB2,-0.78
MyList_SUB1_MCODE_1,GO Biological Processes,19,GO:1903047,mitotic cell cycle process,19_GO:0009987 cellular process,-4,29,9,30169,529,6,3,50,20,1977|4173|5426,EIF4E|MCM4|POLE,-1.5
MyList_SUB1_MCODE_1,GO Biological Processes,19,GO:0000278,mitotic cell cycle,19_GO:0009987 cellular process,-3.8,24,8.3,30169,622,6,3,50,20,1977|4173|5426,EIF4E|MCM4|POLE,-1.3
MyList_SUB1_MCODE_2,WikiPathways,27,WP437,EGF/EGFR signaling pathway,,-6.2,1.4e+02,20,30169,162,4,3,75,22,1399|2064|7410,CRKL|ERBB2|VAV2,-2.7
MyList_SUB1_MCODE_2,GO Biological Processes,19,GO:1905475,regulation of protein localization to membrane,19_GO:0051179 localization,-6.1,1.3e+02,20,30169,172,4,3,75,22,1399|2064|3689,CRKL|ERBB2|ITGB2,-2.7
MyList_SUB1_MCODE_2,WikiPathways,27,WP306,Focal adhesion,,-6,1.1e+02,18,30169,198,4,3,75,22,1399|2064|7410,CRKL|ERBB2|VAV2,-2.6
MyList_SUB1_MCODE_2,KEGG Pathway,24,hsa04510,Focal adhesion,,-5.9,1.1e+02,18,30169,201,4,3,75,22,1399|2064|7410,CRKL|ERBB2|VAV2,-2.6
MyList_SUB1_MCODE_2,KEGG Pathway,24,hsa04015,Rap1 signaling pathway,,-5.9,1.1e+02,18,30169,210,4,3,75,22,1399|3689|7410,CRKL|ITGB2|VAV2,-2.6
MyList_SUB1_MCODE_2,KEGG Pathway,24,hsa04810,Regulation of actin cytoskeleton,,-5.8,1e+02,18,30169,218,4,3,75,22,1399|3689|7410,CRKL|ITGB2|VAV2,-2.6
MyList_SUB1_MCODE_2,GO Biological Processes,19,GO:0043087,regulation of GTPase activity,19_GO:0065007 biological regulation,-5.1,60,13,30169,376,4,3,75,22,1399|2064|7410,CRKL|ERBB2|VAV2,-2.1
MyList_SUB1_MCODE_2,GO Biological Processes,19,GO:0007169,transmembrane receptor protein tyrosine kinase signaling pathway,19_GO:0023052 signaling,-5,54,13,30169,420,4,3,75,22,1399|2064|7410,CRKL|ERBB2|VAV2,-2
MyList_SUB1_MCODE_2,GO Biological Processes,19,GO:0045785,positive regulation of cell adhesion,19_GO:0048518 positive regulation of biological process,-4.8,47,12,30169,484,4,3,75,22,1399|2064|3689,CRKL|ERBB2|ITGB2,-1.9
MyList_SUB1_MCODE_2,GO Biological Processes,19,GO:0006935,chemotaxis,19_GO:0040011 locomotion,-4.7,44,11,30169,510,4,3,75,22,1399|2064|3689,CRKL|ERBB2|ITGB2,-1.9
MyList_SUB1_MCODE_2,GO Biological Processes,19,GO:0042330,taxis,19_GO:0040011 locomotion,-4.7,44,11,30169,512,4,3,75,22,1399|2064|3689,CRKL|ERBB2|ITGB2,-1.9
MyList_SUB1_MCODE_2,Reactome Gene Sets,6,R-HSA-9006934,Signaling by Receptor Tyrosine Kinases,,-4.7,43,11,30169,521,4,3,75,22,1399|2064|7410,CRKL|ERBB2|VAV2,-1.9
MyList_SUB1_MCODE_2,GO Biological Processes,19,GO:0040011,locomotion,19_GO:0040011 locomotion,-4.7,43,11,30169,530,4,3,75,22,1399|2064|3689,CRKL|ERBB2|ITGB2,-1.9
MyList_SUB1_MCODE_2,GO Biological Processes,19,GO:0050778,positive regulation of immune response,19_GO:0002376 immune system process,-4.6,39,11,30169,574,4,3,75,22,1399|3689|7410,CRKL|ITGB2|VAV2,-1.9
MyList_SUB1_MCODE_2,GO Biological Processes,19,GO:0007167,enzyme-linked receptor protein signaling pathway,19_GO:0023052 signaling,-4.4,36,10,30169,636,4,3,75,22,1399|2064|7410,CRKL|ERBB2|VAV2,-1.8
MyList_SUB1_MCODE_2,GO Biological Processes,19,GO:0001775,cell activation,19_GO:0009987 cellular process,-4.3,33,9.7,30169,695,4,3,75,22,2064|3689|7410,ERBB2|ITGB2|VAV2,-1.7
