_MEMBER_MyList,_LogP_MyList,GO,_PATTERN_,_RANK_,GiniIndex,Category,CategoryID,Description,PARENT_GO,LogP,Enrichment,Z-score,#TotalGeneInLibrary,#GeneInGO,#GeneInHitList,#GeneInGOAndHitList,%InGO,STDV %InGO,GeneID,Hits,Log(q-value),EvidenceCutoff
1,-4.4,M39176,M1,1,0,Cell Type Signatures,7,MURARO PANCREAS ENDOTHELIAL CELL,,-4.4,4.9,5.6,30169,362,170,10,5.9,1.8,2321|3487|8322|10161|23216|23462|51225|83700|126669|153090,FLT1|IGFBP4|FZD4|LPAR6|TBC1D1|HEY1|ABI3|JAM3|SHE|DAB2IP,-1.7,0
1,-3.9,M39224,M1,1,0,Cell Type Signatures,7,LAKE ADULT KIDNEY C5 PROXIMAL TUBULE EPITHELIAL CELLS STRESS INFLAM,,-3.9,4.3,5,30169,417,170,10,5.9,1.8,596|4810|22978|23476|51085|54986|56606|79925|83937|159963,BCL2|NHS|NT5C2|BRD4|MLXIPL|ULK4|SLC2A9|SPEF2|RASSF4|SLC5A12,-1.4,0
1,-3.6,M39222,M1,1,0,Cell Type Signatures,7,LAKE ADULT KIDNEY C3 PROXIMAL TUBULE EPITHELIAL CELLS S1 S2,,-3.6,5.6,5.2,30169,221,170,7,4.1,1.5,596|4810|5218|54986|56606|79623|159963,BCL2|NHS|CDK14|ULK4|SLC2A9|GALNT14|SLC5A12,-1.3,0
1,-3.6,M39022,M1,1,0,Cell Type Signatures,7,FAN EMBRYONIC CTX BIG GROUPS MICROGLIA,,-3.6,4.3,4.8,30169,371,170,9,5.3,1.7,811|1230|3055|5166|5742|6850|7538|10161|51225,CALR|CCR1|HCK|PDK4|PTGS1|SYK|ZFP36|LPAR6|ABI3,-1.3,0
1,-3.4,M39236,M1,1,0,Cell Type Signatures,7,LAKE ADULT KIDNEY C17 COLLECTING SYSTEM PCS STRESSED DISSOC SUBSET,,-3.4,5.2,4.9,30169,240,170,7,4.1,1.5,4864|5166|7538|10891|79789|81539|85477,NPC1|PDK4|ZFP36|PPARGC1A|CLMN|SLC38A1|SCIN,-1.1,0
1,-3.3,M39223,M1,1,0,Cell Type Signatures,7,LAKE ADULT KIDNEY C4 PROXIMAL TUBULE EPITHELIAL CELLS S2,,-3.3,6,5.1,30169,176,170,6,3.5,1.4,596|4810|5218|5747|56606|79623,BCL2|NHS|CDK14|PTK2|SLC2A9|GALNT14,-1.1,0
1,-3.3,M39074,M1,1,0,Cell Type Signatures,7,ZHONG PFC MAJOR TYPES ASTROCYTES,,-3.3,4.4,4.6,30169,325,170,8,4.7,1.6,3487|3732|4915|5339|6646|23462|55504|83937,IGFBP4|CD82|NTRK2|PLEC|SOAT1|HEY1|TNFRSF19|RASSF4,-1.1,0
1,-3.3,M39160,M1,1,0,Cell Type Signatures,7,GAO LARGE INTESTINE 24W C11 PANETH LIKE CELL,,-3.3,4.4,4.6,30169,325,170,8,4.7,1.6,1230|1378|3055|5142|7405|10161|51225|340348,CCR1|CR1|HCK|PDE4B|UVRAG|LPAR6|ABI3|TSPAN33,-1.1,0
1,-3.2,M39170,M1,1,0,Cell Type Signatures,7,MURARO PANCREAS DELTA CELL,,-3.2,5,4.7,30169,250,170,7,4.1,1.5,5218|9581|51268|54536|81539|83700|386617,CDK14|PREPL|PIPOX|EXOC6|SLC38A1|JAM3|KCTD8,-1.1,0
1,-3.2,M41691,M1,1,0,Cell Type Signatures,7,TRAVAGLINI LUNG PLATELET MEGAKARYOCYTE CELL,,-3.2,3.2,4.2,30169,604,170,11,6.5,1.9,90|5742|5747|5816|6590|7277|83700|83877|89765|219681|340348,ACVR1|PTGS1|PTK2|PVALB|SLPI|TUBA4A|JAM3|TM2D2|RSPH1|ARMC3|TSPAN33,-1,0
1,-3,M39077,M1,1,0,Cell Type Signatures,7,ZHONG PFC MAJOR TYPES MICROGLIA,,-3,3.6,4.2,30169,438,170,9,5.3,1.7,1230|3055|5166|5742|6850|7538|10161|51225|83937,CCR1|HCK|PDK4|PTGS1|SYK|ZFP36|LPAR6|ABI3|RASSF4,-0.96,0
1,-2.9,M40033,M1,1,0,Cell Type Signatures,7,BUSSLINGER DUODENAL TUFT CELLS,,-2.9,8.8,5.3,30169,81,170,4,2.4,1.2,3055|5742|23476|79789,HCK|PTGS1|BRD4|CLMN,-0.89,0
1,-2.9,M39117,M1,1,0,Cell Type Signatures,7,AIZARANI LIVER C13 LSECS 2,,-2.9,4.4,4.3,30169,283,170,7,4.1,1.5,2321|3487|5166|6525|8322|10161|126669,FLT1|IGFBP4|PDK4|SMTN|FZD4|LPAR6|SHE,-0.89,0
1,-2.9,M39136,M1,1,0,Cell Type Signatures,7,GAO ESOPHAGUS 25W C1 CILIATED EPITHELIAL CELLS,,-2.9,3.5,4,30169,457,170,9,5.3,1.7,4753|23345|55504|55638|79925|89765|89782|219681|339829,NELL2|SYNE1|TNFRSF19|SYBU|SPEF2|RSPH1|LMLN|ARMC3|CCDC39,-0.89,0
1,-2.7,M39104,M1,1,0,Cell Type Signatures,7,ZHONG PFC C3 MICROGLIA,,-2.7,3.3,3.8,30169,488,170,9,5.3,1.7,3881|4753|4915|9581|27328|55638|114787|127703|153090,KRT31|NELL2|NTRK2|PREPL|PCDH11X|SYBU|GPRIN1|C1orf216|DAB2IP,-0.8,0
1,-2.6,M40283,M1,1,0,Cell Type Signatures,7,DESCARTES FETAL PLACENTA VASCULAR ENDOTHELIAL CELLS,,-2.6,7,4.5,30169,102,170,4,2.4,1.2,23462|54536|83700|126669,HEY1|EXOC6|JAM3|SHE,-0.7,0
1,-2.4,M40157,M1,1,0,Cell Type Signatures,7,DESCARTES FETAL CEREBELLUM MICROGLIA,,-2.4,2.8,3.4,30169,642,170,10,5.9,1.8,1230|1259|3055|5166|5742|6850|57091|59350|79890|85477,CCR1|CNGA1|HCK|PDK4|PTGS1|SYK|CASS4|RXFP1|RIN3|SCIN,-0.64,0
1,-2.4,M39039,M1,1,0,Cell Type Signatures,7,FAN EMBRYONIC CTX BRAIN ENDOTHELIAL 1,,-2.4,3.2,3.5,30169,440,170,8,4.7,1.6,90|2321|3487|3732|5142|6525|8322|23462,ACVR1|FLT1|IGFBP4|CD82|PDE4B|SMTN|FZD4|HEY1,-0.64,0
1,-2.4,M39129,M1,1,0,Cell Type Signatures,7,AIZARANI LIVER C30 HEPATOCYTES 4,,-2.4,3.2,3.5,30169,446,170,8,4.7,1.6,5873|9342|10891|29974|51085|54757|79660|79789,RAB27A|SNAP29|PPARGC1A|A1CF|MLXIPL|FAM20A|PPP1R3B|CLMN,-0.61,0
1,-2.4,M39209,M1,1,0,Cell Type Signatures,7,HAY BONE MARROW STROMAL,,-2.4,2.6,3.3,30169,765,170,11,6.5,1.9,3487|4915|5596|6590|7538|8322|9828|29950|54757|55504|148398,IGFBP4|NTRK2|MAPK4|SLPI|ZFP36|FZD4|ARHGEF17|SERTAD1|FAM20A|TNFRSF19|SAMD11,-0.6,0
1,-2.4,M40201,M1,1,0,Cell Type Signatures,7,DESCARTES FETAL HEART SATB2 LRRC7 POSITIVE CELLS,,-2.4,6.1,4.2,30169,116,170,4,2.4,1.2,2912|4753|27328|253559,GRM2|NELL2|PCDH11X|CADM2,-0.6,0
1,-2.3,M40292,M1,1,0,Cell Type Signatures,7,DESCARTES FETAL SPLEEN MESOTHELIAL CELLS,,-2.3,4.6,3.7,30169,195,170,5,2.9,1.3,6590|7538|79660|339829|386617,SLPI|ZFP36|PPP1R3B|CCDC39|KCTD8,-0.56,0
1,-2.3,M39056,M1,1,0,Cell Type Signatures,7,MANNO MIDBRAIN NEUROTYPES HRGL3,,-2.3,2.8,3.2,30169,574,170,9,5.3,1.7,90|3755|4915|23462|81539|83478|89765|219681|339829,ACVR1|KCNG1|NTRK2|HEY1|SLC38A1|ARHGAP24|RSPH1|ARMC3|CCDC39,-0.54,0
1,-2.3,M39051,M1,1,0,Cell Type Signatures,7,MANNO MIDBRAIN NEUROTYPES HMGL,,-2.3,2.8,3.2,30169,577,170,9,5.3,1.7,1230|4864|5166|6850|7538|10161|51225|83937|85477,CCR1|NPC1|PDK4|SYK|ZFP36|LPAR6|ABI3|RASSF4|SCIN,-0.53,0
1,-2.2,M39231,M1,1,0,Cell Type Signatures,7,LAKE ADULT KIDNEY C12 THICK ASCENDING LIMB,,-2.2,3.3,3.3,30169,381,170,7,4.1,1.5,291|1340|4915|6748|10891|83478|340348,SLC25A4|COX6B1|NTRK2|SSR4|PPARGC1A|ARHGAP24|TSPAN33,-0.51,0
1,-2.2,M39264,M1,1,0,Cell Type Signatures,7,HU FETAL RETINA FIBROBLAST,,-2.2,3.2,3.3,30169,385,170,7,4.1,1.5,3487|4810|6525|7538|10161|29950|85477,IGFBP4|NHS|SMTN|ZFP36|LPAR6|SERTAD1|SCIN,-0.5,0
1,-2.2,M40259,M1,1,0,Cell Type Signatures,7,DESCARTES FETAL MUSCLE MYELOID CELLS,,-2.2,5.5,3.8,30169,130,170,4,2.4,1.2,1378|3055|51268|54757,CR1|HCK|PIPOX|FAM20A,-0.5,0
1,-2.2,M39232,M1,1,0,Cell Type Signatures,7,LAKE ADULT KIDNEY C13 THICK ASCENDING LIMB,,-2.2,5.4,3.8,30169,131,170,4,2.4,1.2,4810|10891|79789|83478,NHS|PPARGC1A|CLMN|ARHGAP24,-0.49,0
1,-2.2,M39070,M1,1,0,Cell Type Signatures,7,MANNO MIDBRAIN NEUROTYPES HNBGABA,,-2.2,2.5,3.1,30169,703,170,10,5.9,1.8,10891|55638|57719|64167|64753|81539|253559|283554|339829|386617,PPARGC1A|SYBU|ANO8|ERAP2|CCDC136|SLC38A1|CADM2|GPR137C|CCDC39|KCTD8,-0.48,0
1,-2.2,M39020,M1,1,0,Cell Type Signatures,7,FAN EMBRYONIC CTX BIG GROUPS GLIAL,,-2.2,5.3,3.8,30169,133,170,4,2.4,1.2,4915|5142|23462|253559,NTRK2|PDE4B|HEY1|CADM2,-0.47,0
1,-2.1,M39017,M1,1,0,Cell Type Signatures,7,FAN EMBRYONIC CTX BIG GROUPS CAJAL RETZIUS,,-2.1,2.8,3.1,30169,499,170,8,4.7,1.6,291|412|2912|5142|5218|7277|10891|340348,SLC25A4|STS|GRM2|PDE4B|CDK14|TUBA4A|PPARGC1A|TSPAN33,-0.44,0
1,-2.1,M41690,M1,1,0,Cell Type Signatures,7,TRAVAGLINI LUNG BASOPHIL MAST 2 CELL,,-2.1,2.8,3.1,30169,502,170,8,4.7,1.6,3732|5742|7538|8651|23462|27316|29950|85477,CD82|PTGS1|ZFP36|SOCS1|HEY1|RBMX|SERTAD1|SCIN,-0.43,0
1,-2.1,M39235,M1,1,0,Cell Type Signatures,7,LAKE ADULT KIDNEY C16 COLLECTING SYSTEM PRINCIPAL CELLS CORTEX,,-2.1,5,3.6,30169,141,170,4,2.4,1.2,5747|81539|85477|386617,PTK2|SLC38A1|SCIN|KCTD8,-0.41,0
1,-2.1,M40230,M1,1,0,Cell Type Signatures,7,DESCARTES FETAL LIVER VASCULAR ENDOTHELIAL CELLS,,-2.1,5,3.6,30169,142,170,4,2.4,1.2,2321|5816|5972|339829,FLT1|PVALB|REN|CCDC39,-0.4,0
1,-2,M39201,M1,1,0,Cell Type Signatures,7,HAY BONE MARROW MONOCYTE,,-2,3.9,3.3,30169,227,170,5,2.9,1.3,3055|5166|51063|51225|79890,HCK|PDK4|CALHM2|ABI3|RIN3,-0.37,0
1,-2,M40158,M1,1,0,Cell Type Signatures,7,DESCARTES FETAL CEREBELLUM VASCULAR ENDOTHELIAL CELLS,,-2,2.5,2.9,30169,632,170,9,5.3,1.7,2321|3487|3732|6525|8322|26508|29950|64167|126669,FLT1|IGFBP4|CD82|SMTN|FZD4|HEYL|SERTAD1|ERAP2|SHE,-0.36,0
