_MEMBER_MyList,_LogP_MyList,GO,_PATTERN_,_RANK_,GiniIndex,Category,CategoryID,Description,PARENT_GO,LogP,Enrichment,Z-score,#TotalGeneInLibrary,#GeneInGO,#GeneInHitList,#GeneInGOAndHitList,%InGO,STDV %InGO,GeneID,Hits,Log(q-value),EvidenceCutoff
1,-3.1,PGB:00064,M1,1,0,PaGenBase,36,Cell-specific: RPMI 8226,,-3.1,16,6.5,30169,33,170,3,1.8,1,412|1230|5816,STS|CCR1|PVALB,-0.97,0
1,-2.7,PGB:00054,M1,1,0,PaGenBase,36,Tissue-specific: thyroid,,-2.7,4.6,4.1,30169,232,170,6,3.5,1.4,2041|3622|7038|9413|23345|63935,EPHA1|ING2|TG|ENTREP1|SYNE1|PCIF1,-0.77,0
1,-2.4,PGB:00014,M1,1,0,PaGenBase,36,Cell-specific: DRG,,-2.4,3.1,3.4,30169,455,170,8,4.7,1.6,102|291|4915|5816|6530|6590|7439|159963,ADAM10|SLC25A4|NTRK2|PVALB|SLC6A2|SLPI|BEST1|SLC5A12,-0.59,0
1,-2.2,PGB:00004,M1,1,0,PaGenBase,36,Tissue-specific: kidney,,-2.2,2.9,3.2,30169,483,170,8,4.7,1.6,596|5972|23216|56606|79623|159963|340348|100126791,BCL2|REN|TBC1D1|SLC2A9|GALNT14|SLC5A12|TSPAN33|EGOT,-0.5,0
