_MEMBER_MyList,_LogP_MyList,GO,_PATTERN_,_RANK_,GiniIndex,Category,CategoryID,Description,PARENT_GO,LogP,Enrichment,Z-score,#TotalGeneInLibrary,#GeneInGO,#GeneInHitList,#GeneInGOAndHitList,%InGO,STDV %InGO,GeneID,Hits,Log(q-value),EvidenceCutoff
1,-4.9,TRR00602,M1,1,0,TRRUST,34,Regulated by: IRF1,,-4.9,16,8.5,30169,54,170,5,2.9,1.3,596|6590|8651|64167|246778,BCL2|SLPI|SOCS1|ERAP2|IL27,-2,0
1,-4.1,TRR01062,M1,1,0,TRRUST,34,Regulated by: PPARG,,-4.1,12,7,30169,77,170,5,2.9,1.3,596|5972|6646|7038|81539,BCL2|REN|SOAT1|TG|SLC38A1,-1.6,0
1,-2.9,TRR00230,M1,1,0,TRRUST,34,Regulated by: E2F1,,-2.9,6.2,4.7,30169,142,170,5,2.9,1.3,596|2321|4753|5166|9474,BCL2|FLT1|NELL2|PDK4|ATG5,-0.88,0
1,-2.5,TRR01158,M1,1,0,TRRUST,34,Regulated by: RELA,,-2.5,3.7,3.8,30169,333,170,7,4.1,1.5,596|5166|5742|6367|6737|64167|114787,BCL2|PDK4|PTGS1|CCL22|TRIM21|ERAP2|GPRIN1,-0.69,0
1,-2.5,TRR00875,M1,1,0,TRRUST,34,Regulated by: NFKB1,,-2.5,3.7,3.7,30169,339,170,7,4.1,1.5,596|5166|5742|6367|6737|64167|114787,BCL2|PDK4|PTGS1|CCL22|TRIM21|ERAP2|GPRIN1,-0.66,0
