Category,CategoryID,GO,Description,PARENT_GO,LogP,Enrichment,Z-score,#TotalGeneInLibrary,#GeneInGO,#GeneInHitList,#GeneInGOAndHitList,%InGO,STDV %InGO,GeneID,Hits,Log(q-value),GeneList
GO Biological Processes,19,GO:0007507,heart development,19_GO:0032502 developmental process,-4.7,5.4,6,30182,562,100,10,10,3,2257|3084|5463|5915|5978|6331|7403|8463|29072|55636,FGF12|NRG1|POU6F1|RARB|REST|SCN5A|KDM6A|TEAD2|SETD2|CHD7,-0.82,MyList
KEGG Pathway,24,hsa04625,C-type lectin receptor signaling pathway,,-4.6,15,8,30182,104,100,5,5,2.2,1960|3708|5295|5601|6773,EGR3|ITPR1|PIK3R1|MAPK9|STAT2,-0.82,MyList
GO Biological Processes,19,GO:0006351,DNA-templated transcription,19_GO:0008152 metabolic process,-4.5,5,5.8,30182,599,100,10,10,3,607|1054|3084|4520|4800|5295|6239|8463|29072|55636,BCL9|CEBPG|NRG1|MTF1|NFYA|PIK3R1|RREB1|TEAD2|SETD2|CHD7,-0.82,MyList
GO Biological Processes,19,GO:0097659,nucleic acid-templated transcription,19_GO:0008152 metabolic process,-4.5,5,5.7,30182,601,100,10,10,3,607|1054|3084|4520|4800|5295|6239|8463|29072|55636,BCL9|CEBPG|NRG1|MTF1|NFYA|PIK3R1|RREB1|TEAD2|SETD2|CHD7,-0.82,MyList
GO Biological Processes,19,GO:0032774,RNA biosynthetic process,19_GO:0008152 metabolic process,-4.4,4.9,5.7,30182,612,100,10,10,3,607|1054|3084|4520|4800|5295|6239|8463|29072|55636,BCL9|CEBPG|NRG1|MTF1|NFYA|PIK3R1|RREB1|TEAD2|SETD2|CHD7,-0.82,MyList
GO Biological Processes,19,GO:0061061,muscle structure development,19_GO:0032502 developmental process,-4.3,5.4,5.7,30182,504,100,9,9,2.9,607|1960|3084|5463|5915|5978|55636|64754|221937,BCL9|EGR3|NRG1|POU6F1|RARB|REST|CHD7|SMYD3|FOXK1,-0.82,MyList
GO Biological Processes,19,GO:0030900,forebrain development,19_GO:0032502 developmental process,-4.3,6.1,5.9,30182,396,100,8,8,2.7,5915|6331|6506|22930|26047|26468|29072|55636,RARB|SCN5A|SLC1A2|RAB3GAP1|CNTNAP2|LHX6|SETD2|CHD7,-0.82,MyList
GO Biological Processes,19,GO:0007420,brain development,19_GO:0032502 developmental process,-4.3,4.3,5.3,30182,777,100,11,11,3.1,5090|5463|5915|6331|6506|22930|26047|26468|29072|55636|91137,PBX3|POU6F1|RARB|SCN5A|SLC1A2|RAB3GAP1|CNTNAP2|LHX6|SETD2|CHD7|SLC25A46,-0.82,MyList
Reactome Gene Sets,6,R-HSA-5576891,Cardiac conduction,,-4.1,11,6.9,30182,132,100,5,5,2.2,2257|3708|6331|30818|80333,FGF12|ITPR1|SCN5A|KCNIP3|KCNIP4,-0.73,MyList
GO Biological Processes,19,GO:0034968,histone lysine methylation,19_GO:0008152 metabolic process,-4.1,17,7.9,30182,69,100,4,4,2,4800|7403|29072|64754,NFYA|KDM6A|SETD2|SMYD3,-0.73,MyList
WikiPathways,27,WP5087,Malignant pleural mesothelioma,,-4,5.5,5.5,30182,440,100,8,8,2.7,2257|5601|6667|7403|8463|29072|29119|283349,FGF12|MAPK9|SP1|KDM6A|TEAD2|SETD2|CTNNA3|RASSF3,-0.7,MyList
GO Biological Processes,19,GO:0030534,adult behavior,19_GO:0032501 multicellular organismal process,-3.9,11,6.6,30182,143,100,5,5,2.2,2257|5090|6506|26047|55636,FGF12|PBX3|SLC1A2|CNTNAP2|CHD7,-0.7,MyList
KEGG Pathway,24,hsa05017,Spinocerebellar ataxia,,-3.9,11,6.6,30182,143,100,5,5,2.2,3708|4800|5295|5601|6667,ITPR1|NFYA|PIK3R1|MAPK9|SP1,-0.7,MyList
GO Biological Processes,19,GO:0099536,synaptic signaling,19_GO:0023052 signaling,-3.8,5.3,5.3,30182,457,100,8,8,2.7,1960|2257|2742|3708|6506|8973|22930|27115,EGR3|FGF12|GLRA2|ITPR1|SLC1A2|CHRNA6|RAB3GAP1|PDE7B,-0.66,MyList
GO Biological Processes,19,GO:0006366,transcription by RNA polymerase II,19_GO:0008152 metabolic process,-3.8,6.2,5.5,30182,343,100,7,7,2.6,607|4800|5295|6239|8463|29072|55636,BCL9|NFYA|PIK3R1|RREB1|TEAD2|SETD2|CHD7,-0.66,MyList
GO Biological Processes,19,GO:1904062,regulation of monoatomic cation transmembrane transport,19_GO:0051179 localization,-3.8,6.1,5.5,30182,346,100,7,7,2.6,117|1804|2257|6331|30818|55636|80333,ADCYAP1R1|DPP6|FGF12|SCN5A|KCNIP3|CHD7|KCNIP4,-0.66,MyList
WikiPathways,27,WP2857,Mesodermal commitment pathway,,-3.8,9.8,6.3,30182,154,100,5,5,2.2,5090|5915|7403|8463|29072,PBX3|RARB|KDM6A|TEAD2|SETD2,-0.66,MyList
WikiPathways,27,WP706,Sudden infant death syndrome (SIDS) susceptibility pathways,,-3.7,9.4,6.2,30182,160,100,5,5,2.2,117|4800|5978|6331|6667,ADCYAP1R1|NFYA|REST|SCN5A|SP1,-0.61,MyList
GO Biological Processes,19,GO:0018022,peptidyl-lysine methylation,19_GO:0008152 metabolic process,-3.7,14,6.9,30182,88,100,4,4,2,4800|7403|29072|64754,NFYA|KDM6A|SETD2|SMYD3,-0.61,MyList
GO Biological Processes,19,GO:0034762,regulation of transmembrane transport,19_GO:0051179 localization,-3.7,4.4,4.9,30182,619,100,9,9,2.9,117|1804|2257|5295|6331|6506|30818|55636|80333,ADCYAP1R1|DPP6|FGF12|PIK3R1|SCN5A|SLC1A2|KCNIP3|CHD7|KCNIP4,-0.61,MyList
GO Biological Processes,19,GO:0016571,histone methylation,19_GO:0008152 metabolic process,-3.6,13,6.8,30182,90,100,4,4,2,4800|7403|29072|64754,NFYA|KDM6A|SETD2|SMYD3,-0.61,MyList
GO Biological Processes,19,GO:0021537,telencephalon development,19_GO:0032502 developmental process,-3.5,6.7,5.4,30182,270,100,6,6,2.4,5915|6331|6506|26047|26468|55636,RARB|SCN5A|SLC1A2|CNTNAP2|LHX6|CHD7,-0.56,MyList
GO Biological Processes,19,GO:0045445,myoblast differentiation,19_GO:0032502 developmental process,-3.5,23,8,30182,39,100,3,3,1.7,607|3084|5978,BCL9|NRG1|REST,-0.56,MyList
GO Biological Processes,19,GO:0017158,regulation of calcium ion-dependent exocytosis,19_GO:0051179 localization,-3.5,23,8,30182,39,100,3,3,1.7,5978|22930|51760,REST|RAB3GAP1|SYT17,-0.56,MyList
KEGG Pathway,24,hsa05231,Choline metabolism in cancer,,-3.5,12,6.5,30182,98,100,4,4,2,5295|5601|6667|139189,PIK3R1|MAPK9|SP1|DGKK,-0.54,MyList
Reactome Gene Sets,6,R-HSA-2426168,Activation of gene expression by SREBF (SREBP),,-3.4,22,7.7,30182,42,100,3,3,1.7,4520|4800|6667,MTF1|NFYA|SP1,-0.5,MyList
Canonical Pathways,11,M175,PID ERBB2 ERBB3 PATHWAY,,-3.4,21,7.5,30182,44,100,3,3,1.7,3084|5295|5601,NRG1|PIK3R1|MAPK9,-0.47,MyList
GO Biological Processes,19,GO:0007268,chemical synaptic transmission,19_GO:0023052 signaling,-3.4,5.1,4.9,30182,411,100,7,7,2.6,1960|2257|2742|6506|8973|22930|27115,EGR3|FGF12|GLRA2|SLC1A2|CHRNA6|RAB3GAP1|PDE7B,-0.47,MyList
GO Biological Processes,19,GO:0098916,anterograde trans-synaptic signaling,19_GO:0023052 signaling,-3.4,5.1,4.9,30182,411,100,7,7,2.6,1960|2257|2742|6506|8973|22930|27115,EGR3|FGF12|GLRA2|SLC1A2|CHRNA6|RAB3GAP1|PDE7B,-0.47,MyList
GO Biological Processes,19,GO:0010959,regulation of metal ion transport,19_GO:0051179 localization,-3.3,5,4.8,30182,423,100,7,7,2.6,117|1804|2257|6331|30818|55636|80333,ADCYAP1R1|DPP6|FGF12|SCN5A|KCNIP3|CHD7|KCNIP4,-0.42,MyList
GO Biological Processes,19,GO:0071248,cellular response to metal ion,19_GO:0050896 response to stimulus,-3.3,7.6,5.4,30182,199,100,5,5,2.2,2742|4520|5601|6331|51760,GLRA2|MTF1|MAPK9|SCN5A|SYT17,-0.42,MyList
GO Biological Processes,19,GO:0007517,muscle organ development,19_GO:0032502 developmental process,-3.2,5.9,5,30182,307,100,6,6,2.4,607|1960|3084|5463|55636|221937,BCL9|EGR3|NRG1|POU6F1|CHD7|FOXK1,-0.42,MyList
GO Biological Processes,19,GO:0099537,trans-synaptic signaling,19_GO:0023052 signaling,-3.2,4.9,4.7,30182,428,100,7,7,2.6,1960|2257|2742|6506|8973|22930|27115,EGR3|FGF12|GLRA2|SLC1A2|CHRNA6|RAB3GAP1|PDE7B,-0.42,MyList
WikiPathways,27,WP4659,Gastrin signaling pathway,,-3.2,10,5.9,30182,115,100,4,4,2,5295|5601|6667|51564,PIK3R1|MAPK9|SP1|HDAC7,-0.42,MyList
Reactome Gene Sets,6,R-HSA-187037,Signaling by NTRK1 (TRKA),,-3.2,10,5.9,30182,115,100,4,4,2,117|1960|5295|5978,ADCYAP1R1|EGR3|PIK3R1|REST,-0.42,MyList
Reactome Gene Sets,6,R-HSA-397014,Muscle contraction,,-3.2,7.4,5.3,30182,205,100,5,5,2.2,2257|3708|6331|30818|80333,FGF12|ITPR1|SCN5A|KCNIP3|KCNIP4,-0.42,MyList
Reactome Gene Sets,6,R-HSA-1655829,Regulation of cholesterol biosynthesis by SREBP (SREBF),,-3.1,16,6.6,30182,55,100,3,3,1.7,4520|4800|6667,MTF1|NFYA|SP1,-0.31,MyList
GO Biological Processes,19,GO:0030183,B cell differentiation,19_GO:0002376 immune system process,-3,9.3,5.5,30182,130,100,4,4,2,1054|5295|7163|55619,CEBPG|PIK3R1|TPD52|DOCK10,-0.27,MyList
GO Biological Processes,19,GO:0007610,behavior,19_GO:0032501 multicellular organismal process,-3,4,4.3,30182,607,100,8,8,2.7,2257|5090|6506|9867|10888|26047|55636|91137,FGF12|PBX3|SLC1A2|PJA2|GPR83|CNTNAP2|CHD7|SLC25A46,-0.27,MyList
GO Biological Processes,19,GO:0071241,cellular response to inorganic substance,19_GO:0050896 response to stimulus,-3,6.6,4.9,30182,230,100,5,5,2.2,2742|4520|5601|6331|51760,GLRA2|MTF1|MAPK9|SCN5A|SYT17,-0.24,MyList
Reactome Gene Sets,6,R-HSA-166520,Signaling by NTRKs,,-3,9,5.4,30182,134,100,4,4,2,117|1960|5295|5978,ADCYAP1R1|EGR3|PIK3R1|REST,-0.24,MyList
GO Biological Processes,19,GO:0034765,regulation of monoatomic ion transmembrane transport,19_GO:0051179 localization,-3,4.4,4.3,30182,478,100,7,7,2.6,117|1804|2257|6331|30818|55636|80333,ADCYAP1R1|DPP6|FGF12|SCN5A|KCNIP3|CHD7|KCNIP4,-0.24,MyList
GO Biological Processes,19,GO:0098900,regulation of action potential,19_GO:0050789 regulation of biological process,-3,15,6.2,30182,61,100,3,3,1.7,2257|6331|29119,FGF12|SCN5A|CTNNA3,-0.24,MyList
GO Biological Processes,19,GO:0009725,response to hormone,19_GO:0050896 response to stimulus,-2.9,3.5,4,30182,784,100,9,9,2.9,5295|5915|5978|6667|6773|10888|54328|64754|158800,PIK3R1|RARB|REST|SP1|STAT2|GPR83|GPR173|SMYD3|RHOXF1,-0.23,MyList
GO Biological Processes,19,GO:0006479,protein methylation,19_GO:0008152 metabolic process,-2.9,8.6,5.2,30182,140,100,4,4,2,4800|7403|29072|64754,NFYA|KDM6A|SETD2|SMYD3,-0.23,MyList
GO Biological Processes,19,GO:0008213,protein alkylation,19_GO:0008152 metabolic process,-2.9,8.6,5.2,30182,140,100,4,4,2,4800|7403|29072|64754,NFYA|KDM6A|SETD2|SMYD3,-0.23,MyList
Reactome Gene Sets,6,R-HSA-388396,GPCR downstream signalling,,-2.9,3.8,4.1,30182,635,100,8,8,2.7,117|2918|3708|5295|10846|10888|27115|139189,ADCYAP1R1|GRM8|ITPR1|PIK3R1|PDE10A|GPR83|PDE7B|DGKK,-0.23,MyList
GO Biological Processes,19,GO:0032870,cellular response to hormone stimulus,19_GO:0050896 response to stimulus,-2.8,4.2,4.2,30182,501,100,7,7,2.6,5295|5915|5978|6667|54328|64754|158800,PIK3R1|RARB|REST|SP1|GPR173|SMYD3|RHOXF1,-0.18,MyList
GO Biological Processes,19,GO:0045667,regulation of osteoblast differentiation,19_GO:0032502 developmental process,-2.8,8.2,5.1,30182,147,100,4,4,2,5978|6096|23051|51564,REST|RORB|ZHX3|HDAC7,-0.17,MyList
GO Biological Processes,19,GO:0034330,cell junction organization,19_GO:0009987 cellular process,-2.8,4.1,4.1,30182,513,100,7,7,2.6,395|4774|5978|22866|51564|55619|91137,ARHGAP6|NFIA|REST|CNKSR2|HDAC7|DOCK10|SLC25A46,-0.16,MyList
GO Biological Processes,19,GO:1905114,cell surface receptor signaling pathway involved in cell-cell signaling,19_GO:0023052 signaling,-2.8,4.8,4.3,30182,377,100,6,6,2.4,607|2742|8973|22930|64359|166336,BCL9|GLRA2|CHRNA6|RAB3GAP1|NXN|PRICKLE2,-0.16,MyList
WikiPathways,27,WP4666,Hepatitis B infection,,-2.8,8,5,30182,151,100,4,4,2,1960|5295|5601|6773,EGR3|PIK3R1|MAPK9|STAT2,-0.16,MyList
GO Biological Processes,19,GO:0001570,vasculogenesis,19_GO:0032502 developmental process,-2.7,13,5.7,30182,72,100,3,3,1.7,8463|29072|51564,TEAD2|SETD2|HDAC7,-0.13,MyList
Reactome Gene Sets,6,R-HSA-9013148,CDC42 GTPase cycle,,-2.7,7.8,4.9,30182,155,100,4,4,2,3895|5295|55619|644150,KTN1|PIK3R1|DOCK10|WIPF3,-0.13,MyList
Reactome Gene Sets,6,R-HSA-418555,G alpha (s) signalling events,,-2.7,7.6,4.8,30182,158,100,4,4,2,117|10846|10888|27115,ADCYAP1R1|PDE10A|GPR83|PDE7B,-0.11,MyList
WikiPathways,27,WP4341,"Non-genomic actions of 1,25 dihydroxyvitamin D3",,-2.7,12,5.5,30182,75,100,3,3,1.7,5601|6667|6773,MAPK9|SP1|STAT2,-0.098,MyList
KEGG Pathway,24,hsa05161,Hepatitis B,,-2.7,7.5,4.7,30182,162,100,4,4,2,1960|5295|5601|6773,EGR3|PIK3R1|MAPK9|STAT2,-0.085,MyList
GO Biological Processes,19,GO:0043547,positive regulation of GTPase activity,19_GO:0065007 biological regulation,-2.7,5.5,4.3,30182,272,100,5,5,2.2,395|9771|9779|22930|55619,ARHGAP6|RAPGEF5|TBC1D5|RAB3GAP1|DOCK10,-0.083,MyList
GO Biological Processes,19,GO:0048511,rhythmic process,19_GO:0048511 rhythmic process,-2.6,5.5,4.3,30182,275,100,5,5,2.2,1960|4800|5601|6096|6667,EGR3|NFYA|MAPK9|RORB|SP1,-0.069,MyList
GO Biological Processes,19,GO:0030098,lymphocyte differentiation,19_GO:0002376 immune system process,-2.6,5.4,4.3,30182,280,100,5,5,2.2,1054|5295|7163|55619|55636,CEBPG|PIK3R1|TPD52|DOCK10|CHD7,-0.044,MyList
GO Biological Processes,19,GO:0008344,adult locomotory behavior,19_GO:0032501 multicellular organismal process,-2.6,11,5.3,30182,81,100,3,3,1.7,2257|5090|55636,FGF12|PBX3|CHD7,-0.044,MyList
Reactome Gene Sets,6,R-HSA-372790,Signaling by GPCR,,-2.6,3.4,3.7,30182,710,100,8,8,2.7,117|2918|3708|5295|10846|10888|27115|139189,ADCYAP1R1|GRM8|ITPR1|PIK3R1|PDE10A|GPR83|PDE7B|DGKK,-0.044,MyList
KEGG Pathway,24,hsa04012,ErbB signaling pathway,,-2.5,11,5.1,30182,85,100,3,3,1.7,3084|5295|5601,NRG1|PIK3R1|MAPK9,0,MyList
GO Biological Processes,19,GO:0051345,positive regulation of hydrolase activity,19_GO:0065007 biological regulation,-2.5,3.7,3.8,30182,569,100,7,7,2.6,117|395|5978|9771|9779|22930|55619,ADCYAP1R1|ARHGAP6|REST|RAPGEF5|TBC1D5|RAB3GAP1|DOCK10,0,MyList
Reactome Gene Sets,6,R-HSA-2029480,Fcgamma receptor (FCGR) dependent phagocytosis,,-2.5,11,5.1,30182,86,100,3,3,1.7,3708|5295|644150,ITPR1|PIK3R1|WIPF3,0,MyList
GO Biological Processes,19,GO:0048864,stem cell development,19_GO:0032502 developmental process,-2.5,11,5.1,30182,86,100,3,3,1.7,3084|29072|54437,NRG1|SETD2|SEMA5B,0,MyList
GO Biological Processes,19,GO:0018205,peptidyl-lysine modification,19_GO:0008152 metabolic process,-2.5,5.1,4.1,30182,294,100,5,5,2.2,4800|7403|29072|51564|64754,NFYA|KDM6A|SETD2|HDAC7|SMYD3,0,MyList
GO Biological Processes,19,GO:0060079,excitatory postsynaptic potential,19_GO:0023052 signaling,-2.5,10,5,30182,88,100,3,3,1.7,2742|8973|22930,GLRA2|CHRNA6|RAB3GAP1,0,MyList
GO Biological Processes,19,GO:0042391,regulation of membrane potential,19_GO:0065007 biological regulation,-2.5,4.2,3.8,30182,433,100,6,6,2.4,2257|2742|6331|8973|22930|29119,FGF12|GLRA2|SCN5A|CHRNA6|RAB3GAP1|CTNNA3,0,MyList
GO Biological Processes,19,GO:0048863,stem cell differentiation,19_GO:0032502 developmental process,-2.5,6.6,4.4,30182,184,100,4,4,2,3084|5978|29072|54437,NRG1|REST|SETD2|SEMA5B,0,MyList
WikiPathways,27,WP69,T-cell receptor signaling pathway,,-2.5,10,5,30182,90,100,3,3,1.7,3708|5295|5601,ITPR1|PIK3R1|MAPK9,0,MyList
Reactome Gene Sets,6,R-HSA-9013149,RAC1 GTPase cycle,,-2.5,6.5,4.3,30182,185,100,4,4,2,3895|5295|55619|644150,KTN1|PIK3R1|DOCK10|WIPF3,0,MyList
GO Biological Processes,19,GO:0048738,cardiac muscle tissue development,19_GO:0032502 developmental process,-2.5,6.5,4.3,30182,186,100,4,4,2,3084|5915|6331|55636,NRG1|RARB|SCN5A|CHD7,0,MyList
KEGG Pathway,24,hsa05016,Huntington disease,,-2.4,4.9,4,30182,306,100,5,5,2.2,3708|5601|5978|6506|6667,ITPR1|MAPK9|REST|SLC1A2|SP1,0,MyList
WikiPathways,27,WP673,ErbB signaling pathway,,-2.4,9.8,4.9,30182,92,100,3,3,1.7,3084|5295|5601,NRG1|PIK3R1|MAPK9,0,MyList
GO Biological Processes,19,GO:0042113,B cell activation,19_GO:0002376 immune system process,-2.4,6.4,4.3,30182,189,100,4,4,2,1054|5295|7163|55619,CEBPG|PIK3R1|TPD52|DOCK10,0,MyList
Reactome Gene Sets,6,R-HSA-9006925,Intracellular signaling by second messengers,,-2.4,4.9,4,30182,309,100,5,5,2.2,3084|3708|5295|5978|51564,NRG1|ITPR1|PIK3R1|REST|HDAC7,0,MyList
Reactome Gene Sets,6,R-HSA-9013423,RAC3 GTPase cycle,,-2.4,9.6,4.8,30182,94,100,3,3,1.7,395|5295|55619,ARHGAP6|PIK3R1|DOCK10,0,MyList
GO Biological Processes,19,GO:0099565,"chemical synaptic transmission, postsynaptic",19_GO:0023052 signaling,-2.4,9.6,4.8,30182,94,100,3,3,1.7,2742|8973|22930,GLRA2|CHRNA6|RAB3GAP1,0,MyList
GO Biological Processes,19,GO:1901379,regulation of potassium ion transmembrane transport,19_GO:0051179 localization,-2.4,9.6,4.8,30182,94,100,3,3,1.7,1804|30818|80333,DPP6|KCNIP3|KCNIP4,0,MyList
GO Biological Processes,19,GO:0043269,regulation of monoatomic ion transport,19_GO:0051179 localization,-2.4,3.5,3.6,30182,599,100,7,7,2.6,117|1804|2257|6331|30818|55636|80333,ADCYAP1R1|DPP6|FGF12|SCN5A|KCNIP3|CHD7|KCNIP4,0,MyList
Reactome Gene Sets,6,R-HSA-9012999,RHO GTPase cycle,,-2.4,4,3.7,30182,449,100,6,6,2.4,395|3895|5295|55619|79180|644150,ARHGAP6|KTN1|PIK3R1|DOCK10|EFHD2|WIPF3,0,MyList
GO Biological Processes,19,GO:0014706,striated muscle tissue development,19_GO:0032502 developmental process,-2.4,6.3,4.2,30182,192,100,4,4,2,3084|5915|6331|55636,NRG1|RARB|SCN5A|CHD7,0,MyList
KEGG Pathway,24,hsa05167,Kaposi sarcoma-associated herpesvirus infection,,-2.4,6.2,4.2,30182,194,100,4,4,2,3708|5295|5601|6773,ITPR1|PIK3R1|MAPK9|STAT2,0,MyList
GO Biological Processes,19,GO:0007626,locomotory behavior,19_GO:0032501 multicellular organismal process,-2.4,6.2,4.2,30182,195,100,4,4,2,2257|5090|55636|91137,FGF12|PBX3|CHD7|SLC25A46,0,MyList
GO Biological Processes,19,GO:0050808,synapse organization,19_GO:0009987 cellular process,-2.4,4.8,3.9,30182,317,100,5,5,2.2,4774|5978|22866|55619|91137,NFIA|REST|CNKSR2|DOCK10|SLC25A46,0,MyList
KEGG Pathway,24,hsa04070,Phosphatidylinositol signaling system,,-2.4,9.3,4.7,30182,97,100,3,3,1.7,3708|5295|139189,ITPR1|PIK3R1|DGKK,0,MyList
GO Biological Processes,19,GO:0051952,regulation of amine transport,19_GO:0051179 localization,-2.4,9.2,4.7,30182,98,100,3,3,1.7,8973|22930|51760,CHRNA6|RAB3GAP1|SYT17,0,MyList
KEGG Pathway,24,hsa04750,Inflammatory mediator regulation of TRP channels,,-2.4,9.2,4.7,30182,98,100,3,3,1.7,3708|5295|5601,ITPR1|PIK3R1|MAPK9,0,MyList
KEGG Pathway,24,hsa01522,Endocrine resistance,,-2.4,9.2,4.7,30182,98,100,3,3,1.7,5295|5601|6667,PIK3R1|MAPK9|SP1,0,MyList
GO Biological Processes,19,GO:0072659,protein localization to plasma membrane,19_GO:0051179 localization,-2.4,6.1,4.1,30182,199,100,4,4,2,1804|30818|57554|80333,DPP6|KCNIP3|LRRC7|KCNIP4,0,MyList
GO Biological Processes,19,GO:1903131,mononuclear cell differentiation,19_GO:0032502 developmental process,-2.3,4.7,3.8,30182,324,100,5,5,2.2,1054|5295|7163|55619|55636,CEBPG|PIK3R1|TPD52|DOCK10|CHD7,0,MyList
KEGG Pathway,24,hsa05203,Viral carcinogenesis,,-2.3,5.9,4.1,30182,204,100,4,4,2,1960|5295|51564|55697,EGR3|PIK3R1|HDAC7|VAC14,0,MyList
WikiPathways,27,WP1544,MicroRNAs in cardiomyocyte hypertrophy,,-2.3,8.7,4.5,30182,104,100,3,3,1.7,3084|5295|51564,NRG1|PIK3R1|HDAC7,0,MyList
GO Biological Processes,19,GO:0042594,response to starvation,19_GO:0050896 response to stimulus,-2.3,5.8,4,30182,207,100,4,4,2,6667|9779|27072|221937,SP1|TBC1D5|VPS41|FOXK1,0,MyList
GO Biological Processes,19,GO:0051046,regulation of secretion,19_GO:0051179 localization,-2.3,3.3,3.4,30182,631,100,7,7,2.6,3084|3708|5978|8973|22930|51760|55636,NRG1|ITPR1|REST|CHRNA6|RAB3GAP1|SYT17|CHD7,0,MyList
GO Biological Processes,19,GO:0060537,muscle tissue development,19_GO:0032502 developmental process,-2.3,4.5,3.7,30182,333,100,5,5,2.2,607|3084|5915|6331|55636,BCL9|NRG1|RARB|SCN5A|CHD7,0,MyList
GO Biological Processes,19,GO:0051146,striated muscle cell differentiation,19_GO:0032502 developmental process,-2.3,5.8,4,30182,209,100,4,4,2,607|3084|5915|64754,BCL9|NRG1|RARB|SMYD3,0,MyList
GO Biological Processes,19,GO:0043266,regulation of potassium ion transport,19_GO:0051179 localization,-2.3,8.4,4.4,30182,108,100,3,3,1.7,1804|30818|80333,DPP6|KCNIP3|KCNIP4,0,MyList
KEGG Pathway,24,hsa04931,Insulin resistance,,-2.3,8.4,4.4,30182,108,100,3,3,1.7,5295|5601|6945,PIK3R1|MAPK9|MLX,0,MyList
GO Biological Processes,19,GO:0060078,regulation of postsynaptic membrane potential,19_GO:0065007 biological regulation,-2.2,8.2,4.4,30182,110,100,3,3,1.7,2742|8973|22930,GLRA2|CHRNA6|RAB3GAP1,0,MyList
KEGG Pathway,24,hsa04725,Cholinergic synapse,,-2.2,8,4.3,30182,113,100,3,3,1.7,3708|5295|8973,ITPR1|PIK3R1|CHRNA6,0,MyList
KEGG Pathway,24,hsa04724,Glutamatergic synapse,,-2.2,7.9,4.3,30182,114,100,3,3,1.7,2918|3708|6506,GRM8|ITPR1|SLC1A2,0,MyList
KEGG Pathway,24,hsa04024,cAMP signaling pathway,,-2.2,5.4,3.8,30182,225,100,4,4,2,117|5295|5601|10846,ADCYAP1R1|PIK3R1|MAPK9|PDE10A,0,MyList
GO Biological Processes,19,GO:0050679,positive regulation of epithelial cell proliferation,19_GO:0048518 positive regulation of biological process,-2.2,5.4,3.8,30182,225,100,4,4,2,1960|6239|6331|6667,EGR3|RREB1|SCN5A|SP1,0,MyList
Reactome Gene Sets,6,R-HSA-1989781,PPARA activates gene expression,,-2.2,7.7,4.2,30182,117,100,3,3,1.7,4520|4800|6667,MTF1|NFYA|SP1,0,MyList
Reactome Gene Sets,6,R-HSA-400206,Regulation of lipid metabolism by PPARalpha,,-2.1,7.6,4.2,30182,119,100,3,3,1.7,4520|4800|6667,MTF1|NFYA|SP1,0,MyList
GO Biological Processes,19,GO:0043087,regulation of GTPase activity,19_GO:0065007 biological regulation,-2.1,4.1,3.5,30182,364,100,5,5,2.2,395|9771|9779|22930|55619,ARHGAP6|RAPGEF5|TBC1D5|RAB3GAP1|DOCK10,0,MyList
KEGG Pathway,24,hsa04935,"Growth hormone synthesis, secretion and action",,-2.1,7.5,4.1,30182,120,100,3,3,1.7,3708|5295|5601,ITPR1|PIK3R1|MAPK9,0,MyList
GO Biological Processes,19,GO:0035051,cardiocyte differentiation,19_GO:0032502 developmental process,-2.1,7.5,4.1,30182,120,100,3,3,1.7,3084|5915|5978,NRG1|RARB|REST,0,MyList
GO Biological Processes,19,GO:0035113,embryonic appendage morphogenesis,19_GO:0032502 developmental process,-2.1,7.5,4.1,30182,120,100,3,3,1.7,5915|55636|221833,RARB|CHD7|SP8,0,MyList
GO Biological Processes,19,GO:0030326,embryonic limb morphogenesis,19_GO:0032502 developmental process,-2.1,7.5,4.1,30182,120,100,3,3,1.7,5915|55636|221833,RARB|CHD7|SP8,0,MyList
GO Biological Processes,19,GO:0010038,response to metal ion,19_GO:0050896 response to stimulus,-2.1,4.1,3.5,30182,367,100,5,5,2.2,2742|4520|5601|6331|51760,GLRA2|MTF1|MAPK9|SCN5A|SYT17,0,MyList
KEGG Pathway,24,hsa04080,Neuroactive ligand-receptor interaction,,-2.1,4.1,3.5,30182,367,100,5,5,2.2,117|2742|2918|8973|10888,ADCYAP1R1|GLRA2|GRM8|CHRNA6|GPR83,0,MyList
Reactome Gene Sets,6,R-HSA-9006934,Signaling by Receptor Tyrosine Kinases,,-2.1,3.5,3.3,30182,524,100,6,6,2.4,117|1960|3084|3708|5295|5978,ADCYAP1R1|EGR3|NRG1|ITPR1|PIK3R1|REST,0,MyList
GO Biological Processes,19,GO:0001654,eye development,19_GO:0032502 developmental process,-2.1,4,3.4,30182,373,100,5,5,2.2,5090|5915|6096|22930|55636,PBX3|RARB|RORB|RAB3GAP1|CHD7,0,MyList
GO Biological Processes,19,GO:1990778,protein localization to cell periphery,19_GO:0051179 localization,-2.1,5,3.6,30182,240,100,4,4,2,1804|30818|57554|80333,DPP6|KCNIP3|LRRC7|KCNIP4,0,MyList
GO Biological Processes,19,GO:0150063,visual system development,19_GO:0032502 developmental process,-2.1,4,3.4,30182,377,100,5,5,2.2,5090|5915|6096|22930|55636,PBX3|RARB|RORB|RAB3GAP1|CHD7,0,MyList
KEGG Pathway,24,hsa05200,Pathways in cancer,,-2.1,3.4,3.2,30182,531,100,6,6,2.4,5295|5601|5915|6667|6773|29119,PIK3R1|MAPK9|RARB|SP1|STAT2|CTNNA3,0,MyList
GO Biological Processes,19,GO:0003231,cardiac ventricle development,19_GO:0032502 developmental process,-2.1,7.2,4,30182,126,100,3,3,1.7,3084|6331|55636,NRG1|SCN5A|CHD7,0,MyList
GO Biological Processes,19,GO:0006338,chromatin remodeling,19_GO:0009987 cellular process,-2.1,4,3.4,30182,378,100,5,5,2.2,7403|29072|50809|55636|64754,KDM6A|SETD2|HP1BP3|CHD7|SMYD3,0,MyList
KEGG Pathway,24,hsa04380,Osteoclast differentiation,,-2,7.1,4,30182,128,100,3,3,1.7,5295|5601|6773,PIK3R1|MAPK9|STAT2,0,MyList
GO Biological Processes,19,GO:0048880,sensory system development,19_GO:0032502 developmental process,-2,3.9,3.3,30182,383,100,5,5,2.2,5090|5915|6096|22930|55636,PBX3|RARB|RORB|RAB3GAP1|CHD7,0,MyList
GO Biological Processes,19,GO:1903305,regulation of regulated secretory pathway,19_GO:0051179 localization,-2,7,3.9,30182,130,100,3,3,1.7,5978|22930|51760,REST|RAB3GAP1|SYT17,0,MyList
GO Biological Processes,19,GO:0051668,localization within membrane,19_GO:0051179 localization,-2,3.3,3.2,30182,543,100,6,6,2.4,1804|22930|30818|57554|80333|644150,DPP6|RAB3GAP1|KCNIP3|LRRC7|KCNIP4|WIPF3,0,MyList
WikiPathways,27,WP3915,Angiopoietin-like protein 8 regulatory pathway,,-2,6.9,3.9,30182,132,100,3,3,1.7,5295|5601|9175,PIK3R1|MAPK9|MAP3K13,0,MyList
WikiPathways,27,WP366,TGF-beta signaling pathway,,-2,6.9,3.9,30182,132,100,3,3,1.7,5295|5601|6667,PIK3R1|MAPK9|SP1,0,MyList
