_MEMBER_MyList,_LogP_MyList,GO,Description,_PATTERN_,_RANK_,GiniIndex
1,-2.5,R-HSA-2029480,Fcgamma receptor (FCGR) dependent phagocytosis,M1,1,0
1,-2.7,WP4341,"Non-genomic actions of 1,25 dihydroxyvitamin D3",M1,1,0
1,-2.4,WP673,ErbB signaling pathway,M1,1,0
1,-4.4,GO:0032774,RNA biosynthetic process,M1,1,0
1,-2.5,GO:0018205,peptidyl-lysine modification,M1,1,0
1,-2.3,GO:0051046,regulation of secretion,M1,1,0
1,-3,GO:0030183,B cell differentiation,M1,1,0
1,-2.1,GO:0001654,eye development,M1,1,0
1,-2.4,GO:0043269,regulation of monoatomic ion transport,M1,1,0
1,-2.3,GO:0060537,muscle tissue development,M1,1,0
1,-2.4,GO:1901379,regulation of potassium ion transmembrane transport,M1,1,0
1,-2.8,WP4666,Hepatitis B infection,M1,1,0
1,-2.9,GO:0009725,response to hormone,M1,1,0
1,-2.3,WP1544,MicroRNAs in cardiomyocyte hypertrophy,M1,1,0
1,-4.5,GO:0006351,DNA-templated transcription,M1,1,0
1,-3,R-HSA-166520,Signaling by NTRKs,M1,1,0
1,-2.1,GO:0035113,embryonic appendage morphogenesis,M1,1,0
1,-2.2,R-HSA-1989781,PPARA activates gene expression,M1,1,0
1,-2.8,GO:0034330,cell junction organization,M1,1,0
1,-3.8,GO:1904062,regulation of monoatomic cation transmembrane transport,M1,1,0
1,-2.9,GO:0006479,protein methylation,M1,1,0
1,-2.7,GO:0043547,positive regulation of GTPase activity,M1,1,0
1,-3.4,GO:0007268,chemical synaptic transmission,M1,1,0
1,-2.1,GO:1990778,protein localization to cell periphery,M1,1,0
1,-2.1,R-HSA-400206,Regulation of lipid metabolism by PPARalpha,M1,1,0
1,-2.1,GO:0010038,response to metal ion,M1,1,0
1,-2.3,GO:0043266,regulation of potassium ion transport,M1,1,0
1,-4.3,GO:0061061,muscle structure development,M1,1,0
1,-2.5,GO:0060079,excitatory postsynaptic potential,M1,1,0
1,-2.4,GO:0007626,locomotory behavior,M1,1,0
1,-2.4,GO:0072659,protein localization to plasma membrane,M1,1,0
1,-2.9,GO:0008213,protein alkylation,M1,1,0
1,-3.4,M175,PID ERBB2 ERBB3 PATHWAY,M1,1,0
1,-2.4,R-HSA-9012999,RHO GTPase cycle,M1,1,0
1,-2.2,GO:0060078,regulation of postsynaptic membrane potential,M1,1,0
1,-2.6,GO:0030098,lymphocyte differentiation,M1,1,0
1,-3.1,R-HSA-1655829,Regulation of cholesterol biosynthesis by SREBP (SREBF),M1,1,0
1,-2.8,GO:0045667,regulation of osteoblast differentiation,M1,1,0
1,-2,WP366,TGF-beta signaling pathway,M1,1,0
1,-2.1,hsa04080,Neuroactive ligand-receptor interaction,M1,1,0
1,-3.9,hsa05017,Spinocerebellar ataxia,M1,1,0
1,-2.5,GO:0048738,cardiac muscle tissue development,M1,1,0
1,-2.5,GO:0048864,stem cell development,M1,1,0
1,-3.8,WP2857,Mesodermal commitment pathway,M1,1,0
1,-2.5,WP69,T-cell receptor signaling pathway,M1,1,0
1,-3.8,GO:0099536,synaptic signaling,M1,1,0
1,-3.2,GO:0099537,trans-synaptic signaling,M1,1,0
1,-2.3,hsa04931,Insulin resistance,M1,1,0
1,-2,WP3915,Angiopoietin-like protein 8 regulatory pathway,M1,1,0
1,-2.6,GO:0008344,adult locomotory behavior,M1,1,0
1,-2.3,GO:0051146,striated muscle cell differentiation,M1,1,0
1,-4.6,hsa04625,C-type lectin receptor signaling pathway,M1,1,0
1,-2.1,GO:0035051,cardiocyte differentiation,M1,1,0
1,-3.2,R-HSA-397014,Muscle contraction,M1,1,0
1,-4.3,GO:0030900,forebrain development,M1,1,0
1,-3,GO:0034765,regulation of monoatomic ion transmembrane transport,M1,1,0
1,-3.7,GO:0018022,peptidyl-lysine methylation,M1,1,0
1,-4.5,GO:0097659,nucleic acid-templated transcription,M1,1,0
1,-3.7,WP706,Sudden infant death syndrome (SIDS) susceptibility pathways,M1,1,0
1,-2.6,R-HSA-372790,Signaling by GPCR,M1,1,0
1,-2.1,GO:0150063,visual system development,M1,1,0
1,-3,GO:0071241,cellular response to inorganic substance,M1,1,0
1,-2.5,GO:0048863,stem cell differentiation,M1,1,0
1,-2.6,GO:0048511,rhythmic process,M1,1,0
1,-2.7,hsa05161,Hepatitis B,M1,1,0
1,-2.7,R-HSA-9013148,CDC42 GTPase cycle,M1,1,0
1,-2.1,R-HSA-9006934,Signaling by Receptor Tyrosine Kinases,M1,1,0
1,-2.5,GO:0042391,regulation of membrane potential,M1,1,0
1,-3.2,WP4659,Gastrin signaling pathway,M1,1,0
1,-2.3,GO:0042594,response to starvation,M1,1,0
1,-2.9,R-HSA-388396,GPCR downstream signalling,M1,1,0
1,-2.4,GO:0050808,synapse organization,M1,1,0
1,-3.5,GO:0045445,myoblast differentiation,M1,1,0
1,-3.5,GO:0021537,telencephalon development,M1,1,0
1,-3.8,GO:0006366,transcription by RNA polymerase II,M1,1,0
1,-2,GO:0051668,localization within membrane,M1,1,0
1,-3.5,hsa05231,Choline metabolism in cancer,M1,1,0
1,-3,GO:0098900,regulation of action potential,M1,1,0
1,-3.7,GO:0034762,regulation of transmembrane transport,M1,1,0
1,-2.4,GO:0042113,B cell activation,M1,1,0
1,-3.4,GO:0098916,anterograde trans-synaptic signaling,M1,1,0
1,-2.2,GO:0050679,positive regulation of epithelial cell proliferation,M1,1,0
1,-2.2,hsa04725,Cholinergic synapse,M1,1,0
1,-3.2,R-HSA-187037,Signaling by NTRK1 (TRKA),M1,1,0
1,-3,GO:0007610,behavior,M1,1,0
1,-2.7,R-HSA-418555,G alpha (s) signalling events,M1,1,0
1,-2.4,GO:0014706,striated muscle tissue development,M1,1,0
1,-2.4,GO:0051952,regulation of amine transport,M1,1,0
1,-2.4,GO:0099565,"chemical synaptic transmission, postsynaptic",M1,1,0
1,-3.5,GO:0017158,regulation of calcium ion-dependent exocytosis,M1,1,0
1,-4.1,R-HSA-5576891,Cardiac conduction,M1,1,0
1,-4.7,GO:0007507,heart development,M1,1,0
1,-2,hsa04380,Osteoclast differentiation,M1,1,0
1,-2.3,hsa05203,Viral carcinogenesis,M1,1,0
1,-2.3,GO:1903131,mononuclear cell differentiation,M1,1,0
1,-2.4,R-HSA-9013423,RAC3 GTPase cycle,M1,1,0
1,-3.4,R-HSA-2426168,Activation of gene expression by SREBF (SREBP),M1,1,0
1,-3.2,GO:0007517,muscle organ development,M1,1,0
1,-2.5,R-HSA-9013149,RAC1 GTPase cycle,M1,1,0
1,-2,GO:0048880,sensory system development,M1,1,0
1,-2.1,GO:0043087,regulation of GTPase activity,M1,1,0
1,-2.1,GO:0003231,cardiac ventricle development,M1,1,0
1,-2.5,GO:0051345,positive regulation of hydrolase activity,M1,1,0
1,-4.3,GO:0007420,brain development,M1,1,0
1,-2.1,GO:0030326,embryonic limb morphogenesis,M1,1,0
1,-3.3,GO:0010959,regulation of metal ion transport,M1,1,0
1,-2.7,GO:0001570,vasculogenesis,M1,1,0
1,-3.6,GO:0016571,histone methylation,M1,1,0
1,-2.8,GO:0032870,cellular response to hormone stimulus,M1,1,0
1,-4.1,GO:0034968,histone lysine methylation,M1,1,0
1,-2.4,hsa05167,Kaposi sarcoma-associated herpesvirus infection,M1,1,0
1,-2.2,hsa04724,Glutamatergic synapse,M1,1,0
1,-4,WP5087,Malignant pleural mesothelioma,M1,1,0
1,-2.2,hsa04024,cAMP signaling pathway,M1,1,0
1,-2.4,hsa01522,Endocrine resistance,M1,1,0
1,-2.4,hsa05016,Huntington disease,M1,1,0
1,-2.1,hsa04935,"Growth hormone synthesis, secretion and action",M1,1,0
1,-2.1,GO:0006338,chromatin remodeling,M1,1,0
1,-2.8,GO:1905114,cell surface receptor signaling pathway involved in cell-cell signaling,M1,1,0
1,-2.5,hsa04012,ErbB signaling pathway,M1,1,0
1,-2.1,hsa05200,Pathways in cancer,M1,1,0
1,-2.4,hsa04070,Phosphatidylinositol signaling system,M1,1,0
1,-2,GO:1903305,regulation of regulated secretory pathway,M1,1,0
1,-2.4,R-HSA-9006925,Intracellular signaling by second messengers,M1,1,0
1,-3.3,GO:0071248,cellular response to metal ion,M1,1,0
1,-2.4,hsa04750,Inflammatory mediator regulation of TRP channels,M1,1,0
1,-3.9,GO:0030534,adult behavior,M1,1,0
