_MEMBER_MyList,_LogP_MyList,GO,Description,_PATTERN_,_RANK_,CHILD_GO_MyList
1,-4.748109441420322,GO:0032502,developmental process,M1,1,GO:0007507 heart development
1,-4.5127737768064184,GO:0008152,metabolic process,M1,1,GO:0006351 DNA-templated transcription
1,-3.932791911723753,GO:0032501,multicellular organismal process,M1,1,GO:0030534 adult behavior
1,-3.8436480508393625,GO:0023052,signaling,M1,1,GO:0099536 synaptic signaling
1,-3.8030658859070487,GO:0051179,localization,M1,1,GO:1904062 regulation of monoatomic cation transmembrane transport
1,-3.269849878826236,GO:0050896,response to stimulus,M1,1,GO:0071248 cellular response to metal ion
1,-3.0286614206891196,GO:0002376,immune system process,M1,1,GO:0030183 B cell differentiation
1,-2.9567153185403954,GO:0050789,regulation of biological process,M1,1,GO:0098900 regulation of action potential
1,-2.791358649312741,GO:0009987,cellular process,M1,1,GO:0034330 cell junction organization
1,-2.6676059792243403,GO:0065007,biological regulation,M1,1,GO:0043547 positive regulation of GTPase activity
1,-2.6469841169185306,GO:0048511,rhythmic process,M1,1,GO:0048511 rhythmic process
1,-2.170699374713465,GO:0048518,positive regulation of biological process,M1,1,GO:0050679 positive regulation of epithelial cell proliferation
