_MEMBER_MyList,_LogP_MyList,GO,Description,_PATTERN_,_RANK_,CHILD_GO_MyList
1,-9.99089593119957,GO:0048518,positive regulation of biological process,M1,1,GO:0010942 positive regulation of cell death
1,-9.234533189811428,GO:0065007,biological regulation,M1,1,GO:0051098 regulation of binding
1,-8.925138108361022,GO:0050789,regulation of biological process,M1,1,GO:1901214 regulation of neuron death
1,-8.28103808645047,GO:0023052,signaling,M1,1,GO:0043408 regulation of MAPK cascade
1,-7.67239872545417,GO:0050896,response to stimulus,M1,1,GO:0062197 cellular response to chemical stress
1,-7.656059764618106,GO:0032501,multicellular organismal process,M1,1,GO:0007611 learning or memory
1,-7.6436362288236825,GO:0008152,metabolic process,M1,1,GO:0045859 regulation of protein kinase activity
1,-7.53857397686181,GO:0051179,localization,M1,1,GO:0006897 endocytosis
1,-7.1574244152306115,GO:0032502,developmental process,M1,1,GO:0042063 gliogenesis
1,-6.912673831958915,GO:0009987,cellular process,M1,1,GO:0051402 neuron apoptotic process
1,-6.54720746464149,GO:0002376,immune system process,M1,1,GO:0002265 astrocyte activation involved in immune response
1,-6.542061643711563,GO:0048519,negative regulation of biological process,M1,1,GO:0045861 negative regulation of proteolysis
1,-4.899623921019413,GO:0040007,growth,M1,1,GO:0040008 regulation of growth
1,-4.572787691642488,GO:0040011,locomotion,M1,1,GO:0030335 positive regulation of cell migration
1,-4.027554448010817,GO:0022414,reproductive process,M1,1,GO:0007565 female pregnancy
1,-3.928943800583473,GO:0044419,biological process involved in interspecies interaction between organisms,M1,1,GO:0044403 biological process involved in symbiotic interaction
1,-2.2508004684601888,GO:0048511,rhythmic process,M1,1,GO:0048511 rhythmic process
