_MEMBER_MyList,_LogP_MyList,GO,Description,_PATTERN_,_RANK_,GiniIndex
1,-2.2,GO:1903039,positive regulation of leukocyte cell-cell adhesion,M1,1,0
1,-2.8,WP2864,Apoptosis-related network due to altered Notch3 in ovarian cancer,M1,1,0
1,-2.2,GO:0048880,sensory system development,M1,1,0
1,-3.2,GO:0051960,regulation of nervous system development,M1,1,0
1,-2.3,GO:0150063,visual system development,M1,1,0
1,-5.3,GO:0061919,process utilizing autophagic mechanism,M1,1,0
1,-4.3,GO:0032970,regulation of actin filament-based process,M1,1,0
1,-3.5,R-HSA-73887,Death Receptor Signalling,M1,1,0
1,-5.1,GO:0006940,regulation of smooth muscle contraction,M1,1,0
1,-3.7,WP5231,Hippocampal synaptogenesis and neurogenesis,M1,1,0
1,-2.4,GO:0051961,negative regulation of nervous system development,M1,1,0
1,-3.7,M69,PID REELIN PATHWAY,M1,1,0
1,-3.3,GO:0008306,associative learning,M1,1,0
1,-3,GO:0048538,thymus development,M1,1,0
1,-3.3,GO:0090316,positive regulation of intracellular protein transport,M1,1,0
1,-2.2,WP4298,Acute viral myocarditis,M1,1,0
1,-2.6,GO:0040014,regulation of multicellular organism growth,M1,1,0
1,-4.5,GO:0031329,regulation of cellular catabolic process,M1,1,0
1,-2,GO:0016485,protein processing,M1,1,0
1,-3.9,GO:0006509,membrane protein ectodomain proteolysis,M1,1,0
1,-2.9,hsa05167,Kaposi sarcoma-associated herpesvirus infection,M1,1,0
1,-3,hsa04922,Glucagon signaling pathway,M1,1,0
1,-2.2,WP2355,Corticotropin-releasing hormone signaling pathway,M1,1,0
1,-4.1,GO:0099537,trans-synaptic signaling,M1,1,0
1,-3.3,WP5087,Malignant pleural mesothelioma,M1,1,0
1,-3.6,GO:2001235,positive regulation of apoptotic signaling pathway,M1,1,0
1,-4.4,GO:0021795,cerebral cortex cell migration,M1,1,0
1,-3.6,GO:0050807,regulation of synapse organization,M1,1,0
1,-2.9,GO:0043392,negative regulation of DNA binding,M1,1,0
1,-2.4,R-HSA-9013106,RHOC GTPase cycle,M1,1,0
1,-3.8,GO:0021885,forebrain cell migration,M1,1,0
1,-2.7,GO:0048708,astrocyte differentiation,M1,1,0
1,-3.4,GO:0031331,positive regulation of cellular catabolic process,M1,1,0
1,-4.4,GO:1900271,regulation of long-term synaptic potentiation,M1,1,0
1,-2.7,R-HSA-381426,Regulation of Insulin-like Growth Factor (IGF) transport and uptake by Insulin-like Growth Factor Binding Proteins (IGFBPs),M1,1,0
1,-2.8,GO:0070201,regulation of establishment of protein localization,M1,1,0
1,-4.7,GO:0003018,vascular process in circulatory system,M1,1,0
1,-2.6,GO:0001775,cell activation,M1,1,0
1,-3.4,GO:0015918,sterol transport,M1,1,0
1,-4.7,GO:0099003,vesicle-mediated transport in synapse,M1,1,0
1,-2.1,hsa05202,Transcriptional misregulation in cancer,M1,1,0
1,-2.6,hsa05418,Fluid shear stress and atherosclerosis,M1,1,0
1,-2.1,GO:0051648,vesicle localization,M1,1,0
1,-5.4,GO:0043524,negative regulation of neuron apoptotic process,M1,1,0
1,-3.4,GO:0072503,cellular divalent inorganic cation homeostasis,M1,1,0
1,-5.1,GO:0003013,circulatory system process,M1,1,0
1,-3.1,GO:0043620,regulation of DNA-templated transcription in response to stress,M1,1,0
1,-2.9,GO:0048259,regulation of receptor-mediated endocytosis,M1,1,0
1,-4.9,GO:0040008,regulation of growth,M1,1,0
1,-5.4,GO:0010769,regulation of cell morphogenesis involved in differentiation,M1,1,0
1,-4.2,GO:0098916,anterograde trans-synaptic signaling,M1,1,0
1,-2.3,hsa04146,Peroxisome,M1,1,0
1,-2.3,GO:0051851,modulation by host of symbiont process,M1,1,0
1,-2.5,GO:0031623,receptor internalization,M1,1,0
1,-5.7,GO:2000310,regulation of NMDA receptor activity,M1,1,0
1,-2.1,GO:0006109,regulation of carbohydrate metabolic process,M1,1,0
1,-3.7,hsa04920,Adipocytokine signaling pathway,M1,1,0
1,-3.3,GO:0033619,membrane protein proteolysis,M1,1,0
1,-10,GO:0010942,positive regulation of cell death,M1,1,0
1,-2.4,WP536,Calcium regulation in cardiac cells,M1,1,0
1,-5.1,R-HSA-194315,Signaling by Rho GTPases,M1,1,0
1,-3.9,GO:0044403,biological process involved in symbiotic interaction,M1,1,0
1,-2.8,R-HSA-202403,TCR signaling,M1,1,0
1,-2.6,WP3624,Lung fibrosis,M1,1,0
1,-2.5,WP2880,Glucocorticoid receptor pathway,M1,1,0
1,-2.7,GO:1902652,secondary alcohol metabolic process,M1,1,0
1,-4.1,GO:1904064,positive regulation of cation transmembrane transport,M1,1,0
1,-2.9,GO:0003012,muscle system process,M1,1,0
1,-3.2,GO:0043618,regulation of transcription from RNA polymerase II promoter in response to stress,M1,1,0
1,-2.9,GO:0010638,positive regulation of organelle organization,M1,1,0
1,-2.7,GO:0051928,positive regulation of calcium ion transport,M1,1,0
1,-2.8,GO:0097006,regulation of plasma lipoprotein particle levels,M1,1,0
1,-4,GO:0062012,regulation of small molecule metabolic process,M1,1,0
1,-2.5,hsa05120,Epithelial cell signaling in Helicobacter pylori infection,M1,1,0
1,-2.5,GO:0031333,negative regulation of protein-containing complex assembly,M1,1,0
1,-2.4,R-HSA-1980143,Signaling by NOTCH1,M1,1,0
1,-2.7,R-HSA-193648,NRAGE signals death through JNK,M1,1,0
1,-2.1,R-HSA-4420097,VEGFA-VEGFR2 Pathway,M1,1,0
1,-2.5,GO:1900076,regulation of cellular response to insulin stimulus,M1,1,0
1,-2.8,GO:0045806,negative regulation of endocytosis,M1,1,0
1,-3.8,GO:0032535,regulation of cellular component size,M1,1,0
1,-2.4,GO:0032368,regulation of lipid transport,M1,1,0
1,-3.6,GO:0072665,protein localization to vacuole,M1,1,0
1,-2.5,GO:0046328,regulation of JNK cascade,M1,1,0
1,-5.5,GO:0120035,regulation of plasma membrane bounded cell projection organization,M1,1,0
1,-5.6,GO:0006954,inflammatory response,M1,1,0
1,-2.1,hsa04062,Chemokine signaling pathway,M1,1,0
1,-3.4,GO:0014002,astrocyte development,M1,1,0
1,-2.3,GO:0050673,epithelial cell proliferation,M1,1,0
1,-5.1,GO:2001242,regulation of intrinsic apoptotic signaling pathway,M1,1,0
1,-5.2,GO:1904062,regulation of cation transmembrane transport,M1,1,0
1,-2.3,GO:0007015,actin filament organization,M1,1,0
1,-3.7,WP3845,Canonical and non-canonical Notch signaling,M1,1,0
1,-5.7,hsa05012,Parkinson disease,M1,1,0
1,-5.1,M63,PID AVB3 OPN PATHWAY,M1,1,0
1,-2.1,GO:0042632,cholesterol homeostasis,M1,1,0
1,-4.9,GO:0043409,negative regulation of MAPK cascade,M1,1,0
1,-2.1,R-HSA-202424,Downstream TCR signaling,M1,1,0
1,-2.6,GO:2001244,positive regulation of intrinsic apoptotic signaling pathway,M1,1,0
1,-3.7,GO:0044706,multi-multicellular organism process,M1,1,0
1,-2.8,GO:0000086,G2/M transition of mitotic cell cycle,M1,1,0
1,-5.5,GO:1903829,positive regulation of protein localization,M1,1,0
1,-2.2,GO:1903532,positive regulation of secretion by cell,M1,1,0
1,-3.5,GO:0043254,regulation of protein-containing complex assembly,M1,1,0
1,-3.5,GO:1900027,regulation of ruffle assembly,M1,1,0
1,-2.7,M166,PID ATF2 PATHWAY,M1,1,0
1,-2.1,GO:0010959,regulation of metal ion transport,M1,1,0
1,-2.2,R-HSA-8978868,Fatty acid metabolism,M1,1,0
1,-2.1,GO:0050731,positive regulation of peptidyl-tyrosine phosphorylation,M1,1,0
1,-2.9,R-HSA-977225,Amyloid fiber formation,M1,1,0
1,-6.6,GO:0070997,neuron death,M1,1,0
1,-3.4,WP3617,Photodynamic therapy-induced NF-kB survival signaling,M1,1,0
1,-3.6,GO:0071900,regulation of protein serine/threonine kinase activity,M1,1,0
1,-3.5,WP5113,Antiviral and anti-inflammatory effects of Nrf2 on SARS-CoV-2 pathway,M1,1,0
1,-5.5,GO:1902991,regulation of amyloid precursor protein catabolic process,M1,1,0
1,-3.5,GO:0014044,Schwann cell development,M1,1,0
1,-3.3,GO:0060999,positive regulation of dendritic spine development,M1,1,0
1,-2.6,hsa05208,Chemical carcinogenesis - reactive oxygen species,M1,1,0
1,-3.7,M237,PID VEGFR1 2 PATHWAY,M1,1,0
1,-4,GO:0019216,regulation of lipid metabolic process,M1,1,0
1,-2.5,GO:0002009,morphogenesis of an epithelium,M1,1,0
1,-3.4,WP2882,Nuclear receptors meta-pathway,M1,1,0
1,-2.3,GO:1905037,autophagosome organization,M1,1,0
1,-2.1,GO:0002694,regulation of leukocyte activation,M1,1,0
1,-2.8,R-HSA-168643,"Nucleotide-binding domain, leucine rich repeat containing receptor (NLR) signaling pathways",M1,1,0
1,-3.1,GO:0051952,regulation of amine transport,M1,1,0
1,-2.7,R-HSA-2894862,Constitutive Signaling by NOTCH1 HD+PEST Domain Mutants,M1,1,0
1,-4.8,R-HSA-114608,Platelet degranulation,M1,1,0
1,-7.7,GO:0007611,learning or memory,M1,1,0
1,-2.2,GO:0043547,positive regulation of GTPase activity,M1,1,0
1,-2.8,GO:1901888,regulation of cell junction assembly,M1,1,0
1,-2.8,GO:0052372,modulation by symbiont of entry into host,M1,1,0
1,-2.2,GO:0046903,secretion,M1,1,0
1,-3.5,GO:0034599,cellular response to oxidative stress,M1,1,0
1,-2.7,GO:0045619,regulation of lymphocyte differentiation,M1,1,0
1,-4.4,GO:2000147,positive regulation of cell motility,M1,1,0
1,-5.8,GO:0045860,positive regulation of protein kinase activity,M1,1,0
1,-2.5,GO:0031644,regulation of nervous system process,M1,1,0
1,-3,WP4223,Ras signaling,M1,1,0
1,-2,GO:0061136,regulation of proteasomal protein catabolic process,M1,1,0
1,-3.5,R-HSA-204998,"Cell death signalling via NRAGE, NRIF and NADE",M1,1,0
1,-4.9,GO:0099504,synaptic vesicle cycle,M1,1,0
1,-3.7,GO:0045785,positive regulation of cell adhesion,M1,1,0
1,-3.3,GO:0045936,negative regulation of phosphate metabolic process,M1,1,0
1,-3.4,GO:0035150,regulation of tube size,M1,1,0
1,-5.5,GO:0061097,regulation of protein tyrosine kinase activity,M1,1,0
1,-3.4,GO:0035296,regulation of tube diameter,M1,1,0
1,-3.4,GO:0050801,ion homeostasis,M1,1,0
1,-4.9,GO:0034762,regulation of transmembrane transport,M1,1,0
1,-3.4,GO:0007422,peripheral nervous system development,M1,1,0
1,-2.9,R-HSA-9012852,Signaling by NOTCH3,M1,1,0
1,-4.3,GO:0022411,cellular component disassembly,M1,1,0
1,-2.7,GO:0045931,positive regulation of mitotic cell cycle,M1,1,0
1,-4.5,GO:1900182,positive regulation of protein localization to nucleus,M1,1,0
1,-2.6,GO:0007160,cell-matrix adhesion,M1,1,0
1,-3.2,GO:0016241,regulation of macroautophagy,M1,1,0
1,-2.6,GO:0055076,transition metal ion homeostasis,M1,1,0
1,-3.4,GO:0007420,brain development,M1,1,0
1,-2.6,GO:0016125,sterol metabolic process,M1,1,0
1,-4,GO:0030036,actin cytoskeleton organization,M1,1,0
1,-3.8,GO:0007613,memory,M1,1,0
1,-5.3,GO:0060249,anatomical structure homeostasis,M1,1,0
1,-2.7,R-HSA-2894858,Signaling by NOTCH1 HD+PEST Domain Mutants in Cancer,M1,1,0
1,-4.2,GO:0007268,chemical synaptic transmission,M1,1,0
1,-3.8,GO:0021801,cerebral cortex radial glia-guided migration,M1,1,0
1,-3.2,GO:0006605,protein targeting,M1,1,0
1,-2.2,GO:0014910,regulation of smooth muscle cell migration,M1,1,0
1,-3.7,M163,PID LIS1 PATHWAY,M1,1,0
1,-3.5,M145,PID P53 DOWNSTREAM PATHWAY,M1,1,0
1,-2.1,GO:1903321,negative regulation of protein modification by small protein conjugation or removal,M1,1,0
1,-2.7,GO:0050821,protein stabilization,M1,1,0
1,-4.4,GO:1902903,regulation of supramolecular fiber organization,M1,1,0
1,-3.4,GO:0043500,muscle adaptation,M1,1,0
1,-2.4,R-HSA-9009391,Extra-nuclear estrogen signaling,M1,1,0
1,-2.8,WP3286,Copper homeostasis,M1,1,0
1,-2.3,GO:0001654,eye development,M1,1,0
1,-2.7,GO:0031396,regulation of protein ubiquitination,M1,1,0
1,-2.1,R-HSA-9694516,SARS-CoV-2 Infection,M1,1,0
1,-8.9,GO:1901214,regulation of neuron death,M1,1,0
1,-3.2,GO:0097435,supramolecular fiber organization,M1,1,0
1,-2.1,R-HSA-5653656,Vesicle-mediated transport,M1,1,0
1,-3.1,GO:0006140,regulation of nucleotide metabolic process,M1,1,0
1,-6.9,GO:1904645,response to amyloid-beta,M1,1,0
1,-7.2,GO:0051099,positive regulation of binding,M1,1,0
1,-2.7,GO:0044839,cell cycle G2/M phase transition,M1,1,0
1,-2.7,M281,PID FAK PATHWAY,M1,1,0
1,-6.2,GO:0034248,regulation of cellular amide metabolic process,M1,1,0
1,-2.6,GO:0001764,neuron migration,M1,1,0
1,-6.3,GO:0051346,negative regulation of hydrolase activity,M1,1,0
1,-2.6,R-HSA-5663202,Diseases of signal transduction by growth factor receptors and second messengers,M1,1,0
1,-2.9,hsa04066,HIF-1 signaling pathway,M1,1,0
1,-7.9,hsa05022,Pathways of neurodegeneration - multiple diseases,M1,1,0
1,-2.6,GO:0071456,cellular response to hypoxia,M1,1,0
1,-5,GO:0070482,response to oxygen levels,M1,1,0
1,-3,GO:0050852,T cell receptor signaling pathway,M1,1,0
1,-3.6,GO:0006836,neurotransmitter transport,M1,1,0
1,-2,GO:0031058,positive regulation of histone modification,M1,1,0
1,-2.4,GO:0000045,autophagosome assembly,M1,1,0
1,-4.7,GO:0010038,response to metal ion,M1,1,0
1,-3.4,GO:1905897,regulation of response to endoplasmic reticulum stress,M1,1,0
1,-3,GO:0071363,cellular response to growth factor stimulus,M1,1,0
1,-2.7,GO:0071709,membrane assembly,M1,1,0
1,-2.5,R-HSA-8980692,RHOA GTPase cycle,M1,1,0
1,-3,R-HSA-194138,Signaling by VEGF,M1,1,0
1,-6.3,GO:0016358,dendrite development,M1,1,0
1,-4.1,GO:0001944,vasculature development,M1,1,0
1,-4.5,GO:0099175,regulation of postsynapse organization,M1,1,0
1,-2.9,hsa05030,Cocaine addiction,M1,1,0
1,-3.4,GO:0070374,positive regulation of ERK1 and ERK2 cascade,M1,1,0
1,-4.7,GO:0099177,regulation of trans-synaptic signaling,M1,1,0
1,-2.6,GO:0031647,regulation of protein stability,M1,1,0
1,-3.9,GO:0043405,regulation of MAP kinase activity,M1,1,0
1,-2.2,GO:0060191,regulation of lipase activity,M1,1,0
1,-5.1,GO:0032507,maintenance of protein location in cell,M1,1,0
1,-2.9,GO:0031589,cell-substrate adhesion,M1,1,0
1,-3.2,GO:0001933,negative regulation of protein phosphorylation,M1,1,0
1,-2.2,GO:0055072,iron ion homeostasis,M1,1,0
1,-3.1,GO:0010876,lipid localization,M1,1,0
1,-8.3,GO:0043408,regulation of MAPK cascade,M1,1,0
1,-3,GO:0006417,regulation of translation,M1,1,0
1,-6.1,GO:0051051,negative regulation of transport,M1,1,0
1,-3.4,GO:0071241,cellular response to inorganic substance,M1,1,0
1,-2.2,GO:0060047,heart contraction,M1,1,0
1,-7.3,GO:0051235,maintenance of location,M1,1,0
1,-3.2,GO:0032376,positive regulation of cholesterol transport,M1,1,0
1,-2.6,GO:0019229,regulation of vasoconstriction,M1,1,0
1,-2.6,GO:0043010,camera-type eye development,M1,1,0
1,-3,WP4718,Cholesterol metabolism with Bloch and Kandutsch-Russell pathways,M1,1,0
1,-4.5,GO:0120039,plasma membrane bounded cell projection morphogenesis,M1,1,0
1,-5.7,GO:0043269,regulation of ion transport,M1,1,0
1,-2.8,hsa04510,Focal adhesion,M1,1,0
1,-5.5,GO:0051668,localization within membrane,M1,1,0
1,-2.1,hsa04657,IL-17 signaling pathway,M1,1,0
1,-2.8,GO:0034605,cellular response to heat,M1,1,0
1,-2.2,GO:1903034,regulation of response to wounding,M1,1,0
1,-2.6,GO:0001525,angiogenesis,M1,1,0
1,-2.3,GO:0031397,negative regulation of protein ubiquitination,M1,1,0
1,-2.7,GO:0000165,MAPK cascade,M1,1,0
1,-2.6,R-HSA-422475,Axon guidance,M1,1,0
1,-2,hsa04625,C-type lectin receptor signaling pathway,M1,1,0
1,-3.8,GO:0031345,negative regulation of cell projection organization,M1,1,0
1,-6.6,GO:0050806,positive regulation of synaptic transmission,M1,1,0
1,-3.6,GO:1903578,regulation of ATP metabolic process,M1,1,0
1,-2.7,hsa05206,MicroRNAs in cancer,M1,1,0
1,-2.5,hsa04020,Calcium signaling pathway,M1,1,0
1,-3.4,GO:0007169,transmembrane receptor protein tyrosine kinase signaling pathway,M1,1,0
1,-2.5,GO:0010506,regulation of autophagy,M1,1,0
1,-3.4,WP2380,Brain-derived neurotrophic factor (BDNF) signaling pathway,M1,1,0
1,-3.8,M226,PID VEGFR1 PATHWAY,M1,1,0
1,-2.1,GO:0035304,regulation of protein dephosphorylation,M1,1,0
1,-2.6,GO:1903530,regulation of secretion by cell,M1,1,0
1,-4,GO:0015844,monoamine transport,M1,1,0
1,-5.6,GO:0033135,regulation of peptidyl-serine phosphorylation,M1,1,0
1,-2.7,GO:0097190,apoptotic signaling pathway,M1,1,0
1,-2.9,GO:0098657,import into cell,M1,1,0
1,-3.2,GO:0046329,negative regulation of JNK cascade,M1,1,0
1,-3.9,GO:1900024,regulation of substrate adhesion-dependent cell spreading,M1,1,0
1,-2.4,hsa05014,Amyotrophic lateral sclerosis,M1,1,0
1,-2.2,GO:0051604,protein maturation,M1,1,0
1,-3.6,GO:0001975,response to amphetamine,M1,1,0
1,-2.1,GO:0002768,immune response-regulating cell surface receptor signaling pathway,M1,1,0
1,-3.9,GO:0022029,telencephalon cell migration,M1,1,0
1,-2.2,WP673,ErbB signaling pathway,M1,1,0
1,-2.9,GO:0003015,heart process,M1,1,0
1,-5.3,GO:0015850,organic hydroxy compound transport,M1,1,0
1,-4.2,R-HSA-9006934,Signaling by Receptor Tyrosine Kinases,M1,1,0
1,-2.2,GO:0030516,regulation of axon extension,M1,1,0
1,-3.2,R-HSA-9609507,Protein localization,M1,1,0
1,-2.3,GO:0002429,immune response-activating cell surface receptor signaling pathway,M1,1,0
1,-3.6,GO:0003407,neural retina development,M1,1,0
1,-2.4,GO:1903036,positive regulation of response to wounding,M1,1,0
1,-5.9,GO:0007041,lysosomal transport,M1,1,0
1,-2.1,hsa04010,MAPK signaling pathway,M1,1,0
1,-3.7,GO:1904375,regulation of protein localization to cell periphery,M1,1,0
1,-2.7,GO:0010811,positive regulation of cell-substrate adhesion,M1,1,0
1,-6.4,GO:1901215,negative regulation of neuron death,M1,1,0
1,-9.1,GO:0043065,positive regulation of apoptotic process,M1,1,0
1,-4.6,GO:0071470,cellular response to osmotic stress,M1,1,0
1,-3.6,GO:0050808,synapse organization,M1,1,0
1,-3.5,hsa04910,Insulin signaling pathway,M1,1,0
1,-2.9,R-HSA-983705,Signaling by the B Cell Receptor (BCR),M1,1,0
1,-5.6,GO:0048167,regulation of synaptic plasticity,M1,1,0
1,-3.2,GO:0032373,positive regulation of sterol transport,M1,1,0
1,-3.3,GO:0032370,positive regulation of lipid transport,M1,1,0
1,-2.2,GO:0045580,regulation of T cell differentiation,M1,1,0
1,-4.7,M66,PID MYC ACTIV PATHWAY,M1,1,0
1,-3.4,GO:0031669,cellular response to nutrient levels,M1,1,0
1,-3.1,GO:2001243,negative regulation of intrinsic apoptotic signaling pathway,M1,1,0
1,-2.3,GO:0051924,regulation of calcium ion transport,M1,1,0
1,-2,GO:0070302,regulation of stress-activated protein kinase signaling cascade,M1,1,0
1,-2.5,GO:0002274,myeloid leukocyte activation,M1,1,0
1,-4.4,GO:0071417,cellular response to organonitrogen compound,M1,1,0
1,-2.3,GO:0008202,steroid metabolic process,M1,1,0
1,-4.4,GO:0045986,negative regulation of smooth muscle contraction,M1,1,0
1,-3.5,GO:0055074,calcium ion homeostasis,M1,1,0
1,-2.9,GO:1905954,positive regulation of lipid localization,M1,1,0
1,-2.1,GO:0008217,regulation of blood pressure,M1,1,0
1,-3.7,hsa05031,Amphetamine addiction,M1,1,0
1,-5.3,GO:0006914,autophagy,M1,1,0
1,-2.4,GO:0060041,retina development in camera-type eye,M1,1,0
1,-4,R-HSA-5205685,PINK1-PRKN Mediated Mitophagy,M1,1,0
1,-3.8,GO:0044703,multi-organism reproductive process,M1,1,0
1,-4.7,GO:0031175,neuron projection development,M1,1,0
1,-6.3,GO:0052547,regulation of peptidase activity,M1,1,0
1,-2.8,GO:2000677,regulation of transcription regulatory region DNA binding,M1,1,0
1,-4.5,GO:1900026,positive regulation of substrate adhesion-dependent cell spreading,M1,1,0
1,-3.1,GO:1904037,positive regulation of epithelial cell apoptotic process,M1,1,0
1,-2.3,GO:0050863,regulation of T cell activation,M1,1,0
1,-2.5,GO:0006909,phagocytosis,M1,1,0
1,-4.6,GO:0150076,neuroinflammatory response,M1,1,0
1,-4.6,GO:1905049,negative regulation of metallopeptidase activity,M1,1,0
1,-2.6,GO:0080164,regulation of nitric oxide metabolic process,M1,1,0
1,-7.6,GO:0045859,regulation of protein kinase activity,M1,1,0
1,-3.3,GO:0050770,regulation of axonogenesis,M1,1,0
1,-2.1,GO:0060840,artery development,M1,1,0
1,-2.3,GO:0048511,rhythmic process,M1,1,0
1,-4.4,GO:0001819,positive regulation of cytokine production,M1,1,0
1,-3.9,R-HSA-9013422,RHOBTB1 GTPase cycle,M1,1,0
1,-3.4,GO:0097746,blood vessel diameter maintenance,M1,1,0
1,-5.5,GO:1901652,response to peptide,M1,1,0
1,-2.2,GO:0009791,post-embryonic development,M1,1,0
1,-4,GO:0010042,response to manganese ion,M1,1,0
1,-4.8,GO:0010466,negative regulation of peptidase activity,M1,1,0
1,-3.8,GO:0045932,negative regulation of muscle contraction,M1,1,0
1,-2.1,GO:0008361,regulation of cell size,M1,1,0
1,-6.8,GO:0051651,maintenance of location in cell,M1,1,0
1,-2.6,GO:0010810,regulation of cell-substrate adhesion,M1,1,0
1,-5.4,GO:0072657,protein localization to membrane,M1,1,0
1,-2.6,GO:0007005,mitochondrion organization,M1,1,0
1,-3.1,R-HSA-76002,"Platelet activation, signaling and aggregation",M1,1,0
1,-2.3,GO:0032371,regulation of sterol transport,M1,1,0
1,-5.1,GO:0033674,positive regulation of kinase activity,M1,1,0
1,-7,GO:0050890,cognition,M1,1,0
1,-2.6,GO:0036465,synaptic vesicle recycling,M1,1,0
1,-2.6,hsa05163,Human cytomegalovirus infection,M1,1,0
1,-5.9,GO:0016236,macroautophagy,M1,1,0
1,-3.2,GO:0006816,calcium ion transport,M1,1,0
1,-2.9,GO:0034198,cellular response to amino acid starvation,M1,1,0
1,-2.1,R-HSA-196854,Metabolism of vitamins and cofactors,M1,1,0
1,-2.8,WP3932,Focal adhesion: PI3K-Akt-mTOR-signaling pathway,M1,1,0
1,-3.5,GO:0001505,regulation of neurotransmitter levels,M1,1,0
1,-2.6,GO:0048729,tissue morphogenesis,M1,1,0
1,-3.9,GO:0021987,cerebral cortex development,M1,1,0
1,-5.4,GO:0043523,regulation of neuron apoptotic process,M1,1,0
1,-2.7,R-HSA-1630316,Glycosaminoglycan metabolism,M1,1,0
1,-2.7,GO:0034446,substrate adhesion-dependent cell spreading,M1,1,0
1,-5.1,GO:0043410,positive regulation of MAPK cascade,M1,1,0
1,-2.1,GO:0035967,cellular response to topologically incorrect protein,M1,1,0
1,-3.4,GO:0009410,response to xenobiotic stimulus,M1,1,0
1,-3.5,GO:0031400,negative regulation of protein modification process,M1,1,0
1,-3.4,GO:0021799,cerebral cortex radially oriented cell migration,M1,1,0
1,-2.7,GO:0016051,carbohydrate biosynthetic process,M1,1,0
1,-3.5,GO:0051966,"regulation of synaptic transmission, glutamatergic",M1,1,0
1,-3,WP1591,Heart development,M1,1,0
1,-4.4,GO:0062013,positive regulation of small molecule metabolic process,M1,1,0
1,-4.3,R-HSA-193704,p75 NTR receptor-mediated signalling,M1,1,0
1,-3,WP4861,Endoplasmic reticulum stress response in coronavirus infection,M1,1,0
1,-2.4,GO:0043122,regulation of I-kappaB kinase/NF-kappaB signaling,M1,1,0
1,-5.3,R-HSA-449147,Signaling by Interleukins,M1,1,0
1,-3.5,GO:0050803,regulation of synapse structure or activity,M1,1,0
1,-4.5,GO:0048858,cell projection morphogenesis,M1,1,0
1,-4.2,GO:0055065,metal ion homeostasis,M1,1,0
1,-3.1,GO:0014075,response to amine,M1,1,0
1,-2.7,GO:0061098,positive regulation of protein tyrosine kinase activity,M1,1,0
1,-3.2,GO:0071453,cellular response to oxygen levels,M1,1,0
1,-2.8,GO:0018209,peptidyl-serine modification,M1,1,0
1,-5.8,GO:0032092,positive regulation of protein binding,M1,1,0
1,-6.3,GO:1905906,regulation of amyloid fibril formation,M1,1,0
1,-2.5,GO:0045598,regulation of fat cell differentiation,M1,1,0
1,-2.3,GO:0002757,immune response-activating signal transduction,M1,1,0
1,-2.3,GO:0007264,small GTPase mediated signal transduction,M1,1,0
1,-3.1,R-HSA-9696264,RND3 GTPase cycle,M1,1,0
1,-10,hsa05010,Alzheimer disease,M1,1,0
1,-4.5,GO:0106027,neuron projection organization,M1,1,0
1,-6,GO:0061001,regulation of dendritic spine morphogenesis,M1,1,0
1,-3.2,GO:1901216,positive regulation of neuron death,M1,1,0
1,-2.1,R-HSA-381119,Unfolded Protein Response (UPR),M1,1,0
1,-2.7,GO:0072666,establishment of protein localization to vacuole,M1,1,0
1,-4.8,GO:0014037,Schwann cell differentiation,M1,1,0
1,-4.5,GO:0043087,regulation of GTPase activity,M1,1,0
1,-7.5,GO:0006897,endocytosis,M1,1,0
1,-3,GO:2000273,positive regulation of signaling receptor activity,M1,1,0
1,-2,R-HSA-9711123,Cellular response to chemical stress,M1,1,0
1,-2.7,GO:0016079,synaptic vesicle exocytosis,M1,1,0
1,-2.4,GO:0072655,establishment of protein localization to mitochondrion,M1,1,0
1,-2.1,GO:0045766,positive regulation of angiogenesis,M1,1,0
1,-3.8,GO:0007626,locomotory behavior,M1,1,0
1,-2.9,GO:1904035,regulation of epithelial cell apoptotic process,M1,1,0
1,-4.2,GO:0051100,negative regulation of binding,M1,1,0
1,-2.9,GO:0051495,positive regulation of cytoskeleton organization,M1,1,0
1,-3.1,GO:0021543,pallium development,M1,1,0
1,-6.3,GO:2001233,regulation of apoptotic signaling pathway,M1,1,0
1,-3.2,WP437,EGF/EGFR signaling pathway,M1,1,0
1,-5.9,GO:1904646,cellular response to amyloid-beta,M1,1,0
1,-3.1,WP5220,Metabolic reprogramming in pancreatic cancer,M1,1,0
1,-3.8,hsa04722,Neurotrophin signaling pathway,M1,1,0
1,-2.6,hsa04024,cAMP signaling pathway,M1,1,0
1,-2,GO:0008544,epidermis development,M1,1,0
1,-2.6,GO:0045428,regulation of nitric oxide biosynthetic process,M1,1,0
1,-4.3,GO:0045981,positive regulation of nucleotide metabolic process,M1,1,0
1,-3.1,GO:0051048,negative regulation of secretion,M1,1,0
1,-3.2,GO:0072594,establishment of protein localization to organelle,M1,1,0
1,-2.1,GO:0031334,positive regulation of protein-containing complex assembly,M1,1,0
1,-6.3,GO:0060627,regulation of vesicle-mediated transport,M1,1,0
1,-5.8,GO:1902003,regulation of amyloid-beta formation,M1,1,0
1,-5.1,GO:0044057,regulation of system process,M1,1,0
1,-3.5,GO:1901653,cellular response to peptide,M1,1,0
1,-2.2,GO:0005996,monosaccharide metabolic process,M1,1,0
1,-4,GO:0010951,negative regulation of endopeptidase activity,M1,1,0
1,-4.3,GO:0040017,positive regulation of locomotion,M1,1,0
1,-5.2,GO:0022604,regulation of cell morphogenesis,M1,1,0
1,-3.9,GO:0046777,protein autophosphorylation,M1,1,0
1,-3.1,GO:0043277,apoptotic cell clearance,M1,1,0
1,-4.9,GO:0034765,regulation of ion transmembrane transport,M1,1,0
1,-2.8,GO:0030968,endoplasmic reticulum unfolded protein response,M1,1,0
1,-6.1,GO:0070050,neuron cellular homeostasis,M1,1,0
1,-3.8,GO:0051101,regulation of DNA binding,M1,1,0
1,-3.8,GO:0006874,cellular calcium ion homeostasis,M1,1,0
1,-2.4,GO:1903320,regulation of protein modification by small protein conjugation or removal,M1,1,0
1,-4.5,GO:0048812,neuron projection morphogenesis,M1,1,0
1,-4.6,GO:0021819,layer formation in cerebral cortex,M1,1,0
1,-2.8,GO:0034612,response to tumor necrosis factor,M1,1,0
1,-4,GO:0051493,regulation of cytoskeleton organization,M1,1,0
1,-5.9,GO:0010770,positive regulation of cell morphogenesis involved in differentiation,M1,1,0
1,-6.4,GO:0021782,glial cell development,M1,1,0
1,-3.1,GO:0007409,axonogenesis,M1,1,0
1,-2.9,GO:0030308,negative regulation of cell growth,M1,1,0
1,-3.3,GO:0099173,postsynapse organization,M1,1,0
1,-2.6,R-HSA-9614085,FOXO-mediated transcription,M1,1,0
1,-2.5,R-HSA-199992,trans-Golgi Network Vesicle Budding,M1,1,0
1,-3.8,GO:0042176,regulation of protein catabolic process,M1,1,0
1,-2.2,R-HSA-8953897,Cellular responses to stimuli,M1,1,0
1,-2.3,GO:0032374,regulation of cholesterol transport,M1,1,0
1,-4.3,GO:1904951,positive regulation of establishment of protein localization,M1,1,0
1,-3,R-HSA-6783783,Interleukin-10 signaling,M1,1,0
1,-2.8,hsa05205,Proteoglycans in cancer,M1,1,0
1,-9.2,GO:0051098,regulation of binding,M1,1,0
1,-6.5,GO:1905908,positive regulation of amyloid fibril formation,M1,1,0
1,-5.5,GO:0001666,response to hypoxia,M1,1,0
1,-4.1,GO:0048638,regulation of developmental growth,M1,1,0
1,-2,WP185,Integrin-mediated cell adhesion,M1,1,0
1,-6.9,GO:0051402,neuron apoptotic process,M1,1,0
1,-3.1,R-HSA-9675108,Nervous system development,M1,1,0
1,-3.1,hsa04666,Fc gamma R-mediated phagocytosis,M1,1,0
1,-4.5,GO:0043270,positive regulation of ion transport,M1,1,0
1,-2.3,GO:2001021,negative regulation of response to DNA damage stimulus,M1,1,0
1,-2.7,GO:0042594,response to starvation,M1,1,0
1,-4.3,GO:0009991,response to extracellular stimulus,M1,1,0
1,-3,GO:0034330,cell junction organization,M1,1,0
1,-6.5,GO:0045861,negative regulation of proteolysis,M1,1,0
1,-2.9,GO:0070303,negative regulation of stress-activated protein kinase signaling cascade,M1,1,0
1,-2.5,GO:0032386,regulation of intracellular transport,M1,1,0
1,-2.3,GO:0021675,nerve development,M1,1,0
1,-5.8,GO:0006468,protein phosphorylation,M1,1,0
1,-3.5,GO:0098771,inorganic ion homeostasis,M1,1,0
1,-2.3,GO:0014068,positive regulation of phosphatidylinositol 3-kinase signaling,M1,1,0
1,-4.7,R-HSA-76005,Response to elevated platelet cytosolic Ca2+,M1,1,0
1,-3.5,hsa05417,Lipid and atherosclerosis,M1,1,0
1,-3.3,WP4018,Clear cell renal cell carcinoma pathways,M1,1,0
1,-3.2,GO:0006898,receptor-mediated endocytosis,M1,1,0
1,-8.6,GO:0001934,positive regulation of protein phosphorylation,M1,1,0
1,-3.1,GO:0005975,carbohydrate metabolic process,M1,1,0
1,-4.8,GO:1903580,positive regulation of ATP metabolic process,M1,1,0
1,-4.1,GO:0052548,regulation of endopeptidase activity,M1,1,0
1,-2,GO:0032872,regulation of stress-activated MAPK cascade,M1,1,0
1,-3.3,GO:0030201,heparan sulfate proteoglycan metabolic process,M1,1,0
1,-4.1,R-HSA-388396,GPCR downstream signalling,M1,1,0
1,-2.1,GO:1903706,regulation of hemopoiesis,M1,1,0
1,-2.7,GO:0035904,aorta development,M1,1,0
1,-2.2,GO:1904705,regulation of vascular associated smooth muscle cell proliferation,M1,1,0
1,-2.6,GO:0010517,regulation of phospholipase activity,M1,1,0
1,-7.7,GO:0062197,cellular response to chemical stress,M1,1,0
1,-4.6,GO:0032412,regulation of ion transmembrane transporter activity,M1,1,0
1,-2.8,GO:0060998,regulation of dendritic spine development,M1,1,0
1,-3.6,GO:0030029,actin filament-based process,M1,1,0
1,-2.8,GO:0070848,response to growth factor,M1,1,0
1,-6.4,GO:0007034,vacuolar transport,M1,1,0
1,-2.6,WP3863,T-cell antigen receptor (TCR) pathway during Staphylococcus aureus infection,M1,1,0
1,-3.9,GO:0032414,positive regulation of ion transmembrane transporter activity,M1,1,0
1,-2.9,GO:0006935,chemotaxis,M1,1,0
1,-2.9,GO:0030900,forebrain development,M1,1,0
1,-2.1,GO:1904018,positive regulation of vasculature development,M1,1,0
1,-2.4,hsa05100,Bacterial invasion of epithelial cells,M1,1,0
1,-3.6,GO:1902430,negative regulation of amyloid-beta formation,M1,1,0
1,-4.1,GO:0042391,regulation of membrane potential,M1,1,0
1,-3.1,GO:0021953,central nervous system neuron differentiation,M1,1,0
1,-2.1,GO:1905952,regulation of lipid localization,M1,1,0
1,-4.3,GO:1900544,positive regulation of purine nucleotide metabolic process,M1,1,0
1,-3.6,R-HSA-5205647,Mitophagy,M1,1,0
1,-2.5,GO:0140352,export from cell,M1,1,0
1,-4,GO:0006937,regulation of muscle contraction,M1,1,0
1,-2.8,GO:0043470,regulation of carbohydrate catabolic process,M1,1,0
1,-2.4,GO:0045926,negative regulation of growth,M1,1,0
1,-2.4,GO:0021537,telencephalon development,M1,1,0
1,-2.9,GO:0051480,regulation of cytosolic calcium ion concentration,M1,1,0
1,-2.2,GO:0051650,establishment of vesicle localization,M1,1,0
1,-3,R-HSA-9013149,RAC1 GTPase cycle,M1,1,0
1,-3,R-HSA-8957275,Post-translational protein phosphorylation,M1,1,0
1,-4.2,GO:0008015,blood circulation,M1,1,0
1,-3,R-HSA-9679506,SARS-CoV Infections,M1,1,0
1,-2.1,GO:0032436,positive regulation of proteasomal ubiquitin-dependent protein catabolic process,M1,1,0
1,-2,GO:0048534,hematopoietic or lymphoid organ development,M1,1,0
1,-6.8,GO:0051347,positive regulation of transferase activity,M1,1,0
1,-5.5,GO:1902993,positive regulation of amyloid precursor protein catabolic process,M1,1,0
1,-2.2,GO:0035383,thioester metabolic process,M1,1,0
1,-2.2,GO:0009267,cellular response to starvation,M1,1,0
1,-2.2,WP69,T-cell receptor signaling pathway,M1,1,0
1,-2.3,GO:1903522,regulation of blood circulation,M1,1,0
1,-3.4,GO:0048732,gland development,M1,1,0
1,-2.8,WP306,Focal adhesion,M1,1,0
1,-2.1,GO:0032091,negative regulation of protein binding,M1,1,0
1,-2.1,GO:0055092,sterol homeostasis,M1,1,0
1,-3.3,GO:0010976,positive regulation of neuron projection development,M1,1,0
1,-5.7,GO:0060284,regulation of cell development,M1,1,0
1,-2.5,GO:0036294,cellular response to decreased oxygen levels,M1,1,0
1,-2.5,R-HSA-9013026,RHOB GTPase cycle,M1,1,0
1,-5.1,GO:0034764,positive regulation of transmembrane transport,M1,1,0
1,-3.6,GO:0051222,positive regulation of protein transport,M1,1,0
1,-2.3,GO:0007269,neurotransmitter secretion,M1,1,0
1,-3.1,GO:0033365,protein localization to organelle,M1,1,0
1,-2.1,R-HSA-5607764,CLEC7A (Dectin-1) signaling,M1,1,0
1,-5.7,R-HSA-9716542,"Signaling by Rho GTPases, Miro GTPases and RHOBTB3",M1,1,0
1,-3.9,GO:0090075,relaxation of muscle,M1,1,0
1,-2.2,GO:0006637,acyl-CoA metabolic process,M1,1,0
1,-2.9,GO:1990928,response to amino acid starvation,M1,1,0
1,-5.2,GO:0043086,negative regulation of catalytic activity,M1,1,0
1,-3.1,GO:0044772,mitotic cell cycle phase transition,M1,1,0
1,-2.3,R-HSA-9663891,Selective autophagy,M1,1,0
1,-2.4,hsa05212,Pancreatic cancer,M1,1,0
1,-2.1,GO:0090092,regulation of transmembrane receptor protein serine/threonine kinase signaling pathway,M1,1,0
1,-2.5,GO:0043627,response to estrogen,M1,1,0
1,-4.5,GO:2000112,regulation of cellular macromolecule biosynthetic process,M1,1,0
1,-2.7,GO:0060291,long-term synaptic potentiation,M1,1,0
1,-6.1,GO:0010469,regulation of signaling receptor activity,M1,1,0
1,-4.8,GO:1901699,cellular response to nitrogen compound,M1,1,0
1,-3.2,GO:0006886,intracellular protein transport,M1,1,0
1,-4.7,GO:0043467,regulation of generation of precursor metabolites and energy,M1,1,0
1,-4.9,GO:0034767,positive regulation of ion transmembrane transport,M1,1,0
1,-7,GO:0030162,regulation of proteolysis,M1,1,0
1,-2.3,hsa04012,ErbB signaling pathway,M1,1,0
1,-6.6,GO:0090066,regulation of anatomical structure size,M1,1,0
1,-2.9,hsa05034,Alcoholism,M1,1,0
1,-4.5,GO:0042987,amyloid precursor protein catabolic process,M1,1,0
1,-3.2,GO:0007423,sensory organ development,M1,1,0
1,-7.1,GO:0010001,glial cell differentiation,M1,1,0
1,-2.9,GO:0051702,biological process involved in interaction with symbiont,M1,1,0
1,-2.3,GO:0070585,protein localization to mitochondrion,M1,1,0
1,-3.4,GO:0040011,locomotion,M1,1,0
1,-3.4,GO:0009636,response to toxic substance,M1,1,0
1,-4.1,GO:1905475,regulation of protein localization to membrane,M1,1,0
1,-4.3,GO:0051937,catecholamine transport,M1,1,0
1,-2,WP399,Wnt signaling pathway and pluripotency,M1,1,0
1,-3.6,GO:0071345,cellular response to cytokine stimulus,M1,1,0
1,-3.1,WP23,B cell receptor signaling pathway,M1,1,0
1,-4.8,GO:0010035,response to inorganic substance,M1,1,0
1,-3.6,GO:1900180,regulation of protein localization to nucleus,M1,1,0
1,-3.5,GO:0030003,cellular cation homeostasis,M1,1,0
1,-4,GO:0007565,female pregnancy,M1,1,0
1,-3.1,GO:0008347,glial cell migration,M1,1,0
1,-3.6,R-HSA-71387,Metabolism of carbohydrates,M1,1,0
1,-6.7,GO:0043549,regulation of kinase activity,M1,1,0
1,-2.6,GO:0044091,membrane biogenesis,M1,1,0
1,-2.5,GO:0010977,negative regulation of neuron projection development,M1,1,0
1,-2.5,GO:0002253,activation of immune response,M1,1,0
1,-7.2,GO:0000904,cell morphogenesis involved in differentiation,M1,1,0
1,-3.7,GO:0050767,regulation of neurogenesis,M1,1,0
1,-2.3,GO:0021766,hippocampus development,M1,1,0
1,-2.3,M223,PID BETA CATENIN NUC PATHWAY,M1,1,0
1,-6.7,GO:0007610,behavior,M1,1,0
1,-2.5,hsa04014,Ras signaling pathway,M1,1,0
1,-2.9,GO:0043123,positive regulation of I-kappaB kinase/NF-kappaB signaling,M1,1,0
1,-2.8,GO:0008203,cholesterol metabolic process,M1,1,0
1,-3.2,GO:1901998,toxin transport,M1,1,0
1,-3.7,M121,PID MTOR 4PATHWAY,M1,1,0
1,-3.1,WP4290,Metabolic reprogramming in colon cancer,M1,1,0
1,-5.7,GO:2001257,regulation of cation channel activity,M1,1,0
1,-6.5,GO:0002265,astrocyte activation involved in immune response,M1,1,0
1,-4.3,GO:0045185,maintenance of protein location,M1,1,0
1,-2.2,GO:1904427,positive regulation of calcium ion transmembrane transport,M1,1,0
1,-2.2,GO:0043484,regulation of RNA splicing,M1,1,0
1,-4.6,GO:0006979,response to oxidative stress,M1,1,0
1,-4.1,GO:0032409,regulation of transporter activity,M1,1,0
1,-4.3,GO:0001568,blood vessel development,M1,1,0
1,-3.8,GO:0045862,positive regulation of proteolysis,M1,1,0
1,-4.4,GO:0048143,astrocyte activation,M1,1,0
1,-2.7,R-HSA-2644603,Signaling by NOTCH1 in Cancer,M1,1,0
1,-3.2,GO:0043271,negative regulation of ion transport,M1,1,0
1,-2.1,GO:0032940,secretion by cell,M1,1,0
1,-4.3,R-HSA-1280215,Cytokine Signaling in Immune system,M1,1,0
1,-4.2,R-HSA-382551,Transport of small molecules,M1,1,0
1,-2.4,GO:0006839,mitochondrial transport,M1,1,0
1,-2.9,GO:0051046,regulation of secretion,M1,1,0
1,-2.6,GO:1901224,positive regulation of NIK/NF-kappaB signaling,M1,1,0
1,-11,WP2059,Alzheimer's disease and miRNA effects,M1,1,0
1,-2.1,GO:0010256,endomembrane system organization,M1,1,0
1,-3.4,GO:0070372,regulation of ERK1 and ERK2 cascade,M1,1,0
1,-3.7,M153,PID P75 NTR PATHWAY,M1,1,0
1,-5.9,GO:1902004,positive regulation of amyloid-beta formation,M1,1,0
1,-2.7,GO:0043903,regulation of biological process involved in symbiotic interaction,M1,1,0
1,-3.2,GO:0097305,response to alcohol,M1,1,0
1,-3.3,WP289,Myometrial relaxation and contraction pathways,M1,1,0
1,-3.9,hsa04726,Serotonergic synapse,M1,1,0
1,-5.7,GO:0045596,negative regulation of cell differentiation,M1,1,0
1,-2.8,WP5097,CCL18 signaling pathway,M1,1,0
1,-2.1,GO:0007229,integrin-mediated signaling pathway,M1,1,0
1,-2,GO:0046620,regulation of organ growth,M1,1,0
1,-2.3,GO:0030001,metal ion transport,M1,1,0
1,-2.1,GO:0002244,hematopoietic progenitor cell differentiation,M1,1,0
1,-5.7,GO:0048667,cell morphogenesis involved in neuron differentiation,M1,1,0
1,-3,GO:0044770,cell cycle phase transition,M1,1,0
1,-5.7,WP3888,VEGFA-VEGFR2 signaling pathway,M1,1,0
1,-2.1,GO:0032680,regulation of tumor necrosis factor production,M1,1,0
1,-2.3,R-HSA-1168372,Downstream signaling events of B Cell Receptor (BCR),M1,1,0
1,-2.4,GO:0045913,positive regulation of carbohydrate metabolic process,M1,1,0
1,-2.5,GO:0007009,plasma membrane organization,M1,1,0
1,-2.4,hsa04144,Endocytosis,M1,1,0
1,-6.5,R-HSA-109582,Hemostasis,M1,1,0
1,-2.2,GO:0010660,regulation of muscle cell apoptotic process,M1,1,0
1,-3.7,GO:0032411,positive regulation of transporter activity,M1,1,0
1,-3.4,hsa05200,Pathways in cancer,M1,1,0
1,-3.2,GO:1900542,regulation of purine nucleotide metabolic process,M1,1,0
1,-3.3,GO:2001234,negative regulation of apoptotic signaling pathway,M1,1,0
1,-7.1,GO:0019725,cellular homeostasis,M1,1,0
1,-2.8,GO:0042330,taxis,M1,1,0
1,-6.6,GO:0099601,regulation of neurotransmitter receptor activity,M1,1,0
1,-6.7,GO:0000902,cell morphogenesis,M1,1,0
1,-3.1,GO:0048660,regulation of smooth muscle cell proliferation,M1,1,0
1,-4,GO:0009266,response to temperature stimulus,M1,1,0
1,-2.1,GO:1903555,regulation of tumor necrosis factor superfamily cytokine production,M1,1,0
1,-5.5,R-HSA-9012999,RHO GTPase cycle,M1,1,0
1,-2.3,GO:0051223,regulation of protein transport,M1,1,0
1,-4.9,GO:0006986,response to unfolded protein,M1,1,0
1,-3.7,R-HSA-372790,Signaling by GPCR,M1,1,0
1,-2.2,R-HSA-2262752,Cellular responses to stress,M1,1,0
1,-2,R-HSA-382556,ABC-family proteins mediated transport,M1,1,0
1,-3.9,GO:0097242,amyloid-beta clearance,M1,1,0
1,-3,GO:1903076,regulation of protein localization to plasma membrane,M1,1,0
1,-2.4,GO:1903531,negative regulation of secretion by cell,M1,1,0
1,-3,hsa04931,Insulin resistance,M1,1,0
1,-5.8,GO:0051129,negative regulation of cellular component organization,M1,1,0
1,-2.1,GO:0006942,regulation of striated muscle contraction,M1,1,0
1,-3,GO:0023061,signal release,M1,1,0
1,-2.5,GO:0030111,regulation of Wnt signaling pathway,M1,1,0
1,-3.1,hsa05215,Prostate cancer,M1,1,0
1,-3.7,GO:0021895,cerebral cortex neuron differentiation,M1,1,0
1,-2.3,GO:0034620,cellular response to unfolded protein,M1,1,0
1,-4.4,GO:0007612,learning,M1,1,0
1,-4.7,GO:0050804,modulation of chemical synaptic transmission,M1,1,0
1,-2.5,GO:0042060,wound healing,M1,1,0
1,-2.8,GO:0007219,Notch signaling pathway,M1,1,0
1,-2.7,GO:0048514,blood vessel morphogenesis,M1,1,0
1,-4.2,GO:0006875,cellular metal ion homeostasis,M1,1,0
1,-2.4,GO:0050818,regulation of coagulation,M1,1,0
1,-2.9,GO:0061462,protein localization to lysosome,M1,1,0
1,-2,GO:0051047,positive regulation of secretion,M1,1,0
1,-3.5,GO:0001935,endothelial cell proliferation,M1,1,0
1,-3,GO:0009408,response to heat,M1,1,0
1,-3.4,GO:0001558,regulation of cell growth,M1,1,0
1,-2.3,GO:0050848,regulation of calcium-mediated signaling,M1,1,0
1,-2.6,GO:0050771,negative regulation of axonogenesis,M1,1,0
1,-4.3,GO:0032990,cell part morphogenesis,M1,1,0
1,-2.5,WP5083,Neuroinflammation and glutamatergic signaling,M1,1,0
1,-3,hsa04064,NF-kappa B signaling pathway,M1,1,0
1,-2.4,GO:0008088,axo-dendritic transport,M1,1,0
1,-3.4,R-HSA-9013694,Signaling by NOTCH4,M1,1,0
1,-3.9,GO:0035239,tube morphogenesis,M1,1,0
1,-4.8,GO:0055082,cellular chemical homeostasis,M1,1,0
1,-2.3,GO:0021954,central nervous system neuron development,M1,1,0
1,-3.7,R-HSA-6798695,Neutrophil degranulation,M1,1,0
1,-3.9,GO:0050730,regulation of peptidyl-tyrosine phosphorylation,M1,1,0
1,-4.9,GO:0009896,positive regulation of catabolic process,M1,1,0
1,-2.5,GO:0014074,response to purine-containing compound,M1,1,0
1,-5.2,GO:0048813,dendrite morphogenesis,M1,1,0
1,-4.7,GO:2001259,positive regulation of cation channel activity,M1,1,0
1,-2.3,WP706,Sudden infant death syndrome (SIDS) susceptibility pathways,M1,1,0
1,-4,GO:0042982,amyloid precursor protein metabolic process,M1,1,0
1,-3.3,GO:0010563,negative regulation of phosphorus metabolic process,M1,1,0
1,-2.4,GO:0051092,positive regulation of NF-kappaB transcription factor activity,M1,1,0
1,-3.8,GO:0034249,negative regulation of cellular amide metabolic process,M1,1,0
1,-2.1,GO:0046890,regulation of lipid biosynthetic process,M1,1,0
1,-3.4,R-HSA-9706574,RHOBTB GTPase Cycle,M1,1,0
1,-3.8,GO:0032956,regulation of actin cytoskeleton organization,M1,1,0
1,-2,GO:0051056,regulation of small GTPase mediated signal transduction,M1,1,0
1,-4.6,GO:0030335,positive regulation of cell migration,M1,1,0
1,-2.9,GO:0042326,negative regulation of phosphorylation,M1,1,0
1,-3.9,GO:0099536,synaptic signaling,M1,1,0
1,-3,GO:0018105,peptidyl-serine phosphorylation,M1,1,0
1,-12,WP5124,Alzheimer's disease,M1,1,0
1,-2.1,GO:0045807,positive regulation of endocytosis,M1,1,0
1,-10,WP5265,Neurogenesis regulation in the olfactory epithelium,M1,1,0
1,-3.2,GO:0009611,response to wounding,M1,1,0
1,-3.8,GO:0010952,positive regulation of peptidase activity,M1,1,0
1,-3.4,GO:0006873,cellular ion homeostasis,M1,1,0
1,-2.9,GO:0043457,regulation of cellular respiration,M1,1,0
1,-2.8,GO:0010874,regulation of cholesterol efflux,M1,1,0
1,-8.9,GO:0043068,positive regulation of programmed cell death,M1,1,0
1,-2.8,R-HSA-1638091,Heparan sulfate/heparin (HS-GAG) metabolism,M1,1,0
1,-3,GO:0008542,visual learning,M1,1,0
1,-5.4,GO:0031344,regulation of cell projection organization,M1,1,0
1,-4.4,GO:0001963,"synaptic transmission, dopaminergic",M1,1,0
1,-5.6,GO:0035966,response to topologically incorrect protein,M1,1,0
1,-3.1,GO:0031668,cellular response to extracellular stimulus,M1,1,0
1,-3.1,GO:0048661,positive regulation of smooth muscle cell proliferation,M1,1,0
1,-2.1,GO:0010721,negative regulation of cell development,M1,1,0
1,-2.4,GO:0001937,negative regulation of endothelial cell proliferation,M1,1,0
1,-2.6,GO:0070555,response to interleukin-1,M1,1,0
1,-2.3,GO:0007568,aging,M1,1,0
1,-3.3,GO:0006869,lipid transport,M1,1,0
1,-3.1,GO:0006623,protein targeting to vacuole,M1,1,0
1,-2.5,GO:0050768,negative regulation of neurogenesis,M1,1,0
1,-3.7,GO:0032388,positive regulation of intracellular transport,M1,1,0
1,-3.1,GO:0072507,divalent inorganic cation homeostasis,M1,1,0
1,-4.7,GO:0010975,regulation of neuron projection development,M1,1,0
1,-2.6,GO:0060537,muscle tissue development,M1,1,0
1,-5.2,GO:0008285,negative regulation of cell population proliferation,M1,1,0
1,-3.9,GO:0051090,regulation of DNA-binding transcription factor activity,M1,1,0
1,-3.8,WP4754,IL-18 signaling pathway,M1,1,0
1,-3.5,GO:0050873,brown fat cell differentiation,M1,1,0
1,-4.6,GO:0031667,response to nutrient levels,M1,1,0
1,-3.4,GO:0071496,cellular response to external stimulus,M1,1,0
1,-2.6,GO:0033157,regulation of intracellular protein transport,M1,1,0
1,-2.7,GO:0010720,positive regulation of cell development,M1,1,0
1,-3.7,GO:0032989,cellular component morphogenesis,M1,1,0
1,-3.6,GO:0055080,cation homeostasis,M1,1,0
1,-6.2,GO:1902532,negative regulation of intracellular signal transduction,M1,1,0
1,-2.9,GO:1904019,epithelial cell apoptotic process,M1,1,0
1,-2.7,GO:1902893,regulation of miRNA transcription,M1,1,0
1,-2.4,GO:0048662,negative regulation of smooth muscle cell proliferation,M1,1,0
1,-5,GO:1902992,negative regulation of amyloid precursor protein catabolic process,M1,1,0
1,-5,GO:1902905,positive regulation of supramolecular fiber organization,M1,1,0
1,-2.7,GO:0046683,response to organophosphorus,M1,1,0
1,-3.5,GO:0006970,response to osmotic stress,M1,1,0
1,-3.7,GO:0071248,cellular response to metal ion,M1,1,0
1,-3.7,GO:0010875,positive regulation of cholesterol efflux,M1,1,0
1,-2.1,GO:0019217,regulation of fatty acid metabolic process,M1,1,0
1,-4.5,GO:0030100,regulation of endocytosis,M1,1,0
1,-3.8,GO:0022030,telencephalon glial cell migration,M1,1,0
1,-5.1,GO:0034250,positive regulation of cellular amide metabolic process,M1,1,0
1,-2.4,GO:0019221,cytokine-mediated signaling pathway,M1,1,0
1,-4.8,GO:0061900,glial cell activation,M1,1,0
1,-5.7,GO:0043393,regulation of protein binding,M1,1,0
1,-3.9,GO:0030865,cortical cytoskeleton organization,M1,1,0
1,-3.9,GO:1900273,positive regulation of long-term synaptic potentiation,M1,1,0
1,-3.5,GO:0007167,enzyme-linked receptor protein signaling pathway,M1,1,0
1,-2.8,GO:0061564,axon development,M1,1,0
1,-6.4,GO:0080135,regulation of cellular response to stress,M1,1,0
1,-2.7,R-HSA-418594,G alpha (i) signalling events,M1,1,0
1,-2.7,GO:0043407,negative regulation of MAP kinase activity,M1,1,0
1,-4.8,GO:0051091,positive regulation of DNA-binding transcription factor activity,M1,1,0
1,-3.1,GO:0098815,modulation of excitatory postsynaptic potential,M1,1,0
1,-5.1,GO:0051345,positive regulation of hydrolase activity,M1,1,0
1,-2.2,hsa04141,Protein processing in endoplasmic reticulum,M1,1,0
1,-3.1,GO:0008283,cell population proliferation,M1,1,0
1,-2.4,GO:1902414,protein localization to cell junction,M1,1,0
1,-3.7,WP3851,TLR4 signaling and tolerance,M1,1,0
1,-3.8,GO:1905048,regulation of metallopeptidase activity,M1,1,0
1,-2.7,WP4217,Ebola virus infection in host,M1,1,0
1,-2.4,R-HSA-9658195,Leishmania infection,M1,1,0
1,-2.1,GO:0070588,calcium ion transmembrane transport,M1,1,0
1,-4.5,GO:0022898,regulation of transmembrane transporter activity,M1,1,0
1,-3.1,GO:0090257,regulation of muscle system process,M1,1,0
1,-2.6,GO:0071902,positive regulation of protein serine/threonine kinase activity,M1,1,0
1,-2.8,WP3594,Circadian rhythm genes,M1,1,0
1,-2.3,GO:0006029,proteoglycan metabolic process,M1,1,0
1,-2.1,GO:0001936,regulation of endothelial cell proliferation,M1,1,0
1,-3.8,GO:0030301,cholesterol transport,M1,1,0
1,-2.9,GO:0032873,negative regulation of stress-activated MAPK cascade,M1,1,0
1,-3,WP4312,Rett syndrome causing genes,M1,1,0
1,-2.4,GO:0045834,positive regulation of lipid metabolic process,M1,1,0
1,-2.1,GO:0120162,positive regulation of cold-induced thermogenesis,M1,1,0
1,-2.8,GO:0007632,visual behavior,M1,1,0
1,-7.2,GO:0042063,gliogenesis,M1,1,0
1,-2,GO:0032760,positive regulation of tumor necrosis factor production,M1,1,0
1,-2.3,GO:0099643,signal release from synapse,M1,1,0
1,-2.7,R-HSA-2644602,Signaling by NOTCH1 PEST Domain Mutants in Cancer,M1,1,0
1,-2.7,R-HSA-2644606,Constitutive Signaling by NOTCH1 PEST Domain Mutants,M1,1,0
1,-2.8,hsa05130,Pathogenic Escherichia coli infection,M1,1,0
1,-2.4,GO:2000628,regulation of miRNA metabolic process,M1,1,0
1,-2.4,GO:0055117,regulation of cardiac muscle contraction,M1,1,0
1,-5.3,GO:0036293,response to decreased oxygen levels,M1,1,0
1,-3.6,GO:0045732,positive regulation of protein catabolic process,M1,1,0
1,-3.4,GO:1905898,positive regulation of response to endoplasmic reticulum stress,M1,1,0
1,-4.5,GO:0015872,dopamine transport,M1,1,0
1,-5.2,GO:0033138,positive regulation of peptidyl-serine phosphorylation,M1,1,0
