Name,Category,CategoryID,GO,Description,PARENT_GO,LogP,Enrichment,Z-score,#TotalGeneInLibrary,#GeneInGO,#GeneInHitList,#GeneInGOAndHitList,%InGO,STDV %InGO,GeneID,Hits,Log(q-value)
MyList,Reactome Gene Sets,6,R-HSA-9006934,Signaling by Receptor Tyrosine Kinases,,-7.5,9.1,9,30169,521,70,11,16,4.3,1302|2250|2963|3479|3688|5155|5581|5595|6195|6777|29126,COL11A2|FGF5|GTF2F2|IGF1|ITGB1|PDGFB|PRKCE|MAPK3|RPS6KA1|STAT5B|CD274,-4.8
MyList,WikiPathways,27,WP5087,Malignant pleural mesothelioma,,-7.1,9.8,9,30169,440,70,10,14,4.2,1975|2250|3479|3688|5155|5332|5595|6195|7157|29126,EIF4B|FGF5|IGF1|ITGB1|PDGFB|PLCB4|MAPK3|RPS6KA1|TP53|CD274,-4.4
MyList,GO Biological Processes,19,GO:0010564,regulation of cell cycle process,19_GO:0050789 regulation of biological process,-6.9,7,8,30169,735,70,12,17,4.5,3304|3479|4733|5155|5581|7157|8480|9088|10419|23476|54465|83990,HSPA1B|IGF1|DRG1|PDGFB|PRKCE|TP53|RAE1|PKMYT1|PRMT5|BRD4|ETAA1|BRIP1,-4.3
MyList,Reactome Gene Sets,6,R-HSA-3108232,SUMO E3 ligases SUMOylate target proteins,,-6.6,17,10,30169,182,70,7,10,3.6,1789|7022|7157|8480|8554|9994|10499,DNMT3B|TFAP2C|TP53|RAE1|PIAS1|CASP8AP2|NCOA2,-4
MyList,Reactome Gene Sets,6,R-HSA-2990846,SUMOylation,,-6.6,16,10,30169,188,70,7,10,3.6,1789|7022|7157|8480|8554|9994|10499,DNMT3B|TFAP2C|TP53|RAE1|PIAS1|CASP8AP2|NCOA2,-4
MyList,KEGG Pathway,24,hsa04010,MAPK signaling pathway,,-6.4,12,8.9,30169,294,70,8,11,3.8,2250|3304|3479|5155|5595|5880|6195|7157,FGF5|HSPA1B|IGF1|PDGFB|MAPK3|RAC2|RPS6KA1|TP53,-3.8
MyList,KEGG Pathway,24,hsa04015,Rap1 signaling pathway,,-6.2,14,9.4,30169,210,70,7,10,3.6,2250|3479|3688|5155|5332|5595|5880,FGF5|IGF1|ITGB1|PDGFB|PLCB4|MAPK3|RAC2,-3.7
MyList,KEGG Pathway,24,hsa05218,Melanoma,,-6.1,30,12,30169,72,70,5,7.1,3.1,2250|3479|5155|5595|7157,FGF5|IGF1|PDGFB|MAPK3|TP53,-3.6
MyList,GO Biological Processes,19,GO:0006974,cellular response to DNA damage stimulus,19_GO:0050896 response to stimulus,-6,6.4,7.2,30169,742,70,11,16,4.3,3297|5426|5595|7156|7157|9156|23049|23476|54465|83990|148581,HSF1|POLE|MAPK3|TOP3A|TP53|EXO1|SMG1|BRD4|ETAA1|BRIP1|UBE2U,-3.5
MyList,GO Biological Processes,19,GO:0006351,DNA-templated transcription,19_GO:0008152 metabolic process,-5.9,7.2,7.4,30169,595,70,10,14,4.2,2963|3297|5595|6777|7157|8554|9330|10419|10499|23476,GTF2F2|HSF1|MAPK3|STAT5B|TP53|PIAS1|GTF3C3|PRMT5|NCOA2|BRD4,-3.5
MyList,GO Biological Processes,19,GO:0097659,nucleic acid-templated transcription,19_GO:0008152 metabolic process,-5.9,7.2,7.4,30169,597,70,10,14,4.2,2963|3297|5595|6777|7157|8554|9330|10419|10499|23476,GTF2F2|HSF1|MAPK3|STAT5B|TP53|PIAS1|GTF3C3|PRMT5|NCOA2|BRD4,-3.4
MyList,WikiPathways,27,WP4172,PI3K-Akt signaling pathway,,-5.9,10,8.2,30169,339,70,8,11,3.8,1975|2250|3479|3688|5155|5595|7097|7157,EIF4B|FGF5|IGF1|ITGB1|PDGFB|MAPK3|TLR2|TP53,-3.4
MyList,GO Biological Processes,19,GO:0032774,RNA biosynthetic process,19_GO:0008152 metabolic process,-5.9,7.1,7.3,30169,607,70,10,14,4.2,2963|3297|5595|6777|7157|8554|9330|10419|10499|23476,GTF2F2|HSF1|MAPK3|STAT5B|TP53|PIAS1|GTF3C3|PRMT5|NCOA2|BRD4,-3.4
MyList,GO Biological Processes,19,GO:0071216,cellular response to biotic stimulus,19_GO:0050896 response to stimulus,-5.8,12,8.6,30169,244,70,7,10,3.6,2213|3297|5581|5595|7097|7157|29126,FCGR2B|HSF1|PRKCE|MAPK3|TLR2|TP53|CD274,-3.3
MyList,KEGG Pathway,24,hsa04151,PI3K-Akt signaling pathway,,-5.8,9.7,8,30169,354,70,8,11,3.8,1975|2250|3479|3688|5155|5595|7097|7157,EIF4B|FGF5|IGF1|ITGB1|PDGFB|MAPK3|TLR2|TP53,-3.3
MyList,GO Biological Processes,19,GO:0090084,negative regulation of inclusion body assembly,19_GO:0048519 negative regulation of biological process,-5.7,1.2e+02,19,30169,11,70,3,4.3,2.4,3297|3300|3304,HSF1|DNAJB2|HSPA1B,-3.3
MyList,GO Biological Processes,19,GO:0006281,DNA repair,19_GO:0050896 response to stimulus,-5.6,7.8,7.4,30169,498,70,9,13,4,3297|5426|7156|7157|9156|23049|54465|83990|148581,HSF1|POLE|TOP3A|TP53|EXO1|SMG1|ETAA1|BRIP1|UBE2U,-3.2
MyList,GO Biological Processes,19,GO:0010638,positive regulation of organelle organization,19_GO:0048518 positive regulation of biological process,-5.6,7.6,7.3,30169,508,70,9,13,4,3304|3479|4733|5155|5581|5595|7157|10694|11152,HSPA1B|IGF1|DRG1|PDGFB|PRKCE|MAPK3|TP53|CCT8|WDR45,-3.2
MyList,Canonical Pathways,11,M91,PID TCPTP PATHWAY,,-5.6,41,13,30169,42,70,4,5.7,2.8,3688|5155|6777|8554,ITGB1|PDGFB|STAT5B|PIAS1,-3.1
MyList,KEGG Pathway,24,hsa05215,Prostate cancer,,-5.5,22,10,30169,97,70,5,7.1,3.1,3479|5155|5595|7113|7157,IGF1|PDGFB|MAPK3|TMPRSS2|TP53,-3.1
MyList,KEGG Pathway,24,hsa05200,Pathways in cancer,,-5.4,7.3,7.1,30169,531,70,9,13,4,2250|3479|3688|5155|5332|5595|5880|6777|7157,FGF5|IGF1|ITGB1|PDGFB|PLCB4|MAPK3|RAC2|STAT5B|TP53,-3
MyList,GO Biological Processes,19,GO:0006109,regulation of carbohydrate metabolic process,19_GO:0008152 metabolic process,-5.3,14,8.5,30169,186,70,6,8.6,3.3,3479|3487|5155|5581|7157|10499,IGF1|IGFBP4|PDGFB|PRKCE|TP53|NCOA2,-2.9
MyList,WikiPathways,27,WP306,Focal adhesion,,-5.2,13,8.2,30169,198,70,6,8.6,3.3,3479|3688|5155|5595|5880|340156,IGF1|ITGB1|PDGFB|MAPK3|RAC2|MYLK4,-2.8
MyList,KEGG Pathway,24,hsa04510,Focal adhesion,,-5.1,13,8.1,30169,201,70,6,8.6,3.3,3479|3688|5155|5595|5880|340156,IGF1|ITGB1|PDGFB|MAPK3|RAC2|MYLK4,-2.8
MyList,GO Biological Processes,19,GO:1901653,cellular response to peptide,19_GO:0050896 response to stimulus,-5.1,9.8,7.5,30169,308,70,7,10,3.6,2213|3297|3479|6430|6777|7157|83990,FCGR2B|HSF1|IGF1|SRSF5|STAT5B|TP53|BRIP1,-2.8
MyList,GO Biological Processes,19,GO:0090083,regulation of inclusion body assembly,19_GO:0050789 regulation of biological process,-5.1,76,15,30169,17,70,3,4.3,2.4,3297|3300|3304,HSF1|DNAJB2|HSPA1B,-2.7
MyList,KEGG Pathway,24,hsa05205,Proteoglycans in cancer,,-5.1,13,8,30169,205,70,6,8.6,3.3,1975|3479|3688|5595|7097|7157,EIF4B|IGF1|ITGB1|MAPK3|TLR2|TP53,-2.7
MyList,KEGG Pathway,24,hsa04071,Sphingolipid signaling pathway,,-5.1,18,9,30169,119,70,5,7.1,3.1,5332|5581|5595|5880|7157,PLCB4|PRKCE|MAPK3|RAC2|TP53,-2.7
MyList,GO Biological Processes,19,GO:1901652,response to peptide,19_GO:0050896 response to stimulus,-5,7.6,6.9,30169,451,70,8,11,3.8,2213|3297|3479|6430|6777|7097|7157|83990,FCGR2B|HSF1|IGF1|SRSF5|STAT5B|TLR2|TP53|BRIP1,-2.7
MyList,GO Biological Processes,19,GO:0071219,cellular response to molecule of bacterial origin,19_GO:0044419 biological process involved in interspecies interaction between organisms,-4.9,12,7.8,30169,217,70,6,8.6,3.3,2213|3297|5581|5595|7097|29126,FCGR2B|HSF1|PRKCE|MAPK3|TLR2|CD274,-2.6
MyList,KEGG Pathway,24,hsa04810,Regulation of actin cytoskeleton,,-4.9,12,7.8,30169,218,70,6,8.6,3.3,2250|3688|5155|5595|5880|340156,FGF5|ITGB1|PDGFB|MAPK3|RAC2|MYLK4,-2.6
MyList,GO Biological Processes,19,GO:0006259,DNA metabolic process,19_GO:0008152 metabolic process,-4.9,5.5,6.2,30169,780,70,10,14,4.2,1789|3297|5426|7156|7157|9156|23049|54465|83990|148581,DNMT3B|HSF1|POLE|TOP3A|TP53|EXO1|SMG1|ETAA1|BRIP1|UBE2U,-2.6
MyList,Reactome Gene Sets,6,R-HSA-3232118,SUMOylation of transcription factors,,-4.9,65,14,30169,20,70,3,4.3,2.4,7022|7157|8554,TFAP2C|TP53|PIAS1,-2.5
MyList,GO Biological Processes,19,GO:0031329,regulation of cellular catabolic process,19_GO:0008152 metabolic process,-4.8,5.4,6.1,30169,798,70,10,14,4.2,826|3297|3300|3304|3479|5595|7157|8554|11152|23049,CAPNS1|HSF1|DNAJB2|HSPA1B|IGF1|MAPK3|TP53|PIAS1|WDR45|SMG1,-2.5
MyList,WikiPathways,27,WP2374,Oncostatin M signaling pathway,,-4.8,27,9.9,30169,65,70,4,5.7,2.8,5581|5595|6777|7157,PRKCE|MAPK3|STAT5B|TP53,-2.5
MyList,WikiPathways,27,WP4630,Measles virus infection,,-4.8,16,8.4,30169,136,70,5,7.1,3.1,2213|3304|6777|7097|7157,FCGR2B|HSPA1B|STAT5B|TLR2|TP53,-2.5
MyList,KEGG Pathway,24,hsa05162,Measles,,-4.7,16,8.3,30169,139,70,5,7.1,3.1,2213|3304|6777|7097|7157,FCGR2B|HSPA1B|STAT5B|TLR2|TP53,-2.4
MyList,WikiPathways,27,WP3303,RAC1/PAK1/p38/MMP2 pathway,,-4.7,25,9.7,30169,68,70,4,5.7,2.8,3688|5595|6777|7157,ITGB1|MAPK3|STAT5B|TP53,-2.4
MyList,Reactome Gene Sets,6,R-HSA-5685942,HDR through Homologous Recombination (HRR),,-4.7,25,9.7,30169,68,70,4,5.7,2.8,5426|7156|9156|83990,POLE|TOP3A|EXO1|BRIP1,-2.4
MyList,Reactome Gene Sets,6,R-HSA-3371453,Regulation of HSF1-mediated heat shock response,,-4.7,25,9.6,30169,69,70,4,5.7,2.8,3297|3304|5595|8480,HSF1|HSPA1B|MAPK3|RAE1,-2.4
MyList,Reactome Gene Sets,6,R-HSA-9709603,Impaired BRCA2 binding to PALB2,,-4.6,54,12,30169,24,70,3,4.3,2.4,7156|9156|83990,TOP3A|EXO1|BRIP1,-2.3
MyList,WikiPathways,27,WP382,MAPK signaling pathway,,-4.6,10,7.2,30169,247,70,6,8.6,3.3,2250|3304|5155|5595|5880|7157,FGF5|HSPA1B|PDGFB|MAPK3|RAC2|TP53,-2.3
MyList,KEGG Pathway,24,hsa05131,Shigellosis,,-4.6,10,7.2,30169,247,70,6,8.6,3.3,826|3688|5332|5581|5595|7157,CAPNS1|ITGB1|PLCB4|PRKCE|MAPK3|TP53,-2.3
MyList,GO Biological Processes,19,GO:0007346,regulation of mitotic cell cycle,19_GO:0050789 regulation of biological process,-4.6,6.7,6.3,30169,517,70,8,11,3.8,3297|3479|5155|6777|7157|9088|10419|23476,HSF1|IGF1|PDGFB|STAT5B|TP53|PKMYT1|PRMT5|BRD4,-2.3
MyList,Reactome Gene Sets,6,R-HSA-9704331,Defective HDR through Homologous Recombination Repair (HRR) due to PALB2 loss of BRCA1 binding function,,-4.6,52,12,30169,25,70,3,4.3,2.4,7156|9156|83990,TOP3A|EXO1|BRIP1,-2.3
MyList,Reactome Gene Sets,6,R-HSA-9704646,Defective HDR through Homologous Recombination Repair (HRR) due to PALB2 loss of BRCA2/RAD51/RAD51C binding function,,-4.6,52,12,30169,25,70,3,4.3,2.4,7156|9156|83990,TOP3A|EXO1|BRIP1,-2.3
MyList,Reactome Gene Sets,6,R-HSA-9701192,Defective HDR through Homologous Recombination (HRR) due to BRCA1 loss-of-function,,-4.6,52,12,30169,25,70,3,4.3,2.4,7156|9156|83990,TOP3A|EXO1|BRIP1,-2.3
MyList,Reactome Gene Sets,6,R-HSA-9701193,Defective HDR through Homologous Recombination (HRR) due to PALB2 loss of function,,-4.6,52,12,30169,25,70,3,4.3,2.4,7156|9156|83990,TOP3A|EXO1|BRIP1,-2.3
MyList,Canonical Pathways,11,M274,PID LYMPH ANGIOGENESIS PATHWAY,,-4.6,52,12,30169,25,70,3,4.3,2.4,3688|5595|6195,ITGB1|MAPK3|RPS6KA1,-2.3
MyList,GO Biological Processes,19,GO:0009896,positive regulation of catabolic process,19_GO:0048518 positive regulation of biological process,-4.6,6.6,6.3,30169,519,70,8,11,3.8,3297|3300|3304|3479|5581|5595|8554|11152,HSF1|DNAJB2|HSPA1B|IGF1|PRKCE|MAPK3|PIAS1|WDR45,-2.3
MyList,WikiPathways,27,WP4341,"Non-genomic actions of 1,25 dihydroxyvitamin D3",,-4.5,23,9.2,30169,75,70,4,5.7,2.8,5332|5581|5595|7097,PLCB4|PRKCE|MAPK3|TLR2,-2.3
MyList,KEGG Pathway,24,hsa05214,Glioma,,-4.5,23,9.2,30169,75,70,4,5.7,2.8,3479|5155|5595|7157,IGF1|PDGFB|MAPK3|TP53,-2.3
MyList,GO Biological Processes,19,GO:0010675,regulation of cellular carbohydrate metabolic process,19_GO:0008152 metabolic process,-4.5,14,7.8,30169,155,70,5,7.1,3.1,3479|3487|5581|7157|10499,IGF1|IGFBP4|PRKCE|TP53|NCOA2,-2.3
MyList,GO Biological Processes,19,GO:0001775,cell activation,19_GO:0009987 cellular process,-4.5,5.6,5.9,30169,695,70,9,13,4,2213|3479|3688|5581|6777|7097|7157|9156|10419,FCGR2B|IGF1|ITGB1|PRKCE|STAT5B|TLR2|TP53|EXO1|PRMT5,-2.2
MyList,Reactome Gene Sets,6,R-HSA-5693554,Resolution of D-loop Structures through Synthesis-Dependent Strand Annealing (SDSA),,-4.5,48,12,30169,27,70,3,4.3,2.4,7156|9156|83990,TOP3A|EXO1|BRIP1,-2.2
MyList,GO Biological Processes,19,GO:0006468,protein phosphorylation,19_GO:0008152 metabolic process,-4.5,5.5,5.9,30169,701,70,9,13,4,5155|5581|5595|6195|7097|9088|23049|139728|340156,PDGFB|PRKCE|MAPK3|RPS6KA1|TLR2|PKMYT1|SMG1|PNCK|MYLK4,-2.2
MyList,Reactome Gene Sets,6,R-HSA-5633007,Regulation of TP53 Activity,,-4.4,13,7.6,30169,160,70,5,7.1,3.1,7156|7157|9156|10419|83990,TOP3A|TP53|EXO1|PRMT5|BRIP1,-2.2
MyList,GO Biological Processes,19,GO:0016241,regulation of macroautophagy,19_GO:0008152 metabolic process,-4.4,13,7.6,30169,160,70,5,7.1,3.1,826|5595|7157|11152|23049,CAPNS1|MAPK3|TP53|WDR45|SMG1,-2.2
MyList,WikiPathways,27,WP4016,DNA IR-damage and cellular response via ATR,,-4.4,21,8.8,30169,81,70,4,5.7,2.8,7156|7157|9156|83990,TOP3A|TP53|EXO1|BRIP1,-2.2
MyList,GO Biological Processes,19,GO:0070663,regulation of leukocyte proliferation,19_GO:0050789 regulation of biological process,-4.4,9.6,6.8,30169,269,70,6,8.6,3.3,2213|3479|5595|5880|6777|29126,FCGR2B|IGF1|MAPK3|RAC2|STAT5B|CD274,-2.2
MyList,Canonical Pathways,11,M115,PID REG GR PATHWAY,,-4.4,21,8.8,30169,82,70,4,5.7,2.8,5595|6777|7157|10499,MAPK3|STAT5B|TP53|NCOA2,-2.2
MyList,GO Biological Processes,19,GO:0070665,positive regulation of leukocyte proliferation,19_GO:0048518 positive regulation of biological process,-4.4,13,7.4,30169,167,70,5,7.1,3.1,3479|5595|5880|6777|29126,IGF1|MAPK3|RAC2|STAT5B|CD274,-2.1
MyList,Reactome Gene Sets,6,R-HSA-69481,G2/M Checkpoints,,-4.4,13,7.4,30169,167,70,5,7.1,3.1,7156|7157|9088|9156|83990,TOP3A|TP53|PKMYT1|EXO1|BRIP1,-2.1
MyList,Reactome Gene Sets,6,R-HSA-5693532,DNA Double-Strand Break Repair,,-4.3,13,7.4,30169,168,70,5,7.1,3.1,5426|7156|7157|9156|83990,POLE|TOP3A|TP53|EXO1|BRIP1,-2.1
MyList,GO Biological Processes,19,GO:0001666,response to hypoxia,19_GO:0050896 response to stimulus,-4.3,9.1,6.6,30169,284,70,6,8.6,3.3,3297|5581|7097|7157|51129|83990,HSF1|PRKCE|TLR2|TP53|ANGPTL4|BRIP1,-2.1
MyList,GO Biological Processes,19,GO:0031331,positive regulation of cellular catabolic process,19_GO:0048518 positive regulation of biological process,-4.3,7.2,6.2,30169,420,70,7,10,3.6,3297|3300|3304|3479|5595|8554|11152,HSF1|DNAJB2|HSPA1B|IGF1|MAPK3|PIAS1|WDR45,-2.1
MyList,Reactome Gene Sets,6,R-HSA-3371556,Cellular response to heat stress,,-4.3,19,8.4,30169,89,70,4,5.7,2.8,3297|3304|5595|8480,HSF1|HSPA1B|MAPK3|RAE1,-2
MyList,GO Biological Processes,19,GO:0001558,regulation of cell growth,19_GO:0040007 growth,-4.3,7.1,6.1,30169,422,70,7,10,3.6,3300|3304|3479|3487|6195|7157|84260,DNAJB2|HSPA1B|IGF1|IGFBP4|RPS6KA1|TP53|TCHP,-2
MyList,Reactome Gene Sets,6,R-HSA-6804756,Regulation of TP53 Activity through Phosphorylation,,-4.2,19,8.2,30169,92,70,4,5.7,2.8,7156|7157|9156|83990,TOP3A|TP53|EXO1|BRIP1,-2
MyList,GO Biological Processes,19,GO:0071417,cellular response to organonitrogen compound,19_GO:0050896 response to stimulus,-4.2,5.9,5.7,30169,588,70,8,11,3.8,2213|3297|3479|5595|6430|6777|7157|83990,FCGR2B|HSF1|IGF1|MAPK3|SRSF5|STAT5B|TP53|BRIP1,-2
MyList,Reactome Gene Sets,6,R-HSA-5663202,Diseases of signal transduction by growth factor receptors and second messengers,,-4.2,7,6,30169,433,70,7,10,3.6,2250|2963|5155|5595|5880|6777|22906,FGF5|GTF2F2|PDGFB|MAPK3|RAC2|STAT5B|TRAK1,-2
MyList,GO Biological Processes,19,GO:0036293,response to decreased oxygen levels,19_GO:0050896 response to stimulus,-4.2,8.7,6.4,30169,297,70,6,8.6,3.3,3297|5581|7097|7157|51129|83990,HSF1|PRKCE|TLR2|TP53|ANGPTL4|BRIP1,-2
MyList,Reactome Gene Sets,6,R-HSA-5693568,Resolution of D-loop Structures through Holliday Junction Intermediates,,-4.2,38,10,30169,34,70,3,4.3,2.4,7156|9156|83990,TOP3A|EXO1|BRIP1,-2
MyList,Reactome Gene Sets,6,R-HSA-69473,G2/M DNA damage checkpoint,,-4.2,18,8.1,30169,94,70,4,5.7,2.8,7156|7157|9156|83990,TOP3A|TP53|EXO1|BRIP1,-2
MyList,GO Biological Processes,19,GO:0018105,peptidyl-serine phosphorylation,19_GO:0008152 metabolic process,-4.1,12,7,30169,185,70,5,7.1,3.1,5155|5581|6195|23049|139728,PDGFB|PRKCE|RPS6KA1|SMG1|PNCK,-2
MyList,WikiPathways,27,WP3932,Focal adhesion: PI3K-Akt-mTOR-signaling pathway,,-4.1,8.6,6.4,30169,302,70,6,8.6,3.3,1302|1975|3479|3688|5155|5595,COL11A2|EIF4B|IGF1|ITGB1|PDGFB|MAPK3,-2
MyList,Reactome Gene Sets,6,R-HSA-432720,Lysosome Vesicle Biogenesis,,-4.1,37,10,30169,35,70,3,4.3,2.4,4074|8907|9829,M6PR|AP1M1|DNAJC6,-2
MyList,Reactome Gene Sets,6,R-HSA-9709570,Impaired BRCA2 binding to RAD51,,-4.1,37,10,30169,35,70,3,4.3,2.4,7156|9156|83990,TOP3A|EXO1|BRIP1,-2
MyList,Reactome Gene Sets,6,R-HSA-5693537,Resolution of D-Loop Structures,,-4.1,37,10,30169,35,70,3,4.3,2.4,7156|9156|83990,TOP3A|EXO1|BRIP1,-2
MyList,KEGG Pathway,24,hsa04666,Fc gamma R-mediated phagocytosis,,-4.1,18,8,30169,97,70,4,5.7,2.8,2213|5581|5595|5880,FCGR2B|PRKCE|MAPK3|RAC2,-1.9
MyList,GO Biological Processes,19,GO:0042113,B cell activation,19_GO:0002376 immune system process,-4.1,11,6.9,30169,189,70,5,7.1,3.1,2213|3688|6777|7157|9156,FCGR2B|ITGB1|STAT5B|TP53|EXO1,-1.9
MyList,Reactome Gene Sets,6,R-HSA-9006925,Intracellular signaling by second messengers,,-4.1,8.4,6.3,30169,309,70,6,8.6,3.3,2250|5155|5581|5595|5880|7157,FGF5|PDGFB|PRKCE|MAPK3|RAC2|TP53,-1.9
MyList,GO Biological Processes,19,GO:1904951,positive regulation of establishment of protein localization,19_GO:0051179 localization,-4.1,8.3,6.3,30169,310,70,6,8.6,3.3,3479|5581|5880|7097|9495|10694,IGF1|PRKCE|RAC2|TLR2|AKAP5|CCT8,-1.9
MyList,GO Biological Processes,19,GO:1903829,positive regulation of protein localization,19_GO:0051179 localization,-4.1,6.7,5.9,30169,451,70,7,10,3.6,3479|3688|5581|5880|7097|9495|10694,IGF1|ITGB1|PRKCE|RAC2|TLR2|AKAP5|CCT8,-1.9
MyList,Reactome Gene Sets,6,R-HSA-5685938,HDR through Single Strand Annealing (SSA),,-4.1,35,10,30169,37,70,3,4.3,2.4,7156|9156|83990,TOP3A|EXO1|BRIP1,-1.9
MyList,KEGG Pathway,24,hsa04933,AGE-RAGE signaling pathway in diabetic complications,,-4.1,17,7.8,30169,100,70,4,5.7,2.8,5332|5581|5595|6777,PLCB4|PRKCE|MAPK3|STAT5B,-1.9
MyList,GO Biological Processes,19,GO:0009408,response to heat,19_GO:0050896 response to stimulus,-4,17,7.8,30169,102,70,4,5.7,2.8,3297|3304|3479|81570,HSF1|HSPA1B|IGF1|CLPB,-1.9
MyList,KEGG Pathway,24,hsa04914,Progesterone-mediated oocyte maturation,,-4,17,7.8,30169,102,70,4,5.7,2.8,3479|5595|6195|9088,IGF1|MAPK3|RPS6KA1|PKMYT1,-1.9
MyList,GO Biological Processes,19,GO:0040008,regulation of growth,19_GO:0040007 growth,-4,5.5,5.5,30169,624,70,8,11,3.8,3300|3304|3479|3487|6195|6777|7157|84260,DNAJB2|HSPA1B|IGF1|IGFBP4|RPS6KA1|STAT5B|TP53|TCHP,-1.9
MyList,GO Biological Processes,19,GO:0031663,lipopolysaccharide-mediated signaling pathway,19_GO:0044419 biological process involved in interspecies interaction between organisms,-4,33,9.7,30169,39,70,3,4.3,2.4,5581|5595|7097,PRKCE|MAPK3|TLR2,-1.9
MyList,WikiPathways,27,WP4871,Kisspeptin/kisspeptin receptor system in the ovary,,-4,33,9.7,30169,39,70,3,4.3,2.4,5332|5581|5595,PLCB4|PRKCE|MAPK3,-1.9
MyList,GO Biological Processes,19,GO:0070482,response to oxygen levels,19_GO:0050896 response to stimulus,-4,8,6.1,30169,325,70,6,8.6,3.3,3297|5581|7097|7157|51129|83990,HSF1|PRKCE|TLR2|TP53|ANGPTL4|BRIP1,-1.8
MyList,Reactome Gene Sets,6,R-HSA-6811558,"PI5P, PP2A and IER3 Regulate PI3K/AKT Signaling",,-4,16,7.6,30169,106,70,4,5.7,2.8,2250|5155|5595|5880,FGF5|PDGFB|MAPK3|RAC2,-1.8
MyList,Reactome Gene Sets,6,R-HSA-5693616,Presynaptic phase of homologous DNA pairing and strand exchange,,-4,32,9.6,30169,40,70,3,4.3,2.4,7156|9156|83990,TOP3A|EXO1|BRIP1,-1.8
MyList,WikiPathways,27,WP127,IL-5 signaling pathway,,-4,32,9.6,30169,40,70,3,4.3,2.4,5595|6195|6777,MAPK3|RPS6KA1|STAT5B,-1.8
MyList,GO Biological Processes,19,GO:0018209,peptidyl-serine modification,19_GO:0008152 metabolic process,-3.9,11,6.6,30169,204,70,5,7.1,3.1,5155|5581|6195|23049|139728,PDGFB|PRKCE|RPS6KA1|SMG1|PNCK,-1.8
MyList,GO Biological Processes,19,GO:0010906,regulation of glucose metabolic process,19_GO:0008152 metabolic process,-3.9,16,7.6,30169,107,70,4,5.7,2.8,3479|3487|7157|10499,IGF1|IGFBP4|TP53|NCOA2,-1.8
MyList,GO Biological Processes,19,GO:0071222,cellular response to lipopolysaccharide,19_GO:0044419 biological process involved in interspecies interaction between organisms,-3.9,11,6.6,30169,205,70,5,7.1,3.1,3297|5581|5595|7097|29126,HSF1|PRKCE|MAPK3|TLR2|CD274,-1.8
MyList,Reactome Gene Sets,6,R-HSA-9675136,Diseases of DNA Double-Strand Break Repair,,-3.9,32,9.4,30169,41,70,3,4.3,2.4,7156|9156|83990,TOP3A|EXO1|BRIP1,-1.8
MyList,Reactome Gene Sets,6,R-HSA-9701190,Defective homologous recombination repair (HRR) due to BRCA2 loss of function,,-3.9,32,9.4,30169,41,70,3,4.3,2.4,7156|9156|83990,TOP3A|EXO1|BRIP1,-1.8
MyList,GO Biological Processes,19,GO:1901699,cellular response to nitrogen compound,19_GO:0050896 response to stimulus,-3.9,5.3,5.4,30169,646,70,8,11,3.8,2213|3297|3479|5595|6430|6777|7157|83990,FCGR2B|HSF1|IGF1|MAPK3|SRSF5|STAT5B|TP53|BRIP1,-1.8
MyList,GO Biological Processes,19,GO:0032870,cellular response to hormone stimulus,19_GO:0050896 response to stimulus,-3.9,6.2,5.6,30169,484,70,7,10,3.6,3297|3304|5581|6430|6777|10499|83990,HSF1|HSPA1B|PRKCE|SRSF5|STAT5B|NCOA2|BRIP1,-1.8
MyList,Reactome Gene Sets,6,R-HSA-73894,DNA Repair,,-3.9,7.7,6,30169,336,70,6,8.6,3.3,5426|7156|7157|8554|9156|83990,POLE|TOP3A|TP53|PIAS1|EXO1|BRIP1,-1.8
MyList,KEGG Pathway,24,hsa05145,Toxoplasmosis,,-3.9,15,7.4,30169,112,70,4,5.7,2.8,3304|3688|5595|7097,HSPA1B|ITGB1|MAPK3|TLR2,-1.8
MyList,GO Biological Processes,19,GO:0060236,regulation of mitotic spindle organization,19_GO:0050789 regulation of biological process,-3.9,30,9.2,30169,43,70,3,4.3,2.4,3304|4733|8480,HSPA1B|DRG1|RAE1,-1.8
MyList,Reactome Gene Sets,6,R-HSA-5693579,Homologous DNA Pairing and Strand Exchange,,-3.9,30,9.2,30169,43,70,3,4.3,2.4,7156|9156|83990,TOP3A|EXO1|BRIP1,-1.8
MyList,Reactome Gene Sets,6,R-HSA-168188,Toll Like Receptor TLR6:TLR2 Cascade,,-3.8,15,7.3,30169,113,70,4,5.7,2.8,5595|6195|7097|7157,MAPK3|RPS6KA1|TLR2|TP53,-1.8
MyList,Reactome Gene Sets,6,R-HSA-199418,Negative regulation of the PI3K/AKT network,,-3.8,15,7.3,30169,113,70,4,5.7,2.8,2250|5155|5595|5880,FGF5|PDGFB|MAPK3|RAC2,-1.8
MyList,Reactome Gene Sets,6,R-HSA-166058,MyD88:MAL(TIRAP) cascade initiated on plasma membrane,,-3.8,15,7.3,30169,113,70,4,5.7,2.8,5595|6195|7097|7157,MAPK3|RPS6KA1|TLR2|TP53,-1.8
MyList,KEGG Pathway,24,hsa05417,Lipid and atherosclerosis,,-3.8,10,6.4,30169,215,70,5,7.1,3.1,3304|5332|5595|7097|7157,HSPA1B|PLCB4|MAPK3|TLR2|TP53,-1.7
MyList,WikiPathways,27,WP2332,Interleukin-11 signaling pathway,,-3.8,29,9.1,30169,44,70,3,4.3,2.4,5595|6195|8554,MAPK3|RPS6KA1|PIAS1,-1.7
MyList,GO Biological Processes,19,GO:0002237,response to molecule of bacterial origin,19_GO:0044419 biological process involved in interspecies interaction between organisms,-3.8,7.5,5.9,30169,345,70,6,8.6,3.3,2213|3297|5581|5595|7097|29126,FCGR2B|HSF1|PRKCE|MAPK3|TLR2|CD274,-1.7
MyList,GO Biological Processes,19,GO:0000165,MAPK cascade,19_GO:0023052 signaling,-3.8,9.9,6.4,30169,217,70,5,7.1,3.1,3297|3479|3487|5581|5595,HSF1|IGF1|IGFBP4|PRKCE|MAPK3,-1.7
MyList,Reactome Gene Sets,6,R-HSA-168179,Toll Like Receptor TLR1:TLR2 Cascade,,-3.8,15,7.2,30169,116,70,4,5.7,2.8,5595|6195|7097|7157,MAPK3|RPS6KA1|TLR2|TP53,-1.7
MyList,Reactome Gene Sets,6,R-HSA-181438,Toll Like Receptor 2 (TLR2) Cascade,,-3.8,15,7.2,30169,116,70,4,5.7,2.8,5595|6195|7097|7157,MAPK3|RPS6KA1|TLR2|TP53,-1.7
MyList,GO Biological Processes,19,GO:0044089,positive regulation of cellular component biogenesis,19_GO:0048518 positive regulation of biological process,-3.8,6.1,5.5,30169,498,70,7,10,3.6,3297|3304|4733|5581|5880|7157|11152,HSF1|HSPA1B|DRG1|PRKCE|RAC2|TP53|WDR45,-1.7
MyList,Reactome Gene Sets,6,R-HSA-3899300,SUMOylation of transcription cofactors,,-3.8,29,9,30169,45,70,3,4.3,2.4,8554|9994|10499,PIAS1|CASP8AP2|NCOA2,-1.7
MyList,GO Biological Processes,19,GO:0007088,regulation of mitotic nuclear division,19_GO:0050789 regulation of biological process,-3.8,15,7.1,30169,118,70,4,5.7,2.8,3479|5155|9088|10419,IGF1|PDGFB|PKMYT1|PRMT5,-1.7
MyList,WikiPathways,27,WP4566,Translation inhibitors in chronically activated PDGFRA cells,,-3.8,28,8.9,30169,46,70,3,4.3,2.4,1975|5595|6195,EIF4B|MAPK3|RPS6KA1,-1.7
MyList,GO Biological Processes,19,GO:0046006,regulation of activated T cell proliferation,19_GO:0002376 immune system process,-3.8,28,8.9,30169,46,70,3,4.3,2.4,3479|6777|29126,IGF1|STAT5B|CD274,-1.7
MyList,GO Biological Processes,19,GO:0006897,endocytosis,19_GO:0051179 localization,-3.8,6,5.4,30169,506,70,7,10,3.6,2213|3688|4074|5595|5880|7113|9829,FCGR2B|ITGB1|M6PR|MAPK3|RAC2|TMPRSS2|DNAJC6,-1.7
MyList,KEGG Pathway,24,hsa04935,"Growth hormone synthesis, secretion and action",,-3.7,14,7.1,30169,120,70,4,5.7,2.8,3479|5332|5595|6777,IGF1|PLCB4|MAPK3|STAT5B,-1.7
MyList,GO Biological Processes,19,GO:0090224,regulation of spindle organization,19_GO:0050789 regulation of biological process,-3.7,28,8.8,30169,47,70,3,4.3,2.4,3304|4733|8480,HSPA1B|DRG1|RAE1,-1.7
MyList,KEGG Pathway,24,hsa04919,Thyroid hormone signaling pathway,,-3.7,14,7,30169,121,70,4,5.7,2.8,5332|5595|7157|10499,PLCB4|MAPK3|TP53|NCOA2,-1.7
MyList,GO Biological Processes,19,GO:2000278,regulation of DNA biosynthetic process,19_GO:0008152 metabolic process,-3.7,14,7,30169,121,70,4,5.7,2.8,5155|5595|7157|10694,PDGFB|MAPK3|TP53|CCT8,-1.7
MyList,GO Biological Processes,19,GO:0009299,mRNA transcription,19_GO:0008152 metabolic process,-3.7,27,8.7,30169,48,70,3,4.3,2.4,3297|7157|10499,HSF1|TP53|NCOA2,-1.7
MyList,GO Biological Processes,19,GO:0045787,positive regulation of cell cycle,19_GO:0048518 positive regulation of biological process,-3.7,7.1,5.7,30169,362,70,6,8.6,3.3,3297|3479|5155|5581|6777|23476,HSF1|IGF1|PDGFB|PRKCE|STAT5B|BRD4,-1.7
MyList,Reactome Gene Sets,6,R-HSA-3700989,Transcriptional Regulation by TP53,,-3.7,7.1,5.7,30169,362,70,6,8.6,3.3,2963|7156|7157|9156|10419|83990,GTF2F2|TOP3A|TP53|EXO1|PRMT5|BRIP1,-1.7
MyList,Reactome Gene Sets,6,R-HSA-1640170,Cell Cycle,,-3.7,5,5.1,30169,692,70,8,11,3.8,5426|5595|7156|7157|8480|9088|9156|83990,POLE|MAPK3|TOP3A|TP53|RAE1|PKMYT1|EXO1|BRIP1,-1.7
MyList,KEGG Pathway,24,hsa04611,Platelet activation,,-3.7,14,6.9,30169,124,70,4,5.7,2.8,3688|5332|5595|340156,ITGB1|PLCB4|MAPK3|MYLK4,-1.7
MyList,Canonical Pathways,11,M92,PID ANGIOPOIETIN RECEPTOR PATHWAY,,-3.7,26,8.6,30169,49,70,3,4.3,2.4,3688|5595|6777,ITGB1|MAPK3|STAT5B,-1.6
MyList,KEGG Pathway,24,hsa04014,Ras signaling pathway,,-3.7,9.2,6.1,30169,235,70,5,7.1,3.1,2250|3479|5155|5595|5880,FGF5|IGF1|PDGFB|MAPK3|RAC2,-1.6
MyList,Canonical Pathways,11,M7955,SIG INSULIN RECEPTOR PATHWAY IN CARDIAC MYOCYTES,,-3.6,25,8.4,30169,51,70,3,4.3,2.4,5595|6195|23476,MAPK3|RPS6KA1|BRD4,-1.6
MyList,Reactome Gene Sets,6,R-HSA-9675135,Diseases of DNA repair,,-3.6,25,8.4,30169,51,70,3,4.3,2.4,7156|9156|83990,TOP3A|EXO1|BRIP1,-1.6
MyList,GO Biological Processes,19,GO:0030183,B cell differentiation,19_GO:0002376 immune system process,-3.6,13,6.8,30169,129,70,4,5.7,2.8,2213|3688|6777|7157,FCGR2B|ITGB1|STAT5B|TP53,-1.6
MyList,Canonical Pathways,11,M186,PID PDGFRB PATHWAY,,-3.6,13,6.8,30169,129,70,4,5.7,2.8,5155|5581|5595|6777,PDGFB|PRKCE|MAPK3|STAT5B,-1.6
MyList,GO Biological Processes,19,GO:0050670,regulation of lymphocyte proliferation,19_GO:0002376 immune system process,-3.6,9,6,30169,239,70,5,7.1,3.1,2213|3479|5880|6777|29126,FCGR2B|IGF1|RAC2|STAT5B|CD274,-1.6
MyList,Reactome Gene Sets,6,R-HSA-9679506,SARS-CoV Infections,,-3.6,6.9,5.5,30169,376,70,6,8.6,3.3,3688|7097|7113|7991|8480|23476,ITGB1|TLR2|TMPRSS2|TUSC3|RAE1|BRD4,-1.6
MyList,KEGG Pathway,24,hsa04114,Oocyte meiosis,,-3.6,13,6.7,30169,131,70,4,5.7,2.8,3479|5595|6195|9088,IGF1|MAPK3|RPS6KA1|PKMYT1,-1.6
MyList,GO Biological Processes,19,GO:0051052,regulation of DNA metabolic process,19_GO:0008152 metabolic process,-3.6,5.6,5.2,30169,540,70,7,10,3.6,3297|5155|5595|7157|10419|10694|23049,HSF1|PDGFB|MAPK3|TP53|PRMT5|CCT8|SMG1,-1.6
MyList,Reactome Gene Sets,6,R-HSA-5693567,HDR through Homologous Recombination (HRR) or Single Strand Annealing (SSA),,-3.6,13,6.7,30169,132,70,4,5.7,2.8,5426|7156|9156|83990,POLE|TOP3A|EXO1|BRIP1,-1.6
MyList,GO Biological Processes,19,GO:0032944,regulation of mononuclear cell proliferation,19_GO:0050789 regulation of biological process,-3.6,8.9,5.9,30169,243,70,5,7.1,3.1,2213|3479|5880|6777|29126,FCGR2B|IGF1|RAC2|STAT5B|CD274,-1.6
MyList,GO Biological Processes,19,GO:0034605,cellular response to heat,19_GO:0050896 response to stimulus,-3.6,24,8.2,30169,53,70,3,4.3,2.4,3297|3304|81570,HSF1|HSPA1B|CLPB,-1.6
MyList,Canonical Pathways,11,M113,PID NFAT 3PATHWAY,,-3.6,24,8.2,30169,53,70,3,4.3,2.4,5581|5595|9495,PRKCE|MAPK3|AKAP5,-1.6
MyList,KEGG Pathway,24,hsa04270,Vascular smooth muscle contraction,,-3.6,13,6.6,30169,134,70,4,5.7,2.8,5332|5581|5595|340156,PLCB4|PRKCE|MAPK3|MYLK4,-1.6
MyList,Canonical Pathways,11,M276,PID FGF PATHWAY,,-3.5,24,8.1,30169,55,70,3,4.3,2.4,5595|6195|6777,MAPK3|RPS6KA1|STAT5B,-1.5
MyList,Canonical Pathways,11,M122,PID IL2 1PATHWAY,,-3.5,24,8.1,30169,55,70,3,4.3,2.4,5581|5595|6777,PRKCE|MAPK3|STAT5B,-1.5
MyList,WikiPathways,27,WP3959,DNA IR-double strand breaks and cellular response via ATM,,-3.5,24,8.1,30169,55,70,3,4.3,2.4,3297|7157|9156,HSF1|TP53|EXO1,-1.5
MyList,KEGG Pathway,24,hsa05135,Yersinia infection,,-3.5,13,6.6,30169,137,70,4,5.7,2.8,3688|5595|5880|6195,ITGB1|MAPK3|RAC2|RPS6KA1,-1.5
MyList,Reactome Gene Sets,6,R-HSA-5693538,Homology Directed Repair,,-3.5,12,6.5,30169,138,70,4,5.7,2.8,5426|7156|9156|83990,POLE|TOP3A|EXO1|BRIP1,-1.5
MyList,KEGG Pathway,24,hsa04915,Estrogen signaling pathway,,-3.5,12,6.5,30169,138,70,4,5.7,2.8,3304|5332|5595|10499,HSPA1B|PLCB4|MAPK3|NCOA2,-1.5
MyList,KEGG Pathway,24,hsa04371,Apelin signaling pathway,,-3.5,12,6.5,30169,139,70,4,5.7,2.8,5332|5581|5595|340156,PLCB4|PRKCE|MAPK3|MYLK4,-1.5
MyList,KEGG Pathway,24,hsa05134,Legionellosis,,-3.5,23,7.9,30169,57,70,3,4.3,2.4,3297|3304|7097,HSF1|HSPA1B|TLR2,-1.5
MyList,GO Biological Processes,19,GO:0006289,nucleotide-excision repair,19_GO:0050896 response to stimulus,-3.5,23,7.9,30169,57,70,3,4.3,2.4,5426|7157|83990,POLE|TP53|BRIP1,-1.5
MyList,GO Biological Processes,19,GO:0061912,selective autophagy,19_GO:0008152 metabolic process,-3.5,22,7.8,30169,58,70,3,4.3,2.4,550|5595|7157,AUP1|MAPK3|TP53,-1.5
MyList,GO Biological Processes,19,GO:0030335,positive regulation of cell migration,19_GO:0040011 locomotion,-3.5,5.3,5,30169,566,70,7,10,3.6,3479|3688|5155|5581|5595|5880|29126,IGF1|ITGB1|PDGFB|PRKCE|MAPK3|RAC2|CD274,-1.5
MyList,WikiPathways,27,WP304,Kit receptor signaling pathway,,-3.5,22,7.8,30169,59,70,3,4.3,2.4,5595|6195|6777,MAPK3|RPS6KA1|STAT5B,-1.5
MyList,Reactome Gene Sets,6,R-HSA-3000171,Non-integrin membrane-ECM interactions,,-3.5,22,7.8,30169,59,70,3,4.3,2.4,1302|3688|5155,COL11A2|ITGB1|PDGFB,-1.5
MyList,GO Biological Processes,19,GO:1903078,positive regulation of protein localization to plasma membrane,19_GO:0051179 localization,-3.5,22,7.8,30169,59,70,3,4.3,2.4,3688|5581|9495,ITGB1|PRKCE|AKAP5,-1.5
MyList,GO Biological Processes,19,GO:0051783,regulation of nuclear division,19_GO:0050789 regulation of biological process,-3.4,12,6.3,30169,145,70,4,5.7,2.8,3479|5155|9088|10419,IGF1|PDGFB|PKMYT1|PRMT5,-1.5
MyList,Reactome Gene Sets,6,R-HSA-76002,"Platelet activation, signaling and aggregation",,-3.4,8.2,5.7,30169,263,70,5,7.1,3.1,3479|5155|5581|5595|5880,IGF1|PDGFB|PRKCE|MAPK3|RAC2,-1.5
MyList,KEGG Pathway,24,hsa04730,Long-term depression,,-3.4,22,7.7,30169,60,70,3,4.3,2.4,3479|5332|5595,IGF1|PLCB4|MAPK3,-1.5
MyList,GO Biological Processes,19,GO:0045321,leukocyte activation,19_GO:0002376 immune system process,-3.4,5.2,5,30169,575,70,7,10,3.6,2213|3688|5581|6777|7097|7157|9156,FCGR2B|ITGB1|PRKCE|STAT5B|TLR2|TP53|EXO1,-1.5
MyList,Reactome Gene Sets,6,R-HSA-166016,Toll Like Receptor 4 (TLR4) Cascade,,-3.4,12,6.3,30169,146,70,4,5.7,2.8,5595|6195|7097|7157,MAPK3|RPS6KA1|TLR2|TP53,-1.5
MyList,GO Biological Processes,19,GO:0035966,response to topologically incorrect protein,19_GO:0050896 response to stimulus,-3.4,12,6.3,30169,146,70,4,5.7,2.8,550|3297|3300|3304,AUP1|HSF1|DNAJB2|HSPA1B,-1.5
MyList,GO Biological Processes,19,GO:0009725,response to hormone,19_GO:0050896 response to stimulus,-3.4,4.5,4.7,30169,764,70,8,11,3.8,3297|3304|5581|6430|6777|7097|10499|83990,HSF1|HSPA1B|PRKCE|SRSF5|STAT5B|TLR2|NCOA2|BRIP1,-1.4
MyList,KEGG Pathway,24,hsa05224,Breast cancer,,-3.4,12,6.3,30169,147,70,4,5.7,2.8,2250|3479|5595|7157,FGF5|IGF1|MAPK3|TP53,-1.4
MyList,GO Biological Processes,19,GO:0050730,regulation of peptidyl-tyrosine phosphorylation,19_GO:0008152 metabolic process,-3.4,8.1,5.6,30169,266,70,5,7.1,3.1,3297|3479|5155|5581|7157,HSF1|IGF1|PDGFB|PRKCE|TP53,-1.4
MyList,Canonical Pathways,11,M58,PID AR PATHWAY,,-3.4,21,7.6,30169,61,70,3,4.3,2.4,7113|8554|10499,TMPRSS2|PIAS1|NCOA2,-1.4
MyList,Reactome Gene Sets,6,R-HSA-1257604,PIP3 activates AKT signaling,,-3.4,8.1,5.6,30169,267,70,5,7.1,3.1,2250|5155|5595|5880|7157,FGF5|PDGFB|MAPK3|RAC2|TP53,-1.4
MyList,KEGG Pathway,24,hsa04213,Longevity regulating pathway - multiple species,,-3.4,21,7.5,30169,62,70,3,4.3,2.4,3304|3479|81570,HSPA1B|IGF1|CLPB,-1.4
MyList,WikiPathways,27,WP51,Regulation of actin cytoskeleton,,-3.4,11,6.2,30169,150,70,4,5.7,2.8,2250|5155|5595|5880,FGF5|PDGFB|MAPK3|RAC2,-1.4
MyList,Reactome Gene Sets,6,R-HSA-1226099,Signaling by FGFR in disease,,-3.4,21,7.5,30169,63,70,3,4.3,2.4,2250|2963|6777,FGF5|GTF2F2|STAT5B,-1.4
MyList,KEGG Pathway,24,hsa04145,Phagosome,,-3.4,11,6.2,30169,152,70,4,5.7,2.8,2213|3688|4074|7097,FCGR2B|ITGB1|M6PR|TLR2,-1.4
MyList,GO Biological Processes,19,GO:2000147,positive regulation of cell motility,19_GO:0040011 locomotion,-3.4,5.1,4.9,30169,592,70,7,10,3.6,3479|3688|5155|5581|5595|5880|29126,IGF1|ITGB1|PDGFB|PRKCE|MAPK3|RAC2|CD274,-1.4
MyList,GO Biological Processes,19,GO:0032653,regulation of interleukin-10 production,19_GO:0032501 multicellular organismal process,-3.3,20,7.4,30169,65,70,3,4.3,2.4,2213|7097|29126,FCGR2B|TLR2|CD274,-1.4
MyList,WikiPathways,27,WP4262,Breast cancer pathway,,-3.3,11,6.1,30169,155,70,4,5.7,2.8,2250|3479|5595|7157,FGF5|IGF1|MAPK3|TP53,-1.4
MyList,KEGG Pathway,24,hsa04150,mTOR signaling pathway,,-3.3,11,6.1,30169,156,70,4,5.7,2.8,1975|3479|5595|6195,EIF4B|IGF1|MAPK3|RPS6KA1,-1.4
MyList,GO Biological Processes,19,GO:1904377,positive regulation of protein localization to cell periphery,19_GO:0051179 localization,-3.3,19,7.2,30169,67,70,3,4.3,2.4,3688|5581|9495,ITGB1|PRKCE|AKAP5,-1.3
MyList,KEGG Pathway,24,hsa04720,Long-term potentiation,,-3.3,19,7.2,30169,67,70,3,4.3,2.4,5332|5595|6195,PLCB4|MAPK3|RPS6KA1,-1.3
MyList,GO Biological Processes,19,GO:0040017,positive regulation of locomotion,19_GO:0040011 locomotion,-3.3,5,4.8,30169,607,70,7,10,3.6,3479|3688|5155|5581|5595|5880|29126,IGF1|ITGB1|PDGFB|PRKCE|MAPK3|RAC2|CD274,-1.3
MyList,KEGG Pathway,24,hsa05161,Hepatitis B,,-3.3,11,5.9,30169,162,70,4,5.7,2.8,5595|6777|7097|7157,MAPK3|STAT5B|TLR2|TP53,-1.3
MyList,Canonical Pathways,11,M121,PID MTOR 4PATHWAY,,-3.3,19,7.1,30169,69,70,3,4.3,2.4,1975|5595|6195,EIF4B|MAPK3|RPS6KA1,-1.3
MyList,GO Biological Processes,19,GO:0061077,chaperone-mediated protein folding,19_GO:0009987 cellular process,-3.2,18,7.1,30169,70,70,3,4.3,2.4,3300|3304|10694,DNAJB2|HSPA1B|CCT8,-1.3
MyList,Reactome Gene Sets,6,R-HSA-109582,Hemostasis,,-3.2,4.9,4.7,30169,621,70,7,10,3.6,3479|3688|5155|5581|5595|5880|7157,IGF1|ITGB1|PDGFB|PRKCE|MAPK3|RAC2|TP53,-1.3
MyList,Reactome Gene Sets,6,R-HSA-69620,Cell Cycle Checkpoints,,-3.2,7.4,5.3,30169,293,70,5,7.1,3.1,7156|7157|9088|9156|83990,TOP3A|TP53|PKMYT1|EXO1|BRIP1,-1.3
MyList,KEGG Pathway,24,hsa04520,Adherens junction,,-3.2,18,7,30169,71,70,3,4.3,2.4,52|5595|5880,ACP1|MAPK3|RAC2,-1.3
MyList,WikiPathways,27,WP3929,Chemokine signaling pathway,,-3.2,10,5.8,30169,166,70,4,5.7,2.8,5332|5595|5880|6777,PLCB4|MAPK3|RAC2|STAT5B,-1.3
MyList,GO Biological Processes,19,GO:0006898,receptor-mediated endocytosis,19_GO:0051179 localization,-3.2,10,5.8,30169,166,70,4,5.7,2.8,2213|3688|4074|9829,FCGR2B|ITGB1|M6PR|DNAJC6,-1.3
MyList,GO Biological Processes,19,GO:0051222,positive regulation of protein transport,19_GO:0051179 localization,-3.2,7.3,5.3,30169,294,70,5,7.1,3.1,3479|5581|5880|7097|9495,IGF1|PRKCE|RAC2|TLR2|AKAP5,-1.3
MyList,KEGG Pathway,24,hsa04022,cGMP-PKG signaling pathway,,-3.2,10,5.8,30169,167,70,4,5.7,2.8,5332|5581|5595|340156,PLCB4|PRKCE|MAPK3|MYLK4,-1.3
MyList,GO Biological Processes,19,GO:0016071,mRNA metabolic process,19_GO:0008152 metabolic process,-3.2,4.8,4.7,30169,627,70,7,10,3.6,3297|3304|6430|7157|10419|10499|23049,HSF1|HSPA1B|SRSF5|TP53|PRMT5|NCOA2|SMG1,-1.3
MyList,WikiPathways,27,WP4255,Non-small cell lung cancer,,-3.2,18,6.9,30169,72,70,3,4.3,2.4,5595|6777|7157,MAPK3|STAT5B|TP53,-1.3
MyList,Reactome Gene Sets,6,R-HSA-199992,trans-Golgi Network Vesicle Budding,,-3.2,18,6.9,30169,72,70,3,4.3,2.4,4074|8907|9829,M6PR|AP1M1|DNAJC6,-1.3
MyList,KEGG Pathway,24,hsa05223,Non-small cell lung cancer,,-3.2,18,6.9,30169,72,70,3,4.3,2.4,5595|6777|7157,MAPK3|STAT5B|TP53,-1.3
MyList,Reactome Gene Sets,6,R-HSA-168898,Toll-like Receptor Cascades,,-3.2,10,5.8,30169,168,70,4,5.7,2.8,5595|6195|7097|7157,MAPK3|RPS6KA1|TLR2|TP53,-1.3
MyList,Reactome Gene Sets,6,R-HSA-5654738,Signaling by FGFR2,,-3.2,18,6.9,30169,73,70,3,4.3,2.4,2250|2963|5595,FGF5|GTF2F2|MAPK3,-1.3
MyList,WikiPathways,27,WP4216,Chromosomal and microsatellite instability in colorectal cancer,,-3.2,18,6.9,30169,73,70,3,4.3,2.4,5595|5880|7157,MAPK3|RAC2|TP53,-1.3
MyList,GO Biological Processes,19,GO:2000573,positive regulation of DNA biosynthetic process,19_GO:0048518 positive regulation of biological process,-3.2,17,6.8,30169,74,70,3,4.3,2.4,5155|5595|10694,PDGFB|MAPK3|CCT8,-1.2
MyList,GO Biological Processes,19,GO:0044772,mitotic cell cycle phase transition,19_GO:0009987 cellular process,-3.2,10,5.7,30169,172,70,4,5.7,2.8,3688|5426|9088|23476,ITGB1|POLE|PKMYT1|BRD4,-1.2
MyList,GO Biological Processes,19,GO:0009266,response to temperature stimulus,19_GO:0050896 response to stimulus,-3.1,9.9,5.7,30169,174,70,4,5.7,2.8,3297|3304|3479|81570,HSF1|HSPA1B|IGF1|CLPB,-1.2
MyList,KEGG Pathway,24,hsa05212,Pancreatic cancer,,-3.1,17,6.7,30169,76,70,3,4.3,2.4,5595|5880|7157,MAPK3|RAC2|TP53,-1.2
MyList,WikiPathways,27,WP2034,Leptin signaling pathway,,-3.1,17,6.7,30169,76,70,3,4.3,2.4,5595|6195|6777,MAPK3|RPS6KA1|STAT5B,-1.2
MyList,KEGG Pathway,24,hsa05220,Chronic myeloid leukemia,,-3.1,17,6.7,30169,76,70,3,4.3,2.4,5595|6777|7157,MAPK3|STAT5B|TP53,-1.2
MyList,WikiPathways,27,WP2037,Prolactin signaling pathway,,-3.1,17,6.7,30169,76,70,3,4.3,2.4,3688|5595|6777,ITGB1|MAPK3|STAT5B,-1.2
MyList,KEGG Pathway,24,hsa05140,Leishmaniasis,,-3.1,17,6.7,30169,77,70,3,4.3,2.4,3688|5595|7097,ITGB1|MAPK3|TLR2,-1.2
MyList,WikiPathways,27,WP4949,16p11.2 proximal deletion syndrome,,-3.1,17,6.7,30169,77,70,3,4.3,2.4,5595|7157|10694,MAPK3|TP53|CCT8,-1.2
MyList,KEGG Pathway,24,hsa05206,MicroRNAs in cancer,,-3.1,7,5.1,30169,310,70,5,7.1,3.1,1789|5155|5581|5595|7157,DNMT3B|PDGFB|PRKCE|MAPK3|TP53,-1.2
MyList,Reactome Gene Sets,6,R-HSA-2219530,Constitutive Signaling by Aberrant PI3K in Cancer,,-3.1,17,6.6,30169,78,70,3,4.3,2.4,2250|5155|5880,FGF5|PDGFB|RAC2,-1.2
MyList,GO Biological Processes,19,GO:0045913,positive regulation of carbohydrate metabolic process,19_GO:0048518 positive regulation of biological process,-3.1,17,6.6,30169,78,70,3,4.3,2.4,3479|5155|5581,IGF1|PDGFB|PRKCE,-1.2
MyList,KEGG Pathway,24,hsa01521,EGFR tyrosine kinase inhibitor resistance,,-3.1,16,6.6,30169,79,70,3,4.3,2.4,3479|5155|5595,IGF1|PDGFB|MAPK3,-1.2
MyList,GO Biological Processes,19,GO:0044770,cell cycle phase transition,19_GO:0009987 cellular process,-3.1,9.5,5.5,30169,182,70,4,5.7,2.8,3688|5426|9088|23476,ITGB1|POLE|PKMYT1|BRD4,-1.2
MyList,GO Biological Processes,19,GO:0042129,regulation of T cell proliferation,19_GO:0002376 immune system process,-3.1,9.5,5.5,30169,182,70,4,5.7,2.8,3479|5880|6777|29126,IGF1|RAC2|STAT5B|CD274,-1.2
MyList,KEGG Pathway,24,hsa04360,Axon guidance,,-3.1,9.5,5.5,30169,182,70,4,5.7,2.8,3688|3983|5595|5880,ITGB1|ABLIM1|MAPK3|RAC2,-1.2
MyList,GO Biological Processes,19,GO:0071496,cellular response to external stimulus,19_GO:0050896 response to stimulus,-3,6.7,5,30169,320,70,5,7.1,3.1,5595|7157|9994|11152|83990,MAPK3|TP53|CASP8AP2|WDR45|BRIP1,-1.2
MyList,KEGG Pathway,24,hsa04662,B cell receptor signaling pathway,,-3,16,6.5,30169,82,70,3,4.3,2.4,2213|5595|5880,FCGR2B|MAPK3|RAC2,-1.1
MyList,GO Biological Processes,19,GO:0032496,response to lipopolysaccharide,19_GO:0044419 biological process involved in interspecies interaction between organisms,-3,6.7,4.9,30169,324,70,5,7.1,3.1,3297|5581|5595|7097|29126,HSF1|PRKCE|MAPK3|TLR2|CD274,-1.1
MyList,Reactome Gene Sets,6,R-HSA-8953854,Metabolism of RNA,,-3,4.5,4.4,30169,675,70,7,10,3.6,1975|2963|3304|6430|8480|10419|23049,EIF4B|GTF2F2|HSPA1B|SRSF5|RAE1|PRMT5|SMG1,-1.1
MyList,GO Biological Processes,19,GO:0016236,macroautophagy,19_GO:0008152 metabolic process,-3,9.2,5.4,30169,188,70,4,5.7,2.8,550|5595|7157|11152,AUP1|MAPK3|TP53|WDR45,-1.1
MyList,GO Biological Processes,19,GO:0030308,negative regulation of cell growth,19_GO:0040007 growth,-3,9.2,5.4,30169,188,70,4,5.7,2.8,3300|3304|7157|84260,DNAJB2|HSPA1B|TP53|TCHP,-1.1
MyList,WikiPathways,27,WP4806,EGFR tyrosine kinase inhibitor resistance,,-3,15,6.4,30169,84,70,3,4.3,2.4,3479|5155|5595,IGF1|PDGFB|MAPK3,-1.1
MyList,GO Biological Processes,19,GO:0002366,leukocyte activation involved in immune response,19_GO:0002376 immune system process,-3,9.1,5.4,30169,190,70,4,5.7,2.8,2213|5581|7157|9156,FCGR2B|PRKCE|TP53|EXO1,-1.1
MyList,KEGG Pathway,24,hsa04613,Neutrophil extracellular trap formation,,-3,9.1,5.4,30169,190,70,4,5.7,2.8,5332|5595|5880|7097,PLCB4|MAPK3|RAC2|TLR2,-1.1
MyList,GO Biological Processes,19,GO:0000082,G1/S transition of mitotic cell cycle,19_GO:0009987 cellular process,-3,15,6.3,30169,85,70,3,4.3,2.4,3688|5426|23476,ITGB1|POLE|BRD4,-1.1
MyList,GO Biological Processes,19,GO:0043410,positive regulation of MAPK cascade,19_GO:0023052 signaling,-3,5.2,4.6,30169,496,70,6,8.6,3.3,2213|3479|3487|5155|5581|5595,FCGR2B|IGF1|IGFBP4|PDGFB|PRKCE|MAPK3,-1.1
MyList,GO Biological Processes,19,GO:0031334,positive regulation of protein-containing complex assembly,19_GO:0048518 positive regulation of biological process,-3,9,5.3,30169,192,70,4,5.7,2.8,3304|4733|5581|7157,HSPA1B|DRG1|PRKCE|TP53,-1.1
MyList,KEGG Pathway,24,hsa04062,Chemokine signaling pathway,,-3,9,5.3,30169,192,70,4,5.7,2.8,5332|5595|5880|6777,PLCB4|MAPK3|RAC2|STAT5B,-1.1
MyList,KEGG Pathway,24,hsa05210,Colorectal cancer,,-3,15,6.3,30169,86,70,3,4.3,2.4,5595|5880|7157,MAPK3|RAC2|TP53,-1.1
MyList,GO Biological Processes,19,GO:0050731,positive regulation of peptidyl-tyrosine phosphorylation,19_GO:0048518 positive regulation of biological process,-3,8.9,5.3,30169,193,70,4,5.7,2.8,3297|3479|5155|7157,HSF1|IGF1|PDGFB|TP53,-1.1
MyList,GO Biological Processes,19,GO:0002263,cell activation involved in immune response,19_GO:0002376 immune system process,-3,8.9,5.3,30169,194,70,4,5.7,2.8,2213|5581|7157|9156,FCGR2B|PRKCE|TP53|EXO1,-1.1
MyList,GO Biological Processes,19,GO:0048145,regulation of fibroblast proliferation,19_GO:0050789 regulation of biological process,-3,15,6.2,30169,87,70,3,4.3,2.4,3479|5155|7157,IGF1|PDGFB|TP53,-1.1
MyList,GO Biological Processes,19,GO:0010660,regulation of muscle cell apoptotic process,19_GO:0050789 regulation of biological process,-3,15,6.2,30169,87,70,3,4.3,2.4,3297|3479|7157,HSF1|IGF1|TP53,-1.1
MyList,Reactome Gene Sets,6,R-HSA-190236,Signaling by FGFR,,-3,15,6.2,30169,87,70,3,4.3,2.4,2250|2963|5595,FGF5|GTF2F2|MAPK3,-1.1
MyList,GO Biological Processes,19,GO:0044843,cell cycle G1/S phase transition,19_GO:0009987 cellular process,-3,15,6.2,30169,87,70,3,4.3,2.4,3688|5426|23476,ITGB1|POLE|BRD4,-1.1
MyList,GO Biological Processes,19,GO:0043408,regulation of MAPK cascade,19_GO:0023052 signaling,-2.9,4.3,4.3,30169,694,70,7,10,3.6,2213|3479|3487|5155|5581|5595|10419,FCGR2B|IGF1|IGFBP4|PDGFB|PRKCE|MAPK3|PRMT5,-1.1
MyList,KEGG Pathway,24,hsa04540,Gap junction,,-2.9,15,6.2,30169,88,70,3,4.3,2.4,5155|5332|5595,PDGFB|PLCB4|MAPK3,-1.1
MyList,GO Biological Processes,19,GO:0062012,regulation of small molecule metabolic process,19_GO:0008152 metabolic process,-2.9,6.4,4.8,30169,339,70,5,7.1,3.1,3479|3487|5581|7157|10499,IGF1|IGFBP4|PRKCE|TP53|NCOA2,-1.1
MyList,GO Biological Processes,19,GO:0008283,cell population proliferation,19_GO:0009987 cellular process,-2.9,4.3,4.3,30169,698,70,7,10,3.6,3479|3487|3688|5880|6195|6777|7157,IGF1|IGFBP4|ITGB1|RAC2|RPS6KA1|STAT5B|TP53,-1.1
MyList,WikiPathways,27,WP4263,Pancreatic adenocarcinoma pathway,,-2.9,15,6.2,30169,89,70,3,4.3,2.4,5595|5880|7157,MAPK3|RAC2|TP53,-1.1
MyList,KEGG Pathway,24,hsa05235,PD-L1 expression and PD-1 checkpoint pathway in cancer,,-2.9,15,6.2,30169,89,70,3,4.3,2.4,5595|7097|29126,MAPK3|TLR2|CD274,-1.1
MyList,GO Biological Processes,19,GO:0051129,negative regulation of cellular component organization,19_GO:0048519 negative regulation of biological process,-2.9,4.3,4.3,30169,701,70,7,10,3.6,3297|3300|3304|3479|7097|7157|84260,HSF1|DNAJB2|HSPA1B|IGF1|TLR2|TP53|TCHP,-1.1
MyList,GO Biological Processes,19,GO:0043393,regulation of protein binding,19_GO:0065007 biological regulation,-2.9,8.6,5.2,30169,200,70,4,5.7,2.8,3297|3300|5155|5595,HSF1|DNAJB2|PDGFB|MAPK3,-1.1
MyList,GO Biological Processes,19,GO:0010506,regulation of autophagy,19_GO:0008152 metabolic process,-2.9,6.3,4.7,30169,344,70,5,7.1,3.1,826|5595|7157|11152|23049,CAPNS1|MAPK3|TP53|WDR45|SMG1,-1.1
MyList,WikiPathways,27,WP35,G protein signaling pathways,,-2.9,14,6.1,30169,91,70,3,4.3,2.4,5581|9465|9495,PRKCE|AKAP7|AKAP5,-1.1
MyList,GO Biological Processes,19,GO:0032273,positive regulation of protein polymerization,19_GO:0048518 positive regulation of biological process,-2.9,14,6,30169,92,70,3,4.3,2.4,3304|4733|5581,HSPA1B|DRG1|PRKCE,-1
MyList,WikiPathways,27,WP1772,Apoptosis modulation and signaling,,-2.9,14,6,30169,92,70,3,4.3,2.4,826|5595|7157,CAPNS1|MAPK3|TP53,-1
MyList,WikiPathways,27,WP673,ErbB signaling pathway,,-2.9,14,6,30169,92,70,3,4.3,2.4,5595|6777|7157,MAPK3|STAT5B|TP53,-1
MyList,GO Biological Processes,19,GO:1901654,response to ketone,19_GO:0050896 response to stimulus,-2.9,8.5,5.1,30169,204,70,4,5.7,2.8,3297|5581|7097|10499,HSF1|PRKCE|TLR2|NCOA2,-1
MyList,GO Biological Processes,19,GO:0051781,positive regulation of cell division,19_GO:0048518 positive regulation of biological process,-2.9,14,6,30169,93,70,3,4.3,2.4,2250|5155|5581,FGF5|PDGFB|PRKCE,-1
MyList,GO Biological Processes,19,GO:0045596,negative regulation of cell differentiation,19_GO:0032502 developmental process,-2.9,4.2,4.2,30169,718,70,7,10,3.6,2213|3479|3688|5155|6777|7157|10419,FCGR2B|IGF1|ITGB1|PDGFB|STAT5B|TP53|PRMT5,-1
MyList,GO Biological Processes,19,GO:0032436,positive regulation of proteasomal ubiquitin-dependent protein catabolic process,19_GO:0048518 positive regulation of biological process,-2.9,14,6,30169,94,70,3,4.3,2.4,3300|3304|8554,DNAJB2|HSPA1B|PIAS1,-1
MyList,GO Biological Processes,19,GO:1902115,regulation of organelle assembly,19_GO:0050789 regulation of biological process,-2.9,8.3,5.1,30169,207,70,4,5.7,2.8,3304|4733|11152|84260,HSPA1B|DRG1|WDR45|TCHP,-1
MyList,GO Biological Processes,19,GO:0070201,regulation of establishment of protein localization,19_GO:0051179 localization,-2.9,4.9,4.4,30169,526,70,6,8.6,3.3,3479|5581|5880|7097|9495|10694,IGF1|PRKCE|RAC2|TLR2|AKAP5|CCT8,-1
MyList,GO Biological Processes,19,GO:0071396,cellular response to lipid,19_GO:0050896 response to stimulus,-2.8,4.9,4.4,30169,528,70,6,8.6,3.3,3297|3304|5581|5595|7097|29126,HSF1|HSPA1B|PRKCE|MAPK3|TLR2|CD274,-1
MyList,Reactome Gene Sets,6,R-HSA-1280215,Cytokine Signaling in Immune system,,-2.8,4.2,4.2,30169,725,70,7,10,3.6,3688|5595|6195|6777|7157|8480|8554,ITGB1|MAPK3|RPS6KA1|STAT5B|TP53|RAE1|PIAS1,-1
MyList,GO Biological Processes,19,GO:0032091,negative regulation of protein binding,19_GO:0065007 biological regulation,-2.8,13,5.9,30169,96,70,3,4.3,2.4,3300|5155|5595,DNAJB2|PDGFB|MAPK3,-1
MyList,GO Biological Processes,19,GO:0050865,regulation of cell activation,19_GO:0050789 regulation of biological process,-2.8,4.1,4.1,30169,727,70,7,10,3.6,2213|3479|5155|5880|6195|6777|29126,FCGR2B|IGF1|PDGFB|RAC2|RPS6KA1|STAT5B|CD274,-1
MyList,Reactome Gene Sets,6,R-HSA-168142,Toll Like Receptor 10 (TLR10) Cascade,,-2.8,13,5.9,30169,97,70,3,4.3,2.4,5595|6195|7157,MAPK3|RPS6KA1|TP53,-1
MyList,Reactome Gene Sets,6,R-HSA-168176,Toll Like Receptor 5 (TLR5) Cascade,,-2.8,13,5.9,30169,97,70,3,4.3,2.4,5595|6195|7157,MAPK3|RPS6KA1|TP53,-1
MyList,Reactome Gene Sets,6,R-HSA-5693607,Processing of DNA double-strand break ends,,-2.8,13,5.9,30169,97,70,3,4.3,2.4,7156|9156|83990,TOP3A|EXO1|BRIP1,-1
MyList,Reactome Gene Sets,6,R-HSA-975871,MyD88 cascade initiated on plasma membrane,,-2.8,13,5.9,30169,97,70,3,4.3,2.4,5595|6195|7157,MAPK3|RPS6KA1|TP53,-1
MyList,GO Biological Processes,19,GO:0002221,pattern recognition receptor signaling pathway,19_GO:0002376 immune system process,-2.8,13,5.9,30169,97,70,3,4.3,2.4,5581|7097|81570,PRKCE|TLR2|CLPB,-1
MyList,KEGG Pathway,24,hsa05170,Human immunodeficiency virus 1 infection,,-2.8,8.1,5,30169,212,70,4,5.7,2.8,5595|5880|7097|8907,MAPK3|RAC2|TLR2|AP1M1,-1
MyList,KEGG Pathway,24,hsa05207,Chemical carcinogenesis - receptor activation,,-2.8,8.1,5,30169,212,70,4,5.7,2.8,2250|5595|6195|6777,FGF5|MAPK3|RPS6KA1|STAT5B,-1
MyList,KEGG Pathway,24,hsa01522,Endocrine resistance,,-2.8,13,5.8,30169,98,70,3,4.3,2.4,3479|5595|7157,IGF1|MAPK3|TP53,-0.99
MyList,KEGG Pathway,24,hsa05231,Choline metabolism in cancer,,-2.8,13,5.8,30169,98,70,3,4.3,2.4,5155|5595|5880,PDGFB|MAPK3|RAC2,-0.99
MyList,KEGG Pathway,24,hsa04750,Inflammatory mediator regulation of TRP channels,,-2.8,13,5.8,30169,98,70,3,4.3,2.4,3479|5332|5581,IGF1|PLCB4|PRKCE,-0.99
MyList,GO Biological Processes,19,GO:0050821,protein stabilization,19_GO:0065007 biological regulation,-2.8,8.1,5,30169,214,70,4,5.7,2.8,3304|3479|7157|10694,HSPA1B|IGF1|TP53|CCT8,-0.99
MyList,GO Biological Processes,19,GO:0043434,response to peptide hormone,19_GO:0050896 response to stimulus,-2.8,5.9,4.6,30169,363,70,5,7.1,3.1,3297|6430|6777|7097|83990,HSF1|SRSF5|STAT5B|TLR2|BRIP1,-0.99
MyList,GO Biological Processes,19,GO:0051493,regulation of cytoskeleton organization,19_GO:0050789 regulation of biological process,-2.8,4.8,4.3,30169,539,70,6,8.6,3.3,3304|4733|5581|5595|5880|8480,HSPA1B|DRG1|PRKCE|MAPK3|RAC2|RAE1,-0.99
MyList,Reactome Gene Sets,6,R-HSA-416476,G alpha (q) signalling events,,-2.8,8,5,30169,216,70,4,5.7,2.8,5332|5581|5595|6195,PLCB4|PRKCE|MAPK3|RPS6KA1,-0.98
MyList,GO Biological Processes,19,GO:0035967,cellular response to topologically incorrect protein,19_GO:0050896 response to stimulus,-2.8,13,5.8,30169,100,70,3,4.3,2.4,550|3297|3304,AUP1|HSF1|HSPA1B,-0.97
MyList,GO Biological Processes,19,GO:0060627,regulation of vesicle-mediated transport,19_GO:0051179 localization,-2.8,4.8,4.3,30169,544,70,6,8.6,3.3,2213|5595|5880|7097|9495|9829,FCGR2B|MAPK3|RAC2|TLR2|AKAP5|DNAJC6,-0.97
MyList,GO Biological Processes,19,GO:1905477,positive regulation of protein localization to membrane,19_GO:0051179 localization,-2.8,13,5.7,30169,101,70,3,4.3,2.4,3688|5581|9495,ITGB1|PRKCE|AKAP5,-0.96
MyList,GO Biological Processes,19,GO:0032204,regulation of telomere maintenance,19_GO:0008152 metabolic process,-2.8,13,5.7,30169,101,70,3,4.3,2.4,5595|10694|23049,MAPK3|CCT8|SMG1,-0.96
MyList,GO Biological Processes,19,GO:0006457,protein folding,19_GO:0009987 cellular process,-2.8,7.9,4.9,30169,219,70,4,5.7,2.8,3300|3304|10694|134492,DNAJB2|HSPA1B|CCT8|NUDCD2,-0.96
MyList,GO Biological Processes,19,GO:0002520,immune system development,19_GO:0002376 immune system process,-2.8,4,4.1,30169,746,70,7,10,3.6,2213|3688|5595|6777|7097|7157|9156,FCGR2B|ITGB1|MAPK3|STAT5B|TLR2|TP53|EXO1,-0.96
MyList,GO Biological Processes,19,GO:0051098,regulation of binding,19_GO:0065007 biological regulation,-2.8,5.8,4.5,30169,372,70,5,7.1,3.1,3297|3300|3479|5155|5595,HSF1|DNAJB2|IGF1|PDGFB|MAPK3,-0.96
MyList,GO Biological Processes,19,GO:0045862,positive regulation of proteolysis,19_GO:0048518 positive regulation of biological process,-2.8,5.8,4.5,30169,372,70,5,7.1,3.1,3297|3300|3304|8554|9994,HSF1|DNAJB2|HSPA1B|PIAS1|CASP8AP2,-0.96
MyList,WikiPathways,27,WP185,Integrin-mediated cell adhesion,,-2.8,13,5.7,30169,102,70,3,4.3,2.4,826|3688|5880,CAPNS1|ITGB1|RAC2,-0.96
MyList,GO Biological Processes,19,GO:0031058,positive regulation of histone modification,19_GO:0048518 positive regulation of biological process,-2.8,13,5.7,30169,102,70,3,4.3,2.4,1789|7157|23476,DNMT3B|TP53|BRD4,-0.96
MyList,KEGG Pathway,24,hsa05142,Chagas disease,,-2.8,13,5.7,30169,102,70,3,4.3,2.4,5332|5595|7097,PLCB4|MAPK3|TLR2,-0.96
MyList,GO Biological Processes,19,GO:0001934,positive regulation of protein phosphorylation,19_GO:0048518 positive regulation of biological process,-2.8,4,4,30169,749,70,7,10,3.6,2250|3297|3479|5155|5595|7157|54465,FGF5|HSF1|IGF1|PDGFB|MAPK3|TP53|ETAA1,-0.96
MyList,GO Biological Processes,19,GO:0030162,regulation of proteolysis,19_GO:0008152 metabolic process,-2.8,4,4,30169,750,70,7,10,3.6,3297|3300|3304|6195|7157|8554|9994,HSF1|DNAJB2|HSPA1B|RPS6KA1|TP53|PIAS1|CASP8AP2,-0.96
MyList,GO Biological Processes,19,GO:0034599,cellular response to oxidative stress,19_GO:0050896 response to stimulus,-2.7,7.8,4.9,30169,222,70,4,5.7,2.8,3297|3304|5595|7157,HSF1|HSPA1B|MAPK3|TP53,-0.96
MyList,Reactome Gene Sets,6,R-HSA-975138,TRAF6 mediated induction of NFkB and MAP kinases upon TLR7/8 or 9 activation,,-2.7,13,5.7,30169,103,70,3,4.3,2.4,5595|6195|7157,MAPK3|RPS6KA1|TP53,-0.96
MyList,GO Biological Processes,19,GO:1903076,regulation of protein localization to plasma membrane,19_GO:0051179 localization,-2.7,13,5.7,30169,103,70,3,4.3,2.4,3688|5581|9495,ITGB1|PRKCE|AKAP5,-0.96
MyList,GO Biological Processes,19,GO:0045639,positive regulation of myeloid cell differentiation,19_GO:0002376 immune system process,-2.7,13,5.7,30169,103,70,3,4.3,2.4,3297|3304|6777,HSF1|HSPA1B|STAT5B,-0.96
MyList,Reactome Gene Sets,6,R-HSA-9645723,Diseases of programmed cell death,,-2.7,13,5.7,30169,103,70,3,4.3,2.4,826|1789|7157,CAPNS1|DNMT3B|TP53,-0.96
MyList,GO Biological Processes,19,GO:0031669,cellular response to nutrient levels,19_GO:0050896 response to stimulus,-2.7,7.7,4.9,30169,223,70,4,5.7,2.8,5595|7157|11152|83990,MAPK3|TP53|WDR45|BRIP1,-0.95
MyList,GO Biological Processes,19,GO:0050863,regulation of T cell activation,19_GO:0002376 immune system process,-2.7,5.7,4.5,30169,376,70,5,7.1,3.1,2213|3479|5880|6777|29126,FCGR2B|IGF1|RAC2|STAT5B|CD274,-0.95
MyList,GO Biological Processes,19,GO:0071103,DNA conformation change,19_GO:0009987 cellular process,-2.7,12,5.6,30169,104,70,3,4.3,2.4,2963|7156|83990,GTF2F2|TOP3A|BRIP1,-0.95
MyList,Reactome Gene Sets,6,R-HSA-975155,MyD88 dependent cascade initiated on endosome,,-2.7,12,5.6,30169,104,70,3,4.3,2.4,5595|6195|7157,MAPK3|RPS6KA1|TP53,-0.95
MyList,Reactome Gene Sets,6,R-HSA-2219528,PI3K/AKT Signaling in Cancer,,-2.7,12,5.6,30169,104,70,3,4.3,2.4,2250|5155|5880,FGF5|PDGFB|RAC2,-0.95
MyList,KEGG Pathway,24,hsa05163,Human cytomegalovirus infection,,-2.7,7.7,4.8,30169,225,70,4,5.7,2.8,5332|5595|5880|7157,PLCB4|MAPK3|RAC2|TP53,-0.94
MyList,Reactome Gene Sets,6,R-HSA-168164,Toll Like Receptor 3 (TLR3) Cascade,,-2.7,12,5.6,30169,105,70,3,4.3,2.4,5595|6195|7157,MAPK3|RPS6KA1|TP53,-0.94
MyList,Reactome Gene Sets,6,R-HSA-168181,Toll Like Receptor 7/8 (TLR7/8) Cascade,,-2.7,12,5.6,30169,105,70,3,4.3,2.4,5595|6195|7157,MAPK3|RPS6KA1|TP53,-0.94
MyList,GO Biological Processes,19,GO:0042102,positive regulation of T cell proliferation,19_GO:0002376 immune system process,-2.7,12,5.6,30169,106,70,3,4.3,2.4,3479|6777|29126,IGF1|STAT5B|CD274,-0.93
MyList,GO Biological Processes,19,GO:0009636,response to toxic substance,19_GO:0050896 response to stimulus,-2.7,7.6,4.8,30169,228,70,4,5.7,2.8,1371|7097|57016|83990,CPOX|TLR2|AKR1B10|BRIP1,-0.93
MyList,GO Biological Processes,19,GO:0014013,regulation of gliogenesis,19_GO:0032502 developmental process,-2.7,12,5.5,30169,107,70,3,4.3,2.4,7097|7157|10419,TLR2|TP53|PRMT5,-0.92
MyList,Reactome Gene Sets,6,R-HSA-168138,Toll Like Receptor 9 (TLR9) Cascade,,-2.7,12,5.5,30169,108,70,3,4.3,2.4,5595|6195|7157,MAPK3|RPS6KA1|TP53,-0.91
MyList,Reactome Gene Sets,6,R-HSA-166166,MyD88-independent TLR4 cascade,,-2.7,12,5.4,30169,110,70,3,4.3,2.4,5595|6195|7157,MAPK3|RPS6KA1|TP53,-0.89
MyList,Reactome Gene Sets,6,R-HSA-937061,TRIF(TICAM1)-mediated TLR4 signaling,,-2.7,12,5.4,30169,110,70,3,4.3,2.4,5595|6195|7157,MAPK3|RPS6KA1|TP53,-0.89
MyList,GO Biological Processes,19,GO:2000060,positive regulation of ubiquitin-dependent protein catabolic process,19_GO:0048518 positive regulation of biological process,-2.7,12,5.4,30169,110,70,3,4.3,2.4,3300|3304|8554,DNAJB2|HSPA1B|PIAS1,-0.89
MyList,GO Biological Processes,19,GO:0006909,phagocytosis,19_GO:0051179 localization,-2.7,7.3,4.7,30169,236,70,4,5.7,2.8,2213|3688|5581|5880,FCGR2B|ITGB1|PRKCE|RAC2,-0.88
MyList,GO Biological Processes,19,GO:0002521,leukocyte differentiation,19_GO:0002376 immune system process,-2.7,5.5,4.3,30169,394,70,5,7.1,3.1,2213|3688|6777|7097|7157,FCGR2B|ITGB1|STAT5B|TLR2|TP53,-0.88
MyList,Reactome Gene Sets,6,R-HSA-2262752,Cellular responses to stress,,-2.6,3.8,3.9,30169,784,70,7,10,3.6,3297|3304|5595|6195|7157|8480|10499,HSF1|HSPA1B|MAPK3|RPS6KA1|TP53|RAE1|NCOA2,-0.88
MyList,WikiPathways,27,WP5055,Burn wound healing,,-2.6,11,5.4,30169,113,70,3,4.3,2.4,7097|7157|23476,TLR2|TP53|BRD4,-0.86
MyList,GO Biological Processes,19,GO:0042063,gliogenesis,19_GO:0032502 developmental process,-2.6,7.2,4.7,30169,239,70,4,5.7,2.8,2250|5595|7097|7157,FGF5|MAPK3|TLR2|TP53,-0.86
MyList,GO Biological Processes,19,GO:0008285,negative regulation of cell population proliferation,19_GO:0048519 negative regulation of biological process,-2.6,3.8,3.9,30169,790,70,7,10,3.6,2213|3300|3304|7097|7157|29126|83990,FCGR2B|DNAJB2|HSPA1B|TLR2|TP53|CD274|BRIP1,-0.86
MyList,KEGG Pathway,24,hsa04020,Calcium signaling pathway,,-2.6,7.2,4.6,30169,240,70,4,5.7,2.8,2250|5155|5332|340156,FGF5|PDGFB|PLCB4|MYLK4,-0.86
MyList,GO Biological Processes,19,GO:0071375,cellular response to peptide hormone stimulus,19_GO:0050896 response to stimulus,-2.6,7.2,4.6,30169,241,70,4,5.7,2.8,3297|6430|6777|83990,HSF1|SRSF5|STAT5B|BRIP1,-0.85
MyList,WikiPathways,27,WP4659,Gastrin signaling pathway,,-2.6,11,5.3,30169,115,70,3,4.3,2.4,3688|5581|5595,ITGB1|PRKCE|MAPK3,-0.85
MyList,Reactome Gene Sets,6,R-HSA-8953897,Cellular responses to stimuli,,-2.6,3.8,3.8,30169,798,70,7,10,3.6,3297|3304|5595|6195|7157|8480|10499,HSF1|HSPA1B|MAPK3|RPS6KA1|TP53|RAE1|NCOA2,-0.84
MyList,GO Biological Processes,19,GO:1901800,positive regulation of proteasomal protein catabolic process,19_GO:0048518 positive regulation of biological process,-2.6,11,5.2,30169,118,70,3,4.3,2.4,3300|3304|8554,DNAJB2|HSPA1B|PIAS1,-0.82
MyList,GO Biological Processes,19,GO:0043254,regulation of protein-containing complex assembly,19_GO:0050789 regulation of biological process,-2.6,5.3,4.2,30169,410,70,5,7.1,3.1,3297|3304|4733|5581|7157,HSF1|HSPA1B|DRG1|PRKCE|TP53,-0.82
MyList,KEGG Pathway,24,hsa04722,Neurotrophin signaling pathway,,-2.6,11,5.2,30169,119,70,3,4.3,2.4,5595|6195|7157,MAPK3|RPS6KA1|TP53,-0.81
MyList,WikiPathways,27,WP4787,Osteoblast differentiation and related diseases,,-2.6,11,5.2,30169,119,70,3,4.3,2.4,2250|5581|5595,FGF5|PRKCE|MAPK3,-0.81
MyList,Reactome Gene Sets,6,R-HSA-373760,L1CAM interactions,,-2.6,11,5.2,30169,119,70,3,4.3,2.4,3688|5595|6195,ITGB1|MAPK3|RPS6KA1,-0.81
MyList,GO Biological Processes,19,GO:0045926,negative regulation of growth,19_GO:0040007 growth,-2.6,6.9,4.5,30169,249,70,4,5.7,2.8,3300|3304|7157|84260,DNAJB2|HSPA1B|TP53|TCHP,-0.81
MyList,GO Biological Processes,19,GO:0051321,meiotic cell cycle,19_GO:0022414 reproductive process,-2.6,6.9,4.5,30169,249,70,4,5.7,2.8,7156|9088|9156|83990,TOP3A|PKMYT1|EXO1|BRIP1,-0.81
MyList,WikiPathways,27,WP4946,"DNA repair pathways, full network",,-2.6,11,5.2,30169,120,70,3,4.3,2.4,5426|9156|83990,POLE|EXO1|BRIP1,-0.81
MyList,GO Biological Processes,19,GO:0050727,regulation of inflammatory response,19_GO:0050896 response to stimulus,-2.6,5.2,4.2,30169,414,70,5,7.1,3.1,2213|3479|6777|7097|23476,FCGR2B|IGF1|STAT5B|TLR2|BRD4,-0.81
MyList,GO Biological Processes,19,GO:1903320,regulation of protein modification by small protein conjugation or removal,19_GO:0008152 metabolic process,-2.5,6.8,4.5,30169,252,70,4,5.7,2.8,3300|3304|5581|8554,DNAJB2|HSPA1B|PRKCE|PIAS1,-0.8
MyList,GO Biological Processes,19,GO:0048732,gland development,19_GO:0032502 developmental process,-2.5,5.2,4.1,30169,418,70,5,7.1,3.1,5595|6195|6430|6777|10419,MAPK3|RPS6KA1|SRSF5|STAT5B|PRMT5,-0.79
MyList,GO Biological Processes,19,GO:0031668,cellular response to extracellular stimulus,19_GO:0050896 response to stimulus,-2.5,6.8,4.5,30169,254,70,4,5.7,2.8,5595|7157|11152|83990,MAPK3|TP53|WDR45|BRIP1,-0.79
MyList,GO Biological Processes,19,GO:0006986,response to unfolded protein,19_GO:0050896 response to stimulus,-2.5,10,5.1,30169,124,70,3,4.3,2.4,3297|3300|3304,HSF1|DNAJB2|HSPA1B,-0.77
MyList,GO Biological Processes,19,GO:1904375,regulation of protein localization to cell periphery,19_GO:0051179 localization,-2.5,10,5,30169,125,70,3,4.3,2.4,3688|5581|9495,ITGB1|PRKCE|AKAP5,-0.76
MyList,GO Biological Processes,19,GO:0090068,positive regulation of cell cycle process,19_GO:0048518 positive regulation of biological process,-2.5,6.6,4.4,30169,260,70,4,5.7,2.8,3479|5155|5581|23476,IGF1|PDGFB|PRKCE|BRD4,-0.75
MyList,GO Biological Processes,19,GO:0000278,mitotic cell cycle,19_GO:0009987 cellular process,-2.5,4.2,3.8,30169,622,70,6,8.6,3.3,3688|5426|6777|7157|9088|23476,ITGB1|POLE|STAT5B|TP53|PKMYT1|BRD4,-0.75
MyList,GO Biological Processes,19,GO:0051028,mRNA transport,19_GO:0051179 localization,-2.5,10,5,30169,127,70,3,4.3,2.4,3297|8480|23049,HSF1|RAE1|SMG1,-0.75
MyList,WikiPathways,27,WP3888,VEGFA-VEGFR2 signaling pathway,,-2.5,5,4,30169,432,70,5,7.1,3.1,52|3688|5581|5595|23476,ACP1|ITGB1|PRKCE|MAPK3|BRD4,-0.74
MyList,GO Biological Processes,19,GO:0045931,positive regulation of mitotic cell cycle,19_GO:0048518 positive regulation of biological process,-2.5,10,5,30169,129,70,3,4.3,2.4,3297|6777|23476,HSF1|STAT5B|BRD4,-0.73
MyList,GO Biological Processes,19,GO:0050714,positive regulation of protein secretion,19_GO:0051179 localization,-2.5,10,5,30169,129,70,3,4.3,2.4,3479|5581|7097,IGF1|PRKCE|TLR2,-0.73
MyList,GO Biological Processes,19,GO:0001889,liver development,19_GO:0032502 developmental process,-2.5,9.9,4.9,30169,130,70,3,4.3,2.4,6195|6430|10419,RPS6KA1|SRSF5|PRMT5,-0.72
MyList,GO Biological Processes,19,GO:0002285,lymphocyte activation involved in immune response,19_GO:0002376 immune system process,-2.5,9.9,4.9,30169,130,70,3,4.3,2.4,2213|7157|9156,FCGR2B|TP53|EXO1,-0.72
MyList,WikiPathways,27,WP236,Adipogenesis,,-2.5,9.9,4.9,30169,131,70,3,4.3,2.4,3479|6777|10499,IGF1|STAT5B|NCOA2,-0.71
MyList,GO Biological Processes,19,GO:0007167,enzyme-linked receptor protein signaling pathway,19_GO:0023052 signaling,-2.4,4.1,3.8,30169,636,70,6,8.6,3.3,2250|3479|5155|5595|6777|7157,FGF5|IGF1|PDGFB|MAPK3|STAT5B|TP53,-0.71
MyList,WikiPathways,27,WP366,TGF-beta signaling pathway,,-2.4,9.8,4.9,30169,132,70,3,4.3,2.4,3688|7157|8554,ITGB1|TP53|PIAS1,-0.71
MyList,GO Biological Processes,19,GO:0048511,rhythmic process,19_GO:0048511 rhythmic process,-2.4,6.4,4.3,30169,270,70,4,5.7,2.8,6777|7157|10419|10499,STAT5B|TP53|PRMT5|NCOA2,-0.71
MyList,GO Biological Processes,19,GO:0061008,hepaticobiliary system development,19_GO:0032502 developmental process,-2.4,9.7,4.9,30169,133,70,3,4.3,2.4,6195|6430|10419,RPS6KA1|SRSF5|PRMT5,-0.7
MyList,GO Biological Processes,19,GO:0062197,cellular response to chemical stress,19_GO:0050896 response to stimulus,-2.4,6.3,4.3,30169,272,70,4,5.7,2.8,3297|3304|5595|7157,HSF1|HSPA1B|MAPK3|TP53,-0.7
MyList,KEGG Pathway,24,hsa05020,Prion disease,,-2.4,6.3,4.3,30169,273,70,4,5.7,2.8,3304|5595|5880|7385,HSPA1B|MAPK3|RAC2|UQCRC2,-0.69
MyList,GO Biological Processes,19,GO:0030098,lymphocyte differentiation,19_GO:0002376 immune system process,-2.4,6.2,4.2,30169,276,70,4,5.7,2.8,2213|3688|6777|7157,FCGR2B|ITGB1|STAT5B|TP53,-0.68
MyList,GO Biological Processes,19,GO:0007623,circadian rhythm,19_GO:0048511 rhythmic process,-2.4,9.5,4.8,30169,136,70,3,4.3,2.4,7157|10419|10499,TP53|PRMT5|NCOA2,-0.68
MyList,GO Biological Processes,19,GO:1903052,positive regulation of proteolysis involved in protein catabolic process,19_GO:0048518 positive regulation of biological process,-2.4,9.5,4.8,30169,136,70,3,4.3,2.4,3300|3304|8554,DNAJB2|HSPA1B|PIAS1,-0.68
MyList,GO Biological Processes,19,GO:0061041,regulation of wound healing,19_GO:0050896 response to stimulus,-2.4,9.4,4.8,30169,137,70,3,4.3,2.4,3688|5155|5581,ITGB1|PDGFB|PRKCE,-0.67
MyList,GO Biological Processes,19,GO:0071456,cellular response to hypoxia,19_GO:0050896 response to stimulus,-2.4,9.4,4.8,30169,137,70,3,4.3,2.4,5581|7157|83990,PRKCE|TP53|BRIP1,-0.67
MyList,GO Biological Processes,19,GO:0002252,immune effector process,19_GO:0002376 immune system process,-2.4,4.8,3.9,30169,452,70,5,7.1,3.1,2213|5581|6777|7157|9156,FCGR2B|PRKCE|STAT5B|TP53|EXO1,-0.67
MyList,KEGG Pathway,24,hsa05418,Fluid shear stress and atherosclerosis,,-2.4,9.3,4.7,30169,139,70,3,4.3,2.4,5155|5880|7157,PDGFB|RAC2|TP53,-0.66
MyList,WikiPathways,27,WP5083,Neuroinflammation and glutamatergic signaling,,-2.4,9.2,4.7,30169,140,70,3,4.3,2.4,3479|5332|5595,IGF1|PLCB4|MAPK3,-0.65
MyList,GO Biological Processes,19,GO:0046649,lymphocyte activation,19_GO:0002376 immune system process,-2.4,4.7,3.8,30169,459,70,5,7.1,3.1,2213|3688|6777|7157|9156,FCGR2B|ITGB1|STAT5B|TP53|EXO1,-0.65
MyList,GO Biological Processes,19,GO:0032434,regulation of proteasomal ubiquitin-dependent protein catabolic process,19_GO:0008152 metabolic process,-2.4,9.2,4.7,30169,141,70,3,4.3,2.4,3300|3304|8554,DNAJB2|HSPA1B|PIAS1,-0.64
MyList,GO Biological Processes,19,GO:0051276,chromosome organization,19_GO:0009987 cellular process,-2.3,4.6,3.8,30169,464,70,5,7.1,3.1,2963|7156|8480|9156|83990,GTF2F2|TOP3A|RAE1|EXO1|BRIP1,-0.63
MyList,GO Biological Processes,19,GO:0031667,response to nutrient levels,19_GO:0050896 response to stimulus,-2.3,4.6,3.8,30169,464,70,5,7.1,3.1,3297|5595|7157|11152|83990,HSF1|MAPK3|TP53|WDR45|BRIP1,-0.63
MyList,GO Biological Processes,19,GO:0032103,positive regulation of response to external stimulus,19_GO:0048518 positive regulation of biological process,-2.3,4.6,3.8,30169,464,70,5,7.1,3.1,5155|5595|5880|6777|7097,PDGFB|MAPK3|RAC2|STAT5B|TLR2,-0.63
MyList,Reactome Gene Sets,6,R-HSA-9694516,SARS-CoV-2 Infection,,-2.3,6,4.1,30169,288,70,4,5.7,2.8,7097|7113|7991|8480,TLR2|TMPRSS2|TUSC3|RAE1,-0.63
MyList,WikiPathways,27,WP2853,Endoderm differentiation,,-2.3,9,4.6,30169,144,70,3,4.3,2.4,1789|8554|23181,DNMT3B|PIAS1|DIP2A,-0.62
MyList,GO Biological Processes,19,GO:0050921,positive regulation of chemotaxis,19_GO:0040011 locomotion,-2.3,9,4.6,30169,144,70,3,4.3,2.4,5155|5595|5880,PDGFB|MAPK3|RAC2,-0.62
MyList,WikiPathways,27,WP2380,Brain-derived neurotrophic factor (BDNF) signaling pathway,,-2.3,9,4.6,30169,144,70,3,4.3,2.4,5595|6195|6777,MAPK3|RPS6KA1|STAT5B,-0.62
MyList,GO Biological Processes,19,GO:0070661,leukocyte proliferation,19_GO:0009987 cellular process,-2.3,9,4.6,30169,144,70,3,4.3,2.4,5880|6777|7157,RAC2|STAT5B|TP53,-0.62
MyList,GO Biological Processes,19,GO:0036294,cellular response to decreased oxygen levels,19_GO:0050896 response to stimulus,-2.3,8.9,4.6,30169,145,70,3,4.3,2.4,5581|7157|83990,PRKCE|TP53|BRIP1,-0.62
MyList,GO Biological Processes,19,GO:0050671,positive regulation of lymphocyte proliferation,19_GO:0002376 immune system process,-2.3,8.9,4.6,30169,146,70,3,4.3,2.4,3479|6777|29126,IGF1|STAT5B|CD274,-0.61
MyList,Reactome Gene Sets,6,R-HSA-449147,Signaling by Interleukins,,-2.3,4.6,3.8,30169,473,70,5,7.1,3.1,3688|5595|6195|6777|7157,ITGB1|MAPK3|RPS6KA1|STAT5B|TP53,-0.6
MyList,GO Biological Processes,19,GO:0031347,regulation of defense response,19_GO:0050896 response to stimulus,-2.3,3.8,3.6,30169,680,70,6,8.6,3.3,2213|3479|5595|6777|7097|23476,FCGR2B|IGF1|MAPK3|STAT5B|TLR2|BRD4,-0.6
MyList,KEGG Pathway,24,hsa04072,Phospholipase D signaling pathway,,-2.3,8.7,4.5,30169,148,70,3,4.3,2.4,5155|5332|5595,PDGFB|PLCB4|MAPK3,-0.6
MyList,GO Biological Processes,19,GO:2000377,regulation of reactive oxygen species metabolic process,19_GO:0008152 metabolic process,-2.3,8.7,4.5,30169,149,70,3,4.3,2.4,5155|5880|7157,PDGFB|RAC2|TP53,-0.59
MyList,KEGG Pathway,24,hsa05226,Gastric cancer,,-2.3,8.7,4.5,30169,149,70,3,4.3,2.4,2250|5595|7157,FGF5|MAPK3|TP53,-0.59
MyList,GO Biological Processes,19,GO:0032946,positive regulation of mononuclear cell proliferation,19_GO:0048518 positive regulation of biological process,-2.3,8.7,4.5,30169,149,70,3,4.3,2.4,3479|6777|29126,IGF1|STAT5B|CD274,-0.59
MyList,Reactome Gene Sets,6,R-HSA-1474244,Extracellular matrix organization,,-2.3,5.7,4,30169,300,70,4,5.7,2.8,826|1302|3688|5155,CAPNS1|COL11A2|ITGB1|PDGFB,-0.58
MyList,GO Biological Processes,19,GO:0061919,process utilizing autophagic mechanism,19_GO:0009987 cellular process,-2.3,5.7,4,30169,300,70,4,5.7,2.8,550|5595|7157|11152,AUP1|MAPK3|TP53|WDR45,-0.58
MyList,GO Biological Processes,19,GO:0006914,autophagy,19_GO:0008152 metabolic process,-2.3,5.7,4,30169,300,70,4,5.7,2.8,550|5595|7157|11152,AUP1|MAPK3|TP53|WDR45,-0.58
MyList,WikiPathways,27,WP4666,Hepatitis B infection,,-2.3,8.6,4.5,30169,151,70,3,4.3,2.4,5595|6777|7097,MAPK3|STAT5B|TLR2,-0.58
MyList,GO Biological Processes,19,GO:0030902,hindbrain development,19_GO:0032502 developmental process,-2.3,8.6,4.5,30169,151,70,3,4.3,2.4,2213|3688|7157,FCGR2B|ITGB1|TP53,-0.58
MyList,GO Biological Processes,19,GO:0031099,regeneration,19_GO:0032502 developmental process,-2.3,8.6,4.5,30169,151,70,3,4.3,2.4,3479|6430|10419,IGF1|SRSF5|PRMT5,-0.58
MyList,GO Biological Processes,19,GO:0051054,positive regulation of DNA metabolic process,19_GO:0048518 positive regulation of biological process,-2.3,5.7,4,30169,301,70,4,5.7,2.8,3297|5155|5595|10694,HSF1|PDGFB|MAPK3|CCT8,-0.58
MyList,GO Biological Processes,19,GO:0045785,positive regulation of cell adhesion,19_GO:0048518 positive regulation of biological process,-2.3,4.5,3.7,30169,484,70,5,7.1,3.1,3479|5155|5581|6777|29126,IGF1|PDGFB|PRKCE|STAT5B|CD274,-0.57
MyList,GO Biological Processes,19,GO:0001819,positive regulation of cytokine production,19_GO:0048518 positive regulation of biological process,-2.3,4.4,3.7,30169,486,70,5,7.1,3.1,3304|6777|7097|24145|29126,HSPA1B|STAT5B|TLR2|PANX1|CD274,-0.57
MyList,GO Biological Processes,19,GO:0071363,cellular response to growth factor stimulus,19_GO:0050896 response to stimulus,-2.3,4.4,3.7,30169,488,70,5,7.1,3.1,2250|5155|5595|6777|7157,FGF5|PDGFB|MAPK3|STAT5B|TP53,-0.56
MyList,KEGG Pathway,24,hsa04921,Oxytocin signaling pathway,,-2.3,8.4,4.4,30169,154,70,3,4.3,2.4,5332|5595|340156,PLCB4|MAPK3|MYLK4,-0.56
MyList,WikiPathways,27,WP2857,Mesodermal commitment pathway,,-2.3,8.4,4.4,30169,154,70,3,4.3,2.4,1789|8554|23181,DNMT3B|PIAS1|DIP2A,-0.56
MyList,GO Biological Processes,19,GO:0048534,hematopoietic or lymphoid organ development,19_GO:0002376 immune system process,-2.2,3.7,3.5,30169,699,70,6,8.6,3.3,2213|3688|5595|6777|7097|7157,FCGR2B|ITGB1|MAPK3|STAT5B|TLR2|TP53,-0.56
MyList,GO Biological Processes,19,GO:0070507,regulation of microtubule cytoskeleton organization,19_GO:0050789 regulation of biological process,-2.2,8.3,4.4,30169,155,70,3,4.3,2.4,3304|4733|8480,HSPA1B|DRG1|RAE1,-0.56
MyList,Reactome Gene Sets,6,R-HSA-168255,Influenza Infection,,-2.2,8.3,4.4,30169,156,70,3,4.3,2.4,2963|3304|8480,GTF2F2|HSPA1B|RAE1,-0.55
MyList,GO Biological Processes,19,GO:0009991,response to extracellular stimulus,19_GO:0050896 response to stimulus,-2.2,4.4,3.6,30169,494,70,5,7.1,3.1,3297|5595|7157|11152|83990,HSF1|MAPK3|TP53|WDR45|BRIP1,-0.55
MyList,GO Biological Processes,19,GO:0050657,nucleic acid transport,19_GO:0051179 localization,-2.2,8.2,4.4,30169,157,70,3,4.3,2.4,3297|8480|23049,HSF1|RAE1|SMG1,-0.55
MyList,KEGG Pathway,24,hsa05160,Hepatitis C,,-2.2,8.2,4.4,30169,157,70,3,4.3,2.4,5595|7157|8554,MAPK3|TP53|PIAS1,-0.55
MyList,GO Biological Processes,19,GO:0050658,RNA transport,19_GO:0051179 localization,-2.2,8.2,4.4,30169,157,70,3,4.3,2.4,3297|8480|23049,HSF1|RAE1|SMG1,-0.55
MyList,GO Biological Processes,19,GO:2001020,regulation of response to DNA damage stimulus,19_GO:0050896 response to stimulus,-2.2,5.5,3.9,30169,312,70,4,5.7,2.8,3297|7157|23049|54465,HSF1|TP53|SMG1|ETAA1,-0.54
MyList,GO Biological Processes,19,GO:0051236,establishment of RNA localization,19_GO:0051179 localization,-2.2,8.1,4.3,30169,159,70,3,4.3,2.4,3297|8480|23049,HSF1|RAE1|SMG1,-0.53
MyList,WikiPathways,27,WP481,Insulin signaling,,-2.2,8.1,4.3,30169,160,70,3,4.3,2.4,5595|5880|6195,MAPK3|RAC2|RPS6KA1,-0.53
MyList,GO Biological Processes,19,GO:0051223,regulation of protein transport,19_GO:0051179 localization,-2.2,4.3,3.6,30169,501,70,5,7.1,3.1,3479|5581|5880|7097|9495,IGF1|PRKCE|RAC2|TLR2|AKAP5,-0.53
MyList,GO Biological Processes,19,GO:0070372,regulation of ERK1 and ERK2 cascade,19_GO:0023052 signaling,-2.2,5.5,3.8,30169,315,70,4,5.7,2.8,3479|5155|5595|10419,IGF1|PDGFB|MAPK3|PRMT5,-0.52
MyList,GO Biological Processes,19,GO:0071453,cellular response to oxygen levels,19_GO:0050896 response to stimulus,-2.2,8,4.3,30169,161,70,3,4.3,2.4,5581|7157|83990,PRKCE|TP53|BRIP1,-0.52
MyList,KEGG Pathway,24,hsa04630,JAK-STAT signaling pathway,,-2.2,8,4.3,30169,162,70,3,4.3,2.4,5155|6777|8554,PDGFB|STAT5B|PIAS1,-0.52
MyList,WikiPathways,27,WP4239,Epithelial to mesenchymal transition in colorectal cancer,,-2.2,8,4.3,30169,162,70,3,4.3,2.4,5595|7157|7991,MAPK3|TP53|TUSC3,-0.52
MyList,GO Biological Processes,19,GO:0051100,negative regulation of binding,19_GO:0065007 biological regulation,-2.2,7.9,4.3,30169,164,70,3,4.3,2.4,3300|5155|5595,DNAJB2|PDGFB|MAPK3,-0.5
MyList,GO Biological Processes,19,GO:1903131,mononuclear cell differentiation,19_GO:0002376 immune system process,-2.2,5.4,3.8,30169,321,70,4,5.7,2.8,2213|3688|6777|7157,FCGR2B|ITGB1|STAT5B|TP53,-0.5
MyList,GO Biological Processes,19,GO:0071214,cellular response to abiotic stimulus,19_GO:0050896 response to stimulus,-2.2,5.4,3.8,30169,321,70,4,5.7,2.8,3297|5595|7157|9994,HSF1|MAPK3|TP53|CASP8AP2,-0.5
MyList,GO Biological Processes,19,GO:0104004,cellular response to environmental stimulus,19_GO:0050896 response to stimulus,-2.2,5.4,3.8,30169,321,70,4,5.7,2.8,3297|5595|7157|9994,HSF1|MAPK3|TP53|CASP8AP2,-0.5
MyList,GO Biological Processes,19,GO:0071407,cellular response to organic cyclic compound,19_GO:0050896 response to stimulus,-2.2,4.2,3.5,30169,512,70,5,7.1,3.1,3297|3304|5155|5595|8480,HSF1|HSPA1B|PDGFB|MAPK3|RAE1,-0.5
MyList,GO Biological Processes,19,GO:0080135,regulation of cellular response to stress,19_GO:0050896 response to stimulus,-2.2,3.6,3.4,30169,726,70,6,8.6,3.3,2213|3297|5595|7157|23049|54465,FCGR2B|HSF1|MAPK3|TP53|SMG1|ETAA1,-0.5
MyList,GO Biological Processes,19,GO:0031647,regulation of protein stability,19_GO:0065007 biological regulation,-2.2,5.3,3.8,30169,325,70,4,5.7,2.8,3304|3479|7157|10694,HSPA1B|IGF1|TP53|CCT8,-0.49
MyList,GO Biological Processes,19,GO:0046661,male sex differentiation,19_GO:0022414 reproductive process,-2.2,7.7,4.2,30169,167,70,3,4.3,2.4,6777|7022|83990,STAT5B|TFAP2C|BRIP1,-0.49
MyList,GO Biological Processes,19,GO:0060284,regulation of cell development,19_GO:0032502 developmental process,-2.2,4.2,3.5,30169,516,70,5,7.1,3.1,3479|3688|7097|7157|10419,IGF1|ITGB1|TLR2|TP53|PRMT5,-0.49
MyList,Reactome Gene Sets,6,R-HSA-195258,RHO GTPase Effectors,,-2.1,5.3,3.7,30169,327,70,4,5.7,2.8,3688|5595|5880|10499,ITGB1|MAPK3|RAC2|NCOA2,-0.48
MyList,GO Biological Processes,19,GO:0070848,response to growth factor,19_GO:0050896 response to stimulus,-2.1,4.2,3.5,30169,519,70,5,7.1,3.1,2250|5155|5595|6777|7157,FGF5|PDGFB|MAPK3|STAT5B|TP53,-0.48
MyList,KEGG Pathway,24,hsa04310,Wnt signaling pathway,,-2.1,7.6,4.2,30169,170,70,3,4.3,2.4,5332|5880|7157,PLCB4|RAC2|TP53,-0.47
MyList,GO Biological Processes,19,GO:2000058,regulation of ubiquitin-dependent protein catabolic process,19_GO:0008152 metabolic process,-2.1,7.6,4.2,30169,170,70,3,4.3,2.4,3300|3304|8554,DNAJB2|HSPA1B|PIAS1,-0.47
MyList,KEGG Pathway,24,hsa05164,Influenza A,,-2.1,7.6,4.1,30169,171,70,3,4.3,2.4,5595|7113|8480,MAPK3|TMPRSS2|RAE1,-0.46
MyList,KEGG Pathway,24,hsa04141,Protein processing in endoplasmic reticulum,,-2.1,7.6,4.1,30169,171,70,3,4.3,2.4,3300|3304|7991,DNAJB2|HSPA1B|TUSC3,-0.46
MyList,GO Biological Processes,19,GO:1905475,regulation of protein localization to membrane,19_GO:0051179 localization,-2.1,7.5,4.1,30169,172,70,3,4.3,2.4,3688|5581|9495,ITGB1|PRKCE|AKAP5,-0.46
MyList,GO Biological Processes,19,GO:1903034,regulation of response to wounding,19_GO:0050896 response to stimulus,-2.1,7.5,4.1,30169,172,70,3,4.3,2.4,3688|5155|5581,ITGB1|PDGFB|PRKCE,-0.46
MyList,GO Biological Processes,19,GO:1903047,mitotic cell cycle process,19_GO:0009987 cellular process,-2.1,4.1,3.4,30169,529,70,5,7.1,3.1,3688|5426|7157|9088|23476,ITGB1|POLE|TP53|PKMYT1|BRD4,-0.45
MyList,GO Biological Processes,19,GO:0031056,regulation of histone modification,19_GO:0008152 metabolic process,-2.1,7.4,4.1,30169,175,70,3,4.3,2.4,1789|7157|23476,DNMT3B|TP53|BRD4,-0.44
MyList,GO Biological Processes,19,GO:0009267,cellular response to starvation,19_GO:0050896 response to stimulus,-2.1,7.4,4.1,30169,175,70,3,4.3,2.4,5595|7157|11152,MAPK3|TP53|WDR45,-0.44
MyList,GO Biological Processes,19,GO:1902905,positive regulation of supramolecular fiber organization,19_GO:0048518 positive regulation of biological process,-2.1,7.3,4.1,30169,176,70,3,4.3,2.4,3304|4733|5581,HSPA1B|DRG1|PRKCE,-0.44
MyList,GO Biological Processes,19,GO:0009617,response to bacterium,19_GO:0044419 biological process involved in interspecies interaction between organisms,-2.1,3.4,3.2,30169,758,70,6,8.6,3.3,2213|3297|5581|5595|7097|29126,FCGR2B|HSF1|PRKCE|MAPK3|TLR2|CD274,-0.42
MyList,Canonical Pathways,11,M5883,NABA SECRETED FACTORS,,-2.1,5,3.6,30169,343,70,4,5.7,2.8,2250|3479|5155|51129,FGF5|IGF1|PDGFB|ANGPTL4,-0.42
MyList,GO Biological Processes,19,GO:0006403,RNA localization,19_GO:0051179 localization,-2.1,7.2,4,30169,179,70,3,4.3,2.4,3297|8480|23049,HSF1|RAE1|SMG1,-0.42
MyList,KEGG Pathway,24,hsa05152,Tuberculosis,,-2.1,7.2,4,30169,180,70,3,4.3,2.4,2213|5595|7097,FCGR2B|MAPK3|TLR2,-0.41
MyList,GO Biological Processes,19,GO:0034645,cellular macromolecule biosynthetic process,19_GO:0008152 metabolic process,-2.1,3.4,3.2,30169,764,70,6,8.6,3.3,1975|3479|4733|7991|11152|22906,EIF4B|IGF1|DRG1|TUSC3|WDR45|TRAK1,-0.41
MyList,GO Biological Processes,19,GO:0019216,regulation of lipid metabolic process,19_GO:0008152 metabolic process,-2.1,5,3.6,30169,347,70,4,5.7,2.8,5155|5581|6777|10499,PDGFB|PRKCE|STAT5B|NCOA2,-0.41
MyList,GO Biological Processes,19,GO:0006354,DNA-templated transcription elongation,19_GO:0008152 metabolic process,-2.1,7.1,4,30169,182,70,3,4.3,2.4,2963|8554|23476,GTF2F2|PIAS1|BRD4,-0.4
MyList,Reactome Gene Sets,6,R-HSA-1280218,Adaptive Immune System,,-2.1,3.4,3.2,30169,769,70,6,8.6,3.3,2213|3688|7097|8907|29126|148581,FCGR2B|ITGB1|TLR2|AP1M1|CD274|UBE2U,-0.4
MyList,GO Biological Processes,19,GO:0010001,glial cell differentiation,19_GO:0032502 developmental process,-2,7,4,30169,184,70,3,4.3,2.4,2250|5595|7097,FGF5|MAPK3|TLR2,-0.39
MyList,GO Biological Processes,19,GO:0048863,stem cell differentiation,19_GO:0032502 developmental process,-2,7,4,30169,184,70,3,4.3,2.4,3688|5595|7157,ITGB1|MAPK3|TP53,-0.39
MyList,KEGG Pathway,24,hsa04621,NOD-like receptor signaling pathway,,-2,7,4,30169,184,70,3,4.3,2.4,5332|5595|24145,PLCB4|MAPK3|PANX1,-0.39
MyList,Reactome Gene Sets,6,R-HSA-422475,Axon guidance,,-2,3.9,3.3,30169,552,70,5,7.1,3.1,3688|3983|5595|6195|9495,ITGB1|ABLIM1|MAPK3|RPS6KA1|AKAP5,-0.39
MyList,GO Biological Processes,19,GO:1903555,regulation of tumor necrosis factor superfamily cytokine production,19_GO:0032501 multicellular organismal process,-2,6.8,3.9,30169,189,70,3,4.3,2.4,3479|7097|29126,IGF1|TLR2|CD274,-0.36
MyList,Reactome Gene Sets,6,R-HSA-69278,"Cell Cycle, Mitotic",,-2,3.8,3.3,30169,561,70,5,7.1,3.1,5426|5595|7157|8480|9088,POLE|MAPK3|TP53|RAE1|PKMYT1,-0.36
MyList,GO Biological Processes,19,GO:0051302,regulation of cell division,19_GO:0050789 regulation of biological process,-2,6.8,3.9,30169,190,70,3,4.3,2.4,2250|5155|5581,FGF5|PDGFB|PRKCE,-0.36
MyList,GO Biological Processes,19,GO:0002831,regulation of response to biotic stimulus,19_GO:0050896 response to stimulus,-2,4.8,3.5,30169,361,70,4,5.7,2.8,2213|5595|6777|29126,FCGR2B|MAPK3|STAT5B|CD274,-0.36
MyList_MCODE_ALL,Reactome Gene Sets,6,R-HSA-5685942,HDR through Homologous Recombination (HRR),,-11,4.4e+02,42,30169,68,4,4,1e+02,22,5426|7156|9156|83990,POLE|TOP3A|EXO1|BRIP1,-6.6
MyList_MCODE_ALL,Reactome Gene Sets,6,R-HSA-5693567,HDR through Homologous Recombination (HRR) or Single Strand Annealing (SSA),,-9.5,2.3e+02,30,30169,132,4,4,1e+02,22,5426|7156|9156|83990,POLE|TOP3A|EXO1|BRIP1,-5.8
MyList_MCODE_ALL,Reactome Gene Sets,6,R-HSA-5693538,Homology Directed Repair,,-9.4,2.2e+02,30,30169,138,4,4,1e+02,22,5426|7156|9156|83990,POLE|TOP3A|EXO1|BRIP1,-5.8
MyList_MCODE_ALL,Reactome Gene Sets,6,R-HSA-5693532,DNA Double-Strand Break Repair,,-9,1.8e+02,27,30169,168,4,4,1e+02,22,5426|7156|9156|83990,POLE|TOP3A|EXO1|BRIP1,-5.6
MyList_MCODE_ALL,Reactome Gene Sets,6,R-HSA-9709603,Impaired BRCA2 binding to PALB2,,-8.8,9.4e+02,53,30169,24,4,3,75,22,7156|9156|83990,TOP3A|EXO1|BRIP1,-5.6
MyList_MCODE_ALL,Reactome Gene Sets,6,R-HSA-9704646,Defective HDR through Homologous Recombination Repair (HRR) due to PALB2 loss of BRCA2/RAD51/RAD51C binding function,,-8.7,9.1e+02,52,30169,25,4,3,75,22,7156|9156|83990,TOP3A|EXO1|BRIP1,-5.6
MyList_MCODE_ALL,Reactome Gene Sets,6,R-HSA-9704331,Defective HDR through Homologous Recombination Repair (HRR) due to PALB2 loss of BRCA1 binding function,,-8.7,9.1e+02,52,30169,25,4,3,75,22,7156|9156|83990,TOP3A|EXO1|BRIP1,-5.6
MyList_MCODE_ALL,Reactome Gene Sets,6,R-HSA-9701192,Defective HDR through Homologous Recombination (HRR) due to BRCA1 loss-of-function,,-8.7,9.1e+02,52,30169,25,4,3,75,22,7156|9156|83990,TOP3A|EXO1|BRIP1,-5.6
MyList_MCODE_ALL,Reactome Gene Sets,6,R-HSA-9701193,Defective HDR through Homologous Recombination (HRR) due to PALB2 loss of function,,-8.7,9.1e+02,52,30169,25,4,3,75,22,7156|9156|83990,TOP3A|EXO1|BRIP1,-5.6
MyList_MCODE_ALL,Reactome Gene Sets,6,R-HSA-5693554,Resolution of D-loop Structures through Synthesis-Dependent Strand Annealing (SDSA),,-8.6,8.4e+02,50,30169,27,4,3,75,22,7156|9156|83990,TOP3A|EXO1|BRIP1,-5.5
MyList_MCODE_ALL,Reactome Gene Sets,6,R-HSA-5693568,Resolution of D-loop Structures through Holliday Junction Intermediates,,-8.3,6.7e+02,45,30169,34,4,3,75,22,7156|9156|83990,TOP3A|EXO1|BRIP1,-5.3
MyList_MCODE_ALL,Reactome Gene Sets,6,R-HSA-9709570,Impaired BRCA2 binding to RAD51,,-8.2,6.5e+02,44,30169,35,4,3,75,22,7156|9156|83990,TOP3A|EXO1|BRIP1,-5.3
MyList_MCODE_ALL,Reactome Gene Sets,6,R-HSA-5693537,Resolution of D-Loop Structures,,-8.2,6.5e+02,44,30169,35,4,3,75,22,7156|9156|83990,TOP3A|EXO1|BRIP1,-5.3
MyList_MCODE_ALL,Reactome Gene Sets,6,R-HSA-5685938,HDR through Single Strand Annealing (SSA),,-8.2,6.1e+02,43,30169,37,4,3,75,22,7156|9156|83990,TOP3A|EXO1|BRIP1,-5.3
MyList_MCODE_ALL,Reactome Gene Sets,6,R-HSA-5693616,Presynaptic phase of homologous DNA pairing and strand exchange,,-8.1,5.7e+02,41,30169,40,4,3,75,22,7156|9156|83990,TOP3A|EXO1|BRIP1,-5.2
MyList_MCODE_ALL,Reactome Gene Sets,6,R-HSA-9701190,Defective homologous recombination repair (HRR) due to BRCA2 loss of function,,-8,5.5e+02,41,30169,41,4,3,75,22,7156|9156|83990,TOP3A|EXO1|BRIP1,-5.2
MyList_MCODE_ALL,Reactome Gene Sets,6,R-HSA-9675136,Diseases of DNA Double-Strand Break Repair,,-8,5.5e+02,41,30169,41,4,3,75,22,7156|9156|83990,TOP3A|EXO1|BRIP1,-5.2
MyList_MCODE_ALL,Reactome Gene Sets,6,R-HSA-5693579,Homologous DNA Pairing and Strand Exchange,,-8,5.3e+02,40,30169,43,4,3,75,22,7156|9156|83990,TOP3A|EXO1|BRIP1,-5.2
MyList_MCODE_ALL,Reactome Gene Sets,6,R-HSA-73894,DNA Repair,,-7.8,90,19,30169,336,4,4,1e+02,22,5426|7156|9156|83990,POLE|TOP3A|EXO1|BRIP1,-5.1
MyList_MCODE_ALL,Reactome Gene Sets,6,R-HSA-9675135,Diseases of DNA repair,,-7.7,4.4e+02,36,30169,51,4,3,75,22,7156|9156|83990,TOP3A|EXO1|BRIP1,-5
MyList_MCODE_ALL,GO Biological Processes,19,GO:0006281,DNA repair,19_GO:0050896 response to stimulus,-7.1,61,15,30169,498,4,4,1e+02,22,5426|7156|9156|83990,POLE|TOP3A|EXO1|BRIP1,-4.4
MyList_MCODE_ALL,WikiPathways,27,WP4016,DNA IR-damage and cellular response via ATR,,-7.1,2.8e+02,29,30169,81,4,3,75,22,7156|9156|83990,TOP3A|EXO1|BRIP1,-4.4
MyList_MCODE_ALL,Reactome Gene Sets,6,R-HSA-6804756,Regulation of TP53 Activity through Phosphorylation,,-7,2.5e+02,27,30169,92,4,3,75,22,7156|9156|83990,TOP3A|EXO1|BRIP1,-4.3
MyList_MCODE_ALL,Reactome Gene Sets,6,R-HSA-69473,G2/M DNA damage checkpoint,,-6.9,2.4e+02,27,30169,94,4,3,75,22,7156|9156|83990,TOP3A|EXO1|BRIP1,-4.3
MyList_MCODE_ALL,Reactome Gene Sets,6,R-HSA-5693607,Processing of DNA double-strand break ends,,-6.9,2.3e+02,26,30169,97,4,3,75,22,7156|9156|83990,TOP3A|EXO1|BRIP1,-4.3
MyList_MCODE_ALL,WikiPathways,27,WP4946,"DNA repair pathways, full network",,-6.6,1.9e+02,24,30169,120,4,3,75,22,5426|9156|83990,POLE|EXO1|BRIP1,-4
MyList_MCODE_ALL,Reactome Gene Sets,6,R-HSA-1640170,Cell Cycle,,-6.6,44,13,30169,692,4,4,1e+02,22,5426|7156|9156|83990,POLE|TOP3A|EXO1|BRIP1,-4
MyList_MCODE_ALL,GO Biological Processes,19,GO:0006974,cellular response to DNA damage stimulus,19_GO:0050896 response to stimulus,-6.4,41,13,30169,742,4,4,1e+02,22,5426|7156|9156|83990,POLE|TOP3A|EXO1|BRIP1,-3.9
MyList_MCODE_ALL,GO Biological Processes,19,GO:0006259,DNA metabolic process,19_GO:0008152 metabolic process,-6.4,39,12,30169,780,4,4,1e+02,22,5426|7156|9156|83990,POLE|TOP3A|EXO1|BRIP1,-3.8
MyList_MCODE_ALL,Reactome Gene Sets,6,R-HSA-5633007,Regulation of TP53 Activity,,-6.2,1.4e+02,21,30169,160,4,3,75,22,7156|9156|83990,TOP3A|EXO1|BRIP1,-3.7
MyList_MCODE_ALL,Reactome Gene Sets,6,R-HSA-69481,G2/M Checkpoints,,-6.2,1.4e+02,20,30169,167,4,3,75,22,7156|9156|83990,TOP3A|EXO1|BRIP1,-3.7
MyList_MCODE_ALL,GO Biological Processes,19,GO:0006310,DNA recombination,19_GO:0008152 metabolic process,-5.7,95,17,30169,238,4,3,75,22,7156|9156|83990,TOP3A|EXO1|BRIP1,-3.3
MyList_MCODE_ALL,GO Biological Processes,19,GO:0051321,meiotic cell cycle,19_GO:0022414 reproductive process,-5.7,91,16,30169,249,4,3,75,22,7156|9156|83990,TOP3A|EXO1|BRIP1,-3.2
MyList_MCODE_ALL,Reactome Gene Sets,6,R-HSA-69620,Cell Cycle Checkpoints,,-5.4,77,15,30169,293,4,3,75,22,7156|9156|83990,TOP3A|EXO1|BRIP1,-3
MyList_MCODE_ALL,Reactome Gene Sets,6,R-HSA-3700989,Transcriptional Regulation by TP53,,-5.2,63,14,30169,362,4,3,75,22,7156|9156|83990,TOP3A|EXO1|BRIP1,-2.8
MyList_MCODE_ALL,GO Biological Processes,19,GO:0051276,chromosome organization,19_GO:0009987 cellular process,-4.8,49,12,30169,464,4,3,75,22,7156|9156|83990,TOP3A|EXO1|BRIP1,-2.5
MyList_SUB1_MCODE_1,Reactome Gene Sets,6,R-HSA-5685942,HDR through Homologous Recombination (HRR),,-11,4.4e+02,42,30169,68,4,4,1e+02,22,5426|7156|9156|83990,POLE|TOP3A|EXO1|BRIP1,-6.6
MyList_SUB1_MCODE_1,Reactome Gene Sets,6,R-HSA-5693567,HDR through Homologous Recombination (HRR) or Single Strand Annealing (SSA),,-9.5,2.3e+02,30,30169,132,4,4,1e+02,22,5426|7156|9156|83990,POLE|TOP3A|EXO1|BRIP1,-5.8
MyList_SUB1_MCODE_1,Reactome Gene Sets,6,R-HSA-5693538,Homology Directed Repair,,-9.4,2.2e+02,30,30169,138,4,4,1e+02,22,5426|7156|9156|83990,POLE|TOP3A|EXO1|BRIP1,-5.8
MyList_SUB1_MCODE_1,Reactome Gene Sets,6,R-HSA-5693532,DNA Double-Strand Break Repair,,-9,1.8e+02,27,30169,168,4,4,1e+02,22,5426|7156|9156|83990,POLE|TOP3A|EXO1|BRIP1,-5.6
MyList_SUB1_MCODE_1,Reactome Gene Sets,6,R-HSA-9709603,Impaired BRCA2 binding to PALB2,,-8.8,9.4e+02,53,30169,24,4,3,75,22,7156|9156|83990,TOP3A|EXO1|BRIP1,-5.6
MyList_SUB1_MCODE_1,Reactome Gene Sets,6,R-HSA-9701193,Defective HDR through Homologous Recombination (HRR) due to PALB2 loss of function,,-8.7,9.1e+02,52,30169,25,4,3,75,22,7156|9156|83990,TOP3A|EXO1|BRIP1,-5.6
MyList_SUB1_MCODE_1,Reactome Gene Sets,6,R-HSA-9704331,Defective HDR through Homologous Recombination Repair (HRR) due to PALB2 loss of BRCA1 binding function,,-8.7,9.1e+02,52,30169,25,4,3,75,22,7156|9156|83990,TOP3A|EXO1|BRIP1,-5.6
MyList_SUB1_MCODE_1,Reactome Gene Sets,6,R-HSA-9701192,Defective HDR through Homologous Recombination (HRR) due to BRCA1 loss-of-function,,-8.7,9.1e+02,52,30169,25,4,3,75,22,7156|9156|83990,TOP3A|EXO1|BRIP1,-5.6
MyList_SUB1_MCODE_1,Reactome Gene Sets,6,R-HSA-9704646,Defective HDR through Homologous Recombination Repair (HRR) due to PALB2 loss of BRCA2/RAD51/RAD51C binding function,,-8.7,9.1e+02,52,30169,25,4,3,75,22,7156|9156|83990,TOP3A|EXO1|BRIP1,-5.6
MyList_SUB1_MCODE_1,Reactome Gene Sets,6,R-HSA-5693554,Resolution of D-loop Structures through Synthesis-Dependent Strand Annealing (SDSA),,-8.6,8.4e+02,50,30169,27,4,3,75,22,7156|9156|83990,TOP3A|EXO1|BRIP1,-5.5
MyList_SUB1_MCODE_1,Reactome Gene Sets,6,R-HSA-5693568,Resolution of D-loop Structures through Holliday Junction Intermediates,,-8.3,6.7e+02,45,30169,34,4,3,75,22,7156|9156|83990,TOP3A|EXO1|BRIP1,-5.3
MyList_SUB1_MCODE_1,Reactome Gene Sets,6,R-HSA-9709570,Impaired BRCA2 binding to RAD51,,-8.2,6.5e+02,44,30169,35,4,3,75,22,7156|9156|83990,TOP3A|EXO1|BRIP1,-5.3
MyList_SUB1_MCODE_1,Reactome Gene Sets,6,R-HSA-5693537,Resolution of D-Loop Structures,,-8.2,6.5e+02,44,30169,35,4,3,75,22,7156|9156|83990,TOP3A|EXO1|BRIP1,-5.3
MyList_SUB1_MCODE_1,Reactome Gene Sets,6,R-HSA-5685938,HDR through Single Strand Annealing (SSA),,-8.2,6.1e+02,43,30169,37,4,3,75,22,7156|9156|83990,TOP3A|EXO1|BRIP1,-5.3
MyList_SUB1_MCODE_1,Reactome Gene Sets,6,R-HSA-5693616,Presynaptic phase of homologous DNA pairing and strand exchange,,-8.1,5.7e+02,41,30169,40,4,3,75,22,7156|9156|83990,TOP3A|EXO1|BRIP1,-5.2
MyList_SUB1_MCODE_1,Reactome Gene Sets,6,R-HSA-9701190,Defective homologous recombination repair (HRR) due to BRCA2 loss of function,,-8,5.5e+02,41,30169,41,4,3,75,22,7156|9156|83990,TOP3A|EXO1|BRIP1,-5.2
MyList_SUB1_MCODE_1,Reactome Gene Sets,6,R-HSA-9675136,Diseases of DNA Double-Strand Break Repair,,-8,5.5e+02,41,30169,41,4,3,75,22,7156|9156|83990,TOP3A|EXO1|BRIP1,-5.2
MyList_SUB1_MCODE_1,Reactome Gene Sets,6,R-HSA-5693579,Homologous DNA Pairing and Strand Exchange,,-8,5.3e+02,40,30169,43,4,3,75,22,7156|9156|83990,TOP3A|EXO1|BRIP1,-5.2
MyList_SUB1_MCODE_1,Reactome Gene Sets,6,R-HSA-73894,DNA Repair,,-7.8,90,19,30169,336,4,4,1e+02,22,5426|7156|9156|83990,POLE|TOP3A|EXO1|BRIP1,-5.1
MyList_SUB1_MCODE_1,Reactome Gene Sets,6,R-HSA-9675135,Diseases of DNA repair,,-7.7,4.4e+02,36,30169,51,4,3,75,22,7156|9156|83990,TOP3A|EXO1|BRIP1,-5
MyList_SUB1_MCODE_1,GO Biological Processes,19,GO:0006281,DNA repair,19_GO:0050896 response to stimulus,-7.1,61,15,30169,498,4,4,1e+02,22,5426|7156|9156|83990,POLE|TOP3A|EXO1|BRIP1,-4.4
MyList_SUB1_MCODE_1,WikiPathways,27,WP4016,DNA IR-damage and cellular response via ATR,,-7.1,2.8e+02,29,30169,81,4,3,75,22,7156|9156|83990,TOP3A|EXO1|BRIP1,-4.4
MyList_SUB1_MCODE_1,Reactome Gene Sets,6,R-HSA-6804756,Regulation of TP53 Activity through Phosphorylation,,-7,2.5e+02,27,30169,92,4,3,75,22,7156|9156|83990,TOP3A|EXO1|BRIP1,-4.3
MyList_SUB1_MCODE_1,Reactome Gene Sets,6,R-HSA-69473,G2/M DNA damage checkpoint,,-6.9,2.4e+02,27,30169,94,4,3,75,22,7156|9156|83990,TOP3A|EXO1|BRIP1,-4.3
MyList_SUB1_MCODE_1,Reactome Gene Sets,6,R-HSA-5693607,Processing of DNA double-strand break ends,,-6.9,2.3e+02,26,30169,97,4,3,75,22,7156|9156|83990,TOP3A|EXO1|BRIP1,-4.3
MyList_SUB1_MCODE_1,WikiPathways,27,WP4946,"DNA repair pathways, full network",,-6.6,1.9e+02,24,30169,120,4,3,75,22,5426|9156|83990,POLE|EXO1|BRIP1,-4
MyList_SUB1_MCODE_1,Reactome Gene Sets,6,R-HSA-1640170,Cell Cycle,,-6.6,44,13,30169,692,4,4,1e+02,22,5426|7156|9156|83990,POLE|TOP3A|EXO1|BRIP1,-4
MyList_SUB1_MCODE_1,GO Biological Processes,19,GO:0006974,cellular response to DNA damage stimulus,19_GO:0050896 response to stimulus,-6.4,41,13,30169,742,4,4,1e+02,22,5426|7156|9156|83990,POLE|TOP3A|EXO1|BRIP1,-3.9
MyList_SUB1_MCODE_1,GO Biological Processes,19,GO:0006259,DNA metabolic process,19_GO:0008152 metabolic process,-6.4,39,12,30169,780,4,4,1e+02,22,5426|7156|9156|83990,POLE|TOP3A|EXO1|BRIP1,-3.8
MyList_SUB1_MCODE_1,Reactome Gene Sets,6,R-HSA-5633007,Regulation of TP53 Activity,,-6.2,1.4e+02,21,30169,160,4,3,75,22,7156|9156|83990,TOP3A|EXO1|BRIP1,-3.7
MyList_SUB1_MCODE_1,Reactome Gene Sets,6,R-HSA-69481,G2/M Checkpoints,,-6.2,1.4e+02,20,30169,167,4,3,75,22,7156|9156|83990,TOP3A|EXO1|BRIP1,-3.7
MyList_SUB1_MCODE_1,GO Biological Processes,19,GO:0006310,DNA recombination,19_GO:0008152 metabolic process,-5.7,95,17,30169,238,4,3,75,22,7156|9156|83990,TOP3A|EXO1|BRIP1,-3.3
MyList_SUB1_MCODE_1,GO Biological Processes,19,GO:0051321,meiotic cell cycle,19_GO:0022414 reproductive process,-5.7,91,16,30169,249,4,3,75,22,7156|9156|83990,TOP3A|EXO1|BRIP1,-3.2
MyList_SUB1_MCODE_1,Reactome Gene Sets,6,R-HSA-69620,Cell Cycle Checkpoints,,-5.4,77,15,30169,293,4,3,75,22,7156|9156|83990,TOP3A|EXO1|BRIP1,-3
MyList_SUB1_MCODE_1,Reactome Gene Sets,6,R-HSA-3700989,Transcriptional Regulation by TP53,,-5.2,63,14,30169,362,4,3,75,22,7156|9156|83990,TOP3A|EXO1|BRIP1,-2.8
MyList_SUB1_MCODE_1,GO Biological Processes,19,GO:0051276,chromosome organization,19_GO:0009987 cellular process,-4.8,49,12,30169,464,4,3,75,22,7156|9156|83990,TOP3A|EXO1|BRIP1,-2.5
