Category,CategoryID,GO,Description,PARENT_GO,LogP,Enrichment,Z-score,#TotalGeneInLibrary,#GeneInGO,#GeneInHitList,#GeneInGOAndHitList,%InGO,STDV %InGO,GeneID,Hits,Log(q-value),GeneList
Reactome Gene Sets,6,R-HSA-112314,Neurotransmitter receptors and postsynaptic signal transmission,,-6.4,12,8.9,30182,205,100,8,8,2.7,1139|2566|2742|2770|3084|5613|5923|7102,CHRNA7|GABRG2|GLRA2|GNAI1|NRG1|PRKX|RASGRF1|TSPAN7,-2,MyList
KEGG Pathway,24,hsa04935,"Growth hormone synthesis, secretion and action",,-5.5,15,8.9,30182,120,100,6,6,2.4,2770|3726|5291|5449|5599|9586,GNAI1|JUNB|PIK3CB|POU1F1|MAPK8|CREB5,-1.6,MyList
Reactome Gene Sets,6,R-HSA-112315,Transmission across Chemical Synapses,,-5.5,8.9,7.6,30182,270,100,8,8,2.7,1139|2566|2742|2770|3084|5613|5923|7102,CHRNA7|GABRG2|GLRA2|GNAI1|NRG1|PRKX|RASGRF1|TSPAN7,-1.6,MyList
GO Biological Processes,19,GO:0050804,modulation of chemical synaptic transmission,19_GO:0023052 signaling,-5.3,6.2,6.7,30182,487,100,10,10,3,1139|1395|1959|2917|5334|5590|5923|7337|55784|66000,CHRNA7|CRHR2|EGR2|GRM7|PLCL1|PRKCZ|RASGRF1|UBE3A|MCTP2|TMEM108,-1.6,MyList
GO Biological Processes,19,GO:0099177,regulation of trans-synaptic signaling,19_GO:0023052 signaling,-5.3,6.2,6.7,30182,488,100,10,10,3,1139|1395|1959|2917|5334|5590|5923|7337|55784|66000,CHRNA7|CRHR2|EGR2|GRM7|PLCL1|PRKCZ|RASGRF1|UBE3A|MCTP2|TMEM108,-1.6,MyList
GO Biological Processes,19,GO:0043254,regulation of protein-containing complex assembly,19_GO:0050789 regulation of biological process,-5,6.6,6.6,30182,409,100,9,9,2.9,2059|3084|3297|3642|4133|5590|5599|9873|29091,EPS8|NRG1|HSF1|INSM1|MAP2|PRKCZ|MAPK8|FCHSD2|STXBP6,-1.5,MyList
GO Biological Processes,19,GO:0031175,neuron projection development,19_GO:0032502 developmental process,-5,5.1,6.1,30182,647,100,11,11,3.1,1139|1959|2917|4133|4685|5357|5590|5923|8997|55619|66000,CHRNA7|EGR2|GRM7|MAP2|NCAM2|PLS1|PRKCZ|RASGRF1|KALRN|DOCK10|TMEM108,-1.5,MyList
KEGG Pathway,24,hsa04024,cAMP signaling pathway,,-5,9.4,7.3,30182,225,100,7,7,2.6,490|1395|2770|5291|5599|9586|10846,ATP2B1|CRHR2|GNAI1|PIK3CB|MAPK8|CREB5|PDE10A,-1.5,MyList
WikiPathways,27,WP2355,Corticotropin-releasing hormone signaling pathway,,-4.8,16,8.5,30182,92,100,5,5,2.2,1395|2770|3164|3726|5599,CRHR2|GNAI1|NR4A1|JUNB|MAPK8,-1.5,MyList
WikiPathways,27,WP437,EGF/EGFR signaling pathway,,-4.8,11,7.5,30182,162,100,6,6,2.4,2059|4605|5590|5599|6457|7291,EPS8|MYBL2|PRKCZ|MAPK8|SH3GL3|TWIST1,-1.4,MyList
GO Biological Processes,19,GO:1901652,response to peptide,19_GO:0050896 response to stimulus,-4.7,6,6.1,30182,456,100,9,9,2.9,1139|1395|1959|2770|3164|3297|5590|8412|23175,CHRNA7|CRHR2|EGR2|GNAI1|NR4A1|HSF1|PRKCZ|BCAR3|LPIN1,-1.4,MyList
KEGG Pathway,24,hsa04625,C-type lectin receptor signaling pathway,,-4.6,15,8,30182,104,100,5,5,2.2,1959|3659|5291|5599|23365,EGR2|IRF1|PIK3CB|MAPK8|ARHGEF12,-1.3,MyList
GO Biological Processes,19,GO:0043434,response to peptide hormone,19_GO:0050896 response to stimulus,-4.5,6.5,6.2,30182,369,100,8,8,2.7,1395|1959|2770|3164|3297|5590|8412|23175,CRHR2|EGR2|GNAI1|NR4A1|HSF1|PRKCZ|BCAR3|LPIN1,-1.3,MyList
GO Biological Processes,19,GO:0007610,behavior,19_GO:0032501 multicellular organismal process,-4.5,5,5.7,30182,607,100,10,10,3,1139|1959|2059|2566|4097|5590|5923|6335|6899|7337,CHRNA7|EGR2|EPS8|GABRG2|MAFG|PRKCZ|RASGRF1|SCN9A|TBX1|UBE3A,-1.3,MyList
KEGG Pathway,24,hsa04668,TNF signaling pathway,,-4.4,13,7.6,30182,112,100,5,5,2.2,3659|3726|5291|5599|9586,IRF1|JUNB|PIK3CB|MAPK8|CREB5,-1.3,MyList
Reactome Gene Sets,6,R-HSA-193648,NRAGE signals death through JNK,,-4.3,20,8.6,30182,59,100,4,4,2,5599|8997|23365|55160,MAPK8|KALRN|ARHGEF12|ARHGEF10L,-1.2,MyList
WikiPathways,27,WP3599,Transcription factor regulation in adipogenesis,,-4.3,41,11,30182,22,100,3,3,1.7,5599|7291|23175,MAPK8|TWIST1|LPIN1,-1.2,MyList
GO Biological Processes,19,GO:1901699,cellular response to nitrogen compound,19_GO:0050896 response to stimulus,-4.3,4.7,5.5,30182,643,100,10,10,3,1139|1395|2566|2742|3164|3297|3661|5590|8412|23175,CHRNA7|CRHR2|GABRG2|GLRA2|NR4A1|HSF1|IRF3|PRKCZ|BCAR3|LPIN1,-1.2,MyList
KEGG Pathway,24,hsa04611,Platelet activation,,-4.2,12,7.2,30182,124,100,5,5,2.2,2770|5291|5590|23365|83660,GNAI1|PIK3CB|PRKCZ|ARHGEF12|TLN2,-1.2,MyList
GO Biological Processes,19,GO:0051056,regulation of small GTPase mediated signal transduction,19_GO:0023052 signaling,-4.2,7.1,6.1,30182,298,100,7,7,2.6,2059|5291|5923|8997|9754|23365|55160,EPS8|PIK3CB|RASGRF1|KALRN|STARD8|ARHGEF12|ARHGEF10L,-1.2,MyList
Reactome Gene Sets,6,R-HSA-112316,Neuronal System,,-4.2,5.9,5.7,30182,410,100,8,8,2.7,1139|2566|2742|2770|3084|5613|5923|7102,CHRNA7|GABRG2|GLRA2|GNAI1|NRG1|PRKX|RASGRF1|TSPAN7,-1.1,MyList
KEGG Pathway,24,hsa04926,Relaxin signaling pathway,,-4.1,12,7,30182,129,100,5,5,2.2,2770|5291|5590|5599|9586,GNAI1|PIK3CB|PRKCZ|MAPK8|CREB5,-1.1,MyList
Reactome Gene Sets,6,R-HSA-9662360,Sensory processing of sound by inner hair cells of the cochlea,,-4.1,17,7.9,30182,69,100,4,4,2,490|1488|2059|5357,ATP2B1|CTBP2|EPS8|PLS1,-1.1,MyList
Canonical Pathways,11,M81,PID CDC42 PATHWAY,,-4.1,17,7.8,30182,70,100,4,4,2,2059|5590|5599|5923,EPS8|PRKCZ|MAPK8|RASGRF1,-1.1,MyList
KEGG Pathway,24,hsa05166,Human T-cell leukemia virus 1 infection,,-4,8.2,6.2,30182,222,100,6,6,2.4,1959|5291|5599|6929|9586|83660,EGR2|PIK3CB|MAPK8|TCF3|CREB5|TLN2,-1.1,MyList
KEGG Pathway,24,hsa05133,Pertussis,,-3.9,16,7.5,30182,76,100,4,4,2,2770|3659|3661|5599,GNAI1|IRF1|IRF3|MAPK8,-1,MyList
Reactome Gene Sets,6,R-HSA-9659379,Sensory processing of sound,,-3.9,16,7.5,30182,76,100,4,4,2,490|1488|2059|5357,ATP2B1|CTBP2|EPS8|PLS1,-1,MyList
Reactome Gene Sets,6,R-HSA-204998,"Cell death signalling via NRAGE, NRIF and NADE",,-3.9,16,7.5,30182,76,100,4,4,2,5599|8997|23365|55160,MAPK8|KALRN|ARHGEF12|ARHGEF10L,-1,MyList
GO Biological Processes,19,GO:0048568,embryonic organ development,19_GO:0032502 developmental process,-3.9,5.4,5.4,30182,450,100,8,8,2.7,3726|4613|5357|6899|7291|7942|8320|144455,JUNB|MYCN|PLS1|TBX1|TWIST1|TFEB|EOMES|E2F7,-1,MyList
GO Biological Processes,19,GO:0031644,regulation of nervous system process,19_GO:0032501 multicellular organismal process,-3.8,10,6.4,30182,150,100,5,5,2.2,1139|1959|5590|23175|66000,CHRNA7|EGR2|PRKCZ|LPIN1|TMEM108,-0.98,MyList
Canonical Pathways,11,M193,PID NEPHRIN NEPH1 PATHWAY,,-3.8,29,9.1,30182,31,100,3,3,1.7,5291|5590|5599,PIK3CB|PRKCZ|MAPK8,-0.98,MyList
WikiPathways,27,WP4666,Hepatitis B infection,,-3.8,10,6.4,30182,151,100,5,5,2.2,1959|3661|5291|5599|9586,EGR2|IRF3|PIK3CB|MAPK8|CREB5,-0.98,MyList
GO Biological Processes,19,GO:0071375,cellular response to peptide hormone stimulus,19_GO:0050896 response to stimulus,-3.8,7.5,5.8,30182,243,100,6,6,2.4,1395|3164|3297|5590|8412|23175,CRHR2|NR4A1|HSF1|PRKCZ|BCAR3|LPIN1,-0.98,MyList
Canonical Pathways,11,M115,PID REG GR PATHWAY,,-3.8,15,7.2,30182,82,100,4,4,2,3164|3659|5449|5599,NR4A1|IRF1|POU1F1|MAPK8,-0.98,MyList
Canonical Pathways,11,M290,PID IL12 STAT4 PATHWAY,,-3.8,28,8.9,30182,32,100,3,3,1.7,2119|3659|5599,ETV5|IRF1|MAPK8,-0.98,MyList
WikiPathways,27,WP706,Sudden infant death syndrome (SIDS) susceptibility pathways,,-3.7,9.4,6.2,30182,160,100,5,5,2.2,1139|4133|4800|6929|10664,CHRNA7|MAP2|NFYA|TCF3|CTCF,-0.91,MyList
KEGG Pathway,24,hsa05161,Hepatitis B,,-3.7,9.3,6.1,30182,162,100,5,5,2.2,1959|3661|5291|5599|9586,EGR2|IRF3|PIK3CB|MAPK8|CREB5,-0.9,MyList
GO Biological Processes,19,GO:0001892,embryonic placenta development,19_GO:0032502 developmental process,-3.7,14,6.9,30182,88,100,4,4,2,3726|7942|8320|144455,JUNB|TFEB|EOMES|E2F7,-0.9,MyList
Reactome Gene Sets,6,R-HSA-109582,Hemostasis,,-3.6,4.4,4.9,30182,621,100,9,9,2.9,490|2770|3659|4097|5291|5590|7102|10846|55619,ATP2B1|GNAI1|IRF1|MAFG|PIK3CB|PRKCZ|TSPAN7|PDE10A|DOCK10,-0.89,MyList
GO Biological Processes,19,GO:0032870,cellular response to hormone stimulus,19_GO:0050896 response to stimulus,-3.6,4.8,5,30182,501,100,8,8,2.7,490|1395|3164|3297|5590|7337|8412|23175,ATP2B1|CRHR2|NR4A1|HSF1|PRKCZ|UBE3A|BCAR3|LPIN1,-0.83,MyList
Canonical Pathways,11,M241,PID RAC1 REG PATHWAY,,-3.6,24,8.1,30182,38,100,3,3,1.7,2059|5923|8997,EPS8|RASGRF1|KALRN,-0.83,MyList
GO Biological Processes,19,GO:0009725,response to hormone,19_GO:0050896 response to stimulus,-3.6,3.8,4.7,30182,784,100,10,10,3,490|1395|1959|2770|3164|3297|5590|7337|8412|23175,ATP2B1|CRHR2|EGR2|GNAI1|NR4A1|HSF1|PRKCZ|UBE3A|BCAR3|LPIN1,-0.83,MyList
GO Biological Processes,19,GO:0000902,cell morphogenesis,19_GO:0032502 developmental process,-3.5,4.2,4.8,30182,643,100,9,9,2.9,1007|1139|1959|4133|5357|5590|8997|55619|66000,CDH9|CHRNA7|EGR2|MAP2|PLS1|PRKCZ|KALRN|DOCK10|TMEM108,-0.83,MyList
GO Biological Processes,19,GO:0045740,positive regulation of DNA replication,19_GO:0048518 positive regulation of biological process,-3.5,23,8,30182,39,100,3,3,1.7,8412|23175|144455,BCAR3|LPIN1|E2F7,-0.83,MyList
Reactome Gene Sets,6,R-HSA-9031628,NGF-stimulated transcription,,-3.5,23,8,30182,39,100,3,3,1.7,1959|3726|6457,EGR2|JUNB|SH3GL3,-0.83,MyList
GO Biological Processes,19,GO:0043009,chordate embryonic development,19_GO:0032502 developmental process,-3.5,4.2,4.7,30182,648,100,9,9,2.9,3726|4097|4613|6899|7291|7942|8320|64168|144455,JUNB|MAFG|MYCN|TBX1|TWIST1|TFEB|EOMES|NECAB1|E2F7,-0.83,MyList
Reactome Gene Sets,6,R-HSA-193704,p75 NTR receptor-mediated signalling,,-3.5,12,6.5,30182,97,100,4,4,2,5599|8997|23365|55160,MAPK8|KALRN|ARHGEF12|ARHGEF10L,-0.83,MyList
GO Biological Processes,19,GO:0048511,rhythmic process,19_GO:0048511 rhythmic process,-3.5,6.6,5.4,30182,275,100,6,6,2.4,2620|4800|5599|6335|7291|7337,GAS2|NFYA|MAPK8|SCN9A|TWIST1|UBE3A,-0.83,MyList
GO Biological Processes,19,GO:0001701,in utero embryonic development,19_GO:0032502 developmental process,-3.5,5.4,5,30182,392,100,7,7,2.6,3726|4097|7291|7942|8320|64168|144455,JUNB|MAFG|TWIST1|TFEB|EOMES|NECAB1|E2F7,-0.82,MyList
KEGG Pathway,24,hsa04360,Axon guidance,,-3.4,8.3,5.7,30182,182,100,5,5,2.2,2770|5291|5590|23365|137970,GNAI1|PIK3CB|PRKCZ|ARHGEF12|UNC5D,-0.8,MyList
Reactome Gene Sets,6,R-HSA-9006934,Signaling by Receptor Tyrosine Kinases,,-3.4,4.6,4.8,30182,524,100,8,8,2.7,1959|2566|3084|3726|4613|5291|5590|6457,EGR2|GABRG2|NRG1|JUNB|MYCN|PIK3CB|PRKCZ|SH3GL3,-0.8,MyList
WikiPathways,27,WP4148,Splicing factor NOVA regulated synaptic proteins,,-3.4,22,7.7,30182,42,100,3,3,1.7,490|2566|5590,ATP2B1|GABRG2|PRKCZ,-0.8,MyList
GO Biological Processes,19,GO:0071396,cellular response to lipid,19_GO:0050896 response to stimulus,-3.4,4.6,4.8,30182,527,100,8,8,2.7,490|2770|3297|3661|5599|6899|7337|10318,ATP2B1|GNAI1|HSF1|IRF3|MAPK8|TBX1|UBE3A|TNIP1,-0.8,MyList
GO Biological Processes,19,GO:0009792,embryo development ending in birth or egg hatching,19_GO:0032502 developmental process,-3.4,4.1,4.6,30182,670,100,9,9,2.9,3726|4097|4613|6899|7291|7942|8320|64168|144455,JUNB|MAFG|MYCN|TBX1|TWIST1|TFEB|EOMES|NECAB1|E2F7,-0.79,MyList
Canonical Pathways,11,M164,PID ERBB1 DOWNSTREAM PATHWAY,,-3.4,11,6.2,30182,105,100,4,4,2,2059|5291|5590|5599,EPS8|PIK3CB|PRKCZ|MAPK8,-0.78,MyList
Canonical Pathways,11,M175,PID ERBB2 ERBB3 PATHWAY,,-3.4,21,7.5,30182,44,100,3,3,1.7,3084|5291|5599,NRG1|PIK3CB|MAPK8,-0.78,MyList
GO Biological Processes,19,GO:0106027,neuron projection organization,19_GO:0009987 cellular process,-3.4,21,7.5,30182,44,100,3,3,1.7,1139|5357|55619,CHRNA7|PLS1|DOCK10,-0.78,MyList
GO Biological Processes,19,GO:0007268,chemical synaptic transmission,19_GO:0023052 signaling,-3.4,5.1,4.9,30182,411,100,7,7,2.6,1139|1488|2566|2742|2917|3164|9873,CHRNA7|CTBP2|GABRG2|GLRA2|GRM7|NR4A1|FCHSD2,-0.78,MyList
GO Biological Processes,19,GO:0098916,anterograde trans-synaptic signaling,19_GO:0023052 signaling,-3.4,5.1,4.9,30182,411,100,7,7,2.6,1139|1488|2566|2742|2917|3164|9873,CHRNA7|CTBP2|GABRG2|GLRA2|GRM7|NR4A1|FCHSD2,-0.78,MyList
GO Biological Processes,19,GO:0048483,autonomic nervous system development,19_GO:0032502 developmental process,-3.3,20,7.4,30182,45,100,3,3,1.7,1959|3642|6899,EGR2|INSM1|TBX1,-0.78,MyList
GO Biological Processes,19,GO:0098815,modulation of excitatory postsynaptic potential,19_GO:0023052 signaling,-3.3,20,7.4,30182,45,100,3,3,1.7,1139|5590|66000,CHRNA7|PRKCZ|TMEM108,-0.78,MyList
KEGG Pathway,24,hsa04931,Insulin resistance,,-3.3,11,6.1,30182,108,100,4,4,2,5291|5590|5599|9586,PIK3CB|PRKCZ|MAPK8|CREB5,-0.77,MyList
KEGG Pathway,24,hsa04930,Type II diabetes mellitus,,-3.3,20,7.3,30182,46,100,3,3,1.7,5291|5590|5599,PIK3CB|PRKCZ|MAPK8,-0.77,MyList
GO Biological Processes,19,GO:0008283,cell population proliferation,19_GO:0009987 cellular process,-3.3,3.9,4.5,30182,699,100,9,9,2.9,444|3642|3726|4613|5291|5613|5923|6899|7291,ASPH|INSM1|JUNB|MYCN|PIK3CB|PRKX|RASGRF1|TBX1|TWIST1,-0.73,MyList
KEGG Pathway,24,hsa04725,Cholinergic synapse,,-3.3,11,5.9,30182,113,100,4,4,2,1139|2770|5291|9586,CHRNA7|GNAI1|PIK3CB|CREB5,-0.72,MyList
GO Biological Processes,19,GO:0007517,muscle organ development,19_GO:0032502 developmental process,-3.2,5.9,5,30182,307,100,6,6,2.4,1959|3084|3164|6899|7291|8320,EGR2|NRG1|NR4A1|TBX1|TWIST1|EOMES,-0.72,MyList
GO Biological Processes,19,GO:0099537,trans-synaptic signaling,19_GO:0023052 signaling,-3.2,4.9,4.7,30182,428,100,7,7,2.6,1139|1488|2566|2742|2917|3164|9873,CHRNA7|CTBP2|GABRG2|GLRA2|GRM7|NR4A1|FCHSD2,-0.72,MyList
Reactome Gene Sets,6,R-HSA-187037,Signaling by NTRK1 (TRKA),,-3.2,10,5.9,30182,115,100,4,4,2,1959|3726|5291|6457,EGR2|JUNB|PIK3CB|SH3GL3,-0.72,MyList
GO Biological Processes,19,GO:1901653,cellular response to peptide,19_GO:0050896 response to stimulus,-3.2,5.8,4.9,30182,310,100,6,6,2.4,1395|3164|3297|5590|8412|23175,CRHR2|NR4A1|HSF1|PRKCZ|BCAR3|LPIN1,-0.72,MyList
KEGG Pathway,24,hsa05203,Viral carcinogenesis,,-3.2,7.4,5.3,30182,204,100,5,5,2.2,1959|3661|5291|7337|9586,EGR2|IRF3|PIK3CB|UBE3A|CREB5,-0.72,MyList
GO Biological Processes,19,GO:0035914,skeletal muscle cell differentiation,19_GO:0032502 developmental process,-3.2,18,6.9,30182,51,100,3,3,1.7,1959|3164|8320,EGR2|NR4A1|EOMES,-0.7,MyList
GO Biological Processes,19,GO:0050808,synapse organization,19_GO:0009987 cellular process,-3.2,5.7,4.9,30182,317,100,6,6,2.4,1007|1139|1488|2566|55619|66000,CDH9|CHRNA7|CTBP2|GABRG2|DOCK10|TMEM108,-0.7,MyList
GO Biological Processes,19,GO:0048167,regulation of synaptic plasticity,19_GO:0023052 signaling,-3.2,7.2,5.2,30182,209,100,5,5,2.2,1139|1395|1959|5590|5923,CHRNA7|CRHR2|EGR2|PRKCZ|RASGRF1,-0.7,MyList
GO Biological Processes,19,GO:0045444,fat cell differentiation,19_GO:0032502 developmental process,-3.2,10,5.8,30182,119,100,4,4,2,1488|1959|3164|122953,CTBP2|EGR2|NR4A1|JDP2,-0.7,MyList
KEGG Pathway,24,hsa04071,Sphingolipid signaling pathway,,-3.2,10,5.8,30182,119,100,4,4,2,2770|5291|5590|5599,GNAI1|PIK3CB|PRKCZ|MAPK8,-0.7,MyList
GO Biological Processes,19,GO:0006305,DNA alkylation,19_GO:0008152 metabolic process,-3.2,17,6.8,30182,52,100,3,3,1.7,8320|10664|54815,EOMES|CTCF|GATAD2A,-0.7,MyList
GO Biological Processes,19,GO:0006306,DNA methylation,19_GO:0008152 metabolic process,-3.2,17,6.8,30182,52,100,3,3,1.7,8320|10664|54815,EOMES|CTCF|GATAD2A,-0.7,MyList
GO Biological Processes,19,GO:0035051,cardiocyte differentiation,19_GO:0032502 developmental process,-3.2,10,5.7,30182,120,100,4,4,2,3084|7291|8320|8470,NRG1|TWIST1|EOMES|SORBS2,-0.7,MyList
KEGG Pathway,24,hsa05170,Human immunodeficiency virus 1 infection,,-3.1,7.1,5.2,30182,212,100,5,5,2.2,2770|3661|5291|5599|8905,GNAI1|IRF3|PIK3CB|MAPK8|AP1S2,-0.69,MyList
Canonical Pathways,11,M113,PID NFAT 3PATHWAY,,-3.1,17,6.8,30182,53,100,3,3,1.7,3164|5590|5599,NR4A1|PRKCZ|MAPK8,-0.69,MyList
GO Biological Processes,19,GO:0071417,cellular response to organonitrogen compound,19_GO:0050896 response to stimulus,-3.1,4.1,4.4,30182,586,100,8,8,2.7,1395|2566|2742|3164|3297|5590|8412|23175,CRHR2|GABRG2|GLRA2|NR4A1|HSF1|PRKCZ|BCAR3|LPIN1,-0.69,MyList
GO Biological Processes,19,GO:0099536,synaptic signaling,19_GO:0023052 signaling,-3.1,4.6,4.5,30182,457,100,7,7,2.6,1139|1488|2566|2742|2917|3164|9873,CHRNA7|CTBP2|GABRG2|GLRA2|GRM7|NR4A1|FCHSD2,-0.65,MyList
GO Biological Processes,19,GO:0048812,neuron projection morphogenesis,19_GO:0032502 developmental process,-3.1,4.6,4.5,30182,457,100,7,7,2.6,1139|1959|4133|5590|8997|55619|66000,CHRNA7|EGR2|MAP2|PRKCZ|KALRN|DOCK10|TMEM108,-0.65,MyList
KEGG Pathway,24,hsa05165,Human papillomavirus infection,,-3.1,5.5,4.7,30182,331,100,6,6,2.4,3659|3661|5291|5590|7337|9586,IRF1|IRF3|PIK3CB|PRKCZ|UBE3A|CREB5,-0.65,MyList
GO Biological Processes,19,GO:0120039,plasma membrane bounded cell projection morphogenesis,19_GO:0032502 developmental process,-3.1,4.6,4.5,30182,462,100,7,7,2.6,1139|1959|4133|5590|8997|55619|66000,CHRNA7|EGR2|MAP2|PRKCZ|KALRN|DOCK10|TMEM108,-0.64,MyList
WikiPathways,27,WP5265,Neurogenesis regulation in the olfactory epithelium,,-3,16,6.5,30182,57,100,3,3,1.7,3084|4133|6929,NRG1|MAP2|TCF3,-0.64,MyList
GO Biological Processes,19,GO:0051017,actin filament bundle assembly,19_GO:0009987 cellular process,-3,16,6.5,30182,57,100,3,3,1.7,2059|5357|56776,EPS8|PLS1|FMN2,-0.64,MyList
GO Biological Processes,19,GO:0016575,histone deacetylation,19_GO:0008152 metabolic process,-3,16,6.5,30182,57,100,3,3,1.7,8320|54815|56916,EOMES|GATAD2A|SMARCAD1,-0.64,MyList
KEGG Pathway,24,hsa05163,Human cytomegalovirus infection,,-3,6.7,5,30182,225,100,5,5,2.2,2770|3661|5291|9586|23365,GNAI1|IRF3|PIK3CB|CREB5|ARHGEF12,-0.64,MyList
GO Biological Processes,19,GO:0050679,positive regulation of epithelial cell proliferation,19_GO:0048518 positive regulation of biological process,-3,6.7,5,30182,225,100,5,5,2.2,3164|4613|6239|6899|7291,NR4A1|MYCN|RREB1|TBX1|TWIST1,-0.64,MyList
GO Biological Processes,19,GO:0048858,cell projection morphogenesis,19_GO:0032502 developmental process,-3,4.5,4.4,30182,467,100,7,7,2.6,1139|1959|4133|5590|8997|55619|66000,CHRNA7|EGR2|MAP2|PRKCZ|KALRN|DOCK10|TMEM108,-0.64,MyList
Canonical Pathways,11,M166,PID ATF2 PATHWAY,,-3,15,6.4,30182,59,100,3,3,1.7,3726|5599|122953,JUNB|MAPK8|JDP2,-0.61,MyList
Reactome Gene Sets,6,R-HSA-166520,Signaling by NTRKs,,-3,9,5.4,30182,134,100,4,4,2,1959|3726|5291|6457,EGR2|JUNB|PIK3CB|SH3GL3,-0.6,MyList
Reactome Gene Sets,6,R-HSA-198725,Nuclear Events (kinase and transcription factor activation),,-3,15,6.2,30182,61,100,3,3,1.7,1959|3726|6457,EGR2|JUNB|SH3GL3,-0.59,MyList
GO Biological Processes,19,GO:0061572,actin filament bundle organization,19_GO:0009987 cellular process,-3,15,6.2,30182,61,100,3,3,1.7,2059|5357|56776,EPS8|PLS1|FMN2,-0.59,MyList
KEGG Pathway,24,hsa05135,Yersinia infection,,-2.9,8.8,5.3,30182,137,100,4,4,2,3661|5291|5599|23365,IRF3|PIK3CB|MAPK8|ARHGEF12,-0.58,MyList
GO Biological Processes,19,GO:0048813,dendrite morphogenesis,19_GO:0032502 developmental process,-2.9,15,6.2,30182,62,100,3,3,1.7,1139|4133|55619,CHRNA7|MAP2|DOCK10,-0.57,MyList
GO Biological Processes,19,GO:0032990,cell part morphogenesis,19_GO:0032502 developmental process,-2.9,4.3,4.3,30182,487,100,7,7,2.6,1139|1959|4133|5590|8997|55619|66000,CHRNA7|EGR2|MAP2|PRKCZ|KALRN|DOCK10|TMEM108,-0.56,MyList
GO Biological Processes,19,GO:0006476,protein deacetylation,19_GO:0008152 metabolic process,-2.9,14,6.1,30182,63,100,3,3,1.7,8320|54815|56916,EOMES|GATAD2A|SMARCAD1,-0.56,MyList
Reactome Gene Sets,6,R-HSA-388396,GPCR downstream signalling,,-2.9,3.8,4.1,30182,635,100,8,8,2.7,1395|2770|2917|5613|8997|10846|23365|55160,CRHR2|GNAI1|GRM7|PRKX|KALRN|PDE10A|ARHGEF12|ARHGEF10L,-0.55,MyList
Canonical Pathways,11,M272,PID CD8 TCR DOWNSTREAM PATHWAY,,-2.9,14,6,30182,65,100,3,3,1.7,3726|5599|8320,JUNB|MAPK8|EOMES,-0.54,MyList
GO Biological Processes,19,GO:0031333,negative regulation of protein-containing complex assembly,19_GO:0048519 negative regulation of biological process,-2.9,8.4,5.1,30182,143,100,4,4,2,2059|3297|4133|5590,EPS8|HSF1|MAP2|PRKCZ,-0.54,MyList
WikiPathways,27,WP2853,Endoderm differentiation,,-2.9,8.4,5.1,30182,144,100,4,4,2,1488|8320|23007|140597,CTBP2|EOMES|PLCH1|TCEAL2,-0.53,MyList
KEGG Pathway,24,hsa05131,Shigellosis,,-2.9,6.1,4.6,30182,247,100,5,5,2.2,3661|5291|5599|10318|83660,IRF3|PIK3CB|MAPK8|TNIP1|TLN2,-0.52,MyList
GO Biological Processes,19,GO:0044089,positive regulation of cellular component biogenesis,19_GO:0048518 positive regulation of biological process,-2.8,4.2,4.2,30182,503,100,7,7,2.6,2059|3084|3297|5599|9873|55160|171024,EPS8|NRG1|HSF1|MAPK8|FCHSD2|ARHGEF10L|SYNPO2,-0.52,MyList
GO Biological Processes,19,GO:0051098,regulation of binding,19_GO:0065007 biological regulation,-2.8,4.9,4.4,30182,369,100,6,6,2.4,1488|3297|4133|5334|5599|7291,CTBP2|HSF1|MAP2|PLCL1|MAPK8|TWIST1,-0.52,MyList
GO Biological Processes,19,GO:0007264,small GTPase mediated signal transduction,19_GO:0023052 signaling,-2.8,6.1,4.6,30182,249,100,5,5,2.2,2059|5923|8412|23365|55619,EPS8|RASGRF1|BCAR3|ARHGEF12|DOCK10,-0.52,MyList
GO Biological Processes,19,GO:0061061,muscle structure development,19_GO:0032502 developmental process,-2.8,4.2,4.2,30182,504,100,7,7,2.6,1959|3084|3164|6899|7291|8320|8470,EGR2|NRG1|NR4A1|TBX1|TWIST1|EOMES|SORBS2,-0.52,MyList
Reactome Gene Sets,6,R-HSA-8980692,RHOA GTPase cycle,,-2.8,8.2,5.1,30182,147,100,4,4,2,8997|9754|23365|55160,KALRN|STARD8|ARHGEF12|ARHGEF10L,-0.52,MyList
GO Biological Processes,19,GO:0001568,blood vessel development,19_GO:0032502 developmental process,-2.8,4.2,4.2,30182,506,100,7,7,2.6,1959|3164|3726|5291|5613|6899|144455,EGR2|NR4A1|JUNB|PIK3CB|PRKX|TBX1|E2F7,-0.52,MyList
GO Biological Processes,19,GO:0097305,response to alcohol,19_GO:0050896 response to stimulus,-2.8,6,4.6,30182,251,100,5,5,2.2,490|2059|2742|2770|6480,ATP2B1|EPS8|GLRA2|GNAI1|ST6GAL1,-0.52,MyList
GO Biological Processes,19,GO:1902903,regulation of supramolecular fiber organization,19_GO:0050789 regulation of biological process,-2.8,4.8,4.3,30182,376,100,6,6,2.4,1139|2059|4133|9873|55160|171024,CHRNA7|EPS8|MAP2|FCHSD2|ARHGEF10L|SYNPO2,-0.5,MyList
GO Biological Processes,19,GO:0034330,cell junction organization,19_GO:0009987 cellular process,-2.8,4.1,4.1,30182,513,100,7,7,2.6,1007|1139|1488|2566|55619|66000|83660,CDH9|CHRNA7|CTBP2|GABRG2|DOCK10|TMEM108|TLN2,-0.5,MyList
GO Biological Processes,19,GO:0001890,placenta development,19_GO:0032502 developmental process,-2.8,8,5,30182,151,100,4,4,2,3726|7942|8320|144455,JUNB|TFEB|EOMES|E2F7,-0.5,MyList
KEGG Pathway,24,hsa04917,Prolactin signaling pathway,,-2.8,13,5.8,30182,70,100,3,3,1.7,3659|5291|5599,IRF1|PIK3CB|MAPK8,-0.5,MyList
Reactome Gene Sets,6,R-HSA-9013026,RHOB GTPase cycle,,-2.8,13,5.8,30182,70,100,3,3,1.7,9754|23365|55160,STARD8|ARHGEF12|ARHGEF10L,-0.5,MyList
WikiPathways,27,WP3998,Prader-Willi and Angelman syndrome,,-2.8,13,5.8,30182,70,100,3,3,1.7,2566|5590|7337,GABRG2|PRKCZ|UBE3A,-0.5,MyList
GO Biological Processes,19,GO:0044728,DNA methylation or demethylation,19_GO:0008152 metabolic process,-2.8,13,5.7,30182,71,100,3,3,1.7,8320|10664|54815,EOMES|CTCF|GATAD2A,-0.49,MyList
WikiPathways,27,WP2857,Mesodermal commitment pathway,,-2.8,7.8,4.9,30182,154,100,4,4,2,1488|6899|8320|23007,CTBP2|TBX1|EOMES|PLCH1,-0.49,MyList
Reactome Gene Sets,6,R-HSA-73887,Death Receptor Signaling,,-2.8,7.8,4.9,30182,154,100,4,4,2,5599|8997|23365|55160,MAPK8|KALRN|ARHGEF12|ARHGEF10L,-0.49,MyList
GO Biological Processes,19,GO:0035239,tube morphogenesis,19_GO:0032502 developmental process,-2.8,3.6,3.9,30182,670,100,8,8,2.7,3164|3726|4613|5291|5613|6899|7291|144455,NR4A1|JUNB|MYCN|PIK3CB|PRKX|TBX1|TWIST1|E2F7,-0.49,MyList
KEGG Pathway,24,hsa04934,Cushing syndrome,,-2.7,7.8,4.9,30182,155,100,4,4,2,1395|2770|3164|9586,CRHR2|GNAI1|NR4A1|CREB5,-0.49,MyList
GO Biological Processes,19,GO:0001944,vasculature development,19_GO:0032502 developmental process,-2.7,4,4,30182,526,100,7,7,2.6,1959|3164|3726|5291|5613|6899|144455,EGR2|NR4A1|JUNB|PIK3CB|PRKX|TBX1|E2F7,-0.47,MyList
GO Biological Processes,19,GO:0035601,protein deacylation,19_GO:0008152 metabolic process,-2.7,12,5.6,30182,74,100,3,3,1.7,8320|54815|56916,EOMES|GATAD2A|SMARCAD1,-0.46,MyList
GO Biological Processes,19,GO:0098609,cell-cell adhesion,19_GO:0009987 cellular process,-2.7,4,4,30182,531,100,7,7,2.6,1007|4685|5291|10318|29091|83660|137970,CDH9|NCAM2|PIK3CB|TNIP1|STXBP6|TLN2|UNC5D,-0.46,MyList
GO Biological Processes,19,GO:0030522,intracellular receptor signaling pathway,19_GO:0023052 signaling,-2.7,7.5,4.8,30182,160,100,4,4,2,3164|3661|6899|7337,NR4A1|IRF3|TBX1|UBE3A,-0.45,MyList
WikiPathways,27,WP2037,Prolactin signaling pathway,,-2.7,12,5.5,30182,76,100,3,3,1.7,3659|5291|5599,IRF1|PIK3CB|MAPK8,-0.44,MyList
GO Biological Processes,19,GO:0051052,regulation of DNA metabolic process,19_GO:0008152 metabolic process,-2.7,3.9,3.9,30182,541,100,7,7,2.6,3297|7291|8412|23175|56776|56916|144455,HSF1|TWIST1|BCAR3|LPIN1|FMN2|SMARCAD1|E2F7,-0.42,MyList
KEGG Pathway,24,hsa05020,Prion disease,,-2.7,5.5,4.3,30182,273,100,5,5,2.2,1340|4685|5291|5599|9586,COX6B1|NCAM2|PIK3CB|MAPK8|CREB5,-0.42,MyList
GO Biological Processes,19,GO:0098660,inorganic ion transmembrane transport,19_GO:0051179 localization,-2.7,3.5,3.8,30182,695,100,8,8,2.7,22|490|1139|1340|2566|2742|6335|23007,ABCB7|ATP2B1|CHRNA7|COX6B1|GABRG2|GLRA2|SCN9A|PLCH1,-0.42,MyList
GO Biological Processes,19,GO:0098732,macromolecule deacylation,19_GO:0008152 metabolic process,-2.6,12,5.4,30182,78,100,3,3,1.7,8320|54815|56916,EOMES|GATAD2A|SMARCAD1,-0.42,MyList
GO Biological Processes,19,GO:0030003,cellular monoatomic cation homeostasis,19_GO:0042592 homeostatic process,-2.6,4.5,4.1,30182,403,100,6,6,2.4,22|490|1139|4097|5291|7337,ABCB7|ATP2B1|CHRNA7|MAFG|PIK3CB|UBE3A,-0.42,MyList
GO Biological Processes,19,GO:0007611,learning or memory,19_GO:0032501 multicellular organismal process,-2.6,5.5,4.3,30182,276,100,5,5,2.2,1139|1959|5590|5923|7337,CHRNA7|EGR2|PRKCZ|RASGRF1|UBE3A,-0.42,MyList
WikiPathways,27,WP3929,Chemokine signaling pathway,,-2.6,7.3,4.7,30182,166,100,4,4,2,2770|5291|5590|5613,GNAI1|PIK3CB|PRKCZ|PRKX,-0.42,MyList
GO Biological Processes,19,GO:0050673,epithelial cell proliferation,19_GO:0009987 cellular process,-2.6,7.2,4.7,30182,167,100,4,4,2,4613|5291|5613|5923,MYCN|PIK3CB|PRKX|RASGRF1,-0.41,MyList
Reactome Gene Sets,6,R-HSA-416482,G alpha (12/13) signalling events,,-2.6,11,5.3,30182,80,100,3,3,1.7,8997|23365|55160,KALRN|ARHGEF12|ARHGEF10L,-0.41,MyList
Reactome Gene Sets,6,R-HSA-438064,Post NMDA receptor activation events,,-2.6,11,5.3,30182,80,100,3,3,1.7,3084|5613|5923,NRG1|PRKX|RASGRF1,-0.41,MyList
GO Biological Processes,19,GO:0014032,neural crest cell development,19_GO:0032502 developmental process,-2.6,11,5.3,30182,80,100,3,3,1.7,3084|6899|7291,NRG1|TBX1|TWIST1,-0.41,MyList
Reactome Gene Sets,6,R-HSA-372790,Signaling by GPCR,,-2.6,3.4,3.7,30182,710,100,8,8,2.7,1395|2770|2917|5613|8997|10846|23365|55160,CRHR2|GNAI1|GRM7|PRKX|KALRN|PDE10A|ARHGEF12|ARHGEF10L,-0.39,MyList
GO Biological Processes,19,GO:0006873,cellular monoatomic ion homeostasis,19_GO:0042592 homeostatic process,-2.6,4.4,4,30182,412,100,6,6,2.4,22|490|1139|4097|5291|7337,ABCB7|ATP2B1|CHRNA7|MAFG|PIK3CB|UBE3A,-0.39,MyList
GO Biological Processes,19,GO:0048762,mesenchymal cell differentiation,19_GO:0032502 developmental process,-2.6,7.1,4.6,30182,171,100,4,4,2,3084|6899|7291|8320,NRG1|TBX1|TWIST1|EOMES,-0.39,MyList
GO Biological Processes,19,GO:0048732,gland development,19_GO:0032502 developmental process,-2.6,4.3,4,30182,418,100,6,6,2.4,3084|3642|5449|6899|7337|144455,NRG1|INSM1|POU1F1|TBX1|UBE3A|E2F7,-0.37,MyList
GO Biological Processes,19,GO:0048667,cell morphogenesis involved in neuron differentiation,19_GO:0032502 developmental process,-2.6,4.3,4,30182,418,100,6,6,2.4,1139|1959|4133|5357|8997|55619,CHRNA7|EGR2|MAP2|PLS1|KALRN|DOCK10,-0.37,MyList
GO Biological Processes,19,GO:0051099,positive regulation of binding,19_GO:0065007 biological regulation,-2.5,6.9,4.5,30182,176,100,4,4,2,1488|3297|5334|7291,CTBP2|HSF1|PLCL1|TWIST1,-0.36,MyList
GO Biological Processes,19,GO:0048514,blood vessel morphogenesis,19_GO:0032502 developmental process,-2.5,4.3,3.9,30182,422,100,6,6,2.4,3164|3726|5291|5613|6899|144455,NR4A1|JUNB|PIK3CB|PRKX|TBX1|E2F7,-0.36,MyList
KEGG Pathway,24,hsa04012,ErbB signaling pathway,,-2.5,11,5.1,30182,85,100,3,3,1.7,3084|5291|5599,NRG1|PIK3CB|MAPK8,-0.36,MyList
GO Biological Processes,19,GO:0051345,positive regulation of hydrolase activity,19_GO:0065007 biological regulation,-2.5,3.7,3.8,30182,569,100,7,7,2.6,444|3297|5590|5599|5923|8412|55619,ASPH|HSF1|PRKCZ|MAPK8|RASGRF1|BCAR3|DOCK10,-0.36,MyList
GO Biological Processes,19,GO:0006897,endocytosis,19_GO:0051179 localization,-2.5,4.3,3.9,30182,425,100,6,6,2.4,5291|6457|7337|9873|66000|374868,PIK3CB|SH3GL3|UBE3A|FCHSD2|TMEM108|ATP9B,-0.35,MyList
GO Biological Processes,19,GO:0048864,stem cell development,19_GO:0032502 developmental process,-2.5,11,5.1,30182,86,100,3,3,1.7,3084|6899|7291,NRG1|TBX1|TWIST1,-0.35,MyList
GO Biological Processes,19,GO:0018105,peptidyl-serine phosphorylation,19_GO:0008152 metabolic process,-2.5,6.7,4.4,30182,181,100,4,4,2,5590|5599|5613|23139,PRKCZ|MAPK8|PRKX|MAST2,-0.33,MyList
Reactome Gene Sets,6,R-HSA-9675108,Nervous system development,,-2.5,3.7,3.7,30182,578,100,7,7,2.6,1959|5291|5599|6335|8997|23365|137970,EGR2|PIK3CB|MAPK8|SCN9A|KALRN|ARHGEF12|UNC5D,-0.33,MyList
GO Biological Processes,19,GO:0060079,excitatory postsynaptic potential,19_GO:0023052 signaling,-2.5,10,5,30182,88,100,3,3,1.7,1139|2566|2742,CHRNA7|GABRG2|GLRA2,-0.33,MyList
Reactome Gene Sets,6,R-HSA-5663202,Diseases of signal transduction by growth factor receptors and second messengers,,-2.5,4.2,3.8,30182,433,100,6,6,2.4,1488|3084|3164|3726|5291|22906,CTBP2|NRG1|NR4A1|JUNB|PIK3CB|TRAK1,-0.33,MyList
GO Biological Processes,19,GO:0042391,regulation of membrane potential,19_GO:0065007 biological regulation,-2.5,4.2,3.8,30182,433,100,6,6,2.4,1139|2566|2742|5590|6335|66000,CHRNA7|GABRG2|GLRA2|PRKCZ|SCN9A|TMEM108,-0.33,MyList
KEGG Pathway,24,hsa04727,GABAergic synapse,,-2.5,10,5,30182,89,100,3,3,1.7,2566|2770|5334,GABRG2|GNAI1|PLCL1,-0.33,MyList
GO Biological Processes,19,GO:0048863,stem cell differentiation,19_GO:0032502 developmental process,-2.5,6.6,4.4,30182,184,100,4,4,2,3084|6899|7291|8320,NRG1|TBX1|TWIST1|EOMES,-0.33,MyList
GO Biological Processes,19,GO:0046578,regulation of Ras protein signal transduction,19_GO:0023052 signaling,-2.5,6.6,4.4,30182,184,100,4,4,2,2059|5291|5923|9754,EPS8|PIK3CB|RASGRF1|STARD8,-0.33,MyList
GO Biological Processes,19,GO:0051054,positive regulation of DNA metabolic process,19_GO:0048518 positive regulation of biological process,-2.5,5,4,30182,303,100,5,5,2.2,3297|8412|23175|56776|144455,HSF1|BCAR3|LPIN1|FMN2|E2F7,-0.32,MyList
KEGG Pathway,24,hsa05032,Morphine addiction,,-2.5,10,4.9,30182,91,100,3,3,1.7,2566|2770|10846,GABRG2|GNAI1|PDE10A,-0.32,MyList
GO Biological Processes,19,GO:0060021,roof of mouth development,19_GO:0032502 developmental process,-2.5,10,4.9,30182,91,100,3,3,1.7,444|6899|7291,ASPH|TBX1|TWIST1,-0.32,MyList
GO Biological Processes,19,GO:0032989,cellular component morphogenesis,19_GO:0032502 developmental process,-2.5,3.6,3.7,30182,590,100,7,7,2.6,1139|1959|4133|5590|8997|55619|66000,CHRNA7|EGR2|MAP2|PRKCZ|KALRN|DOCK10|TMEM108,-0.31,MyList
WikiPathways,27,WP2877,Vitamin D receptor pathway,,-2.5,6.5,4.3,30182,187,100,4,4,2,412|490|3726|22906,STS|ATP2B1|JUNB|TRAK1,-0.31,MyList
GO Biological Processes,19,GO:0044057,regulation of system process,19_GO:0032501 multicellular organismal process,-2.4,3.6,3.6,30182,591,100,7,7,2.6,490|1139|1959|3164|5590|23175|66000,ATP2B1|CHRNA7|EGR2|NR4A1|PRKCZ|LPIN1|TMEM108,-0.31,MyList
WikiPathways,27,WP673,ErbB signaling pathway,,-2.4,9.8,4.9,30182,92,100,3,3,1.7,3084|5291|5599,NRG1|PIK3CB|MAPK8,-0.31,MyList
Reactome Gene Sets,6,R-HSA-442755,Activation of NMDA receptors and postsynaptic events,,-2.4,9.7,4.9,30182,93,100,3,3,1.7,3084|5613|5923,NRG1|PRKX|RASGRF1,-0.31,MyList
GO Biological Processes,19,GO:0014033,neural crest cell differentiation,19_GO:0032502 developmental process,-2.4,9.7,4.9,30182,93,100,3,3,1.7,3084|6899|7291,NRG1|TBX1|TWIST1,-0.31,MyList
Reactome Gene Sets,6,R-HSA-170834,Signaling by TGF-beta Receptor Complex,,-2.4,9.7,4.9,30182,93,100,3,3,1.7,3726|4052|5590,JUNB|LTBP1|PRKCZ,-0.31,MyList
Reactome Gene Sets,6,R-HSA-9006925,Intracellular signaling by second messengers,,-2.4,4.9,4,30182,309,100,5,5,2.2,3084|3164|5291|5613|54815,NRG1|NR4A1|PIK3CB|PRKX|GATAD2A,-0.31,MyList
GO Biological Processes,19,GO:0099565,"chemical synaptic transmission, postsynaptic",19_GO:0023052 signaling,-2.4,9.6,4.8,30182,94,100,3,3,1.7,1139|2566|2742,CHRNA7|GABRG2|GLRA2,-0.3,MyList
GO Biological Processes,19,GO:0006304,DNA modification,19_GO:0008152 metabolic process,-2.4,9.5,4.8,30182,95,100,3,3,1.7,8320|10664|54815,EOMES|CTCF|GATAD2A,-0.29,MyList
GO Biological Processes,19,GO:0048704,embryonic skeletal system morphogenesis,19_GO:0032502 developmental process,-2.4,9.5,4.8,30182,95,100,3,3,1.7,4613|6899|7291,MYCN|TBX1|TWIST1,-0.29,MyList
KEGG Pathway,24,hsa05202,Transcriptional misregulation in cancer,,-2.4,6.3,4.2,30182,193,100,4,4,2,2119|4613|6929|7102,ETV5|MYCN|TCF3|TSPAN7,-0.29,MyList
GO Biological Processes,19,GO:0050890,cognition,19_GO:0032501 multicellular organismal process,-2.4,4.8,3.9,30182,317,100,5,5,2.2,1139|1959|5590|5923|7337,CHRNA7|EGR2|PRKCZ|RASGRF1|UBE3A,-0.28,MyList
GO Biological Processes,19,GO:0097306,cellular response to alcohol,19_GO:0050896 response to stimulus,-2.4,9.3,4.7,30182,97,100,3,3,1.7,490|2742|2770,ATP2B1|GLRA2|GNAI1,-0.28,MyList
KEGG Pathway,24,hsa05215,Prostate cancer,,-2.4,9.3,4.7,30182,97,100,3,3,1.7,2119|5291|9586,ETV5|PIK3CB|CREB5,-0.28,MyList
GO Biological Processes,19,GO:0001667,ameboidal-type cell migration,19_GO:0009987 cellular process,-2.4,6.1,4.2,30182,197,100,4,4,2,3164|5613|6899|7291,NR4A1|PRKX|TBX1|TWIST1,-0.27,MyList
KEGG Pathway,24,hsa04925,Aldosterone synthesis and secretion,,-2.4,9.2,4.7,30182,98,100,3,3,1.7,490|3164|9586,ATP2B1|NR4A1|CREB5,-0.27,MyList
WikiPathways,27,WP306,Focal adhesion,,-2.4,6.1,4.1,30182,198,100,4,4,2,5291|5599|5923|83660,PIK3CB|MAPK8|RASGRF1|TLN2,-0.27,MyList
GO Biological Processes,19,GO:0034220,monoatomic ion transmembrane transport,19_GO:0051179 localization,-2.4,3.1,3.4,30182,778,100,8,8,2.7,22|490|1139|1340|2566|2742|6335|23007,ABCB7|ATP2B1|CHRNA7|COX6B1|GABRG2|GLRA2|SCN9A|PLCH1,-0.27,MyList
GO Biological Processes,19,GO:0018209,peptidyl-serine modification,19_GO:0008152 metabolic process,-2.4,6.1,4.1,30182,199,100,4,4,2,5590|5599|5613|23139,PRKCZ|MAPK8|PRKX|MAST2,-0.27,MyList
GO Biological Processes,19,GO:0071248,cellular response to metal ion,19_GO:0050896 response to stimulus,-2.4,6.1,4.1,30182,199,100,4,4,2,2742|3297|3726|5599,GLRA2|HSF1|JUNB|MAPK8,-0.27,MyList
Canonical Pathways,11,M124,PID CXCR4 PATHWAY,,-2.3,9.1,4.7,30182,100,100,3,3,1.7,2770|5291|5590,GNAI1|PIK3CB|PRKCZ,-0.26,MyList
KEGG Pathway,24,hsa04933,AGE-RAGE signaling pathway in diabetic complications,,-2.3,9.1,4.7,30182,100,100,3,3,1.7,5291|5590|5599,PIK3CB|PRKCZ|MAPK8,-0.26,MyList
GO Biological Processes,19,GO:0043393,regulation of protein binding,19_GO:0065007 biological regulation,-2.3,6,4.1,30182,201,100,4,4,2,3297|4133|5334|5599,HSF1|MAP2|PLCL1|MAPK8,-0.26,MyList
KEGG Pathway,24,hsa04510,Focal adhesion,,-2.3,6,4.1,30182,201,100,4,4,2,5291|5599|5923|83660,PIK3CB|MAPK8|RASGRF1|TLN2,-0.26,MyList
GO Biological Processes,19,GO:0051090,regulation of DNA-binding transcription factor activity,19_GO:0008152 metabolic process,-2.3,3.9,3.6,30182,465,100,6,6,2.4,3297|5590|5599|6929|7291|8320,HSF1|PRKCZ|MAPK8|TCF3|TWIST1|EOMES,-0.26,MyList
GO Biological Processes,19,GO:0001525,angiogenesis,19_GO:0032502 developmental process,-2.3,4.6,3.8,30182,326,100,5,5,2.2,3164|5291|5613|6899|144455,NR4A1|PIK3CB|PRKX|TBX1|E2F7,-0.26,MyList
KEGG Pathway,24,hsa05415,Diabetic cardiomyopathy,,-2.3,5.9,4.1,30182,203,100,4,4,2,1340|5291|5590|5599,COX6B1|PIK3CB|PRKCZ|MAPK8,-0.26,MyList
KEGG Pathway,24,hsa04914,Progesterone-mediated oocyte maturation,,-2.3,8.9,4.6,30182,102,100,3,3,1.7,2770|5291|5599,GNAI1|PIK3CB|MAPK8,-0.26,MyList
WikiPathways,27,WP399,Wnt signaling pathway and pluripotency,,-2.3,8.9,4.6,30182,102,100,3,3,1.7,1488|4800|5590,CTBP2|NFYA|PRKCZ,-0.26,MyList
GO Biological Processes,19,GO:1990830,cellular response to leukemia inhibitory factor,19_GO:0050896 response to stimulus,-2.3,8.9,4.6,30182,102,100,3,3,1.7,1488|2059|4605,CTBP2|EPS8|MYBL2,-0.26,MyList
KEGG Pathway,24,hsa05142,Chagas disease,,-2.3,8.9,4.6,30182,102,100,3,3,1.7,2770|5291|5599,GNAI1|PIK3CB|MAPK8,-0.26,MyList
GO Biological Processes,19,GO:0032496,response to lipopolysaccharide,19_GO:0044419 biological process involved in interspecies interaction between organisms,-2.3,4.6,3.8,30182,330,100,5,5,2.2,3164|3297|3661|5599|10318,NR4A1|HSF1|IRF3|MAPK8|TNIP1,-0.25,MyList
WikiPathways,27,WP75,Toll-like receptor signaling pathway,,-2.3,8.8,4.6,30182,103,100,3,3,1.7,3661|5291|5599,IRF3|PIK3CB|MAPK8,-0.25,MyList
GO Biological Processes,19,GO:1990823,response to leukemia inhibitory factor,19_GO:0050896 response to stimulus,-2.3,8.8,4.6,30182,103,100,3,3,1.7,1488|2059|4605,CTBP2|EPS8|MYBL2,-0.25,MyList
GO Biological Processes,19,GO:1901654,response to ketone,19_GO:0050896 response to stimulus,-2.3,5.9,4,30182,206,100,4,4,2,490|2770|3297|7337,ATP2B1|GNAI1|HSF1|UBE3A,-0.25,MyList
Reactome Gene Sets,6,R-HSA-2219528,PI3K/AKT Signaling in Cancer,,-2.3,8.7,4.5,30182,104,100,3,3,1.7,3084|3164|5291,NRG1|NR4A1|PIK3CB,-0.25,MyList
GO Biological Processes,19,GO:0099173,postsynapse organization,19_GO:0009987 cellular process,-2.3,8.7,4.5,30182,104,100,3,3,1.7,1139|55619|66000,CHRNA7|DOCK10|TMEM108,-0.25,MyList
WikiPathways,27,WP1544,MicroRNAs in cardiomyocyte hypertrophy,,-2.3,8.7,4.5,30182,104,100,3,3,1.7,3084|5291|5599,NRG1|PIK3CB|MAPK8,-0.25,MyList
KEGG Pathway,24,hsa04620,Toll-like receptor signaling pathway,,-2.3,8.7,4.5,30182,104,100,3,3,1.7,3661|5291|5599,IRF3|PIK3CB|MAPK8,-0.25,MyList
GO Biological Processes,19,GO:0071222,cellular response to lipopolysaccharide,19_GO:0044419 biological process involved in interspecies interaction between organisms,-2.3,5.8,4,30182,207,100,4,4,2,3297|3661|5599|10318,HSF1|IRF3|MAPK8|TNIP1,-0.25,MyList
GO Biological Processes,19,GO:0060537,muscle tissue development,19_GO:0032502 developmental process,-2.3,4.5,3.7,30182,333,100,5,5,2.2,1959|3084|3164|8320|8470,EGR2|NRG1|NR4A1|EOMES|SORBS2,-0.25,MyList
GO Biological Processes,19,GO:0070588,calcium ion transmembrane transport,19_GO:0051179 localization,-2.3,5.7,4,30182,210,100,4,4,2,490|1139|6335|23007,ATP2B1|CHRNA7|SCN9A|PLCH1,-0.24,MyList
KEGG Pathway,24,hsa04015,Rap1 signaling pathway,,-2.3,5.7,4,30182,210,100,4,4,2,2770|5291|5590|83660,GNAI1|PIK3CB|PRKCZ|TLN2,-0.24,MyList
KEGG Pathway,24,hsa05207,Chemical carcinogenesis - receptor activation,,-2.3,5.7,4,30182,212,100,4,4,2,1139|2770|5291|9586,CHRNA7|GNAI1|PIK3CB|CREB5,-0.22,MyList
GO Biological Processes,19,GO:0000904,cell morphogenesis involved in differentiation,19_GO:0032502 developmental process,-2.2,3.7,3.5,30182,487,100,6,6,2.4,1139|1959|4133|5357|8997|55619,CHRNA7|EGR2|MAP2|PLS1|KALRN|DOCK10,-0.21,MyList
GO Biological Processes,19,GO:0016358,dendrite development,19_GO:0032502 developmental process,-2.2,8.3,4.4,30182,109,100,3,3,1.7,1139|4133|55619,CHRNA7|MAP2|DOCK10,-0.21,MyList
GO Biological Processes,19,GO:0060078,regulation of postsynaptic membrane potential,19_GO:0065007 biological regulation,-2.2,8.2,4.4,30182,110,100,3,3,1.7,1139|2566|2742,CHRNA7|GABRG2|GLRA2,-0.2,MyList
GO Biological Processes,19,GO:0048588,developmental cell growth,19_GO:0040007 growth,-2.2,8.2,4.4,30182,110,100,3,3,1.7,5590|8470|66000,PRKCZ|SORBS2|TMEM108,-0.2,MyList
GO Biological Processes,19,GO:0032868,response to insulin,19_GO:0050896 response to stimulus,-2.2,5.6,3.9,30182,217,100,4,4,2,1959|5590|8412|23175,EGR2|PRKCZ|BCAR3|LPIN1,-0.2,MyList
GO Biological Processes,19,GO:0001824,blastocyst development,19_GO:0032502 developmental process,-2.2,8.2,4.4,30182,111,100,3,3,1.7,3726|8320|64168,JUNB|EOMES|NECAB1,-0.19,MyList
GO Biological Processes,19,GO:0055080,monoatomic cation homeostasis,19_GO:0042592 homeostatic process,-2.2,3.7,3.4,30182,495,100,6,6,2.4,22|490|1139|4097|5291|7337,ABCB7|ATP2B1|CHRNA7|MAFG|PIK3CB|UBE3A,-0.19,MyList
GO Biological Processes,19,GO:0016049,cell growth,19_GO:0040007 growth,-2.2,8.1,4.3,30182,112,100,3,3,1.7,5590|8470|66000,PRKCZ|SORBS2|TMEM108,-0.19,MyList
GO Biological Processes,19,GO:0071219,cellular response to molecule of bacterial origin,19_GO:0044419 biological process involved in interspecies interaction between organisms,-2.2,5.5,3.9,30182,220,100,4,4,2,3297|3661|5599|10318,HSF1|IRF3|MAPK8|TNIP1,-0.19,MyList
GO Biological Processes,19,GO:0002237,response to molecule of bacterial origin,19_GO:0044419 biological process involved in interspecies interaction between organisms,-2.2,4.3,3.6,30182,351,100,5,5,2.2,3164|3297|3661|5599|10318,NR4A1|HSF1|IRF3|MAPK8|TNIP1,-0.18,MyList
GO Biological Processes,19,GO:0010810,regulation of cell-substrate adhesion,19_GO:0050789 regulation of biological process,-2.2,5.4,3.8,30182,222,100,4,4,2,5291|5590|6239|6480,PIK3CB|PRKCZ|RREB1|ST6GAL1,-0.18,MyList
GO Biological Processes,19,GO:0046634,regulation of alpha-beta T cell activation,19_GO:0002376 immune system process,-2.2,7.9,4.3,30182,114,100,3,3,1.7,3659|3726|5590,IRF1|JUNB|PRKCZ,-0.17,MyList
GO Biological Processes,19,GO:0048259,regulation of receptor-mediated endocytosis,19_GO:0051179 localization,-2.2,7.9,4.3,30182,115,100,3,3,1.7,5291|6457|84251,PIK3CB|SH3GL3|SGIP1,-0.17,MyList
GO Biological Processes,19,GO:0050801,monoatomic ion homeostasis,19_GO:0042592 homeostatic process,-2.2,3.6,3.4,30182,507,100,6,6,2.4,22|490|1139|4097|5291|7337,ABCB7|ATP2B1|CHRNA7|MAFG|PIK3CB|UBE3A,-0.15,MyList
GO Biological Processes,19,GO:0071407,cellular response to organic cyclic compound,19_GO:0050896 response to stimulus,-2.1,3.6,3.3,30182,510,100,6,6,2.4,490|2566|2770|3297|3661|7337,ATP2B1|GABRG2|GNAI1|HSF1|IRF3|UBE3A,-0.14,MyList
GO Biological Processes,19,GO:0071241,cellular response to inorganic substance,19_GO:0050896 response to stimulus,-2.1,5.2,3.7,30182,230,100,4,4,2,2742|3297|3726|5599,GLRA2|HSF1|JUNB|MAPK8,-0.14,MyList
WikiPathways,27,WP4787,Osteoblast differentiation and related diseases,,-2.1,7.6,4.2,30182,119,100,3,3,1.7,5291|5590|5599,PIK3CB|PRKCZ|MAPK8,-0.14,MyList
GO Biological Processes,19,GO:0030278,regulation of ossification,19_GO:0032501 multicellular organismal process,-2.1,7.6,4.2,30182,119,100,3,3,1.7,490|1959|7291,ATP2B1|EGR2|TWIST1,-0.14,MyList
KEGG Pathway,24,hsa04080,Neuroactive ligand-receptor interaction,,-2.1,4.1,3.5,30182,367,100,5,5,2.2,1139|1395|2566|2742|2917,CHRNA7|CRHR2|GABRG2|GLRA2|GRM7,-0.12,MyList
GO Biological Processes,19,GO:0051493,regulation of cytoskeleton organization,19_GO:0050789 regulation of biological process,-2.1,3.5,3.3,30182,518,100,6,6,2.4,2059|2770|4133|9873|55160|171024,EPS8|GNAI1|MAP2|FCHSD2|ARHGEF10L|SYNPO2,-0.12,MyList
GO Biological Processes,19,GO:0042471,ear morphogenesis,19_GO:0032502 developmental process,-2.1,7.4,4.1,30182,122,100,3,3,1.7,5357|6899|7291,PLS1|TBX1|TWIST1,-0.12,MyList
WikiPathways,27,WP4549,Fragile X syndrome,,-2.1,7.4,4.1,30182,122,100,3,3,1.7,2566|5291|6457,GABRG2|PIK3CB|SH3GL3,-0.12,MyList
Reactome Gene Sets,6,R-HSA-9006936,Signaling by TGFB family members,,-2.1,7.4,4.1,30182,122,100,3,3,1.7,3726|4052|5590,JUNB|LTBP1|PRKCZ,-0.12,MyList
GO Biological Processes,19,GO:0007613,memory,19_GO:0032501 multicellular organismal process,-2.1,7.3,4.1,30182,124,100,3,3,1.7,1139|5590|5923,CHRNA7|PRKCZ|RASGRF1,-0.098,MyList
GO Biological Processes,19,GO:0030036,actin cytoskeleton organization,19_GO:0009987 cellular process,-2.1,3.4,3.2,30182,528,100,6,6,2.4,2059|2620|5357|9754|55160|56776,EPS8|GAS2|PLS1|STARD8|ARHGEF10L|FMN2,-0.093,MyList
GO Biological Processes,19,GO:0043408,regulation of MAPK cascade,19_GO:0023052 signaling,-2.1,3,3.1,30182,695,100,7,7,2.6,1139|3084|5291|5590|6899|8412|10318,CHRNA7|NRG1|PIK3CB|PRKCZ|TBX1|BCAR3|TNIP1,-0.089,MyList
GO Biological Processes,19,GO:0060485,mesenchyme development,19_GO:0032502 developmental process,-2.1,5,3.6,30182,241,100,4,4,2,3084|6899|7291|8320,NRG1|TBX1|TWIST1|EOMES,-0.088,MyList
GO Biological Processes,19,GO:0045471,response to ethanol,19_GO:0050896 response to stimulus,-2.1,7.2,4,30182,126,100,3,3,1.7,2059|2742|6480,EPS8|GLRA2|ST6GAL1,-0.088,MyList
GO Biological Processes,19,GO:0006338,chromatin remodeling,19_GO:0009987 cellular process,-2.1,4,3.4,30182,378,100,5,5,2.2,8320|10664|54815|56916|114803,EOMES|CTCF|GATAD2A|SMARCAD1|MYSM1,-0.088,MyList
KEGG Pathway,24,hsa04380,Osteoclast differentiation,,-2,7.1,4,30182,128,100,3,3,1.7,3726|5291|5599,JUNB|PIK3CB|MAPK8,-0.073,MyList
GO Biological Processes,19,GO:1904375,regulation of protein localization to cell periphery,19_GO:0051179 localization,-2,7.1,4,30182,128,100,3,3,1.7,2770|5357|5590,GNAI1|PLS1|PRKCZ,-0.073,MyList
GO Biological Processes,19,GO:0035270,endocrine system development,19_GO:0032502 developmental process,-2,7,3.9,30182,129,100,3,3,1.7,3642|5449|6899,INSM1|POU1F1|TBX1,-0.07,MyList
Canonical Pathways,11,M186,PID PDGFRB PATHWAY,,-2,7,3.9,30182,129,100,3,3,1.7,2059|5291|5599,EPS8|PIK3CB|MAPK8,-0.07,MyList
GO Biological Processes,19,GO:0048706,embryonic skeletal system development,19_GO:0032502 developmental process,-2,7,3.9,30182,129,100,3,3,1.7,4613|6899|7291,MYCN|TBX1|TWIST1,-0.07,MyList
GO Biological Processes,19,GO:0071216,cellular response to biotic stimulus,19_GO:0050896 response to stimulus,-2,4.9,3.5,30182,247,100,4,4,2,3297|3661|5599|10318,HSF1|IRF3|MAPK8|TNIP1,-0.063,MyList
WikiPathways,27,WP236,Adipogenesis,,-2,6.9,3.9,30182,131,100,3,3,1.7,1959|7291|23175,EGR2|TWIST1|LPIN1,-0.055,MyList
GO Biological Processes,19,GO:0016570,histone modification,19_GO:0008152 metabolic process,-2,3.9,3.3,30182,389,100,5,5,2.2,4800|8320|54815|56916|114803,NFYA|EOMES|GATAD2A|SMARCAD1|MYSM1,-0.053,MyList
KEGG Pathway,24,hsa04728,Dopaminergic synapse,,-2,6.9,3.9,30182,132,100,3,3,1.7,2770|5599|9586,GNAI1|MAPK8|CREB5,-0.053,MyList
Reactome Gene Sets,6,R-HSA-5576891,Cardiac conduction,,-2,6.9,3.9,30182,132,100,3,3,1.7,444|490|6335,ASPH|ATP2B1|SCN9A,-0.053,MyList
GO Biological Processes,19,GO:0055082,cellular chemical homeostasis,19_GO:0042592 homeostatic process,-2,3.3,3.1,30182,546,100,6,6,2.4,22|490|1139|4097|5291|7337,ABCB7|ATP2B1|CHRNA7|MAFG|PIK3CB|UBE3A,-0.053,MyList
GO Biological Processes,19,GO:2000779,regulation of double-strand break repair,19_GO:0050896 response to stimulus,-2,6.8,3.9,30182,133,100,3,3,1.7,3297|7291|56776,HSF1|TWIST1|FMN2,-0.046,MyList
GO Biological Processes,19,GO:0007015,actin filament organization,19_GO:0009987 cellular process,-2,4.8,3.5,30182,252,100,4,4,2,2059|2620|5357|56776,EPS8|GAS2|PLS1|FMN2,-0.046,MyList
