_MEMBER_MyList,_LogP_MyList,GO,Description,_PATTERN_,_RANK_,CHILD_GO_MyList
1,-5.286944424797437,GO:0023052,signaling,M1,1,GO:0050804 modulation of chemical synaptic transmission
1,-5.043169501839962,GO:0050789,regulation of biological process,M1,1,GO:0043254 regulation of protein-containing complex assembly
1,-4.9926652181527595,GO:0032502,developmental process,M1,1,GO:0031175 neuron projection development
1,-4.6694696624109975,GO:0050896,response to stimulus,M1,1,GO:1901652 response to peptide
1,-4.464178135552207,GO:0032501,multicellular organismal process,M1,1,GO:0007610 behavior
1,-3.52908566430817,GO:0048518,positive regulation of biological process,M1,1,GO:0045740 positive regulation of DNA replication
1,-3.500918028234781,GO:0048511,rhythmic process,M1,1,GO:0048511 rhythmic process
1,-3.3731788427459932,GO:0009987,cellular process,M1,1,GO:0106027 neuron projection organization
1,-3.1591400336860005,GO:0008152,metabolic process,M1,1,GO:0006305 DNA alkylation
1,-2.875464251022017,GO:0048519,negative regulation of biological process,M1,1,GO:0031333 negative regulation of protein-containing complex assembly
1,-2.836671530091777,GO:0065007,biological regulation,M1,1,GO:0051098 regulation of binding
1,-2.656792890609865,GO:0051179,localization,M1,1,GO:0098660 inorganic ion transmembrane transport
1,-2.6444660741606825,GO:0042592,homeostatic process,M1,1,GO:0030003 cellular monoatomic cation homeostasis
1,-2.3101482313611137,GO:0044419,biological process involved in interspecies interaction between organisms,M1,1,GO:0032496 response to lipopolysaccharide
1,-2.2295799561961998,GO:0040007,growth,M1,1,GO:0048588 developmental cell growth
1,-2.18675037258155,GO:0002376,immune system process,M1,1,GO:0046634 regulation of alpha-beta T cell activation
