_MEMBER_MyList,_LogP_MyList,GO,_PATTERN_,_RANK_,GiniIndex,Category,CategoryID,Description,PARENT_GO,LogP,Enrichment,Z-score,#TotalGeneInLibrary,#GeneInGO,#GeneInHitList,#GeneInGOAndHitList,%InGO,STDV %InGO,GeneID,Hits,Log(q-value),EvidenceCutoff,GROUP_ID,FirstInGroupByEnrichment,FirstInGroupByLogP,BestLogPInGroup,BestEnrichmentInGroup,URL
1,-6.372164356323046,GO:0010639,M1,1,0,GO Biological Processes,19,negative regulation of organelle organization,19_GO:0048519 negative regulation of biological process,-6.372164356323046,14.751710654936463,9.533383482774227,30182,341,42,7,16.666666666666668,5.750546327852952,2729|4137|5468|7879|80206|89795|120892,GCLC|MAPT|PPARG|RAB7A|FHOD3|NAV3|LRRK2,-2.299758883583092,0,1,1,1,-6.372164356323046,71.86190476190477,
1,-5.003946533969169,GO:0090140,M1,1,0,GO Biological Processes,19,regulation of mitochondrial fission,19_GO:0032502 developmental process,-5.003946533969169,71.86190476190477,14.49556744538657,30182,30,42,3,7.142857142857143,3.973918859029906,4137|5468|120892,MAPT|PPARG|LRRK2,-1.4336760864883882,0,1,0,0,-6.372164356323046,71.86190476190477,
1,-4.319503425398239,GO:0051129,M1,1,0,GO Biological Processes,19,negative regulation of cellular component organization,19_GO:0048519 negative regulation of biological process,-4.319503425398239,7.15552394499763,6.164617685631333,30182,703,42,7,16.666666666666668,5.750546327852952,2729|4137|5468|7879|80206|89795|120892,GCLC|MAPT|PPARG|RAB7A|FHOD3|NAV3|LRRK2,-1.113476422472716,0,1,0,0,-6.372164356323046,71.86190476190477,
1,-4.2524462054719425,GO:0010823,M1,1,0,GO Biological Processes,19,negative regulation of mitochondrion organization,19_GO:0048519 negative regulation of biological process,-4.2524462054719425,40.67654986522911,10.791934737911582,30182,53,42,3,7.142857142857143,3.973918859029906,2729|4137|5468,GCLC|MAPT|PPARG,-1.113476422472716,0,1,0,0,-6.372164356323046,71.86190476190477,
1,-4.235715565791914,GO:0010821,M1,1,0,GO Biological Processes,19,regulation of mitochondrion organization,19_GO:0050789 regulation of biological process,-4.235715565791914,19.036266162093977,8.294114874972596,30182,151,42,4,9.523809523809524,4.529474910530199,2729|4137|5468|120892,GCLC|MAPT|PPARG|LRRK2,-1.113476422472716,0,1,0,0,-6.372164356323046,71.86190476190477,
1,-4.052356404597434,GO:1901214,M1,1,0,GO Biological Processes,19,regulation of neuron death,19_GO:0050789 regulation of biological process,-4.052356404597434,10.98805883209553,6.779009838968412,30182,327,42,5,11.904761904761905,4.997029675972565,2185|2729|4137|4605|120892,PTK2B|GCLC|MAPT|MYBL2|LRRK2,-1.0733699490729232,0,1,0,0,-6.372164356323046,71.86190476190477,
1,-3.890982644662725,GO:0051881,M1,1,0,GO Biological Processes,19,regulation of mitochondrial membrane potential,19_GO:0065007 biological regulation,-3.890982644662725,30.797959183673473,9.317203345387256,30182,70,42,3,7.142857142857143,3.973918859029906,2729|4137|120892,GCLC|MAPT|LRRK2,-1.0259297555946496,0,1,0,0,-6.372164356323046,71.86190476190477,
1,-3.8412881812491073,GO:0032271,M1,1,0,GO Biological Processes,19,regulation of protein polymerization,19_GO:0050789 regulation of biological process,-3.8412881812491073,15.049613562702568,7.271188828186045,30182,191,42,4,9.523809523809524,4.529474910530199,2185|4137|80206|89795,PTK2B|MAPT|FHOD3|NAV3,-1.0259297555946496,0,1,0,0,-6.372164356323046,71.86190476190477,
1,-3.8290931816867904,GO:0045862,M1,1,0,GO Biological Processes,19,positive regulation of proteolysis,19_GO:0048518 positive regulation of biological process,-3.8290931816867904,9.844096542726682,6.345820278318283,30182,365,42,5,11.904761904761905,4.997029675972565,2185|2729|4137|5468|120892,PTK2B|GCLC|MAPT|PPARG|LRRK2,-1.0259297555946496,0,1,0,0,-6.372164356323046,71.86190476190477,
1,-3.823562873213953,GO:0006979,M1,1,0,GO Biological Processes,19,response to oxidative stress,19_GO:0050896 response to stimulus,-3.823562873213953,9.817200104085352,6.335288310217653,30182,366,42,5,11.904761904761905,4.997029675972565,2119|2185|2729|4137|120892,ETV5|PTK2B|GCLC|MAPT|LRRK2,-1.0259297555946496,0,1,0,0,-6.372164356323046,71.86190476190477,
1,-3.818048952691787,GO:0010038,M1,1,0,GO Biological Processes,19,response to metal ion,19_GO:0050896 response to stimulus,-3.818048952691787,9.790450240041523,6.324796825725335,30182,367,42,5,11.904761904761905,4.997029675972565,2185|2729|4137|8820|120892,PTK2B|GCLC|MAPT|HESX1|LRRK2,-1.0259297555946496,0,1,0,0,-6.372164356323046,71.86190476190477,
1,-3.6870891147146723,GO:0050848,M1,1,0,GO Biological Processes,19,regulation of calcium-mediated signaling,19_GO:0023052 signaling,-3.6870891147146723,26.290940766550527,8.56068460013082,30182,82,42,3,7.142857142857143,3.973918859029906,2185|4137|120892,PTK2B|MAPT|LRRK2,-0.9068691409172427,0,1,0,0,-6.372164356323046,71.86190476190477,
1,-3.5964963341226706,GO:0032273,M1,1,0,GO Biological Processes,19,positive regulation of protein polymerization,19_GO:0048518 positive regulation of biological process,-3.5964963341226706,24.498376623376625,8.240604514893386,30182,88,42,3,7.142857142857143,3.973918859029906,2185|4137|89795,PTK2B|MAPT|NAV3,-0.8608584929779814,0,1,0,0,-6.372164356323046,71.86190476190477,
1,-3.4863938411578697,GO:0042391,M1,1,0,GO Biological Processes,19,regulation of membrane potential,19_GO:0065007 biological regulation,-3.4863938411578697,8.298141427471682,5.710049476305844,30182,433,42,5,11.904761904761905,4.997029675972565,287|2185|2729|4137|120892,ANK2|PTK2B|GCLC|MAPT|LRRK2,-0.7814248197796325,0,1,0,0,-6.372164356323046,71.86190476190477,
1,-3.40114163418179,GO:0010975,M1,1,0,GO Biological Processes,19,regulation of neuron projection development,19_GO:0032502 developmental process,-3.40114163418179,7.949325747998316,5.556921558037289,30182,452,42,5,11.904761904761905,4.997029675972565,2185|4137|5454|9863|120892,PTK2B|MAPT|POU3F2|MAGI2|LRRK2,-0.7377279571117513,0,1,0,0,-6.372164356323046,71.86190476190477,
1,-3.3224671958651855,GO:0030162,M1,1,0,GO Biological Processes,19,regulation of proteolysis,19_GO:0008152 metabolic process,-3.3224671958651855,5.939000393545848,5.028521593503058,30182,726,42,6,14.285714285714286,5.399492471560389,2185|2272|2729|4137|5468|120892,PTK2B|FHIT|GCLC|MAPT|PPARG|LRRK2,-0.7144081874950047,0,1,0,0,-6.372164356323046,71.86190476190477,
1,-3.24998221078373,GO:0071363,M1,1,0,GO Biological Processes,19,cellular response to growth factor stimulus,19_GO:0050896 response to stimulus,-3.24998221078373,7.362900078064014,5.289936952599693,30182,488,42,5,11.904761904761905,4.997029675972565,2729|4137|5468|9863|10818,GCLC|MAPT|PPARG|MAGI2|FRS2,-0.6707284727494562,0,1,0,0,-6.372164356323046,71.86190476190477,
1,-3.233956251578315,GO:0090066,M1,1,0,GO Biological Processes,19,regulation of anatomical structure size,19_GO:0065007 biological regulation,-3.233956251578315,7.30303910181959,5.261956915687355,30182,492,42,5,11.904761904761905,4.997029675972565,2185|2729|4137|80206|120892,PTK2B|GCLC|MAPT|FHOD3|LRRK2,-0.6707284727494562,0,1,0,0,-6.372164356323046,71.86190476190477,
1,-3.1256985147348826,GO:0070848,M1,1,0,GO Biological Processes,19,response to growth factor,19_GO:0050896 response to stimulus,-3.1256985147348826,6.909798534798536,5.074508291239527,30182,520,42,5,11.904761904761905,4.997029675972565,2729|4137|5468|9863|10818,GCLC|MAPT|PPARG|MAGI2|FRS2,-0.5848801307635714,0,1,0,0,-6.372164356323046,71.86190476190477,
1,-3.0522995703182314,GO:0010035,M1,1,0,GO Biological Processes,19,response to inorganic substance,19_GO:0050896 response to stimulus,-3.0522995703182314,6.653880070546738,4.948909982781809,30182,540,42,5,11.904761904761905,4.997029675972565,2185|2729|4137|8820|120892,PTK2B|GCLC|MAPT|HESX1|LRRK2,-0.5484472683090521,0,1,0,0,-6.372164356323046,71.86190476190477,
1,-2.97248856047754,WP2380,M1,1,0,WikiPathways,27,Brain-derived neurotrophic factor (BDNF) signaling pathway,,-2.97248856047754,14.97123015873016,6.273360146770533,30182,144,42,3,7.142857142857143,3.973918859029906,2185|4137|10818,PTK2B|MAPT|FRS2,-0.4991281260048156,0,1,0,0,-6.372164356323046,71.86190476190477,
1,-2.9511461550130282,GO:0051345,M1,1,0,GO Biological Processes,19,positive regulation of hydrolase activity,19_GO:0065007 biological regulation,-2.9511461550130282,6.314754372750858,4.777689939714508,30182,569,42,5,11.904761904761905,4.997029675972565,2185|4137|5468|9863|120892,PTK2B|MAPT|PPARG|MAGI2|LRRK2,-0.48353804942939493,0,1,0,0,-6.372164356323046,71.86190476190477,
1,-2.758444461903605,GO:1902905,M1,1,0,GO Biological Processes,19,positive regulation of supramolecular fiber organization,19_GO:0048518 positive regulation of biological process,-2.758444461903605,12.607351712614872,5.682125213696452,30182,171,42,3,7.142857142857143,3.973918859029906,2185|4137|89795,PTK2B|MAPT|NAV3,-0.3594127706840932,0,1,0,0,-6.372164356323046,71.86190476190477,
1,-2.7385006742707536,GO:1902903,M1,1,0,GO Biological Processes,19,regulation of supramolecular fiber organization,19_GO:0050789 regulation of biological process,-2.7385006742707536,7.644883485309017,4.840043646032924,30182,376,42,4,9.523809523809524,4.529474910530199,2185|4137|80206|89795,PTK2B|MAPT|FHOD3|NAV3,-0.3443214858456538,0,1,0,0,-6.372164356323046,71.86190476190477,
1,-2.7116728900517537,GO:0120035,M1,1,0,GO Biological Processes,19,regulation of plasma membrane bounded cell projection organization,19_GO:0050789 regulation of biological process,-2.7116728900517537,5.570690291620525,4.380243908605746,30182,645,42,5,11.904761904761905,4.997029675972565,2185|4137|5454|9863|120892,PTK2B|MAPT|POU3F2|MAGI2|LRRK2,-0.33052106509384044,0,1,0,0,-6.372164356323046,71.86190476190477,
1,-2.7093739104359873,GO:0042326,M1,1,0,GO Biological Processes,19,negative regulation of phosphorylation,19_GO:0048519 negative regulation of biological process,-2.7093739104359873,7.505159766256372,4.782735272320874,30182,383,42,4,9.523809523809524,4.529474910530199,2887|4137|5468|120892,GRB10|MAPT|PPARG|LRRK2,-0.33052106509384044,0,1,0,0,-6.372164356323046,71.86190476190477,
1,-2.6682409452905866,GO:0031344,M1,1,0,GO Biological Processes,19,regulation of cell projection organization,19_GO:0050789 regulation of biological process,-2.6682409452905866,5.4440836940836945,4.309244569325243,30182,660,42,5,11.904761904761905,4.997029675972565,2185|4137|5454|9863|120892,PTK2B|MAPT|POU3F2|MAGI2|LRRK2,-0.2975428527150098,0,1,0,0,-6.372164356323046,71.86190476190477,
1,-2.6283476569654836,GO:0051495,M1,1,0,GO Biological Processes,19,positive regulation of cytoskeleton organization,19_GO:0048518 positive regulation of biological process,-2.6283476569654836,11.346616541353384,5.34062733813155,30182,190,42,3,7.142857142857143,3.973918859029906,2185|4137|89795,PTK2B|MAPT|NAV3,-0.27115203479355376,0,1,0,0,-6.372164356323046,71.86190476190477,
1,-2.60614473534728,GO:0043254,M1,1,0,GO Biological Processes,19,regulation of protein-containing complex assembly,19_GO:0050789 regulation of biological process,-2.60614473534728,7.028059145418558,4.581922023854885,30182,409,42,4,9.523809523809524,4.529474910530199,2185|4137|80206|89795,PTK2B|MAPT|FHOD3|NAV3,-0.2608324386088229,0,1,0,0,-6.372164356323046,71.86190476190477,
1,-2.5964169117680753,GO:0031334,M1,1,0,GO Biological Processes,19,positive regulation of protein-containing complex assembly,19_GO:0048518 positive regulation of biological process,-2.5964169117680753,11.055677655677657,5.258743314620118,30182,195,42,3,7.142857142857143,3.973918859029906,2185|4137|89795,PTK2B|MAPT|NAV3,-0.2608324386088229,0,1,0,0,-6.372164356323046,71.86190476190477,
1,-2.495777769590899,GO:0045936,M1,1,0,GO Biological Processes,19,negative regulation of phosphate metabolic process,19_GO:0048519 negative regulation of biological process,-2.495777769590899,6.547781755071049,4.370982587565399,30182,439,42,4,9.523809523809524,4.529474910530199,2887|4137|5468|120892,GRB10|MAPT|PPARG|LRRK2,-0.20072911928663853,0,1,0,0,-6.372164356323046,71.86190476190477,
1,-2.4922459658145906,GO:0010563,M1,1,0,GO Biological Processes,19,negative regulation of phosphorus metabolic process,19_GO:0048519 negative regulation of biological process,-2.4922459658145906,6.5329004329004325,4.364293430726771,30182,440,42,4,9.523809523809524,4.529474910530199,2887|4137|5468|120892,GRB10|MAPT|PPARG|LRRK2,-0.20072911928663853,0,1,0,0,-6.372164356323046,71.86190476190477,
1,-2.4270158631094056,GO:0034599,M1,1,0,GO Biological Processes,19,cellular response to oxidative stress,19_GO:0050896 response to stimulus,-2.4270158631094056,9.624362244897961,4.836313272079221,30182,224,42,3,7.142857142857143,3.973918859029906,2119|4137|120892,ETV5|MAPT|LRRK2,-0.1613795355614311,0,1,0,0,-6.372164356323046,71.86190476190477,
1,-2.299002195991107,GO:0042063,M1,1,0,GO Biological Processes,19,gliogenesis,19_GO:0032502 developmental process,-2.299002195991107,8.658060814687321,4.529634871521289,30182,249,42,3,7.142857142857143,3.973918859029906,2185|4137|5454,PTK2B|MAPT|POU3F2,-0.061170208425931454,0,1,0,0,-6.372164356323046,71.86190476190477,
1,-2.286386916301823,GO:0031400,M1,1,0,GO Biological Processes,19,negative regulation of protein modification process,19_GO:0048519 negative regulation of biological process,-2.286386916301823,5.714664394584871,3.9804298841814916,30182,503,42,4,9.523809523809524,4.529474910530199,2729|4137|5468|120892,GCLC|MAPT|PPARG|LRRK2,-0.05523651409316276,0,1,0,0,-6.372164356323046,71.86190476190477,
1,-2.286386916301823,GO:0044089,M1,1,0,GO Biological Processes,19,positive regulation of cellular component biogenesis,19_GO:0048518 positive regulation of biological process,-2.286386916301823,5.714664394584871,3.9804298841814916,30182,503,42,4,9.523809523809524,4.529474910530199,2185|4137|7879|89795,PTK2B|MAPT|RAB7A|NAV3,-0.05523651409316276,0,1,0,0,-6.372164356323046,71.86190476190477,
1,-2.2564254279011426,GO:0034330,M1,1,0,GO Biological Processes,19,cell junction organization,19_GO:0009987 cellular process,-2.2564254279011426,5.603267427828831,3.925484512176159,30182,513,42,4,9.523809523809524,4.529474910530199,287|2185|4137|120892,ANK2|PTK2B|MAPT|LRRK2,-0.03173877682547346,0,1,0,0,-6.372164356323046,71.86190476190477,
1,-2.2563088337228123,GO:0045927,M1,1,0,GO Biological Processes,19,positive regulation of growth,19_GO:0040007 growth,-2.2563088337228123,8.356035437430787,4.4295914945383235,30182,258,42,3,7.142857142857143,3.973918859029906,2185|4137|5454,PTK2B|MAPT|POU3F2,-0.03173877682547346,0,1,0,0,-6.372164356323046,71.86190476190477,
1,-2.2416949800963364,GO:0051493,M1,1,0,GO Biological Processes,19,regulation of cytoskeleton organization,19_GO:0050789 regulation of biological process,-2.2416949800963364,5.54918183489612,3.8985504066365664,30182,518,42,4,9.523809523809524,4.529474910530199,2185|4137|80206|89795,PTK2B|MAPT|FHOD3|NAV3,-0.020378080596719417,0,1,0,0,-6.372164356323046,71.86190476190477,
1,-2.1842850781237297,GO:0062197,M1,1,0,GO Biological Processes,19,cellular response to chemical stress,19_GO:0050896 response to stimulus,-2.1842850781237297,7.868091762252347,4.263217778097432,30182,274,42,3,7.142857142857143,3.973918859029906,2119|4137|120892,ETV5|MAPT|LRRK2,0.0,0,1,0,0,-6.372164356323046,71.86190476190477,
1,-2.1731980306753362,GO:0070201,M1,1,0,GO Biological Processes,19,regulation of establishment of protein localization,19_GO:0051179 localization,-2.1731980306753362,5.303461606044632,3.773968841123921,30182,542,42,4,9.523809523809524,4.529474910530199,322|4137|5468|120892,APBB1|MAPT|PPARG|LRRK2,0.0,0,1,0,0,-6.372164356323046,71.86190476190477,
1,-6.3471505857835355,GO:0000165,M1,1,0,GO Biological Processes,19,MAPK cascade,19_GO:0023052 signaling,-6.3471505857835355,20.53197278911565,10.602730675860675,30182,210,42,6,14.285714285714286,5.399492471560389,2185|2887|7098|8820|51347|120892,PTK2B|GRB10|TLR3|HESX1|TAOK3|LRRK2,-2.299758883583092,0,2,1,1,-6.3471505857835355,22.69323308270677,
1,-4.572860622197645,GO:0033674,M1,1,0,GO Biological Processes,19,positive regulation of kinase activity,19_GO:0048518 positive regulation of biological process,-4.572860622197645,10.074098798397864,7.057851925689343,30182,428,42,6,14.285714285714286,5.399492471560389,2185|4137|7098|51347|57091|120892,PTK2B|MAPT|TLR3|TAOK3|CASS4|LRRK2,-1.2658316094914452,0,2,0,0,-6.3471505857835355,22.69323308270677,
1,-4.254114887579335,GO:0043549,M1,1,0,GO Biological Processes,19,regulation of kinase activity,19_GO:0008152 metabolic process,-4.254114887579335,6.986574074074075,6.069226285563545,30182,720,42,7,16.666666666666668,5.750546327852952,2185|4137|5468|7098|51347|57091|120892,PTK2B|MAPT|PPARG|TLR3|TAOK3|CASS4|LRRK2,-1.113476422472716,0,2,0,0,-6.3471505857835355,22.69323308270677,
1,-4.231449198958867,GO:0080135,M1,1,0,GO Biological Processes,19,regulation of cellular response to stress,19_GO:0050896 response to stimulus,-4.231449198958867,6.928833792470157,6.036296087096081,30182,726,42,7,16.666666666666668,5.750546327852952,2185|4137|7098|8289|51043|51347|120892,PTK2B|MAPT|TLR3|ARID1A|ZBTB7B|TAOK3|LRRK2,-1.113476422472716,0,2,0,0,-6.3471505857835355,22.69323308270677,
1,-4.094626899157195,GO:0051347,M1,1,0,GO Biological Processes,19,positive regulation of transferase activity,19_GO:0065007 biological regulation,-4.094626899157195,8.259989053092502,6.2460503081881305,30182,522,42,6,14.285714285714286,5.399492471560389,2185|4137|7098|51347|57091|120892,PTK2B|MAPT|TLR3|TAOK3|CASS4|LRRK2,-1.0733699490729232,0,2,0,0,-6.3471505857835355,22.69323308270677,
1,-4.015777127346076,GO:0042327,M1,1,0,GO Biological Processes,19,positive regulation of phosphorylation,19_GO:0048518 positive regulation of biological process,-4.015777127346076,6.399915182357931,5.726297744804061,30182,786,42,7,16.666666666666668,5.750546327852952,2185|4137|5468|7098|51347|57091|120892,PTK2B|MAPT|PPARG|TLR3|TAOK3|CASS4|LRRK2,-1.0733699490729232,0,2,0,0,-6.3471505857835355,22.69323308270677,
1,-3.8855589793558303,GO:0043405,M1,1,0,GO Biological Processes,19,regulation of MAP kinase activity,19_GO:0008152 metabolic process,-3.8855589793558303,15.454173067076292,7.38138544214837,30182,186,42,4,9.523809523809524,4.529474910530199,2185|5468|51347|120892,PTK2B|PPARG|TAOK3|LRRK2,-1.0259297555946496,0,2,0,0,-6.3471505857835355,22.69323308270677,
1,-3.8346399684968646,GO:0045860,M1,1,0,GO Biological Processes,19,positive regulation of protein kinase activity,19_GO:0048518 positive regulation of biological process,-3.8346399684968646,9.871140763997907,6.356393004564904,30182,364,42,5,11.904761904761905,4.997029675972565,2185|7098|51347|57091|120892,PTK2B|TLR3|TAOK3|CASS4|LRRK2,-1.0259297555946496,0,2,0,0,-6.3471505857835355,22.69323308270677,
1,-3.6617528191670323,GO:0045859,M1,1,0,GO Biological Processes,19,regulation of protein kinase activity,19_GO:0008152 metabolic process,-3.6617528191670323,6.87673729778993,5.551040548864521,30182,627,42,6,14.285714285714286,5.399492471560389,2185|5468|7098|51347|57091|120892,PTK2B|PPARG|TLR3|TAOK3|CASS4|LRRK2,-0.8931147179194179,0,2,0,0,-6.3471505857835355,22.69323308270677,
1,-3.4986000631830168,GO:0046330,M1,1,0,GO Biological Processes,19,positive regulation of JNK cascade,19_GO:0023052 signaling,-3.4986000631830168,22.69323308270677,7.905265785345847,30182,95,42,3,7.142857142857143,3.973918859029906,2185|7098|51347,PTK2B|TLR3|TAOK3,-0.7836468208981786,0,2,0,0,-6.3471505857835355,22.69323308270677,
1,-3.4227530331505727,GO:0043408,M1,1,0,GO Biological Processes,19,regulation of MAPK cascade,19_GO:0023052 signaling,-3.4227530331505727,6.203905447070915,5.181152058049798,30182,695,42,6,14.285714285714286,5.399492471560389,2185|5468|7098|10818|51347|120892,PTK2B|PPARG|TLR3|FRS2|TAOK3|LRRK2,-0.7377279571117513,0,2,0,0,-6.3471505857835355,22.69323308270677,
1,-3.3478722620872663,GO:0001934,M1,1,0,GO Biological Processes,19,positive regulation of protein phosphorylation,19_GO:0048518 positive regulation of biological process,-3.3478722620872663,6.005173099880621,5.067051342796576,30182,718,42,6,14.285714285714286,5.399492471560389,2185|5468|7098|51347|57091|120892,PTK2B|PPARG|TLR3|TAOK3|CASS4|LRRK2,-0.7237264338236308,0,2,0,0,-6.3471505857835355,22.69323308270677,
1,-3.233820335603114,GO:0043406,M1,1,0,GO Biological Processes,19,positive regulation of MAP kinase activity,19_GO:0023052 signaling,-3.233820335603114,18.426129426129428,7.049902259516794,30182,117,42,3,7.142857142857143,3.973918859029906,2185|51347|120892,PTK2B|TAOK3|LRRK2,-0.6707284727494562,0,2,0,0,-6.3471505857835355,22.69323308270677,
1,-3.2220318534098453,GO:0043410,M1,1,0,GO Biological Processes,19,positive regulation of MAPK cascade,19_GO:0023052 signaling,-3.2220318534098453,7.25877825877826,5.241177191433782,30182,495,42,5,11.904761904761905,4.997029675972565,2185|7098|10818|51347|120892,PTK2B|TLR3|FRS2|TAOK3|LRRK2,-0.6660018450436745,0,2,0,0,-6.3471505857835355,22.69323308270677,
1,-3.1105883566050534,GO:0032874,M1,1,0,GO Biological Processes,19,positive regulation of stress-activated MAPK cascade,19_GO:0023052 signaling,-3.1105883566050534,16.712070874861574,6.675813613777521,30182,129,42,3,7.142857142857143,3.973918859029906,2185|7098|51347,PTK2B|TLR3|TAOK3,-0.5817105942824975,0,2,0,0,-6.3471505857835355,22.69323308270677,
1,-3.091225447209143,GO:0070304,M1,1,0,GO Biological Processes,19,positive regulation of stress-activated protein kinase signaling cascade,19_GO:0023052 signaling,-3.091225447209143,16.45692475463468,6.618340549704862,30182,131,42,3,7.142857142857143,3.973918859029906,2185|7098|51347,PTK2B|TLR3|TAOK3,-0.5688785520455448,0,2,0,0,-6.3471505857835355,22.69323308270677,
1,-3.016766853715783,GO:0046328,M1,1,0,GO Biological Processes,19,regulation of JNK cascade,19_GO:0023052 signaling,-3.016766853715783,15.509763617677288,6.4005297774594645,30182,139,42,3,7.142857142857143,3.973918859029906,2185|7098|51347,PTK2B|TLR3|TAOK3,-0.5256776522826268,0,2,0,0,-6.3471505857835355,22.69323308270677,
1,-2.913152008658853,WP4666,M1,1,0,WikiPathways,27,Hepatitis B infection,,-2.913152008658853,14.277199621570484,6.10562174507538,30182,151,42,3,7.142857142857143,3.973918859029906,2185|3661|7098,PTK2B|IRF3|TLR3,-0.4568249134849087,0,2,0,0,-6.3471505857835355,22.69323308270677,
1,-2.825549819705489,hsa05161,M1,1,0,KEGG Pathway,24,Hepatitis B,,-2.825549819705489,13.307760141093476,5.863420230705859,30182,162,42,3,7.142857142857143,3.973918859029906,2185|3661|7098,PTK2B|IRF3|TLR3,-0.390941974224781,0,2,0,0,-6.3471505857835355,22.69323308270677,
1,-2.7682340652242754,GO:0071900,M1,1,0,GO Biological Processes,19,regulation of protein serine/threonine kinase activity,19_GO:0008152 metabolic process,-2.7682340652242754,7.789908375274229,4.898849424134492,30182,369,42,4,9.523809523809524,4.529474910530199,2185|5468|51347|120892,PTK2B|PPARG|TAOK3|LRRK2,-0.3594127706840932,0,2,0,0,-6.3471505857835355,22.69323308270677,
1,-2.7058149093585664,GO:0031175,M1,1,0,GO Biological Processes,19,neuron projection development,19_GO:0032502 developmental process,-2.7058149093585664,5.553470228895268,4.370649580632286,30182,647,42,5,11.904761904761905,4.997029675972565,322|2185|4137|51347|120892,APBB1|PTK2B|MAPT|TAOK3|LRRK2,-0.33052106509384044,0,2,0,0,-6.3471505857835355,22.69323308270677,
1,-2.6413725267018964,GO:0046777,M1,1,0,GO Biological Processes,19,protein autophosphorylation,19_GO:0008152 metabolic process,-2.6413725267018964,11.467325227963528,5.374242798708067,30182,188,42,3,7.142857142857143,3.973918859029906,2185|51347|120892,PTK2B|TAOK3|LRRK2,-0.27972256310371657,0,2,0,0,-6.3471505857835355,22.69323308270677,
1,-2.609082850176622,GO:0032872,M1,1,0,GO Biological Processes,19,regulation of stress-activated MAPK cascade,19_GO:0023052 signaling,-2.609082850176622,11.170244263508513,5.291135457567187,30182,193,42,3,7.142857142857143,3.973918859029906,2185|7098|51347,PTK2B|TLR3|TAOK3,-0.2608324386088229,0,2,0,0,-6.3471505857835355,22.69323308270677,
1,-2.5964169117680753,GO:0071902,M1,1,0,GO Biological Processes,19,positive regulation of protein serine/threonine kinase activity,19_GO:0048518 positive regulation of biological process,-2.5964169117680753,11.055677655677657,5.258743314620118,30182,195,42,3,7.142857142857143,3.973918859029906,2185|51347|120892,PTK2B|TAOK3|LRRK2,-0.2608324386088229,0,2,0,0,-6.3471505857835355,22.69323308270677,
1,-2.5901360261227335,GO:0070302,M1,1,0,GO Biological Processes,19,regulation of stress-activated protein kinase signaling cascade,19_GO:0023052 signaling,-2.5901360261227335,10.999271137026241,5.242723406218378,30182,196,42,3,7.142857142857143,3.973918859029906,2185|7098|51347,PTK2B|TLR3|TAOK3,-0.26056128528222566,0,2,0,0,-6.3471505857835355,22.69323308270677,
1,-2.5833607214727734,GO:1903706,M1,1,0,GO Biological Processes,19,regulation of hemopoiesis,19_GO:0002376 immune system process,-2.5833607214727734,6.9264486517498565,4.5380666959737574,30182,415,42,4,9.523809523809524,4.529474910530199,2185|7098|8289|51043,PTK2B|TLR3|ARID1A|ZBTB7B,-0.26056128528222566,0,2,0,0,-6.3471505857835355,22.69323308270677,
1,-2.5156722547985915,GO:0045596,M1,1,0,GO Biological Processes,19,negative regulation of cell differentiation,19_GO:0032502 developmental process,-2.5156722547985915,5.018289438680501,4.0621594699309105,30182,716,42,5,11.904761904761905,4.997029675972565,2185|5468|7098|10818|51043,PTK2B|PPARG|TLR3|FRS2|ZBTB7B,-0.2125735357208243,0,2,0,0,-6.3471505857835355,22.69323308270677,
1,-2.4769328638478063,GO:0009612,M1,1,0,GO Biological Processes,19,response to mechanical stimulus,19_GO:0050896 response to stimulus,-2.4769328638478063,10.027242524916945,4.958753730898213,30182,215,42,3,7.142857142857143,3.973918859029906,2185|2729|7098,PTK2B|GCLC|TLR3,-0.19296915521030017,0,2,0,0,-6.3471505857835355,22.69323308270677,
1,-2.4608610162985918,R-HSA-9012999,M1,1,0,Reactome Gene Sets,6,RHO GTPase cycle,,-2.4608610162985918,6.401951426450313,4.305011478064395,30182,449,42,4,9.523809523809524,4.529474910530199,2185|7879|10818|51347,PTK2B|RAB7A|FRS2|TAOK3,-0.18159958809572316,0,2,0,0,-6.3471505857835355,22.69323308270677,
1,-2.351585697239438,GO:0045785,M1,1,0,GO Biological Processes,19,positive regulation of cell adhesion,19_GO:0048518 positive regulation of biological process,-2.351585697239438,5.9636435487057895,4.100772859749246,30182,482,42,4,9.523809523809524,4.529474910530199,2185|8289|51043|57091,PTK2B|ARID1A|ZBTB7B|CASS4,-0.10035691553817508,0,2,0,0,-6.3471505857835355,22.69323308270677,
1,-2.3087181749874075,WP382,M1,1,0,WikiPathways,27,MAPK signaling pathway,,-2.3087181749874075,8.728166570271835,4.552554498384504,30182,247,42,3,7.142857142857143,3.973918859029906,4137|51347|120892,MAPT|TAOK3|LRRK2,-0.06750644677085119,0,2,0,0,-6.3471505857835355,22.69323308270677,
1,-2.201304716175567,GO:0032103,M1,1,0,GO Biological Processes,19,positive regulation of response to external stimulus,19_GO:0048518 positive regulation of biological process,-2.201304716175567,5.403150733977801,3.82495961566661,30182,532,42,4,9.523809523809524,4.529474910530199,2185|3661|7098|120892,PTK2B|IRF3|TLR3|LRRK2,0.0,0,2,0,0,-6.3471505857835355,22.69323308270677,
1,-2.0613915982128317,GO:0045321,M1,1,0,GO Biological Processes,19,leukocyte activation,19_GO:0002376 immune system process,-2.0613915982128317,4.92204827136334,3.572794268599739,30182,584,42,4,9.523809523809524,4.529474910530199,2185|4137|7098|51043,PTK2B|MAPT|TLR3|ZBTB7B,0.0,0,2,0,0,-6.3471505857835355,22.69323308270677,
1,-2.004211452200365,GO:1902105,M1,1,0,GO Biological Processes,19,regulation of leukocyte differentiation,19_GO:0002376 immune system process,-2.004211452200365,6.758172861621138,3.8595187633773644,30182,319,42,3,7.142857142857143,3.973918859029906,7098|8289|51043,TLR3|ARID1A|ZBTB7B,0.0,0,2,0,0,-6.3471505857835355,22.69323308270677,
1,-5.483134335310758,GO:1900076,M1,1,0,GO Biological Processes,19,regulation of cellular response to insulin stimulus,19_GO:0050896 response to stimulus,-5.483134335310758,39.37638617090672,12.254544515656704,30182,73,42,4,9.523809523809524,4.529474910530199,2887|5468|5791|51043,GRB10|PPARG|PTPRE|ZBTB7B,-1.61494699737451,0,3,1,1,-5.483134335310758,39.37638617090672,
1,-4.0226622205107665,GO:0009725,M1,1,0,GO Biological Processes,19,response to hormone,19_GO:0050896 response to stimulus,-4.0226622205107665,6.41624149659864,5.7361036806809755,30182,784,42,7,16.666666666666668,5.750546327852952,2100|2185|2729|2887|5468|8289|51043,ESR2|PTK2B|GCLC|GRB10|PPARG|ARID1A|ZBTB7B,-1.0733699490729232,0,3,0,0,-5.483134335310758,39.37638617090672,
1,-3.8545898509451906,GO:0046626,M1,1,0,GO Biological Processes,19,regulation of insulin receptor signaling pathway,19_GO:0023052 signaling,-3.8545898509451906,29.94246031746032,9.178382464529053,30182,72,42,3,7.142857142857143,3.973918859029906,2887|5791|51043,GRB10|PTPRE|ZBTB7B,-1.0259297555946496,0,3,0,0,-5.483134335310758,39.37638617090672,
1,-3.629273707841572,GO:0032868,M1,1,0,GO Biological Processes,19,response to insulin,19_GO:0050896 response to stimulus,-3.629273707841572,13.246434057493964,6.7585294120393185,30182,217,42,4,9.523809523809524,4.529474910530199,2729|2887|5468|51043,GCLC|GRB10|PPARG|ZBTB7B,-0.8719166170036466,0,3,0,0,-5.483134335310758,39.37638617090672,
1,-3.3836983286297757,GO:1901652,M1,1,0,GO Biological Processes,19,response to peptide,19_GO:0050896 response to stimulus,-3.3836983286297757,7.879594820384295,5.525821849757372,30182,456,42,5,11.904761904761905,4.997029675972565,2729|2887|3663|5468|51043,GCLC|GRB10|IRF5|PPARG|ZBTB7B,-0.7377279571117513,0,3,0,0,-5.483134335310758,39.37638617090672,
1,-3.1984232581937784,GO:0032870,M1,1,0,GO Biological Processes,19,cellular response to hormone stimulus,19_GO:0050896 response to stimulus,-3.1984232581937784,7.171846782625226,5.200134401144353,30182,501,42,5,11.904761904761905,4.997029675972565,2100|2729|2887|5468|8289,ESR2|GCLC|GRB10|PPARG|ARID1A,-0.6493421097829354,0,3,0,0,-5.483134335310758,39.37638617090672,
1,-2.913152008658853,GO:0032869,M1,1,0,GO Biological Processes,19,cellular response to insulin stimulus,19_GO:0050896 response to stimulus,-2.913152008658853,14.277199621570484,6.10562174507538,30182,151,42,3,7.142857142857143,3.973918859029906,2729|2887|5468,GCLC|GRB10|PPARG,-0.4568249134849087,0,3,0,0,-5.483134335310758,39.37638617090672,
1,-2.7682340652242754,GO:0043434,M1,1,0,GO Biological Processes,19,response to peptide hormone,19_GO:0050896 response to stimulus,-2.7682340652242754,7.789908375274229,4.898849424134492,30182,369,42,4,9.523809523809524,4.529474910530199,2729|2887|5468|51043,GCLC|GRB10|PPARG|ZBTB7B,-0.3594127706840932,0,3,0,0,-5.483134335310758,39.37638617090672,
1,-2.3284097032217126,GO:0071375,M1,1,0,GO Biological Processes,19,cellular response to peptide hormone stimulus,19_GO:0050896 response to stimulus,-2.3284097032217126,8.871840094062318,4.599181926065119,30182,243,42,3,7.142857142857143,3.973918859029906,2729|2887|5468,GCLC|GRB10|PPARG,-0.0837917263132448,0,3,0,0,-5.483134335310758,39.37638617090672,
1,-2.056303224996321,GO:0071417,M1,1,0,GO Biological Processes,19,cellular response to organonitrogen compound,19_GO:0050896 response to stimulus,-2.056303224996321,4.905249471802373,3.5636981770291256,30182,586,42,4,9.523809523809524,4.529474910530199,2729|2887|5468|120892,GCLC|GRB10|PPARG|LRRK2,0.0,0,3,0,0,-5.483134335310758,39.37638617090672,
1,-2.0378764071920203,GO:1901653,M1,1,0,GO Biological Processes,19,cellular response to peptide,19_GO:0050896 response to stimulus,-2.0378764071920203,6.954377880184333,3.9337333989848005,30182,310,42,3,7.142857142857143,3.973918859029906,2729|2887|5468,GCLC|GRB10|PPARG,0.0,0,3,0,0,-5.483134335310758,39.37638617090672,
1,-5.361308703910972,GO:0032727,M1,1,0,GO Biological Processes,19,positive regulation of interferon-alpha production,19_GO:0048518 positive regulation of biological process,-5.361308703910972,93.7329192546584,16.607689436527124,30182,23,42,3,7.142857142857143,3.973918859029906,3661|3663|7098,IRF3|IRF5|TLR3,-1.61494699737451,0,4,1,1,-5.361308703910972,93.7329192546584,
1,-5.049283315908486,GO:0032647,M1,1,0,GO Biological Processes,19,regulation of interferon-alpha production,19_GO:0032501 multicellular organismal process,-5.049283315908486,74.33990147783253,14.75006354081025,30182,29,42,3,7.142857142857143,3.973918859029906,3661|3663|7098,IRF3|IRF5|TLR3,-1.4336760864883882,0,4,0,0,-5.361308703910972,93.7329192546584,
1,-4.6897010772518,GO:0032728,M1,1,0,GO Biological Processes,19,positive regulation of interferon-beta production,19_GO:0048518 positive regulation of biological process,-4.6897010772518,56.73308270676692,12.83288365909071,30182,38,42,3,7.142857142857143,3.973918859029906,3661|3663|7098,IRF3|IRF5|TLR3,-1.2911300155200973,0,4,0,0,-5.361308703910972,93.7329192546584,
1,-4.257913120385332,GO:0071345,M1,1,0,GO Biological Processes,19,cellular response to cytokine stimulus,19_GO:0050896 response to stimulus,-4.257913120385332,6.996291145108948,6.074751370764357,30182,719,42,7,16.666666666666668,5.750546327852952,2185|3661|3663|4599|4605|7098|120892,PTK2B|IRF3|IRF5|MX1|MYBL2|TLR3|LRRK2,-1.113476422472716,0,4,0,0,-5.361308703910972,93.7329192546584,
1,-4.180612012565067,GO:0032648,M1,1,0,GO Biological Processes,19,regulation of interferon-beta production,19_GO:0032501 multicellular organismal process,-4.180612012565067,38.497448979591844,10.484430239976136,30182,56,42,3,7.142857142857143,3.973918859029906,3661|3663|7098,IRF3|IRF5|TLR3,-1.0906964101054515,0,4,0,0,-5.361308703910972,93.7329192546584,
1,-4.048205055156147,GO:0032481,M1,1,0,GO Biological Processes,19,positive regulation of type I interferon production,19_GO:0048518 positive regulation of biological process,-4.048205055156147,34.771889400921665,9.936731460618416,30182,62,42,3,7.142857142857143,3.973918859029906,3661|3663|7098,IRF3|IRF5|TLR3,-1.0733699490729232,0,4,0,0,-5.361308703910972,93.7329192546584,
1,-3.8545898509451906,R-HSA-909733,M1,1,0,Reactome Gene Sets,6,Interferon alpha/beta signaling,,-3.8545898509451906,29.94246031746032,9.178382464529053,30182,72,42,3,7.142857142857143,3.973918859029906,3661|3663|4599,IRF3|IRF5|MX1,-1.0259297555946496,0,4,0,0,-5.361308703910972,93.7329192546584,
1,-3.3955321268326943,WP75,M1,1,0,WikiPathways,27,Toll-like receptor signaling pathway,,-3.3955321268326943,20.930651872399448,7.563594768742537,30182,103,42,3,7.142857142857143,3.973918859029906,3661|3663|7098,IRF3|IRF5|TLR3,-0.7377279571117513,0,4,0,0,-5.361308703910972,93.7329192546584,
1,-3.3832396383097225,GO:0032479,M1,1,0,GO Biological Processes,19,regulation of type I interferon production,19_GO:0032501 multicellular organismal process,-3.3832396383097225,20.729395604395606,7.52360189554502,30182,104,42,3,7.142857142857143,3.973918859029906,3661|3663|7098,IRF3|IRF5|TLR3,-0.7377279571117513,0,4,0,0,-5.361308703910972,93.7329192546584,
1,-3.3832396383097225,hsa04620,M1,1,0,KEGG Pathway,24,Toll-like receptor signaling pathway,,-3.3832396383097225,20.729395604395606,7.52360189554502,30182,104,42,3,7.142857142857143,3.973918859029906,3661|3663|7098,IRF3|IRF5|TLR3,-0.7377279571117513,0,4,0,0,-5.361308703910972,93.7329192546584,
1,-3.376604067391601,GO:0051607,M1,1,0,GO Biological Processes,19,defense response to virus,19_GO:0044419 biological process involved in interspecies interaction between organisms,-3.376604067391601,11.361565970261623,6.1781633633672035,30182,253,42,4,9.523809523809524,4.529474910530199,3661|3663|4599|7098,IRF3|IRF5|MX1|TLR3,-0.7377279571117513,0,4,0,0,-5.361308703910972,93.7329192546584,
1,-3.3701463113413768,GO:0140546,M1,1,0,GO Biological Processes,19,defense response to symbiont,19_GO:0044419 biological process involved in interspecies interaction between organisms,-3.3701463113413768,11.316835395575552,6.163740498290248,30182,254,42,4,9.523809523809524,4.529474910530199,3661|3663|4599|7098,IRF3|IRF5|MX1|TLR3,-0.7377279571117513,0,4,0,0,-5.361308703910972,93.7329192546584,
1,-3.245962027926058,GO:0001819,M1,1,0,GO Biological Processes,19,positive regulation of cytokine production,19_GO:0048518 positive regulation of biological process,-3.245962027926058,7.347843022689649,5.282912319315102,30182,489,42,5,11.904761904761905,4.997029675972565,3661|3663|7098|51043|120892,IRF3|IRF5|TLR3|ZBTB7B|LRRK2,-0.6707284727494562,0,4,0,0,-5.361308703910972,93.7329192546584,
1,-2.8645621833477497,hsa05160,M1,1,0,KEGG Pathway,24,Hepatitis C,,-2.8645621833477497,13.731574158325753,5.970493860565215,30182,157,42,3,7.142857142857143,3.973918859029906,3661|4599|7098,IRF3|MX1|TLR3,-0.4192304724752686,0,4,0,0,-5.361308703910972,93.7329192546584,
1,-2.7942203201017772,GO:0009615,M1,1,0,GO Biological Processes,19,response to virus,19_GO:0044419 biological process involved in interspecies interaction between organisms,-2.7942203201017772,7.918667191394464,4.950499820914455,30182,363,42,4,9.523809523809524,4.529474910530199,3661|3663|4599|7098,IRF3|IRF5|MX1|TLR3,-0.3752175479516453,0,4,0,0,-5.361308703910972,93.7329192546584,
1,-2.7942203201017772,GO:0019221,M1,1,0,GO Biological Processes,19,cytokine-mediated signaling pathway,19_GO:0023052 signaling,-2.7942203201017772,7.918667191394464,4.950499820914455,30182,363,42,4,9.523809523809524,4.529474910530199,2185|3661|3663|4599,PTK2B|IRF3|IRF5|MX1,-0.3752175479516453,0,4,0,0,-5.361308703910972,93.7329192546584,
1,-2.758444461903605,hsa05164,M1,1,0,KEGG Pathway,24,Influenza A,,-2.758444461903605,12.607351712614872,5.682125213696452,30182,171,42,3,7.142857142857143,3.973918859029906,3661|4599|7098,IRF3|MX1|TLR3,-0.3594127706840932,0,4,0,0,-5.361308703910972,93.7329192546584,
1,-2.5653515050746942,R-HSA-913531,M1,1,0,Reactome Gene Sets,6,Interferon Signaling,,-2.5653515050746942,10.779285714285715,5.17978420024529,30182,200,42,3,7.142857142857143,3.973918859029906,3661|3663|4599,IRF3|IRF5|MX1,-0.25435630515089325,0,4,0,0,-5.361308703910972,93.7329192546584,
1,-2.479703002614718,R-HSA-1280215,M1,1,0,Reactome Gene Sets,6,Cytokine Signaling in Immune system,,-2.479703002614718,4.922048271363341,4.004394005445343,30182,730,42,5,11.904761904761905,4.997029675972565,2185|2887|3661|3663|4599,PTK2B|GRB10|IRF3|IRF5|MX1,-0.19296915521030017,0,4,0,0,-5.361308703910972,93.7329192546584,
1,-2.4420542693888807,GO:0045087,M1,1,0,GO Biological Processes,19,innate immune response,19_GO:0044419 biological process involved in interspecies interaction between organisms,-2.4420542693888807,4.822946628315757,3.9441137459996547,30182,745,42,5,11.904761904761905,4.997029675972565,3661|3663|4599|5468|7098,IRF3|IRF5|MX1|PPARG|TLR3,-0.17281381757208086,0,4,0,0,-5.361308703910972,93.7329192546584,
1,-2.3844322609819986,hsa05171,M1,1,0,KEGG Pathway,24,Coronavirus disease - COVID-19,,-2.3844322609819986,9.292487684729066,4.733149783203447,30182,232,42,3,7.142857142857143,3.973918859029906,3661|4599|7098,IRF3|MX1|TLR3,-0.12943224827980898,0,4,0,0,-5.361308703910972,93.7329192546584,
1,-4.917832259322245,WP4149,M1,1,0,WikiPathways,27,White fat cell differentiation,,-4.917832259322245,67.37053571428572,14.022533554215851,30182,32,42,3,7.142857142857143,3.973918859029906,1879|3661|5468,EBF1|IRF3|PPARG,-1.4145086014720774,0,5,1,1,-4.917832259322245,67.37053571428572,
1,-4.661827535270994,GO:0010942,M1,1,0,GO Biological Processes,19,positive regulation of cell death,19_GO:0048518 positive regulation of biological process,-4.661827535270994,8.100375738056899,6.674018475953459,30182,621,42,7,16.666666666666668,5.750546327852952,322|3663|4137|4605|5468|7098|120892,APBB1|IRF5|MAPT|MYBL2|PPARG|TLR3|LRRK2,-1.2911300155200973,0,6,1,1,-4.661827535270994,8.100375738056899,
1,-3.957413185174639,GO:0043068,M1,1,0,GO Biological Processes,19,positive regulation of programmed cell death,19_GO:0048518 positive regulation of biological process,-3.957413185174639,7.796951692069234,6.021963041827933,30182,553,42,6,14.285714285714286,5.399492471560389,322|3663|4605|5468|7098|120892,APBB1|IRF5|MYBL2|PPARG|TLR3|LRRK2,-1.0403552514692018,0,6,0,0,-4.661827535270994,8.100375738056899,
1,-3.066732014121735,GO:0043065,M1,1,0,GO Biological Processes,19,positive regulation of apoptotic process,19_GO:0048518 positive regulation of biological process,-3.066732014121735,6.703535891968729,4.973514122410944,30182,536,42,5,11.904761904761905,4.997029675972565,322|3663|4605|5468|7098,APBB1|IRF5|MYBL2|PPARG|TLR3,-0.5508192289635465,0,6,0,0,-4.661827535270994,8.100375738056899,
1,-2.1249552501456166,GO:1903532,M1,1,0,GO Biological Processes,19,positive regulation of secretion by cell,19_GO:0051179 localization,-2.1249552501456166,7.48561507936508,4.1283378603205225,30182,288,42,3,7.142857142857143,3.973918859029906,322|5468|7879,APBB1|PPARG|RAB7A,0.0,0,6,0,0,-4.661827535270994,8.100375738056899,
1,-2.0923560664087337,GO:1903530,M1,1,0,GO Biological Processes,19,regulation of secretion by cell,19_GO:0051179 localization,-2.0923560664087337,5.025308025308025,3.6282546766139783,30182,572,42,4,9.523809523809524,4.529474910530199,322|5468|7879|120892,APBB1|PPARG|RAB7A|LRRK2,0.0,0,6,0,0,-4.661827535270994,8.100375738056899,
1,-2.015314329772455,GO:0051047,M1,1,0,GO Biological Processes,19,positive regulation of secretion,19_GO:0051179 localization,-2.015314329772455,6.822332730560579,3.8839342153350658,30182,316,42,3,7.142857142857143,3.973918859029906,322|5468|7879,APBB1|PPARG|RAB7A,0.0,0,6,0,0,-4.661827535270994,8.100375738056899,
1,-4.639551713384522,GO:0007167,M1,1,0,GO Biological Processes,19,enzyme-linked receptor protein signaling pathway,19_GO:0023052 signaling,-4.639551713384522,8.035676251331205,6.6403354410500555,30182,626,42,7,16.666666666666668,5.750546327852952,2185|2887|5468|8820|9863|10818|57091,PTK2B|GRB10|PPARG|HESX1|MAGI2|FRS2|CASS4,-1.2911300155200973,0,7,1,1,-4.639551713384522,8.035676251331205,
1,-2.5795992054614407,GO:0007169,M1,1,0,GO Biological Processes,19,transmembrane receptor protein tyrosine kinase signaling pathway,19_GO:0023052 signaling,-2.5795992054614407,6.909798534798535,4.530842196411477,30182,416,42,4,9.523809523809524,4.529474910530199,2185|2887|10818|57091,PTK2B|GRB10|FRS2|CASS4,-0.26056128528222566,0,7,0,0,-4.639551713384522,8.035676251331205,
1,-2.0767799213613216,R-HSA-9675108,M1,1,0,Reactome Gene Sets,6,Nervous system development,,-2.0767799213613216,4.973142198055693,3.6003329405589994,30182,578,42,4,9.523809523809524,4.529474910530199,287|2887|5454|10818,ANK2|GRB10|POU3F2|FRS2,0.0,0,7,0,0,-4.639551713384522,8.035676251331205,
1,-4.150176031297444,GO:0071407,M1,1,0,GO Biological Processes,19,cellular response to organic cyclic compound,19_GO:0050896 response to stimulus,-4.150176031297444,8.454341736694678,6.337833276633451,30182,510,42,6,14.285714285714286,5.399492471560389,2100|2729|3661|7098|8289|120892,ESR2|GCLC|IRF3|TLR3|ARID1A|LRRK2,-1.0906964101054515,0,8,1,1,-4.150176031297444,19.422136422136425,
1,-4.00681829896653,GO:2000058,M1,1,0,GO Biological Processes,19,regulation of ubiquitin-dependent protein catabolic process,19_GO:0008152 metabolic process,-4.00681829896653,16.615469309110928,7.689040789291231,30182,173,42,4,9.523809523809524,4.529474910530199,2185|2272|2729|120892,PTK2B|FHIT|GCLC|LRRK2,-1.0733699490729232,0,8,0,0,-4.150176031297444,19.422136422136425,
1,-3.6029670786598413,GO:1901699,M1,1,0,GO Biological Processes,19,cellular response to nitrogen compound,19_GO:0050896 response to stimulus,-3.6029670786598413,6.705620973117086,5.459216827753134,30182,643,42,6,14.285714285714286,5.399492471560389,2729|2887|3661|5468|7098|120892,GCLC|GRB10|IRF3|PPARG|TLR3|LRRK2,-0.8608584929779814,0,8,0,0,-4.150176031297444,19.422136422136425,
1,-3.5331857951257737,GO:1903050,M1,1,0,GO Biological Processes,19,regulation of proteolysis involved in protein catabolic process,19_GO:0008152 metabolic process,-3.5331857951257737,12.497722567287784,6.534053160677272,30182,230,42,4,9.523809523809524,4.529474910530199,2185|2272|2729|120892,PTK2B|FHIT|GCLC|LRRK2,-0.8080133876592495,0,8,0,0,-4.150176031297444,19.422136422136425,
1,-3.300504075382415,GO:2000060,M1,1,0,GO Biological Processes,19,positive regulation of ubiquitin-dependent protein catabolic process,19_GO:0048518 positive regulation of biological process,-3.300504075382415,19.422136422136425,7.2585083711282286,30182,111,42,3,7.142857142857143,3.973918859029906,2185|2729|120892,PTK2B|GCLC|LRRK2,-0.7002704045241909,0,8,0,0,-4.150176031297444,19.422136422136425,
1,-3.034950291570963,GO:1903052,M1,1,0,GO Biological Processes,19,positive regulation of proteolysis involved in protein catabolic process,19_GO:0048518 positive regulation of biological process,-3.034950291570963,15.736183524504694,6.453258095302754,30182,137,42,3,7.142857142857143,3.973918859029906,2185|2729|120892,PTK2B|GCLC|LRRK2,-0.5377869424256138,0,8,0,0,-4.150176031297444,19.422136422136425,
1,-2.998857061654459,GO:0032434,M1,1,0,GO Biological Processes,19,regulation of proteasomal ubiquitin-dependent protein catabolic process,19_GO:0008152 metabolic process,-2.998857061654459,15.289766970618036,6.34888329826197,30182,141,42,3,7.142857142857143,3.973918859029906,2272|2729|120892,FHIT|GCLC|LRRK2,-0.5137582239104903,0,8,0,0,-4.150176031297444,19.422136422136425,
1,-2.802987911654206,GO:0042176,M1,1,0,GO Biological Processes,19,regulation of protein catabolic process,19_GO:0008152 metabolic process,-2.802987911654206,7.96253792375676,4.967980782250405,30182,361,42,4,9.523809523809524,4.529474910530199,2272|2729|7879|120892,FHIT|GCLC|RAB7A|LRRK2,-0.3752175479516453,0,8,0,0,-4.150176031297444,19.422136422136425,
1,-2.602732399835926,GO:0061136,M1,1,0,GO Biological Processes,19,regulation of proteasomal protein catabolic process,19_GO:0008152 metabolic process,-2.602732399835926,11.112665684830635,5.274880166393998,30182,194,42,3,7.142857142857143,3.973918859029906,2272|2729|120892,FHIT|GCLC|LRRK2,-0.2608324386088229,0,8,0,0,-4.150176031297444,19.422136422136425,
1,-2.587132388828259,GO:0050727,M1,1,0,GO Biological Processes,19,regulation of inflammatory response,19_GO:0050896 response to stimulus,-2.587132388828259,6.943179204048769,4.545315162151302,30182,414,42,4,9.523809523809524,4.529474910530199,3661|5468|7098|120892,IRF3|PPARG|TLR3|LRRK2,-0.26056128528222566,0,8,0,0,-4.150176031297444,19.422136422136425,
1,-2.5114792448614263,GO:0045732,M1,1,0,GO Biological Processes,19,positive regulation of protein catabolic process,19_GO:0048518 positive regulation of biological process,-2.5114792448614263,10.315105946684895,5.044471455158342,30182,209,42,3,7.142857142857143,3.973918859029906,2729|7879|120892,GCLC|RAB7A|LRRK2,-0.2122755696671833,0,8,0,0,-4.150176031297444,19.422136422136425,
1,-2.454474324567617,GO:1901215,M1,1,0,GO Biological Processes,19,negative regulation of neuron death,19_GO:0048519 negative regulation of biological process,-2.454474324567617,9.844096542726682,4.9034609257007,30182,219,42,3,7.142857142857143,3.973918859029906,2185|2729|120892,PTK2B|GCLC|LRRK2,-0.18159958809572316,0,8,0,0,-4.150176031297444,19.422136422136425,
1,-2.348408068285037,GO:0051051,M1,1,0,GO Biological Processes,19,negative regulation of transport,19_GO:0051179 localization,-2.348408068285037,5.95129646061323,4.094882238297272,30182,483,42,4,9.523809523809524,4.529474910530199,2185|2887|7879|120892,PTK2B|GRB10|RAB7A|LRRK2,-0.10035691553817508,0,8,0,0,-4.150176031297444,19.422136422136425,
1,-2.1787711594466073,GO:0009896,M1,1,0,GO Biological Processes,19,positive regulation of catabolic process,19_GO:0048518 positive regulation of biological process,-2.1787711594466073,5.32310405643739,3.784065554018489,30182,540,42,4,9.523809523809524,4.529474910530199,2185|2729|7879|120892,PTK2B|GCLC|RAB7A|LRRK2,0.0,0,8,0,0,-4.150176031297444,19.422136422136425,
1,-2.162122839298592,GO:0055082,M1,1,0,GO Biological Processes,19,cellular chemical homeostasis,19_GO:0042592 homeostatic process,-2.162122839298592,5.26460840746555,3.7539243895838106,30182,546,42,4,9.523809523809524,4.529474910530199,287|2729|7879|120892,ANK2|GCLC|RAB7A|LRRK2,0.0,0,8,0,0,-4.150176031297444,19.422136422136425,
1,-2.0436707993988565,GO:0044057,M1,1,0,GO Biological Processes,19,regulation of system process,19_GO:0032501 multicellular organismal process,-2.0436707993988565,4.863749899282894,3.5411372523833746,30182,591,42,4,9.523809523809524,4.529474910530199,287|2185|5468|120892,ANK2|PTK2B|PPARG|LRRK2,0.0,0,8,0,0,-4.150176031297444,19.422136422136425,
1,-2.007899437175256,GO:0071496,M1,1,0,GO Biological Processes,19,cellular response to external stimulus,19_GO:0050896 response to stimulus,-2.007899437175256,6.779424977538186,3.8676221248506994,30182,318,42,3,7.142857142857143,3.973918859029906,2729|7098|120892,GCLC|TLR3|LRRK2,0.0,0,8,0,0,-4.150176031297444,19.422136422136425,
1,-4.138088112305895,GO:0030522,M1,1,0,GO Biological Processes,19,intracellular receptor signaling pathway,19_GO:0023052 signaling,-4.138088112305895,17.96547619047619,8.032043815437031,30182,160,42,4,9.523809523809524,4.529474910530199,2100|3661|5468|8289,ESR2|IRF3|PPARG|ARID1A,-1.0906964101054515,0,9,1,1,-4.138088112305895,19.961640211640216,
1,-3.335274713843466,WP4321,M1,1,0,WikiPathways,27,Thermogenesis,,-3.335274713843466,19.961640211640216,7.369058694871672,30182,108,42,3,7.142857142857143,3.973918859029906,5468|8289|10818,PPARG|ARID1A|FRS2,-0.71924677580201,0,9,0,0,-4.138088112305895,19.961640211640216,
1,-3.2885987721632306,R-HSA-1257604,M1,1,0,Reactome Gene Sets,6,PIP3 activates AKT signaling,,-3.2885987721632306,10.765828428749776,5.9832899751852775,30182,267,42,4,9.523809523809524,4.529474910530199,1912|2100|5468|10818,PHC2|ESR2|PPARG|FRS2,-0.6960519299712973,0,9,0,0,-4.138088112305895,19.961640211640216,
1,-3.1203884719851405,GO:0009755,M1,1,0,GO Biological Processes,19,hormone-mediated signaling pathway,19_GO:0023052 signaling,-3.1203884719851405,16.84263392857143,6.705035242018183,30182,128,42,3,7.142857142857143,3.973918859029906,2100|5468|8289,ESR2|PPARG|ARID1A,-0.5848801307635714,0,9,0,0,-4.138088112305895,19.961640211640216,
1,-3.05177092615922,R-HSA-9006925,M1,1,0,Reactome Gene Sets,6,Intracellular signaling by second messengers,,-3.05177092615922,9.302511943288643,5.476072170406989,30182,309,42,4,9.523809523809524,4.529474910530199,1912|2100|5468|10818,PHC2|ESR2|PPARG|FRS2,-0.5484472683090521,0,9,0,0,-4.138088112305895,19.961640211640216,
1,-2.715761761222198,GO:0010469,M1,1,0,GO Biological Processes,19,regulation of signaling receptor activity,19_GO:0023052 signaling,-2.715761761222198,12.179983857949962,5.568661610339977,30182,177,42,3,7.142857142857143,3.973918859029906,2100|2185|5468,ESR2|PTK2B|PPARG,-0.33052106509384044,0,9,0,0,-4.138088112305895,19.961640211640216,
1,-2.4067814385120996,GO:0051090,M1,1,0,GO Biological Processes,19,regulation of DNA-binding transcription factor activity,19_GO:0008152 metabolic process,-2.4067814385120996,6.181669226830517,4.203523836098375,30182,465,42,4,9.523809523809524,4.529474910530199,2100|5468|7098|120892,ESR2|PPARG|TLR3|LRRK2,-0.14471957132242314,0,9,0,0,-4.138088112305895,19.961640211640216,
1,-2.3844322609819986,hsa04714,M1,1,0,KEGG Pathway,24,Thermogenesis,,-2.3844322609819986,9.292487684729066,4.733149783203447,30182,232,42,3,7.142857142857143,3.973918859029906,5468|8289|10818,PPARG|ARID1A|FRS2,-0.12943224827980898,0,9,0,0,-4.138088112305895,19.961640211640216,
1,-2.215587750355337,GO:0071396,M1,1,0,GO Biological Processes,19,cellular response to lipid,19_GO:0050896 response to stimulus,-2.215587750355337,5.454414023673985,3.8509400538363425,30182,527,42,4,9.523809523809524,4.529474910530199,2100|2185|3661|8289,ESR2|PTK2B|IRF3|ARID1A,0.0,0,9,0,0,-4.138088112305895,19.961640211640216,
1,-2.197432424229726,GO:0051091,M1,1,0,GO Biological Processes,19,positive regulation of DNA-binding transcription factor activity,19_GO:0008152 metabolic process,-2.197432424229726,7.955192409066949,4.293368462092233,30182,271,42,3,7.142857142857143,3.973918859029906,2100|5468|7098,ESR2|PPARG|TLR3,0.0,0,9,0,0,-4.138088112305895,19.961640211640216,
1,-2.9900023428994573,WP2858,M1,1,0,WikiPathways,27,Ectoderm differentiation,,-2.9900023428994573,15.182092555331995,6.323453907158615,30182,142,42,3,7.142857142857143,3.973918859029906,7593|8820|51043,MZF1|HESX1|ZBTB7B,-0.5108123647660089,0,10,1,1,-2.9900023428994573,15.182092555331995,
1,-2.656816320460319,GO:0030900,M1,1,0,GO Biological Processes,19,forebrain development,19_GO:0032502 developmental process,-2.656816320460319,7.258778258778259,4.68005438149938,30182,396,42,4,9.523809523809524,4.529474910530199,5454|8820|10818|120892,POU3F2|HESX1|FRS2|LRRK2,-0.2906658556354626,0,10,0,0,-2.9900023428994573,15.182092555331995,
1,-2.572106431954499,GO:0048732,M1,1,0,GO Biological Processes,19,gland development,19_GO:0032502 developmental process,-2.572106431954499,6.876737297789929,4.5164645328583,30182,418,42,4,9.523809523809524,4.529474910530199,5454|8820|10818|51043,POU3F2|HESX1|FRS2|ZBTB7B,-0.25710848957702415,0,10,0,0,-2.9900023428994573,15.182092555331995,
1,-2.1126553219482727,GO:0048608,M1,1,0,GO Biological Processes,19,reproductive structure development,19_GO:0022414 reproductive process,-2.1126553219482727,7.40844378988709,4.100612067781861,30182,291,42,3,7.142857142857143,3.973918859029906,7098|8820|10818,TLR3|HESX1|FRS2,0.0,0,10,0,0,-2.9900023428994573,15.182092555331995,
1,-2.096471568079105,GO:0061458,M1,1,0,GO Biological Processes,19,reproductive system development,19_GO:0032502 developmental process,-2.096471568079105,7.3079903147699765,4.064252653295875,30182,295,42,3,7.142857142857143,3.973918859029906,7098|8820|10818,TLR3|HESX1|FRS2,0.0,0,10,0,0,-2.9900023428994573,15.182092555331995,
1,-2.8814789767426974,GO:0032989,M1,1,0,GO Biological Processes,19,cellular component morphogenesis,19_GO:0032502 developmental process,-2.8814789767426974,6.089991928974981,4.660964275446655,30182,590,42,5,11.904761904761905,4.997029675972565,287|322|51347|80206|120892,ANK2|APBB1|TAOK3|FHOD3|LRRK2,-0.4306843701687142,0,11,1,1,-2.8814789767426974,6.089991928974981,
1,-2.825549819705489,WP437,M1,1,0,WikiPathways,27,EGF/EGFR signaling pathway,,-2.825549819705489,13.307760141093476,5.863420230705859,30182,162,42,3,7.142857142857143,3.973918859029906,2185|2887|4605,PTK2B|GRB10|MYBL2,-0.390941974224781,0,12,1,1,-2.825549819705489,13.307760141093476,
1,-2.454474324567617,GO:0043523,M1,1,0,GO Biological Processes,19,regulation of neuron apoptotic process,19_GO:0050789 regulation of biological process,-2.454474324567617,9.844096542726682,4.9034609257007,30182,219,42,3,7.142857142857143,3.973918859029906,2185|2729|4605,PTK2B|GCLC|MYBL2,-0.18159958809572316,0,12,0,0,-2.825549819705489,13.307760141093476,
1,-2.5461944070870213,GO:0006897,M1,1,0,GO Biological Processes,19,endocytosis,19_GO:0051179 localization,-2.5461944070870213,6.763473389355742,4.466877255389695,30182,425,42,4,9.523809523809524,4.529474910530199,287|7879|9863|120892,ANK2|RAB7A|MAGI2|LRRK2,-0.23916539438082163,0,13,1,1,-2.5461944070870213,7.644883485309018,
1,-2.149984736665932,GO:0016055,M1,1,0,GO Biological Processes,19,Wnt signaling pathway,19_GO:0023052 signaling,-2.149984736665932,7.644883485309018,4.185006762383451,30182,282,42,3,7.142857142857143,3.973918859029906,8820|9863|120892,HESX1|MAGI2|LRRK2,0.0,0,13,0,0,-2.5461944070870213,7.644883485309018,
1,-2.149984736665932,GO:0198738,M1,1,0,GO Biological Processes,19,cell-cell signaling by wnt,19_GO:0023052 signaling,-2.149984736665932,7.644883485309018,4.185006762383451,30182,282,42,3,7.142857142857143,3.973918859029906,8820|9863|120892,HESX1|MAGI2|LRRK2,0.0,0,13,0,0,-2.5461944070870213,7.644883485309018,
1,-2.1214134464386536,GO:1902532,M1,1,0,GO Biological Processes,19,negative regulation of intracellular signal transduction,19_GO:0023052 signaling,-2.1214134464386536,5.1238434767846535,3.6804725198153476,30182,561,42,4,9.523809523809524,4.529474910530199,5468|9863|51347|120892,PPARG|MAGI2|TAOK3|LRRK2,0.0,0,13,0,0,-2.5461944070870213,7.644883485309018,
1,-2.129453423987656,GO:0097435,M1,1,0,GO Biological Processes,19,supramolecular fiber organization,19_GO:0009987 cellular process,-2.129453423987656,5.151391022358764,3.6949513589173946,30182,558,42,4,9.523809523809524,4.529474910530199,2185|4137|57091|80206,PTK2B|MAPT|CASS4|FHOD3,0.0,0,14,1,1,-2.129453423987656,6.758172861621138,
1,-2.0487086832886985,GO:0030029,M1,1,0,GO Biological Processes,19,actin filament-based process,19_GO:0009987 cellular process,-2.0487086832886985,4.880265179076724,3.550131096937406,30182,589,42,4,9.523809523809524,4.529474910530199,287|2185|57091|80206,ANK2|PTK2B|CASS4|FHOD3,0.0,0,14,0,0,-2.129453423987656,6.758172861621138,
1,-2.004211452200365,GO:0140694,M1,1,0,GO Biological Processes,19,non-membrane-bounded organelle assembly,19_GO:0009987 cellular process,-2.004211452200365,6.758172861621138,3.8595187633773644,30182,319,42,3,7.142857142857143,3.973918859029906,4137|4605|80206,MAPT|MYBL2|FHOD3,0.0,0,14,0,0,-2.129453423987656,6.758172861621138,
1,-2.023717477349647,GO:0006351,M1,1,0,GO Biological Processes,19,DNA-templated transcription,19_GO:0008152 metabolic process,-2.023717477349647,4.798791636855076,3.505561669140721,30182,599,42,4,9.523809523809524,4.529474910530199,4782|5468|10915|51043,NFIC|PPARG|TCERG1|ZBTB7B,0.0,0,15,1,1,-2.023717477349647,4.798791636855076,
1,-2.018778035066269,GO:0097659,M1,1,0,GO Biological Processes,19,nucleic acid-templated transcription,19_GO:0008152 metabolic process,-2.018778035066269,4.78282228032644,3.4967660944471963,30182,601,42,4,9.523809523809524,4.529474910530199,4782|5468|10915|51043,NFIC|PPARG|TCERG1|ZBTB7B,0.0,0,15,0,0,-2.023717477349647,4.798791636855076,
