_MEMBER_MyList,_LogP_MyList,GO,_PATTERN_,_RANK_,GiniIndex,Category,CategoryID,Description,PARENT_GO,LogP,Enrichment,Z-score,#TotalGeneInLibrary,#GeneInGO,#GeneInHitList,#GeneInGOAndHitList,%InGO,STDV %InGO,GeneID,Hits,Log(q-value),EvidenceCutoff
1,-3.9,M41690,M1,1,0,Cell Type Signatures,7,TRAVAGLINI LUNG BASOPHIL MAST 2 CELL,,-3.9,3.9,4.9,30169,502,170,11,6.5,1.9,2182|4129|4144|5573|5743|6421|10914|10979|50863|55824|79772,ACSL4|MAOB|MAT2A|PRKAR1A|PTGS2|SFPQ|PAPOLA|FERMT2|NTM|PAG1|MCTP1,-1.5,0
1,-3.7,M41689,M1,1,0,Cell Type Signatures,7,TRAVAGLINI LUNG BASOPHIL MAST 1 CELL,,-3.7,5.1,5.2,30169,276,170,8,4.7,1.6,644|2182|4129|5743|9495|10979|50863|55819,BLVRA|ACSL4|MAOB|PTGS2|AKAP5|FERMT2|NTM|RNF130,-1.4,0
1,-3.7,M39070,M1,1,0,Cell Type Signatures,7,MANNO MIDBRAIN NEUROTYPES HNBGABA,,-3.7,3.3,4.6,30169,703,170,13,7.6,2,2182|3746|5532|5662|6091|9348|9788|23648|26038|26047|50863|57657|152330,ACSL4|KCNC1|PPP3CB|PSD|ROBO1|NDST3|MTSS1|SSBP3|CHD5|CNTNAP2|NTM|HCN3|CNTN4,-1.4,0
1,-3.6,M39052,M1,1,0,Cell Type Signatures,7,MANNO MIDBRAIN NEUROTYPES HOPC,,-3.6,4.4,4.9,30169,366,170,9,5.3,1.7,580|894|4035|5270|5662|23237|50863|79772|152503,BARD1|CCND2|LRP1|SERPINE2|PSD|ARC|NTM|MCTP1|SH3D19,-1.4,0
1,-3.5,M39115,M1,1,0,Cell Type Signatures,7,AIZARANI LIVER C11 HEPATOCYTES 1,,-3.5,4.8,4.9,30169,298,170,8,4.7,1.6,217|341|664|1962|4129|4485|5446|10171,ALDH2|APOC1|BNIP3|EHHADH|MAOB|MST1|PON3|RCL1,-1.3,0
1,-3.3,M39175,M1,1,0,Cell Type Signatures,7,MURARO PANCREAS MESENCHYMAL STROMAL CELL,,-3.3,3.1,4.2,30169,680,170,12,7.1,2,857|2182|3399|3720|4312|5328|5743|9475|10979|51621|55824|92140,CAV1|ACSL4|ID3|JARID2|MMP1|PLAU|PTGS2|ROCK2|FERMT2|KLF13|PAG1|MTDH,-1.2,0
1,-2.9,M39066,M1,1,0,Cell Type Signatures,7,MANNO MIDBRAIN NEUROTYPES HNBML5,,-2.9,3.4,4,30169,465,170,9,5.3,1.7,321|1741|2571|3746|6091|23648|26047|57657|389206,APBA2|DLG3|GAD1|KCNC1|ROBO1|SSBP3|CNTNAP2|HCN3|BEND4,-0.91,0
1,-2.8,M41677,M1,1,0,Cell Type Signatures,7,TRAVAGLINI LUNG LIPOFIBROBLAST CELL,,-2.8,6.1,4.6,30169,146,170,5,2.9,1.3,2182|2627|4144|5270|10253,ACSL4|GATA6|MAT2A|SERPINE2|SPRY2,-0.89,0
1,-2.7,M40025,M1,1,0,Cell Type Signatures,7,BUSSLINGER DUODENAL DIFFERENTIATING STEM CELLS,,-2.7,4.1,4.1,30169,305,170,7,4.1,1.5,217|351|894|1755|6421|10452|10576,ALDH2|APP|CCND2|DMBT1|SFPQ|TOMM40|CCT2,-0.84,0
1,-2.7,M39118,M1,1,0,Cell Type Signatures,7,AIZARANI LIVER C14 HEPATOCYTES 2,,-2.7,4.7,4.2,30169,226,170,6,3.5,1.4,217|341|664|1962|4485|5446,ALDH2|APOC1|BNIP3|EHHADH|MST1|PON3,-0.83,0
1,-2.7,M40024,M1,1,0,Cell Type Signatures,7,BUSSLINGER DUODENAL STEM CELLS,,-2.7,4,4,30169,311,170,7,4.1,1.5,351|894|1755|6421|6938|10914|152503,APP|CCND2|DMBT1|SFPQ|TCF12|PAPOLA|SH3D19,-0.82,0
1,-2.7,M39055,M1,1,0,Cell Type Signatures,7,MANNO MIDBRAIN NEUROTYPES HRGL2A,,-2.7,3,3.6,30169,600,170,10,5.9,1.8,421|4035|4753|5270|10253|54768|55824|57801|79772|143686,ARVCF|LRP1|NELL2|SERPINE2|SPRY2|HYDIN|PAG1|HES4|MCTP1|SESN3,-0.78,0
1,-2.5,M41705,M1,1,0,Cell Type Signatures,7,FAN OVARY CL3 MATURE CUMULUS GRANULOSA CELL 1,,-2.5,4.2,3.8,30169,254,170,6,3.5,1.4,894|2182|3339|3399|4129|5270,CCND2|ACSL4|HSPG2|ID3|MAOB|SERPINE2,-0.68,0
1,-2.5,M39245,M1,1,0,Cell Type Signatures,7,LAKE ADULT KIDNEY C26 MESANGIAL CELLS,,-2.5,5,4,30169,177,170,5,2.9,1.3,6091|9475|9788|23500|152503,ROBO1|ROCK2|MTSS1|DAAM2|SH3D19,-0.68,0
1,-2.5,M41745,M1,1,0,Cell Type Signatures,7,RUBENSTEIN SKELETAL MUSCLE FAP CELLS,,-2.5,5,4,30169,179,170,5,2.9,1.3,351|3339|4035|8082|23471,APP|HSPG2|LRP1|SSPN|TRAM1,-0.66,0
1,-2.3,M39176,M1,1,0,Cell Type Signatures,7,MURARO PANCREAS ENDOTHELIAL CELL,,-2.3,3.4,3.5,30169,362,170,7,4.1,1.5,351|857|3399|4312|10723|51225|51621,APP|CAV1|ID3|MMP1|SLC12A7|ABI3|KLF13,-0.6,0
1,-2.3,M39018,M1,1,0,Cell Type Signatures,7,FAN EMBRYONIC CTX BIG GROUPS BRAIN ENDOTHELIAL,,-2.3,3.4,3.5,30169,365,170,7,4.1,1.5,857|2762|3399|6513|10723|10979|23037,CAV1|GMDS|ID3|SLC2A1|SLC12A7|FERMT2|PDZD2,-0.59,0
1,-2.3,M39050,M1,1,0,Cell Type Signatures,7,MANNO MIDBRAIN NEUROTYPES HPERIC,,-2.3,2.5,3.1,30169,795,170,11,6.5,1.9,3399|4035|5573|5743|10723|10979|23037|23500|55824|57801|256364,ID3|LRP1|PRKAR1A|PTGS2|SLC12A7|FERMT2|PDZD2|DAAM2|PAG1|HES4|EML3,-0.56,0
1,-2.2,M40286,M1,1,0,Cell Type Signatures,7,DESCARTES FETAL PLACENTA MEGAKARYOCYTES,,-2.2,4.4,3.7,30169,200,170,5,2.9,1.3,1111|11235|79707|79772|200312,CHEK1|PDCD10|NOL9|MCTP1|RNF215,-0.56,0
1,-2.2,M41697,M1,1,0,Cell Type Signatures,7,TRAVAGLINI LUNG EREG DENDRITIC CELL,,-2.2,2.8,3.2,30169,579,170,9,5.3,1.7,334|3399|3720|4144|5328|6421|55573|55819|56172,APLP2|ID3|JARID2|MAT2A|PLAU|SFPQ|CDV3|RNF130|ANKH,-0.56,0
1,-2.2,M41673,M1,1,0,Cell Type Signatures,7,TRAVAGLINI LUNG MYOFIBROBLAST CELL,,-2.2,8.2,4.4,30169,65,170,3,1.8,1,217|6091|50863,ALDH2|ROBO1|NTM,-0.55,0
1,-2.2,M41703,M1,1,0,Cell Type Signatures,7,FAN OVARY CL1 GPRC5A TNFRS12A HIGH SELECTABLE FOLLICLE STROMAL CELL,,-2.2,3.3,3.4,30169,380,170,7,4.1,1.5,351|857|4144|6421|10452|10576|92140,APP|CAV1|MAT2A|SFPQ|TOMM40|CCT2|MTDH,-0.55,0
1,-2.2,M39271,M1,1,0,Cell Type Signatures,7,HU FETAL RETINA RPE,,-2.2,3.6,3.4,30169,292,170,6,3.5,1.4,334|351|894|3399|6513|143686,APLP2|APP|CCND2|ID3|SLC2A1|SESN3,-0.53,0
1,-2.2,M41659,M1,1,0,Cell Type Signatures,7,TRAVAGLINI LUNG ALVEOLAR EPITHELIAL TYPE 1 CELL,,-2.2,3.2,3.3,30169,391,170,7,4.1,1.5,334|857|3339|5743|10979|23037|50863,APLP2|CAV1|HSPG2|PTGS2|FERMT2|PDZD2|NTM,-0.51,0
1,-2.1,M39040,M1,1,0,Cell Type Signatures,7,FAN EMBRYONIC CTX BRAIN ENDOTHELIAL 2,,-2.1,3.5,3.3,30169,303,170,6,3.5,1.4,2762|10723|10979|23037|50863|57801,GMDS|SLC12A7|FERMT2|PDZD2|NTM|HES4,-0.48,0
1,-2.1,M39161,M1,1,0,Cell Type Signatures,7,GAO LARGE INTESTINE ADULT CA ENTEROENDOCRINE CELLS,,-2.1,3.4,3.2,30169,312,170,6,3.5,1.4,421|664|3746|23237|57415|121551,ARVCF|BNIP3|KCNC1|ARC|C3orf14|ABTB3,-0.44,0
1,-2.1,M39174,M1,1,0,Cell Type Signatures,7,MURARO PANCREAS ACINAR CELL,,-2.1,2.4,2.9,30169,731,170,10,5.9,1.8,217|894|2182|2627|8664|9317|10723|11252|23471|55573,ALDH2|CCND2|ACSL4|GATA6|EIF3D|PTER|SLC12A7|PACSIN2|TRAM1|CDV3,-0.44,0
1,-2.1,M39294,M1,1,0,Cell Type Signatures,7,DURANTE ADULT OLFACTORY NEUROEPITHELIUM MAST CELLS,,-2.1,7.1,4,30169,75,170,3,1.8,1,2182|4129|5743,ACSL4|MAOB|PTGS2,-0.44,0
1,-2,M40001,M1,1,0,Cell Type Signatures,7,BUSSLINGER ESOPHAGEAL QUIESCENT BASAL CELLS,,-2,6.9,3.9,30169,77,170,3,1.8,1,351|857|5270,APP|CAV1|SERPINE2,-0.42,0
1,-2,M40158,M1,1,0,Cell Type Signatures,7,DESCARTES FETAL CEREBELLUM VASCULAR ENDOTHELIAL CELLS,,-2,2.5,2.9,30169,632,170,9,5.3,1.7,857|3339|3399|4843|6513|10723|23171|23500|51621,CAV1|HSPG2|ID3|NOS2|SLC2A1|SLC12A7|GPD1L|DAAM2|KLF13,-0.4,0
