_MEMBER_MyList,_LogP_MyList,GO,_PATTERN_,_RANK_,GiniIndex,Category,CategoryID,Description,PARENT_GO,LogP,Enrichment,Z-score,#TotalGeneInLibrary,#GeneInGO,#GeneInHitList,#GeneInGOAndHitList,%InGO,STDV %InGO,GeneID,Hits,Log(q-value),EvidenceCutoff
1,-4.5,TRR00342,M1,1,0,TRRUST,34,Regulated by: FOS,,-4.5,14,7.8,30169,64,170,5,2.9,1.3,2072|4312|4843|5328|5743,ERCC4|MMP1|NOS2|PLAU|PTGS2,-1.9,0
1,-4.3,TRR00645,M1,1,0,TRRUST,34,Regulated by: JUN,,-4.3,7.3,6.2,30169,171,170,7,4.1,1.5,351|1962|4144|4312|4843|5328|5743,APP|EHHADH|MAT2A|MMP1|NOS2|PLAU|PTGS2,-1.8,0
1,-3.7,TRR01256,M1,1,0,TRRUST,34,Regulated by: SP1,,-3.7,3.7,4.7,30169,523,170,11,6.5,1.9,102|351|857|894|1302|1642|4129|4144|5328|5743|10253,ADAM10|APP|CAV1|CCND2|COL11A2|DDB1|MAOB|MAT2A|PLAU|PTGS2|SPRY2,-1.4,0
1,-3.6,TRR00284,M1,1,0,TRRUST,34,Regulated by: ETV4,,-3.6,24,8.2,30169,22,170,3,1.8,1,894|4312|5743,CCND2|MMP1|PTGS2,-1.3,0
1,-3.4,TRR00780,M1,1,0,TRRUST,34,Regulated by: MYC,,-3.4,8,5.6,30169,111,170,5,2.9,1.3,894|1111|2033|4485|92140,CCND2|CHEK1|EP300|MST1|MTDH,-1.2,0
1,-2.7,TRR01275,M1,1,0,TRRUST,34,Regulated by: STAT1,,-2.7,7.5,4.8,30169,95,170,4,2.4,1.2,351|4843|5743|6597,APP|NOS2|PTGS2|SMARCA4,-0.8,0
1,-2.6,TRR00253,M1,1,0,TRRUST,34,Regulated by: EGR1,,-2.6,7.2,4.6,30169,99,170,4,2.4,1.2,894|2033|5328|5743,CCND2|EP300|PLAU|PTGS2,-0.76,0
1,-2.5,TRR01158,M1,1,0,TRRUST,34,Regulated by: RELA,,-2.5,3.7,3.8,30169,333,170,7,4.1,1.5,894|1234|4144|4312|4843|5328|5743,CCND2|CCR5|MAT2A|MMP1|NOS2|PLAU|PTGS2,-0.71,0
1,-2.5,TRR01419,M1,1,0,TRRUST,34,Regulated by: TP53,,-2.5,5.1,4.1,30169,175,170,5,2.9,1.3,857|1111|1642|4312|6513,CAV1|CHEK1|DDB1|MMP1|SLC2A1,-0.69,0
1,-2.5,TRR00875,M1,1,0,TRRUST,34,Regulated by: NFKB1,,-2.5,3.7,3.7,30169,339,170,7,4.1,1.5,894|1234|4144|4312|4843|5328|5743,CCND2|CCR5|MAT2A|MMP1|NOS2|PLAU|PTGS2,-0.69,0
1,-2.2,TRR01259,M1,1,0,TRRUST,34,Regulated by: SP3,,-2.2,5.6,3.9,30169,126,170,4,2.4,1.2,1302|4129|4144|10858,COL11A2|MAOB|MAT2A|CYP46A1,-0.56,0
1,-2,TRR01062,M1,1,0,TRRUST,34,Regulated by: PPARG,,-2,6.9,3.9,30169,77,170,3,1.8,1,857|4312|5743,CAV1|MMP1|PTGS2,-0.42,0
