_MEMBER_MyList,_LogP_MyList,GO,_PATTERN_,_RANK_,GiniIndex,Category,CategoryID,Description,PARENT_GO,LogP,Enrichment,Z-score,#TotalGeneInLibrary,#GeneInGO,#GeneInHitList,#GeneInGOAndHitList,%InGO,STDV %InGO,GeneID,Hits,Log(q-value),EvidenceCutoff
1,-3.4,M39095,M1,1,0,Cell Type Signatures,7,ZHONG PFC C8 UNKNOWN NEUROD2 POS INTERNEURON,,-3.4,12,6.3,30169,84,121,4,3.3,1.6,826|3300|3983|4504,CAPNS1|DNAJB2|ABLIM1|MT3,-1.2,0
1,-3.1,M39045,M1,1,0,Cell Type Signatures,7,FAN EMBRYONIC CTX BRAIN B CELL,,-3.1,10,5.7,30169,100,121,4,3.3,1.6,962|4063|5142|5880,CD48|LY9|PDE4B|RAC2,-1,0
1,-3,M39165,M1,1,0,Cell Type Signatures,7,GAO LARGE INTESTINE ADULT CH MKI67HIGH CELLS,,-3,9.3,5.5,30169,107,121,4,3.3,1.6,9088|9156|25886|284348,PKMYT1|EXO1|POC1A|LYPD5,-0.95,0
1,-2.7,M39070,M1,1,0,Cell Type Signatures,7,MANNO MIDBRAIN NEUROTYPES HNBGABA,,-2.7,3.2,3.7,30169,703,121,9,7.4,2.4,3479|5332|9465|9829|10867|26047|57730|139728|149076,IGF1|PLCB4|AKAP7|DNAJC6|TSPAN9|CNTNAP2|ANKRD36B|PNCK|ZNF362,-0.73,0
1,-2.6,M40010,M1,1,0,Cell Type Signatures,7,BUSSLINGER GASTRIC ISTHMUS CELLS,,-2.6,3.8,3.8,30169,458,121,7,5.8,2.1,550|826|3688|3983|5595|5874|57016,AUP1|CAPNS1|ITGB1|ABLIM1|MAPK3|RAB27B|AKR1B10,-0.68,0
1,-2.6,M39198,M1,1,0,Cell Type Signatures,7,HAY BONE MARROW FOLLICULAR B CELL,,-2.6,7,4.6,30169,142,121,4,3.3,1.6,2213|4063|26047|79828,FCGR2B|LY9|CNTNAP2|METTL8,-0.68,0
1,-2.5,M39166,M1,1,0,Cell Type Signatures,7,GAO LARGE INTESTINE ADULT CI MESENCHYMAL CELLS,,-2.5,4.1,3.8,30169,361,121,6,5,2,962|2213|3479|4063|5142|10875,CD48|FCGR2B|IGF1|LY9|PDE4B|FGL2,-0.61,0
1,-2.5,M39294,M1,1,0,Cell Type Signatures,7,DURANTE ADULT OLFACTORY NEUROEPITHELIUM MAST CELLS,,-2.5,10,4.9,30169,75,121,3,2.5,1.4,3304|5874|5880,HSPA1B|RAB27B|RAC2,-0.61,0
1,-2.4,M39017,M1,1,0,Cell Type Signatures,7,FAN EMBRYONIC CTX BIG GROUPS CAJAL RETZIUS,,-2.4,3.5,3.6,30169,499,121,7,5.8,2.1,3983|4741|5142|5332|7991|10867|26047,ABLIM1|NEFM|PDE4B|PLCB4|TUSC3|TSPAN9|CNTNAP2,-0.57,0
1,-2.4,M40012,M1,1,0,Cell Type Signatures,7,BUSSLINGER GASTRIC IMMATURE PIT CELLS,,-2.4,6,4.1,30169,165,121,4,3.3,1.6,3983|5595|5874|57016,ABLIM1|MAPK3|RAB27B|AKR1B10,-0.54,0
1,-2.2,M39224,M1,1,0,Cell Type Signatures,7,LAKE ADULT KIDNEY C5 PROXIMAL TUBULE EPITHELIAL CELLS STRESS INFLAM,,-2.2,3.6,3.4,30169,417,121,6,5,2,32|5581|11095|23476|26047|80144,ACACB|PRKCE|ADAMTS8|BRD4|CNTNAP2|FRAS1,-0.44,0
1,-2.1,M40011,M1,1,0,Cell Type Signatures,7,BUSSLINGER GASTRIC METALLOTHIONEIN CELLS,,-2.1,7.5,4.1,30169,100,121,3,2.5,1.4,5874|7113|57016,RAB27B|TMPRSS2|AKR1B10,-0.41,0
1,-2.1,M39321,M1,1,0,Cell Type Signatures,7,CUI DEVELOPING HEART VASCULAR ENDOTHELIAL CELL,,-2.1,5.2,3.7,30169,193,121,4,3.3,1.6,3304|5142|10875|57730,HSPA1B|PDE4B|FGL2|ANKRD36B,-0.41,0
1,-2.1,M39039,M1,1,0,Cell Type Signatures,7,FAN EMBRYONIC CTX BRAIN ENDOTHELIAL 1,,-2.1,3.4,3.2,30169,440,121,6,5,2,3487|3983|5142|5332|7991|10867,IGFBP4|ABLIM1|PDE4B|PLCB4|TUSC3|TSPAN9,-0.38,0
1,-2.1,M39054,M1,1,0,Cell Type Signatures,7,MANNO MIDBRAIN NEUROTYPES HRGL2B,,-2.1,3.4,3.2,30169,440,121,6,5,2,4504|5648|5939|9465|221074|257407,MT3|MASP1|RBMS2|AKAP7|SLC39A12|C2orf72,-0.38,0
1,-2,M41697,M1,1,0,Cell Type Signatures,7,TRAVAGLINI LUNG EREG DENDRITIC CELL,,-2,3,3.1,30169,579,121,7,5.8,2.1,2213|5142|7097|10875|51129|64866|137886,FCGR2B|PDE4B|TLR2|FGL2|ANGPTL4|CDCP1|UBXN2B,-0.37,0
