Category,CategoryID,GO,Description,PARENT_GO,LogP,Enrichment,Z-score,#TotalGeneInLibrary,#GeneInGO,#GeneInHitList,#GeneInGOAndHitList,%InGO,STDV %InGO,GeneID,Hits,Log(q-value),GeneList
WikiPathways,27,WP5087,Malignant pleural mesothelioma,,-5.8,6.2,7,30169,440,121,11,9.1,2.6,1975|2250|3479|3688|5155|5281|5332|5595|6195|7157|29126,EIF4B|FGF5|IGF1|ITGB1|PDGFB|PIGF|PLCB4|MAPK3|RPS6KA1|TP53|CD274,-1.7,MyList
GO Biological Processes,19,GO:0036293,response to decreased oxygen levels,19_GO:0050896 response to stimulus,-5.5,7.6,7.2,30169,297,121,9,7.4,2.4,3297|4504|5581|7097|7157|51129|83990|126374|221074,HSF1|MT3|PRKCE|TLR2|TP53|ANGPTL4|BRIP1|WTIP|SLC39A12,-1.7,MyList
GO Biological Processes,19,GO:0001775,cell activation,19_GO:0009987 cellular process,-5.3,4.7,6.2,30169,695,121,13,11,2.8,912|962|2213|3479|3688|4063|5581|6777|7097|7157|9156|10419|10875,CD1D|CD48|FCGR2B|IGF1|ITGB1|LY9|PRKCE|STAT5B|TLR2|TP53|EXO1|PRMT5|FGL2,-1.7,MyList
GO Biological Processes,19,GO:0071216,cellular response to biotic stimulus,19_GO:0050896 response to stimulus,-5.2,8.2,7.1,30169,244,121,8,6.6,2.3,2213|3297|5142|5581|5595|7097|7157|29126,FCGR2B|HSF1|PDE4B|PRKCE|MAPK3|TLR2|TP53|CD274,-1.7,MyList
GO Biological Processes,19,GO:0070482,response to oxygen levels,19_GO:0050896 response to stimulus,-5.2,6.9,6.8,30169,325,121,9,7.4,2.4,3297|4504|5581|7097|7157|51129|83990|126374|221074,HSF1|MT3|PRKCE|TLR2|TP53|ANGPTL4|BRIP1|WTIP|SLC39A12,-1.7,MyList
GO Biological Processes,19,GO:0010564,regulation of cell cycle process,19_GO:0050789 regulation of biological process,-5.1,4.4,5.9,30169,735,121,13,11,2.8,3304|3479|4733|5155|5581|7157|8480|9088|10419|23476|54465|83990|137886,HSPA1B|IGF1|DRG1|PDGFB|PRKCE|TP53|RAE1|PKMYT1|PRMT5|BRD4|ETAA1|BRIP1|UBXN2B,-1.7,MyList
Reactome Gene Sets,6,R-HSA-9006934,Signaling by Receptor Tyrosine Kinases,,-5.1,5.3,6.2,30169,521,121,11,9.1,2.6,1302|2250|2963|3479|3688|5155|5581|5595|6195|6777|29126,COL11A2|FGF5|GTF2F2|IGF1|ITGB1|PDGFB|PRKCE|MAPK3|RPS6KA1|STAT5B|CD274,-1.7,MyList
Reactome Gene Sets,6,R-HSA-3108232,SUMO E3 ligases SUMOylate target proteins,,-5,9.6,7.4,30169,182,121,7,5.8,2.1,1789|7022|7157|8480|8554|9994|10499,DNMT3B|TFAP2C|TP53|RAE1|PIAS1|CASP8AP2|NCOA2,-1.7,MyList
GO Biological Processes,19,GO:0090084,negative regulation of inclusion body assembly,19_GO:0048519 negative regulation of biological process,-5,68,14,30169,11,121,3,2.5,1.4,3297|3300|3304,HSF1|DNAJB2|HSPA1B,-1.7,MyList
GO Biological Processes,19,GO:0006109,regulation of carbohydrate metabolic process,19_GO:0008152 metabolic process,-5,9.4,7.3,30169,186,121,7,5.8,2.1,32|3479|3487|5155|5581|7157|10499,ACACB|IGF1|IGFBP4|PDGFB|PRKCE|TP53|NCOA2,-1.7,MyList
KEGG Pathway,24,hsa05218,Melanoma,,-5,17,8.8,30169,72,121,5,4.1,1.8,2250|3479|5155|5595|7157,FGF5|IGF1|PDGFB|MAPK3|TP53,-1.7,MyList
Reactome Gene Sets,6,R-HSA-2990846,SUMOylation,,-4.9,9.3,7.2,30169,188,121,7,5.8,2.1,1789|7022|7157|8480|8554|9994|10499,DNMT3B|TFAP2C|TP53|RAE1|PIAS1|CASP8AP2|NCOA2,-1.7,MyList
GO Biological Processes,19,GO:0001666,response to hypoxia,19_GO:0050896 response to stimulus,-4.7,7,6.5,30169,284,121,8,6.6,2.3,3297|4504|5581|7097|7157|51129|83990|126374,HSF1|MT3|PRKCE|TLR2|TP53|ANGPTL4|BRIP1|WTIP,-1.5,MyList
GO Biological Processes,19,GO:0045321,leukocyte activation,19_GO:0002376 immune system process,-4.7,4.8,5.8,30169,575,121,11,9.1,2.6,912|962|2213|3688|4063|5581|6777|7097|7157|9156|10875,CD1D|CD48|FCGR2B|ITGB1|LY9|PRKCE|STAT5B|TLR2|TP53|EXO1|FGL2,-1.5,MyList
KEGG Pathway,24,hsa04015,Rap1 signaling pathway,,-4.6,8.3,6.7,30169,210,121,7,5.8,2.1,2250|3479|3688|5155|5332|5595|5880,FGF5|IGF1|ITGB1|PDGFB|PLCB4|MAPK3|RAC2,-1.5,MyList
Canonical Pathways,11,M91,PID TCPTP PATHWAY,,-4.6,24,9.4,30169,42,121,4,3.3,1.6,3688|5155|6777|8554,ITGB1|PDGFB|STAT5B|PIAS1,-1.5,MyList
KEGG Pathway,24,hsa04010,MAPK signaling pathway,,-4.6,6.8,6.3,30169,294,121,8,6.6,2.3,2250|3304|3479|5155|5595|5880|6195|7157,FGF5|HSPA1B|IGF1|PDGFB|MAPK3|RAC2|RPS6KA1|TP53,-1.5,MyList
GO Biological Processes,19,GO:0071219,cellular response to molecule of bacterial origin,19_GO:0044419 biological process involved in interspecies interaction between organisms,-4.5,8,6.6,30169,217,121,7,5.8,2.1,2213|3297|5142|5581|5595|7097|29126,FCGR2B|HSF1|PDE4B|PRKCE|MAPK3|TLR2|CD274,-1.5,MyList
WikiPathways,27,WP35,G protein signaling pathways,,-4.5,14,7.7,30169,91,121,5,4.1,1.8,5142|5581|9465|9495|11215,PDE4B|PRKCE|AKAP7|AKAP5|AKAP11,-1.4,MyList
GO Biological Processes,19,GO:0010675,regulation of cellular carbohydrate metabolic process,19_GO:0008152 metabolic process,-4.4,9.7,6.9,30169,155,121,6,5,2,32|3479|3487|5581|7157|10499,ACACB|IGF1|IGFBP4|PRKCE|TP53|NCOA2,-1.4,MyList
GO Biological Processes,19,GO:0090083,regulation of inclusion body assembly,19_GO:0050789 regulation of biological process,-4.4,44,11,30169,17,121,3,2.5,1.4,3297|3300|3304,HSF1|DNAJB2|HSPA1B,-1.4,MyList
GO Biological Processes,19,GO:0040008,regulation of growth,19_GO:0040007 growth,-4.4,4.4,5.4,30169,624,121,11,9.1,2.6,32|3300|3304|3479|3487|4504|6098|6195|6777|7157|84260,ACACB|DNAJB2|HSPA1B|IGF1|IGFBP4|MT3|ROS1|RPS6KA1|STAT5B|TP53|TCHP,-1.4,MyList
KEGG Pathway,24,hsa05215,Prostate cancer,,-4.3,13,7.4,30169,97,121,5,4.1,1.8,3479|5155|5595|7113|7157,IGF1|PDGFB|MAPK3|TMPRSS2|TP53,-1.4,MyList
GO Biological Processes,19,GO:0001558,regulation of cell growth,19_GO:0040007 growth,-4.3,5.3,5.7,30169,422,121,9,7.4,2.4,3300|3304|3479|3487|4504|6098|6195|7157|84260,DNAJB2|HSPA1B|IGF1|IGFBP4|MT3|ROS1|RPS6KA1|TP53|TCHP,-1.3,MyList
GO Biological Processes,19,GO:0070665,positive regulation of leukocyte proliferation,19_GO:0048518 positive regulation of biological process,-4.2,9,6.5,30169,167,121,6,5,2,912|3479|5595|5880|6777|29126,CD1D|IGF1|MAPK3|RAC2|STAT5B|CD274,-1.3,MyList
Reactome Gene Sets,6,R-HSA-3232118,SUMOylation of transcription factors,,-4.2,37,10,30169,20,121,3,2.5,1.4,7022|7157|8554,TFAP2C|TP53|PIAS1,-1.2,MyList
WikiPathways,27,WP4172,PI3K-Akt signaling pathway,,-4.2,5.9,5.7,30169,339,121,8,6.6,2.3,1975|2250|3479|3688|5155|5595|7097|7157,EIF4B|FGF5|IGF1|ITGB1|PDGFB|MAPK3|TLR2|TP53,-1.2,MyList
GO Biological Processes,19,GO:0010906,regulation of glucose metabolic process,19_GO:0008152 metabolic process,-4.1,12,7,30169,107,121,5,4.1,1.8,32|3479|3487|7157|10499,ACACB|IGF1|IGFBP4|TP53|NCOA2,-1.2,MyList
GO Biological Processes,19,GO:0031329,regulation of cellular catabolic process,19_GO:0008152 metabolic process,-4,3.7,5,30169,798,121,12,9.9,2.7,32|826|3297|3300|3304|3479|4504|5595|7157|8554|11152|23049,ACACB|CAPNS1|HSF1|DNAJB2|HSPA1B|IGF1|MT3|MAPK3|TP53|PIAS1|WDR45|SMG1,-1.2,MyList
KEGG Pathway,24,hsa04151,PI3K-Akt signaling pathway,,-4,5.6,5.6,30169,354,121,8,6.6,2.3,1975|2250|3479|3688|5155|5595|7097|7157,EIF4B|FGF5|IGF1|ITGB1|PDGFB|MAPK3|TLR2|TP53,-1.2,MyList
GO Biological Processes,19,GO:0046649,lymphocyte activation,19_GO:0002376 immune system process,-4,4.9,5.3,30169,459,121,9,7.4,2.4,912|962|2213|3688|4063|6777|7157|9156|10875,CD1D|CD48|FCGR2B|ITGB1|LY9|STAT5B|TP53|EXO1|FGL2,-1.1,MyList
GO Biological Processes,19,GO:0070663,regulation of leukocyte proliferation,19_GO:0050789 regulation of biological process,-4,6.5,5.7,30169,269,121,7,5.8,2.1,912|2213|3479|5595|5880|6777|29126,CD1D|FCGR2B|IGF1|MAPK3|RAC2|STAT5B|CD274,-1.1,MyList
Reactome Gene Sets,6,R-HSA-9709603,Impaired BRCA2 binding to PALB2,,-3.9,31,9.4,30169,24,121,3,2.5,1.4,7156|9156|83990,TOP3A|EXO1|BRIP1,-1.1,MyList
KEGG Pathway,24,hsa04071,Sphingolipid signaling pathway,,-3.9,10,6.6,30169,119,121,5,4.1,1.8,5332|5581|5595|5880|7157,PLCB4|PRKCE|MAPK3|RAC2|TP53,-1.1,MyList
GO Biological Processes,19,GO:0002366,leukocyte activation involved in immune response,19_GO:0002376 immune system process,-3.9,7.9,6,30169,190,121,6,5,2,2213|4063|5581|7157|9156|10875,FCGR2B|LY9|PRKCE|TP53|EXO1|FGL2,-1.1,MyList
Reactome Gene Sets,6,R-HSA-9701193,Defective HDR through Homologous Recombination (HRR) due to PALB2 loss of function,,-3.9,30,9.2,30169,25,121,3,2.5,1.4,7156|9156|83990,TOP3A|EXO1|BRIP1,-1.1,MyList
Canonical Pathways,11,M274,PID LYMPH ANGIOGENESIS PATHWAY,,-3.9,30,9.2,30169,25,121,3,2.5,1.4,3688|5595|6195,ITGB1|MAPK3|RPS6KA1,-1.1,MyList
Reactome Gene Sets,6,R-HSA-9704331,Defective HDR through Homologous Recombination Repair (HRR) due to PALB2 loss of BRCA1 binding function,,-3.9,30,9.2,30169,25,121,3,2.5,1.4,7156|9156|83990,TOP3A|EXO1|BRIP1,-1.1,MyList
Reactome Gene Sets,6,R-HSA-9704646,Defective HDR through Homologous Recombination Repair (HRR) due to PALB2 loss of BRCA2/RAD51/RAD51C binding function,,-3.9,30,9.2,30169,25,121,3,2.5,1.4,7156|9156|83990,TOP3A|EXO1|BRIP1,-1.1,MyList
Reactome Gene Sets,6,R-HSA-9701192,Defective HDR through Homologous Recombination (HRR) due to BRCA1 loss-of-function,,-3.9,30,9.2,30169,25,121,3,2.5,1.4,7156|9156|83990,TOP3A|EXO1|BRIP1,-1.1,MyList
GO Biological Processes,19,GO:0002263,cell activation involved in immune response,19_GO:0002376 immune system process,-3.9,7.7,6,30169,194,121,6,5,2,2213|4063|5581|7157|9156|10875,FCGR2B|LY9|PRKCE|TP53|EXO1|FGL2,-1.1,MyList
WikiPathways,27,WP2374,Oncostatin M signaling pathway,,-3.9,15,7.3,30169,65,121,4,3.3,1.6,5581|5595|6777|7157,PRKCE|MAPK3|STAT5B|TP53,-1.1,MyList
GO Biological Processes,19,GO:0006351,DNA-templated transcription,19_GO:0008152 metabolic process,-3.8,4.2,5,30169,595,121,10,8.3,2.5,2963|3297|5595|6777|7157|8554|9330|10419|10499|23476,GTF2F2|HSF1|MAPK3|STAT5B|TP53|PIAS1|GTF3C3|PRMT5|NCOA2|BRD4,-1.1,MyList
GO Biological Processes,19,GO:0097659,nucleic acid-templated transcription,19_GO:0008152 metabolic process,-3.8,4.2,5,30169,597,121,10,8.3,2.5,2963|3297|5595|6777|7157|8554|9330|10419|10499|23476,GTF2F2|HSF1|MAPK3|STAT5B|TP53|PIAS1|GTF3C3|PRMT5|NCOA2|BRD4,-1.1,MyList
WikiPathways,27,WP306,Focal adhesion,,-3.8,7.6,5.9,30169,198,121,6,5,2,3479|3688|5155|5595|5880|340156,IGF1|ITGB1|PDGFB|MAPK3|RAC2|MYLK4,-1.1,MyList
WikiPathways,27,WP3303,RAC1/PAK1/p38/MMP2 pathway,,-3.8,15,7.2,30169,68,121,4,3.3,1.6,3688|5595|6777|7157,ITGB1|MAPK3|STAT5B|TP53,-1.1,MyList
Reactome Gene Sets,6,R-HSA-5685942,HDR through Homologous Recombination (HRR),,-3.8,15,7.2,30169,68,121,4,3.3,1.6,5426|7156|9156|83990,POLE|TOP3A|EXO1|BRIP1,-1.1,MyList
KEGG Pathway,24,hsa04510,Focal adhesion,,-3.8,7.4,5.8,30169,201,121,6,5,2,3479|3688|5155|5595|5880|340156,IGF1|ITGB1|PDGFB|MAPK3|RAC2|MYLK4,-1.1,MyList
Reactome Gene Sets,6,R-HSA-5693554,Resolution of D-loop Structures through Synthesis-Dependent Strand Annealing (SDSA),,-3.8,28,8.8,30169,27,121,3,2.5,1.4,7156|9156|83990,TOP3A|EXO1|BRIP1,-1.1,MyList
GO Biological Processes,19,GO:0032774,RNA biosynthetic process,19_GO:0008152 metabolic process,-3.8,4.1,4.9,30169,607,121,10,8.3,2.5,2963|3297|5595|6777|7157|8554|9330|10419|10499|23476,GTF2F2|HSF1|MAPK3|STAT5B|TP53|PIAS1|GTF3C3|PRMT5|NCOA2|BRD4,-1.1,MyList
Reactome Gene Sets,6,R-HSA-3371453,Regulation of HSF1-mediated heat shock response,,-3.8,14,7.1,30169,69,121,4,3.3,1.6,3297|3304|5595|8480,HSF1|HSPA1B|MAPK3|RAE1,-1.1,MyList
GO Biological Processes,19,GO:0002285,lymphocyte activation involved in immune response,19_GO:0002376 immune system process,-3.7,9.6,6.2,30169,130,121,5,4.1,1.8,2213|4063|7157|9156|10875,FCGR2B|LY9|TP53|EXO1|FGL2,-1.1,MyList
GO Biological Processes,19,GO:0071222,cellular response to lipopolysaccharide,19_GO:0044419 biological process involved in interspecies interaction between organisms,-3.7,7.3,5.7,30169,205,121,6,5,2,3297|5142|5581|5595|7097|29126,HSF1|PDE4B|PRKCE|MAPK3|TLR2|CD274,-1.1,MyList
KEGG Pathway,24,hsa05205,Proteoglycans in cancer,,-3.7,7.3,5.7,30169,205,121,6,5,2,1975|3479|3688|5595|7097|7157,EIF4B|IGF1|ITGB1|MAPK3|TLR2|TP53,-1.1,MyList
GO Biological Processes,19,GO:0006281,DNA repair,19_GO:0050896 response to stimulus,-3.7,4.5,5,30169,498,121,9,7.4,2.4,3297|5426|7156|7157|9156|23049|54465|83990|148581,HSF1|POLE|TOP3A|TP53|EXO1|SMG1|ETAA1|BRIP1|UBE2U,-1.1,MyList
GO Biological Processes,19,GO:0006974,cellular response to DNA damage stimulus,19_GO:0050896 response to stimulus,-3.7,3.7,4.7,30169,742,121,11,9.1,2.6,3297|5426|5595|7156|7157|9156|23049|23476|54465|83990|148581,HSF1|POLE|MAPK3|TOP3A|TP53|EXO1|SMG1|BRD4|ETAA1|BRIP1|UBE2U,-1.1,MyList
Reactome Gene Sets,6,R-HSA-109582,Hemostasis,,-3.7,4,4.8,30169,621,121,10,8.3,2.5,962|3479|3688|5155|5581|5595|5675|5874|5880|7157,CD48|IGF1|ITGB1|PDGFB|PRKCE|MAPK3|PSG6|RAB27B|RAC2|TP53,-1.1,MyList
GO Biological Processes,19,GO:0002520,immune system development,19_GO:0002376 immune system process,-3.7,3.7,4.7,30169,746,121,11,9.1,2.6,912|2038|2213|3688|4063|5595|6777|7097|7157|9156|57217,CD1D|EPB42|FCGR2B|ITGB1|LY9|MAPK3|STAT5B|TLR2|TP53|EXO1|TTC7A,-1.1,MyList
GO Biological Processes,19,GO:0010638,positive regulation of organelle organization,19_GO:0048518 positive regulation of biological process,-3.7,4.4,4.9,30169,508,121,9,7.4,2.4,3304|3479|4733|5155|5581|5595|7157|10694|11152,HSPA1B|IGF1|DRG1|PDGFB|PRKCE|MAPK3|TP53|CCT8|WDR45,-1.1,MyList
WikiPathways,27,WP4630,Measles virus infection,,-3.6,9.2,6.1,30169,136,121,5,4.1,1.8,2213|3304|6777|7097|7157,FCGR2B|HSPA1B|STAT5B|TLR2|TP53,-1.1,MyList
KEGG Pathway,24,hsa05214,Glioma,,-3.6,13,6.8,30169,75,121,4,3.3,1.6,3479|5155|5595|7157,IGF1|PDGFB|MAPK3|TP53,-1.1,MyList
WikiPathways,27,WP4341,"Non-genomic actions of 1,25 dihydroxyvitamin D3",,-3.6,13,6.8,30169,75,121,4,3.3,1.6,5332|5581|5595|7097,PLCB4|PRKCE|MAPK3|TLR2,-1.1,MyList
GO Biological Processes,19,GO:0000165,MAPK cascade,19_GO:0023052 signaling,-3.6,6.9,5.5,30169,217,121,6,5,2,3297|3479|3487|4504|5581|5595,HSF1|IGF1|IGFBP4|MT3|PRKCE|MAPK3,-1.1,MyList
KEGG Pathway,24,hsa05162,Measles,,-3.6,9,6,30169,139,121,5,4.1,1.8,2213|3304|6777|7097|7157,FCGR2B|HSPA1B|STAT5B|TLR2|TP53,-1.1,MyList
GO Biological Processes,19,GO:1901653,cellular response to peptide,19_GO:0050896 response to stimulus,-3.6,5.7,5.2,30169,308,121,7,5.8,2.1,2213|3297|3479|6430|6777|7157|83990,FCGR2B|HSF1|IGF1|SRSF5|STAT5B|TP53|BRIP1,-1.1,MyList
WikiPathways,27,WP2034,Leptin signaling pathway,,-3.6,13,6.7,30169,76,121,4,3.3,1.6,32|5595|6195|6777,ACACB|MAPK3|RPS6KA1|STAT5B,-1.1,MyList
KEGG Pathway,24,hsa04810,Regulation of actin cytoskeleton,,-3.6,6.9,5.5,30169,218,121,6,5,2,2250|3688|5155|5595|5880|340156,FGF5|ITGB1|PDGFB|MAPK3|RAC2|MYLK4,-1.1,MyList
GO Biological Processes,19,GO:0032148,activation of protein kinase B activity,19_GO:0048518 positive regulation of biological process,-3.6,24,8.2,30169,31,121,3,2.5,1.4,3479|4504|5155,IGF1|MT3|PDGFB,-1.1,MyList
GO Biological Processes,19,GO:0034599,cellular response to oxidative stress,19_GO:0050896 response to stimulus,-3.5,6.7,5.4,30169,222,121,6,5,2,3297|3304|4504|5595|7157|54033,HSF1|HSPA1B|MT3|MAPK3|TP53|RBM11,-1,MyList
GO Biological Processes,19,GO:1901699,cellular response to nitrogen compound,19_GO:0050896 response to stimulus,-3.5,3.9,4.7,30169,646,121,10,8.3,2.5,2213|3297|3479|4504|5142|5595|6430|6777|7157|83990,FCGR2B|HSF1|IGF1|MT3|PDE4B|MAPK3|SRSF5|STAT5B|TP53|BRIP1,-1,MyList
KEGG Pathway,24,hsa05200,Pathways in cancer,,-3.5,4.2,4.8,30169,531,121,9,7.4,2.4,2250|3479|3688|5155|5332|5595|5880|6777|7157,FGF5|IGF1|ITGB1|PDGFB|PLCB4|MAPK3|RAC2|STAT5B|TP53,-1,MyList
GO Biological Processes,19,GO:0000132,establishment of mitotic spindle orientation,19_GO:0051179 localization,-3.5,23,7.9,30169,33,121,3,2.5,1.4,3688|137886|387755,ITGB1|UBXN2B|INSC,-1,MyList
WikiPathways,27,WP4016,DNA IR-damage and cellular response via ATR,,-3.5,12,6.5,30169,81,121,4,3.3,1.6,7156|7157|9156|83990,TOP3A|TP53|EXO1|BRIP1,-1,MyList
Canonical Pathways,11,M115,PID REG GR PATHWAY,,-3.5,12,6.4,30169,82,121,4,3.3,1.6,5595|6777|7157|10499,MAPK3|STAT5B|TP53|NCOA2,-0.99,MyList
Reactome Gene Sets,6,R-HSA-5693568,Resolution of D-loop Structures through Holliday Junction Intermediates,,-3.5,22,7.8,30169,34,121,3,2.5,1.4,7156|9156|83990,TOP3A|EXO1|BRIP1,-0.99,MyList
Reactome Gene Sets,6,R-HSA-432720,Lysosome Vesicle Biogenesis,,-3.4,21,7.7,30169,35,121,3,2.5,1.4,4074|8907|9829,M6PR|AP1M1|DNAJC6,-0.97,MyList
Reactome Gene Sets,6,R-HSA-9709570,Impaired BRCA2 binding to RAD51,,-3.4,21,7.7,30169,35,121,3,2.5,1.4,7156|9156|83990,TOP3A|EXO1|BRIP1,-0.97,MyList
Reactome Gene Sets,6,R-HSA-5693537,Resolution of D-Loop Structures,,-3.4,21,7.7,30169,35,121,3,2.5,1.4,7156|9156|83990,TOP3A|EXO1|BRIP1,-0.97,MyList
GO Biological Processes,19,GO:0050670,regulation of lymphocyte proliferation,19_GO:0002376 immune system process,-3.4,6.3,5.2,30169,239,121,6,5,2,912|2213|3479|5880|6777|29126,CD1D|FCGR2B|IGF1|RAC2|STAT5B|CD274,-0.93,MyList
GO Biological Processes,19,GO:0071276,cellular response to cadmium ion,19_GO:0050896 response to stimulus,-3.4,20,7.4,30169,37,121,3,2.5,1.4,3297|4504|5595,HSF1|MT3|MAPK3,-0.91,MyList
Reactome Gene Sets,6,R-HSA-5685938,HDR through Single Strand Annealing (SSA),,-3.4,20,7.4,30169,37,121,3,2.5,1.4,7156|9156|83990,TOP3A|EXO1|BRIP1,-0.91,MyList
GO Biological Processes,19,GO:0032944,regulation of mononuclear cell proliferation,19_GO:0050789 regulation of biological process,-3.3,6.2,5.1,30169,243,121,6,5,2,912|2213|3479|5880|6777|29126,CD1D|FCGR2B|IGF1|RAC2|STAT5B|CD274,-0.91,MyList
Reactome Gene Sets,6,R-HSA-3371556,Cellular response to heat stress,,-3.3,11,6.1,30169,89,121,4,3.3,1.6,3297|3304|5595|8480,HSF1|HSPA1B|MAPK3|RAE1,-0.91,MyList
Reactome Gene Sets,6,R-HSA-5633007,Regulation of TP53 Activity,,-3.3,7.8,5.5,30169,160,121,5,4.1,1.8,7156|7157|9156|10419|83990,TOP3A|TP53|EXO1|PRMT5|BRIP1,-0.91,MyList
GO Biological Processes,19,GO:0016241,regulation of macroautophagy,19_GO:0008152 metabolic process,-3.3,7.8,5.5,30169,160,121,5,4.1,1.8,826|5595|7157|11152|23049,CAPNS1|MAPK3|TP53|WDR45|SMG1,-0.91,MyList
GO Biological Processes,19,GO:0040001,establishment of mitotic spindle localization,19_GO:0051179 localization,-3.3,20,7.3,30169,38,121,3,2.5,1.4,3688|137886|387755,ITGB1|UBXN2B|INSC,-0.91,MyList
GO Biological Processes,19,GO:1901652,response to peptide,19_GO:0050896 response to stimulus,-3.3,4.4,4.6,30169,451,121,8,6.6,2.3,2213|3297|3479|6430|6777|7097|7157|83990,FCGR2B|HSF1|IGF1|SRSF5|STAT5B|TLR2|TP53|BRIP1,-0.91,MyList
GO Biological Processes,19,GO:0002252,immune effector process,19_GO:0002376 immune system process,-3.3,4.4,4.6,30169,452,121,8,6.6,2.3,2213|4063|5581|5648|6777|7157|9156|10875,FCGR2B|LY9|PRKCE|MASP1|STAT5B|TP53|EXO1|FGL2,-0.91,MyList
WikiPathways,27,WP382,MAPK signaling pathway,,-3.3,6.1,5.1,30169,247,121,6,5,2,2250|3304|5155|5595|5880|7157,FGF5|HSPA1B|PDGFB|MAPK3|RAC2|TP53,-0.91,MyList
KEGG Pathway,24,hsa05131,Shigellosis,,-3.3,6.1,5.1,30169,247,121,6,5,2,826|3688|5332|5581|5595|7157,CAPNS1|ITGB1|PLCB4|PRKCE|MAPK3|TP53,-0.91,MyList
GO Biological Processes,19,GO:0002237,response to molecule of bacterial origin,19_GO:0044419 biological process involved in interspecies interaction between organisms,-3.3,5.1,4.8,30169,345,121,7,5.8,2.1,2213|3297|5142|5581|5595|7097|29126,FCGR2B|HSF1|PDE4B|PRKCE|MAPK3|TLR2|CD274,-0.91,MyList
GO Biological Processes,19,GO:0031663,lipopolysaccharide-mediated signaling pathway,19_GO:0044419 biological process involved in interspecies interaction between organisms,-3.3,19,7.2,30169,39,121,3,2.5,1.4,5581|5595|7097,PRKCE|MAPK3|TLR2,-0.91,MyList
WikiPathways,27,WP4871,Kisspeptin/kisspeptin receptor system in the ovary,,-3.3,19,7.2,30169,39,121,3,2.5,1.4,5332|5581|5595,PLCB4|PRKCE|MAPK3,-0.91,MyList
Reactome Gene Sets,6,R-HSA-6804756,Regulation of TP53 Activity through Phosphorylation,,-3.3,11,6,30169,92,121,4,3.3,1.6,7156|7157|9156|83990,TOP3A|TP53|EXO1|BRIP1,-0.91,MyList
WikiPathways,27,WP1772,Apoptosis modulation and signaling,,-3.3,11,6,30169,92,121,4,3.3,1.6,826|5595|7157|8718,CAPNS1|MAPK3|TP53|TNFRSF25,-0.91,MyList
GO Biological Processes,19,GO:0048534,hematopoietic or lymphoid organ development,19_GO:0002376 immune system process,-3.3,3.6,4.4,30169,699,121,10,8.3,2.5,912|2038|2213|3688|4063|5595|6777|7097|7157|57217,CD1D|EPB42|FCGR2B|ITGB1|LY9|MAPK3|STAT5B|TLR2|TP53|TTC7A,-0.91,MyList
GO Biological Processes,19,GO:0006468,protein phosphorylation,19_GO:0008152 metabolic process,-3.3,3.6,4.3,30169,701,121,10,8.3,2.5,5155|5581|5595|6098|6195|7097|9088|23049|139728|340156,PDGFB|PRKCE|MAPK3|ROS1|RPS6KA1|TLR2|PKMYT1|SMG1|PNCK|MYLK4,-0.91,MyList
Reactome Gene Sets,6,R-HSA-5693616,Presynaptic phase of homologous DNA pairing and strand exchange,,-3.3,19,7.1,30169,40,121,3,2.5,1.4,7156|9156|83990,TOP3A|EXO1|BRIP1,-0.9,MyList
GO Biological Processes,19,GO:0051294,establishment of spindle orientation,19_GO:0051179 localization,-3.3,19,7.1,30169,40,121,3,2.5,1.4,3688|137886|387755,ITGB1|UBXN2B|INSC,-0.9,MyList
WikiPathways,27,WP127,IL-5 signaling pathway,,-3.3,19,7.1,30169,40,121,3,2.5,1.4,5595|6195|6777,MAPK3|RPS6KA1|STAT5B,-0.9,MyList
Reactome Gene Sets,6,R-HSA-69473,G2/M DNA damage checkpoint,,-3.2,11,5.9,30169,94,121,4,3.3,1.6,7156|7157|9156|83990,TOP3A|TP53|EXO1|BRIP1,-0.9,MyList
Reactome Gene Sets,6,R-HSA-69481,G2/M Checkpoints,,-3.2,7.5,5.3,30169,167,121,5,4.1,1.8,7156|7157|9088|9156|83990,TOP3A|TP53|PKMYT1|EXO1|BRIP1,-0.9,MyList
Reactome Gene Sets,6,R-HSA-5693532,DNA Double-Strand Break Repair,,-3.2,7.4,5.3,30169,168,121,5,4.1,1.8,5426|7156|7157|9156|83990,POLE|TOP3A|TP53|EXO1|BRIP1,-0.89,MyList
Reactome Gene Sets,6,R-HSA-9675136,Diseases of DNA Double-Strand Break Repair,,-3.2,18,7,30169,41,121,3,2.5,1.4,7156|9156|83990,TOP3A|EXO1|BRIP1,-0.89,MyList
Reactome Gene Sets,6,R-HSA-9701190,Defective homologous recombination repair (HRR) due to BRCA2 loss of function,,-3.2,18,7,30169,41,121,3,2.5,1.4,7156|9156|83990,TOP3A|EXO1|BRIP1,-0.89,MyList
GO Biological Processes,19,GO:0071417,cellular response to organonitrogen compound,19_GO:0050896 response to stimulus,-3.2,3.8,4.4,30169,588,121,9,7.4,2.4,2213|3297|3479|5142|5595|6430|6777|7157|83990,FCGR2B|HSF1|IGF1|PDE4B|MAPK3|SRSF5|STAT5B|TP53|BRIP1,-0.88,MyList
KEGG Pathway,24,hsa04666,Fc gamma R-mediated phagocytosis,,-3.2,10,5.8,30169,97,121,4,3.3,1.6,2213|5581|5595|5880,FCGR2B|PRKCE|MAPK3|RAC2,-0.87,MyList
GO Biological Processes,19,GO:0002831,regulation of response to biotic stimulus,19_GO:0050896 response to stimulus,-3.2,4.8,4.7,30169,361,121,7,5.8,2.1,912|2213|5595|6777|10875|29126|29800,CD1D|FCGR2B|MAPK3|STAT5B|FGL2|CD274|ZDHHC1,-0.87,MyList
GO Biological Processes,19,GO:0045787,positive regulation of cell cycle,19_GO:0048518 positive regulation of biological process,-3.2,4.8,4.6,30169,362,121,7,5.8,2.1,3297|3479|5155|5581|6777|23476|137886,HSF1|IGF1|PDGFB|PRKCE|STAT5B|BRD4|UBXN2B,-0.87,MyList
Reactome Gene Sets,6,R-HSA-76002,"Platelet activation, signaling and aggregation",,-3.2,5.7,4.8,30169,263,121,6,5,2,3479|5155|5581|5595|5874|5880,IGF1|PDGFB|PRKCE|MAPK3|RAB27B|RAC2,-0.86,MyList
Reactome Gene Sets,6,R-HSA-5693579,Homologous DNA Pairing and Strand Exchange,,-3.2,17,6.8,30169,43,121,3,2.5,1.4,7156|9156|83990,TOP3A|EXO1|BRIP1,-0.86,MyList
GO Biological Processes,19,GO:0060236,regulation of mitotic spindle organization,19_GO:0050789 regulation of biological process,-3.2,17,6.8,30169,43,121,3,2.5,1.4,3304|4733|8480,HSPA1B|DRG1|RAE1,-0.86,MyList
KEGG Pathway,24,hsa04933,AGE-RAGE signaling pathway in diabetic complications,,-3.1,10,5.7,30169,100,121,4,3.3,1.6,5332|5581|5595|6777,PLCB4|PRKCE|MAPK3|STAT5B,-0.85,MyList
WikiPathways,27,WP2332,Interleukin-11 signaling pathway,,-3.1,17,6.7,30169,44,121,3,2.5,1.4,5595|6195|8554,MAPK3|RPS6KA1|PIAS1,-0.84,MyList
GO Biological Processes,19,GO:0032870,cellular response to hormone stimulus,19_GO:0050896 response to stimulus,-3.1,4.1,4.4,30169,484,121,8,6.6,2.3,3297|3304|4504|5581|6430|6777|10499|83990,HSF1|HSPA1B|MT3|PRKCE|SRSF5|STAT5B|NCOA2|BRIP1,-0.83,MyList
KEGG Pathway,24,hsa04914,Progesterone-mediated oocyte maturation,,-3.1,9.8,5.6,30169,102,121,4,3.3,1.6,3479|5595|6195|9088,IGF1|MAPK3|RPS6KA1|PKMYT1,-0.83,MyList
GO Biological Processes,19,GO:0009408,response to heat,19_GO:0050896 response to stimulus,-3.1,9.8,5.6,30169,102,121,4,3.3,1.6,3297|3304|3479|81570,HSF1|HSPA1B|IGF1|CLPB,-0.83,MyList
Reactome Gene Sets,6,R-HSA-3899300,SUMOylation of transcription cofactors,,-3.1,17,6.7,30169,45,121,3,2.5,1.4,8554|9994|10499,PIAS1|CASP8AP2|NCOA2,-0.83,MyList
GO Biological Processes,19,GO:0062197,cellular response to chemical stress,19_GO:0050896 response to stimulus,-3.1,5.5,4.7,30169,272,121,6,5,2,3297|3304|4504|5595|7157|54033,HSF1|HSPA1B|MT3|MAPK3|TP53|RBM11,-0.82,MyList
GO Biological Processes,19,GO:0050863,regulation of T cell activation,19_GO:0002376 immune system process,-3.1,4.6,4.5,30169,376,121,7,5.8,2.1,912|2213|3479|5880|6777|10875|29126,CD1D|FCGR2B|IGF1|RAC2|STAT5B|FGL2|CD274,-0.82,MyList
Reactome Gene Sets,6,R-HSA-9679506,SARS-CoV Infections,,-3.1,4.6,4.5,30169,376,121,7,5.8,2.1,3688|5648|7097|7113|7991|8480|23476,ITGB1|MASP1|TLR2|TMPRSS2|TUSC3|RAE1|BRD4,-0.82,MyList
WikiPathways,27,WP4566,Translation inhibitors in chronically activated PDGFRA cells,,-3.1,16,6.6,30169,46,121,3,2.5,1.4,1975|5595|6195,EIF4B|MAPK3|RPS6KA1,-0.82,MyList
GO Biological Processes,19,GO:0046006,regulation of activated T cell proliferation,19_GO:0002376 immune system process,-3.1,16,6.6,30169,46,121,3,2.5,1.4,3479|6777|29126,IGF1|STAT5B|CD274,-0.82,MyList
GO Biological Processes,19,GO:0042129,regulation of T cell proliferation,19_GO:0002376 immune system process,-3.1,6.8,5,30169,182,121,5,4.1,1.8,912|3479|5880|6777|29126,CD1D|IGF1|RAC2|STAT5B|CD274,-0.82,MyList
KEGG Pathway,24,hsa04360,Axon guidance,,-3.1,6.8,5,30169,182,121,5,4.1,1.8,3688|3983|5595|5880|8633,ITGB1|ABLIM1|MAPK3|RAC2|UNC5C,-0.82,MyList
GO Biological Processes,19,GO:0030098,lymphocyte differentiation,19_GO:0002376 immune system process,-3.1,5.4,4.7,30169,276,121,6,5,2,912|2213|3688|4063|6777|7157,CD1D|FCGR2B|ITGB1|LY9|STAT5B|TP53,-0.81,MyList
Reactome Gene Sets,6,R-HSA-6811558,"PI5P, PP2A and IER3 Regulate PI3K/AKT Signaling",,-3,9.4,5.5,30169,106,121,4,3.3,1.6,2250|5155|5595|5880,FGF5|PDGFB|MAPK3|RAC2,-0.81,MyList
GO Biological Processes,19,GO:0042102,positive regulation of T cell proliferation,19_GO:0002376 immune system process,-3,9.4,5.5,30169,106,121,4,3.3,1.6,912|3479|6777|29126,CD1D|IGF1|STAT5B|CD274,-0.81,MyList
GO Biological Processes,19,GO:0090224,regulation of spindle organization,19_GO:0050789 regulation of biological process,-3,16,6.5,30169,47,121,3,2.5,1.4,3304|4733|8480,HSPA1B|DRG1|RAE1,-0.81,MyList
GO Biological Processes,19,GO:0018105,peptidyl-serine phosphorylation,19_GO:0008152 metabolic process,-3,6.7,5,30169,185,121,5,4.1,1.8,5155|5581|6195|23049|139728,PDGFB|PRKCE|RPS6KA1|SMG1|PNCK,-0.8,MyList
GO Biological Processes,19,GO:0044089,positive regulation of cellular component biogenesis,19_GO:0048518 positive regulation of biological process,-3,4,4.3,30169,498,121,8,6.6,2.3,3297|3304|4733|5581|5880|7157|11152|26047,HSF1|HSPA1B|DRG1|PRKCE|RAC2|TP53|WDR45|CNTNAP2,-0.8,MyList
GO Biological Processes,19,GO:0009299,mRNA transcription,19_GO:0008152 metabolic process,-3,16,6.4,30169,48,121,3,2.5,1.4,3297|7157|10499,HSF1|TP53|NCOA2,-0.79,MyList
GO Biological Processes,19,GO:0016071,mRNA metabolic process,19_GO:0008152 metabolic process,-3,3.6,4.1,30169,627,121,9,7.4,2.4,3297|3304|6430|7157|10419|10499|23049|54033|79828,HSF1|HSPA1B|SRSF5|TP53|PRMT5|NCOA2|SMG1|RBM11|METTL8,-0.79,MyList
GO Biological Processes,19,GO:0016236,macroautophagy,19_GO:0008152 metabolic process,-3,6.6,4.9,30169,188,121,5,4.1,1.8,550|5595|7157|11152|137886,AUP1|MAPK3|TP53|WDR45|UBXN2B,-0.79,MyList
GO Biological Processes,19,GO:0030308,negative regulation of cell growth,19_GO:0040007 growth,-3,6.6,4.9,30169,188,121,5,4.1,1.8,3300|3304|4504|7157|84260,DNAJB2|HSPA1B|MT3|TP53|TCHP,-0.79,MyList
GO Biological Processes,19,GO:0042113,B cell activation,19_GO:0002376 immune system process,-3,6.6,4.9,30169,189,121,5,4.1,1.8,2213|3688|6777|7157|9156,FCGR2B|ITGB1|STAT5B|TP53|EXO1,-0.78,MyList
Canonical Pathways,11,M92,PID ANGIOPOIETIN RECEPTOR PATHWAY,,-3,15,6.3,30169,49,121,3,2.5,1.4,3688|5595|6777,ITGB1|MAPK3|STAT5B,-0.78,MyList
GO Biological Processes,19,GO:0006897,endocytosis,19_GO:0051179 localization,-3,3.9,4.2,30169,506,121,8,6.6,2.3,2213|3688|4074|5595|5874|5880|7113|9829,FCGR2B|ITGB1|M6PR|MAPK3|RAB27B|RAC2|TMPRSS2|DNAJC6,-0.78,MyList
GO Biological Processes,19,GO:0002521,leukocyte differentiation,19_GO:0002376 immune system process,-3,4.4,4.3,30169,394,121,7,5.8,2.1,912|2213|3688|4063|6777|7097|7157,CD1D|FCGR2B|ITGB1|LY9|STAT5B|TLR2|TP53,-0.76,MyList
KEGG Pathway,24,hsa05145,Toxoplasmosis,,-3,8.9,5.3,30169,112,121,4,3.3,1.6,3304|3688|5595|7097,HSPA1B|ITGB1|MAPK3|TLR2,-0.76,MyList
Reactome Gene Sets,6,R-HSA-168188,Toll Like Receptor TLR6:TLR2 Cascade,,-2.9,8.8,5.3,30169,113,121,4,3.3,1.6,5595|6195|7097|7157,MAPK3|RPS6KA1|TLR2|TP53,-0.76,MyList
Reactome Gene Sets,6,R-HSA-166058,MyD88:MAL(TIRAP) cascade initiated on plasma membrane,,-2.9,8.8,5.3,30169,113,121,4,3.3,1.6,5595|6195|7097|7157,MAPK3|RPS6KA1|TLR2|TP53,-0.76,MyList
Reactome Gene Sets,6,R-HSA-199418,Negative regulation of the PI3K/AKT network,,-2.9,8.8,5.3,30169,113,121,4,3.3,1.6,2250|5155|5595|5880,FGF5|PDGFB|MAPK3|RAC2,-0.76,MyList
Canonical Pathways,11,M7955,SIG INSULIN RECEPTOR PATHWAY IN CARDIAC MYOCYTES,,-2.9,15,6.2,30169,51,121,3,2.5,1.4,5595|6195|23476,MAPK3|RPS6KA1|BRD4,-0.76,MyList
Reactome Gene Sets,6,R-HSA-9675135,Diseases of DNA repair,,-2.9,15,6.2,30169,51,121,3,2.5,1.4,7156|9156|83990,TOP3A|EXO1|BRIP1,-0.76,MyList
GO Biological Processes,19,GO:0007346,regulation of mitotic cell cycle,19_GO:0050789 regulation of biological process,-2.9,3.9,4.2,30169,517,121,8,6.6,2.3,3297|3479|5155|6777|7157|9088|10419|23476,HSF1|IGF1|PDGFB|STAT5B|TP53|PKMYT1|PRMT5|BRD4,-0.75,MyList
GO Biological Processes,19,GO:0009896,positive regulation of catabolic process,19_GO:0048518 positive regulation of biological process,-2.9,3.8,4.1,30169,519,121,8,6.6,2.3,3297|3300|3304|3479|5581|5595|8554|11152,HSF1|DNAJB2|HSPA1B|IGF1|PRKCE|MAPK3|PIAS1|WDR45,-0.74,MyList
GO Biological Processes,19,GO:0006259,DNA metabolic process,19_GO:0008152 metabolic process,-2.9,3.2,3.9,30169,780,121,10,8.3,2.5,1789|3297|5426|7156|7157|9156|23049|54465|83990|148581,DNMT3B|HSF1|POLE|TOP3A|TP53|EXO1|SMG1|ETAA1|BRIP1|UBE2U,-0.74,MyList
GO Biological Processes,19,GO:0030097,hemopoiesis,19_GO:0002376 immune system process,-2.9,3.5,4,30169,649,121,9,7.4,2.4,912|2038|2213|3688|4063|6777|7097|7157|57217,CD1D|EPB42|FCGR2B|ITGB1|LY9|STAT5B|TLR2|TP53|TTC7A,-0.73,MyList
Reactome Gene Sets,6,R-HSA-168179,Toll Like Receptor TLR1:TLR2 Cascade,,-2.9,8.6,5.2,30169,116,121,4,3.3,1.6,5595|6195|7097|7157,MAPK3|RPS6KA1|TLR2|TP53,-0.73,MyList
Reactome Gene Sets,6,R-HSA-181438,Toll Like Receptor 2 (TLR2) Cascade,,-2.9,8.6,5.2,30169,116,121,4,3.3,1.6,5595|6195|7097|7157,MAPK3|RPS6KA1|TLR2|TP53,-0.73,MyList
Canonical Pathways,11,M113,PID NFAT 3PATHWAY,,-2.9,14,6.1,30169,53,121,3,2.5,1.4,5581|5595|9495,PRKCE|MAPK3|AKAP5,-0.73,MyList
GO Biological Processes,19,GO:0034605,cellular response to heat,19_GO:0050896 response to stimulus,-2.9,14,6.1,30169,53,121,3,2.5,1.4,3297|3304|81570,HSF1|HSPA1B|CLPB,-0.73,MyList
GO Biological Processes,19,GO:0042110,T cell activation,19_GO:0002376 immune system process,-2.9,5,4.4,30169,298,121,6,5,2,912|962|4063|6777|7157|10875,CD1D|CD48|LY9|STAT5B|TP53|FGL2,-0.72,MyList
GO Biological Processes,19,GO:0007088,regulation of mitotic nuclear division,19_GO:0050789 regulation of biological process,-2.9,8.5,5.1,30169,118,121,4,3.3,1.6,3479|5155|9088|10419,IGF1|PDGFB|PKMYT1|PRMT5,-0.72,MyList
GO Biological Processes,19,GO:0051293,establishment of spindle localization,19_GO:0051179 localization,-2.9,14,6,30169,54,121,3,2.5,1.4,3688|137886|387755,ITGB1|UBXN2B|INSC,-0.72,MyList
GO Biological Processes,19,GO:0031113,regulation of microtubule polymerization,19_GO:0050789 regulation of biological process,-2.9,14,6,30169,54,121,3,2.5,1.4,3304|4733|221074,HSPA1B|DRG1|SLC39A12,-0.72,MyList
WikiPathways,27,WP3932,Focal adhesion: PI3K-Akt-mTOR-signaling pathway,,-2.9,5,4.4,30169,302,121,6,5,2,1302|1975|3479|3688|5155|5595,COL11A2|EIF4B|IGF1|ITGB1|PDGFB|MAPK3,-0.72,MyList
KEGG Pathway,24,hsa04935,"Growth hormone synthesis, secretion and action",,-2.8,8.3,5.1,30169,120,121,4,3.3,1.6,3479|5332|5595|6777,IGF1|PLCB4|MAPK3|STAT5B,-0.72,MyList
Canonical Pathways,11,M122,PID IL2 1PATHWAY,,-2.8,14,5.9,30169,55,121,3,2.5,1.4,5581|5595|6777,PRKCE|MAPK3|STAT5B,-0.72,MyList
GO Biological Processes,19,GO:0034033,purine nucleoside bisphosphate biosynthetic process,19_GO:0008152 metabolic process,-2.8,14,5.9,30169,55,121,3,2.5,1.4,32|23181|51000,ACACB|DIP2A|SLC35B3,-0.72,MyList
WikiPathways,27,WP3959,DNA IR-double strand breaks and cellular response via ATM,,-2.8,14,5.9,30169,55,121,3,2.5,1.4,3297|7157|9156,HSF1|TP53|EXO1,-0.72,MyList
GO Biological Processes,19,GO:0033866,nucleoside bisphosphate biosynthetic process,19_GO:0008152 metabolic process,-2.8,14,5.9,30169,55,121,3,2.5,1.4,32|23181|51000,ACACB|DIP2A|SLC35B3,-0.72,MyList
Canonical Pathways,11,M276,PID FGF PATHWAY,,-2.8,14,5.9,30169,55,121,3,2.5,1.4,5595|6195|6777,MAPK3|RPS6KA1|STAT5B,-0.72,MyList
GO Biological Processes,19,GO:0034030,ribonucleoside bisphosphate biosynthetic process,19_GO:0008152 metabolic process,-2.8,14,5.9,30169,55,121,3,2.5,1.4,32|23181|51000,ACACB|DIP2A|SLC35B3,-0.72,MyList
GO Biological Processes,19,GO:0070371,ERK1 and ERK2 cascade,19_GO:0023052 signaling,-2.8,14,5.9,30169,55,121,3,2.5,1.4,3479|4504|5595,IGF1|MT3|MAPK3,-0.72,MyList
GO Biological Processes,19,GO:0018209,peptidyl-serine modification,19_GO:0008152 metabolic process,-2.8,6.1,4.6,30169,204,121,5,4.1,1.8,5155|5581|6195|23049|139728,PDGFB|PRKCE|RPS6KA1|SMG1|PNCK,-0.72,MyList
KEGG Pathway,24,hsa04919,Thyroid hormone signaling pathway,,-2.8,8.2,5.1,30169,121,121,4,3.3,1.6,5332|5595|7157|10499,PLCB4|MAPK3|TP53|NCOA2,-0.72,MyList
GO Biological Processes,19,GO:2000278,regulation of DNA biosynthetic process,19_GO:0008152 metabolic process,-2.8,8.2,5.1,30169,121,121,4,3.3,1.6,5155|5595|7157|10694,PDGFB|MAPK3|TP53|CCT8,-0.72,MyList
GO Biological Processes,19,GO:0051493,regulation of cytoskeleton organization,19_GO:0050789 regulation of biological process,-2.8,3.7,4,30169,539,121,8,6.6,2.3,3304|4733|5581|5595|5880|8480|85415|221074,HSPA1B|DRG1|PRKCE|MAPK3|RAC2|RAE1|RHPN2|SLC39A12,-0.7,MyList
GO Biological Processes,19,GO:0031331,positive regulation of cellular catabolic process,19_GO:0048518 positive regulation of biological process,-2.8,4.2,4.1,30169,420,121,7,5.8,2.1,3297|3300|3304|3479|5595|8554|11152,HSF1|DNAJB2|HSPA1B|IGF1|MAPK3|PIAS1|WDR45,-0.69,MyList
KEGG Pathway,24,hsa05134,Legionellosis,,-2.8,13,5.8,30169,57,121,3,2.5,1.4,3297|3304|7097,HSF1|HSPA1B|TLR2,-0.69,MyList
GO Biological Processes,19,GO:0006289,nucleotide-excision repair,19_GO:0050896 response to stimulus,-2.8,13,5.8,30169,57,121,3,2.5,1.4,5426|7157|83990,POLE|TP53|BRIP1,-0.69,MyList
Reactome Gene Sets,6,R-HSA-9006925,Intracellular signaling by second messengers,,-2.8,4.8,4.3,30169,309,121,6,5,2,2250|5155|5581|5595|5880|7157,FGF5|PDGFB|PRKCE|MAPK3|RAC2|TP53,-0.69,MyList
KEGG Pathway,24,hsa04611,Platelet activation,,-2.8,8,5,30169,124,121,4,3.3,1.6,3688|5332|5595|340156,ITGB1|PLCB4|MAPK3|MYLK4,-0.69,MyList
GO Biological Processes,19,GO:1904951,positive regulation of establishment of protein localization,19_GO:0051179 localization,-2.8,4.8,4.3,30169,310,121,6,5,2,3479|5581|5880|7097|9495|10694,IGF1|PRKCE|RAC2|TLR2|AKAP5|CCT8,-0.69,MyList
GO Biological Processes,19,GO:0061912,selective autophagy,19_GO:0008152 metabolic process,-2.8,13,5.8,30169,58,121,3,2.5,1.4,550|5595|7157,AUP1|MAPK3|TP53,-0.68,MyList
WikiPathways,27,WP2882,Nuclear receptors meta-pathway,,-2.8,4.8,4.3,30169,314,121,6,5,2,5142|5155|10499|51129|154091|221074,PDE4B|PDGFB|NCOA2|ANGPTL4|SLC2A12|SLC39A12,-0.68,MyList
GO Biological Processes,19,GO:0031347,regulation of defense response,19_GO:0050896 response to stimulus,-2.8,3.3,3.8,30169,680,121,9,7.4,2.4,912|2213|3479|5595|6777|7097|10875|23476|29800,CD1D|FCGR2B|IGF1|MAPK3|STAT5B|TLR2|FGL2|BRD4|ZDHHC1,-0.68,MyList
WikiPathways,27,WP304,Kit receptor signaling pathway,,-2.8,13,5.7,30169,59,121,3,2.5,1.4,5595|6195|6777,MAPK3|RPS6KA1|STAT5B,-0.68,MyList
GO Biological Processes,19,GO:0051653,spindle localization,19_GO:0051179 localization,-2.8,13,5.7,30169,59,121,3,2.5,1.4,3688|137886|387755,ITGB1|UBXN2B|INSC,-0.68,MyList
GO Biological Processes,19,GO:1903078,positive regulation of protein localization to plasma membrane,19_GO:0051179 localization,-2.8,13,5.7,30169,59,121,3,2.5,1.4,3688|5581|9495,ITGB1|PRKCE|AKAP5,-0.68,MyList
Reactome Gene Sets,6,R-HSA-3000171,Non-integrin membrane-ECM interactions,,-2.8,13,5.7,30169,59,121,3,2.5,1.4,1302|3688|5155,COL11A2|ITGB1|PDGFB,-0.68,MyList
GO Biological Processes,19,GO:0070372,regulation of ERK1 and ERK2 cascade,19_GO:0023052 signaling,-2.8,4.7,4.2,30169,315,121,6,5,2,3479|4504|5155|5595|6098|10419,IGF1|MT3|PDGFB|MAPK3|ROS1|PRMT5,-0.68,MyList
GO Biological Processes,19,GO:0050821,protein stabilization,19_GO:0065007 biological regulation,-2.8,5.8,4.5,30169,214,121,5,4.1,1.8,3304|3479|4504|7157|10694,HSPA1B|IGF1|MT3|TP53|CCT8,-0.68,MyList
KEGG Pathway,24,hsa05417,Lipid and atherosclerosis,,-2.7,5.8,4.5,30169,215,121,5,4.1,1.8,3304|5332|5595|7097|7157,HSPA1B|PLCB4|MAPK3|TLR2|TP53,-0.67,MyList
GO Biological Processes,19,GO:0046686,response to cadmium ion,19_GO:0050896 response to stimulus,-2.7,12,5.6,30169,60,121,3,2.5,1.4,3297|4504|5595,HSF1|MT3|MAPK3,-0.67,MyList
KEGG Pathway,24,hsa04730,Long-term depression,,-2.7,12,5.6,30169,60,121,3,2.5,1.4,3479|5332|5595,IGF1|PLCB4|MAPK3,-0.67,MyList
WikiPathways,27,WP3888,VEGFA-VEGFR2 signaling pathway,,-2.7,4,4,30169,432,121,7,5.8,2.1,32|52|3688|5581|5595|8718|23476,ACACB|ACP1|ITGB1|PRKCE|MAPK3|TNFRSF25|BRD4,-0.67,MyList
GO Biological Processes,19,GO:0030183,B cell differentiation,19_GO:0002376 immune system process,-2.7,7.7,4.9,30169,129,121,4,3.3,1.6,2213|3688|6777|7157,FCGR2B|ITGB1|STAT5B|TP53,-0.67,MyList
Canonical Pathways,11,M186,PID PDGFRB PATHWAY,,-2.7,7.7,4.9,30169,129,121,4,3.3,1.6,5155|5581|5595|6777,PDGFB|PRKCE|MAPK3|STAT5B,-0.67,MyList
Reactome Gene Sets,6,R-HSA-5663202,Diseases of signal transduction by growth factor receptors and second messengers,,-2.7,4,4,30169,433,121,7,5.8,2.1,2250|2963|5155|5595|5880|6777|22906,FGF5|GTF2F2|PDGFB|MAPK3|RAC2|STAT5B|TRAK1,-0.67,MyList
Canonical Pathways,11,M58,PID AR PATHWAY,,-2.7,12,5.6,30169,61,121,3,2.5,1.4,7113|8554|10499,TMPRSS2|PIAS1|NCOA2,-0.66,MyList
GO Biological Processes,19,GO:1903131,mononuclear cell differentiation,19_GO:0002376 immune system process,-2.7,4.7,4.2,30169,321,121,6,5,2,912|2213|3688|4063|6777|7157,CD1D|FCGR2B|ITGB1|LY9|STAT5B|TP53,-0.66,MyList
KEGG Pathway,24,hsa04114,Oocyte meiosis,,-2.7,7.6,4.8,30169,131,121,4,3.3,1.6,3479|5595|6195|9088,IGF1|MAPK3|RPS6KA1|PKMYT1,-0.65,MyList
GO Biological Processes,19,GO:0043408,regulation of MAPK cascade,19_GO:0023052 signaling,-2.7,3.2,3.8,30169,694,121,9,7.4,2.4,2213|3479|3487|4504|5155|5581|5595|6098|10419,FCGR2B|IGF1|IGFBP4|MT3|PDGFB|PRKCE|MAPK3|ROS1|PRMT5,-0.65,MyList
KEGG Pathway,24,hsa04213,Longevity regulating pathway - multiple species,,-2.7,12,5.5,30169,62,121,3,2.5,1.4,3304|3479|81570,HSPA1B|IGF1|CLPB,-0.65,MyList
GO Biological Processes,19,GO:0032496,response to lipopolysaccharide,19_GO:0044419 biological process involved in interspecies interaction between organisms,-2.7,4.6,4.2,30169,324,121,6,5,2,3297|5142|5581|5595|7097|29126,HSF1|PDE4B|PRKCE|MAPK3|TLR2|CD274,-0.65,MyList
Reactome Gene Sets,6,R-HSA-5693567,HDR through Homologous Recombination (HRR) or Single Strand Annealing (SSA),,-2.7,7.6,4.8,30169,132,121,4,3.3,1.6,5426|7156|9156|83990,POLE|TOP3A|EXO1|BRIP1,-0.65,MyList
KEGG Pathway,24,hsa04142,Lysosome,,-2.7,7.6,4.8,30169,132,121,4,3.3,1.6,2581|4074|8907|138050,GALC|M6PR|AP1M1|HGSNAT,-0.65,MyList
GO Biological Processes,19,GO:0031647,regulation of protein stability,19_GO:0065007 biological regulation,-2.7,4.6,4.1,30169,325,121,6,5,2,3304|3479|4504|7157|10694|387755,HSPA1B|IGF1|MT3|TP53|CCT8|INSC,-0.65,MyList
Reactome Gene Sets,6,R-HSA-1226099,Signaling by FGFR in disease,,-2.7,12,5.5,30169,63,121,3,2.5,1.4,2250|2963|6777,FGF5|GTF2F2|STAT5B,-0.64,MyList
GO Biological Processes,19,GO:0051129,negative regulation of cellular component organization,19_GO:0048519 negative regulation of biological process,-2.7,3.2,3.7,30169,701,121,9,7.4,2.4,3297|3300|3304|3479|4504|7097|7157|84260|85415,HSF1|DNAJB2|HSPA1B|IGF1|MT3|TLR2|TP53|TCHP|RHPN2,-0.64,MyList
KEGG Pathway,24,hsa04270,Vascular smooth muscle contraction,,-2.7,7.4,4.7,30169,134,121,4,3.3,1.6,5332|5581|5595|340156,PLCB4|PRKCE|MAPK3|MYLK4,-0.64,MyList
GO Biological Processes,19,GO:0032653,regulation of interleukin-10 production,19_GO:0032501 multicellular organismal process,-2.6,12,5.4,30169,65,121,3,2.5,1.4,2213|7097|29126,FCGR2B|TLR2|CD274,-0.61,MyList
KEGG Pathway,24,hsa05135,Yersinia infection,,-2.6,7.3,4.7,30169,137,121,4,3.3,1.6,3688|5595|5880|6195,ITGB1|MAPK3|RAC2|RPS6KA1,-0.61,MyList
GO Biological Processes,19,GO:0071456,cellular response to hypoxia,19_GO:0050896 response to stimulus,-2.6,7.3,4.7,30169,137,121,4,3.3,1.6,4504|5581|7157|83990,MT3|PRKCE|TP53|BRIP1,-0.61,MyList
GO Biological Processes,19,GO:0009636,response to toxic substance,19_GO:0050896 response to stimulus,-2.6,5.5,4.3,30169,228,121,5,4.1,1.8,1371|4504|7097|57016|83990,CPOX|MT3|TLR2|AKR1B10|BRIP1,-0.61,MyList
GO Biological Processes,19,GO:1903829,positive regulation of protein localization,19_GO:0051179 localization,-2.6,3.9,3.9,30169,451,121,7,5.8,2.1,3479|3688|5581|5880|7097|9495|10694,IGF1|ITGB1|PRKCE|RAC2|TLR2|AKAP5|CCT8,-0.61,MyList
Reactome Gene Sets,6,R-HSA-5693538,Homology Directed Repair,,-2.6,7.2,4.7,30169,138,121,4,3.3,1.6,5426|7156|9156|83990,POLE|TOP3A|EXO1|BRIP1,-0.61,MyList
GO Biological Processes,19,GO:0055076,transition metal ion homeostasis,19_GO:0065007 biological regulation,-2.6,7.2,4.7,30169,138,121,4,3.3,1.6,2038|4504|57217|221074,EPB42|MT3|TTC7A|SLC39A12,-0.61,MyList
KEGG Pathway,24,hsa04915,Estrogen signaling pathway,,-2.6,7.2,4.7,30169,138,121,4,3.3,1.6,3304|5332|5595|10499,HSPA1B|PLCB4|MAPK3|NCOA2,-0.61,MyList
Reactome Gene Sets,6,R-HSA-73894,DNA Repair,,-2.6,4.5,4,30169,336,121,6,5,2,5426|7156|7157|8554|9156|83990,POLE|TOP3A|TP53|PIAS1|EXO1|BRIP1,-0.6,MyList
KEGG Pathway,24,hsa04371,Apelin signaling pathway,,-2.6,7.2,4.6,30169,139,121,4,3.3,1.6,5332|5581|5595|340156,PLCB4|PRKCE|MAPK3|MYLK4,-0.6,MyList
GO Biological Processes,19,GO:0044272,sulfur compound biosynthetic process,19_GO:0008152 metabolic process,-2.6,7.2,4.6,30169,139,121,4,3.3,1.6,32|23181|51000|126792,ACACB|DIP2A|SLC35B3|B3GALT6,-0.6,MyList
GO Biological Processes,19,GO:0045596,negative regulation of cell differentiation,19_GO:0032502 developmental process,-2.6,3.1,3.7,30169,718,121,9,7.4,2.4,2213|3479|3688|4504|5155|6777|7157|10419|10875,FCGR2B|IGF1|ITGB1|MT3|PDGFB|STAT5B|TP53|PRMT5|FGL2,-0.59,MyList
GO Biological Processes,19,GO:1904377,positive regulation of protein localization to cell periphery,19_GO:0051179 localization,-2.6,11,5.3,30169,67,121,3,2.5,1.4,3688|5581|9495,ITGB1|PRKCE|AKAP5,-0.59,MyList
KEGG Pathway,24,hsa04720,Long-term potentiation,,-2.6,11,5.3,30169,67,121,3,2.5,1.4,5332|5595|6195,PLCB4|MAPK3|RPS6KA1,-0.59,MyList
GO Biological Processes,19,GO:0062012,regulation of small molecule metabolic process,19_GO:0008152 metabolic process,-2.6,4.4,4,30169,339,121,6,5,2,32|3479|3487|5581|7157|10499,ACACB|IGF1|IGFBP4|PRKCE|TP53|NCOA2,-0.59,MyList
KEGG Pathway,24,hsa04014,Ras signaling pathway,,-2.6,5.3,4.2,30169,235,121,5,4.1,1.8,2250|3479|5155|5595|5880,FGF5|IGF1|PDGFB|MAPK3|RAC2,-0.57,MyList
GO Biological Processes,19,GO:1901137,carbohydrate derivative biosynthetic process,19_GO:0008152 metabolic process,-2.6,3.4,3.7,30169,590,121,8,6.6,2.3,32|3479|5281|7991|22906|23181|51000|126792,ACACB|IGF1|PIGF|TUSC3|TRAK1|DIP2A|SLC35B3|B3GALT6,-0.57,MyList
GO Biological Processes,19,GO:0050865,regulation of cell activation,19_GO:0050789 regulation of biological process,-2.6,3.1,3.6,30169,727,121,9,7.4,2.4,912|2213|3479|5155|5880|6195|6777|10875|29126,CD1D|FCGR2B|IGF1|PDGFB|RAC2|RPS6KA1|STAT5B|FGL2|CD274,-0.57,MyList
GO Biological Processes,19,GO:0010506,regulation of autophagy,19_GO:0008152 metabolic process,-2.6,4.3,4,30169,344,121,6,5,2,826|4504|5595|7157|11152|23049,CAPNS1|MT3|MAPK3|TP53|WDR45|SMG1,-0.57,MyList
Canonical Pathways,11,M121,PID MTOR 4PATHWAY,,-2.6,11,5.2,30169,69,121,3,2.5,1.4,1975|5595|6195,EIF4B|MAPK3|RPS6KA1,-0.57,MyList
WikiPathways,27,WP2853,Endoderm differentiation,,-2.6,6.9,4.5,30169,144,121,4,3.3,1.6,1789|8554|23181|154091,DNMT3B|PIAS1|DIP2A|SLC2A12,-0.57,MyList
WikiPathways,27,WP2380,Brain-derived neurotrophic factor (BDNF) signaling pathway,,-2.6,6.9,4.5,30169,144,121,4,3.3,1.6,32|5595|6195|6777,ACACB|MAPK3|RPS6KA1|STAT5B,-0.57,MyList
GO Biological Processes,19,GO:0036294,cellular response to decreased oxygen levels,19_GO:0050896 response to stimulus,-2.6,6.9,4.5,30169,145,121,4,3.3,1.6,4504|5581|7157|83990,MT3|PRKCE|TP53|BRIP1,-0.56,MyList
GO Biological Processes,19,GO:0051783,regulation of nuclear division,19_GO:0050789 regulation of biological process,-2.6,6.9,4.5,30169,145,121,4,3.3,1.6,3479|5155|9088|10419,IGF1|PDGFB|PKMYT1|PRMT5,-0.56,MyList
GO Biological Processes,19,GO:0042063,gliogenesis,19_GO:0032502 developmental process,-2.5,5.2,4.2,30169,239,121,5,4.1,1.8,2250|4504|5595|7097|7157,FGF5|MT3|MAPK3|TLR2|TP53,-0.56,MyList
GO Biological Processes,19,GO:0061077,chaperone-mediated protein folding,19_GO:0009987 cellular process,-2.5,11,5.1,30169,70,121,3,2.5,1.4,3300|3304|10694,DNAJB2|HSPA1B|CCT8,-0.56,MyList
Reactome Gene Sets,6,R-HSA-166016,Toll Like Receptor 4 (TLR4) Cascade,,-2.5,6.8,4.5,30169,146,121,4,3.3,1.6,5595|6195|7097|7157,MAPK3|RPS6KA1|TLR2|TP53,-0.56,MyList
GO Biological Processes,19,GO:0035966,response to topologically incorrect protein,19_GO:0050896 response to stimulus,-2.5,6.8,4.5,30169,146,121,4,3.3,1.6,550|3297|3300|3304,AUP1|HSF1|DNAJB2|HSPA1B,-0.56,MyList
GO Biological Processes,19,GO:0050671,positive regulation of lymphocyte proliferation,19_GO:0002376 immune system process,-2.5,6.8,4.5,30169,146,121,4,3.3,1.6,912|3479|6777|29126,CD1D|IGF1|STAT5B|CD274,-0.56,MyList
KEGG Pathway,24,hsa04520,Adherens junction,,-2.5,11,5.1,30169,71,121,3,2.5,1.4,52|5595|5880,ACP1|MAPK3|RAC2,-0.55,MyList
KEGG Pathway,24,hsa05224,Breast cancer,,-2.5,6.8,4.5,30169,147,121,4,3.3,1.6,2250|3479|5595|7157,FGF5|IGF1|MAPK3|TP53,-0.55,MyList
WikiPathways,27,WP4255,Non-small cell lung cancer,,-2.5,10,5.1,30169,72,121,3,2.5,1.4,5595|6777|7157,MAPK3|STAT5B|TP53,-0.54,MyList
KEGG Pathway,24,hsa05223,Non-small cell lung cancer,,-2.5,10,5.1,30169,72,121,3,2.5,1.4,5595|6777|7157,MAPK3|STAT5B|TP53,-0.54,MyList
Reactome Gene Sets,6,R-HSA-199992,trans-Golgi Network Vesicle Budding,,-2.5,10,5.1,30169,72,121,3,2.5,1.4,4074|8907|9829,M6PR|AP1M1|DNAJC6,-0.54,MyList
GO Biological Processes,19,GO:0032946,positive regulation of mononuclear cell proliferation,19_GO:0048518 positive regulation of biological process,-2.5,6.7,4.4,30169,149,121,4,3.3,1.6,912|3479|6777|29126,CD1D|IGF1|STAT5B|CD274,-0.54,MyList
GO Biological Processes,19,GO:2000377,regulation of reactive oxygen species metabolic process,19_GO:0008152 metabolic process,-2.5,6.7,4.4,30169,149,121,4,3.3,1.6,4504|5155|5880|7157,MT3|PDGFB|RAC2|TP53,-0.54,MyList
WikiPathways,27,WP51,Regulation of actin cytoskeleton,,-2.5,6.6,4.4,30169,150,121,4,3.3,1.6,2250|5155|5595|5880,FGF5|PDGFB|MAPK3|RAC2,-0.53,MyList
WikiPathways,27,WP4216,Chromosomal and microsatellite instability in colorectal cancer,,-2.5,10,5,30169,73,121,3,2.5,1.4,5595|5880|7157,MAPK3|RAC2|TP53,-0.53,MyList
Reactome Gene Sets,6,R-HSA-5654738,Signaling by FGFR2,,-2.5,10,5,30169,73,121,3,2.5,1.4,2250|2963|5595,FGF5|GTF2F2|MAPK3,-0.53,MyList
GO Biological Processes,19,GO:2000573,positive regulation of DNA biosynthetic process,19_GO:0048518 positive regulation of biological process,-2.5,10,5,30169,74,121,3,2.5,1.4,5155|5595|10694,PDGFB|MAPK3|CCT8,-0.52,MyList
KEGG Pathway,24,hsa04145,Phagosome,,-2.5,6.6,4.4,30169,152,121,4,3.3,1.6,2213|3688|4074|7097,FCGR2B|ITGB1|M6PR|TLR2,-0.52,MyList
GO Biological Processes,19,GO:0045926,negative regulation of growth,19_GO:0040007 growth,-2.5,5,4,30169,249,121,5,4.1,1.8,3300|3304|4504|7157|84260,DNAJB2|HSPA1B|MT3|TP53|TCHP,-0.52,MyList
GO Biological Processes,19,GO:0002286,T cell activation involved in immune response,19_GO:0002376 immune system process,-2.5,10,4.9,30169,75,121,3,2.5,1.4,4063|7157|10875,LY9|TP53|FGL2,-0.51,MyList
Reactome Gene Sets,6,R-HSA-3700989,Transcriptional Regulation by TP53,,-2.5,4.1,3.8,30169,362,121,6,5,2,2963|7156|7157|9156|10419|83990,GTF2F2|TOP3A|TP53|EXO1|PRMT5|BRIP1,-0.51,MyList
WikiPathways,27,WP2857,Mesodermal commitment pathway,,-2.5,6.5,4.3,30169,154,121,4,3.3,1.6,1789|8554|23181|154091,DNMT3B|PIAS1|DIP2A|SLC2A12,-0.5,MyList
GO Biological Processes,19,GO:0001819,positive regulation of cytokine production,19_GO:0048518 positive regulation of biological process,-2.5,3.6,3.7,30169,486,121,7,5.8,2.1,3304|4063|5142|6777|7097|24145|29126,HSPA1B|LY9|PDE4B|STAT5B|TLR2|PANX1|CD274,-0.5,MyList
GO Biological Processes,19,GO:0070507,regulation of microtubule cytoskeleton organization,19_GO:0050789 regulation of biological process,-2.4,6.4,4.3,30169,155,121,4,3.3,1.6,3304|4733|8480|221074,HSPA1B|DRG1|RAE1|SLC39A12,-0.5,MyList
WikiPathways,27,WP4262,Breast cancer pathway,,-2.4,6.4,4.3,30169,155,121,4,3.3,1.6,2250|3479|5595|7157,FGF5|IGF1|MAPK3|TP53,-0.5,MyList
KEGG Pathway,24,hsa05212,Pancreatic cancer,,-2.4,9.8,4.9,30169,76,121,3,2.5,1.4,5595|5880|7157,MAPK3|RAC2|TP53,-0.5,MyList
KEGG Pathway,24,hsa05220,Chronic myeloid leukemia,,-2.4,9.8,4.9,30169,76,121,3,2.5,1.4,5595|6777|7157,MAPK3|STAT5B|TP53,-0.5,MyList
WikiPathways,27,WP2037,Prolactin signaling pathway,,-2.4,9.8,4.9,30169,76,121,3,2.5,1.4,3688|5595|6777,ITGB1|MAPK3|STAT5B,-0.5,MyList
GO Biological Processes,19,GO:0006979,response to oxidative stress,19_GO:0050896 response to stimulus,-2.4,4.1,3.8,30169,366,121,6,5,2,3297|3304|4504|5595|7157|54033,HSF1|HSPA1B|MT3|MAPK3|TP53|RBM11,-0.5,MyList
GO Biological Processes,19,GO:0019221,cytokine-mediated signaling pathway,19_GO:0023052 signaling,-2.4,4.1,3.8,30169,366,121,6,5,2,4504|5155|5595|6777|7157|8718,MT3|PDGFB|MAPK3|STAT5B|TP53|TNFRSF25,-0.5,MyList
KEGG Pathway,24,hsa04150,mTOR signaling pathway,,-2.4,6.4,4.3,30169,156,121,4,3.3,1.6,1975|3479|5595|6195,EIF4B|IGF1|MAPK3|RPS6KA1,-0.5,MyList
GO Biological Processes,19,GO:0000278,mitotic cell cycle,19_GO:0009987 cellular process,-2.4,3.2,3.5,30169,622,121,8,6.6,2.3,3688|5426|6777|7157|9088|23476|137886|387755,ITGB1|POLE|STAT5B|TP53|PKMYT1|BRD4|UBXN2B|INSC,-0.5,MyList
KEGG Pathway,24,hsa05140,Leishmaniasis,,-2.4,9.7,4.9,30169,77,121,3,2.5,1.4,3688|5595|7097,ITGB1|MAPK3|TLR2,-0.5,MyList
WikiPathways,27,WP4949,16p11.2 proximal deletion syndrome,,-2.4,9.7,4.9,30169,77,121,3,2.5,1.4,5595|7157|10694,MAPK3|TP53|CCT8,-0.5,MyList
GO Biological Processes,19,GO:0034645,cellular macromolecule biosynthetic process,19_GO:0008152 metabolic process,-2.4,2.9,3.4,30169,764,121,9,7.4,2.4,1975|3479|4733|5281|7991|11152|22906|29800|126792,EIF4B|IGF1|DRG1|PIGF|TUSC3|WDR45|TRAK1|ZDHHC1|B3GALT6,-0.5,MyList
GO Biological Processes,19,GO:0009725,response to hormone,19_GO:0050896 response to stimulus,-2.4,2.9,3.4,30169,764,121,9,7.4,2.4,3297|3304|4504|5581|6430|6777|7097|10499|83990,HSF1|HSPA1B|MT3|PRKCE|SRSF5|STAT5B|TLR2|NCOA2|BRIP1,-0.5,MyList
Reactome Gene Sets,6,R-HSA-2219530,Constitutive Signaling by Aberrant PI3K in Cancer,,-2.4,9.6,4.8,30169,78,121,3,2.5,1.4,2250|5155|5880,FGF5|PDGFB|RAC2,-0.49,MyList
GO Biological Processes,19,GO:0045913,positive regulation of carbohydrate metabolic process,19_GO:0048518 positive regulation of biological process,-2.4,9.6,4.8,30169,78,121,3,2.5,1.4,3479|5155|5581,IGF1|PDGFB|PRKCE,-0.49,MyList
GO Biological Processes,19,GO:0043410,positive regulation of MAPK cascade,19_GO:0023052 signaling,-2.4,3.5,3.6,30169,496,121,7,5.8,2.1,2213|3479|3487|4504|5155|5581|5595,FCGR2B|IGF1|IGFBP4|MT3|PDGFB|PRKCE|MAPK3,-0.48,MyList
KEGG Pathway,24,hsa01521,EGFR tyrosine kinase inhibitor resistance,,-2.4,9.5,4.8,30169,79,121,3,2.5,1.4,3479|5155|5595,IGF1|PDGFB|MAPK3,-0.48,MyList
GO Biological Processes,19,GO:0090068,positive regulation of cell cycle process,19_GO:0048518 positive regulation of biological process,-2.4,4.8,3.9,30169,260,121,5,4.1,1.8,3479|5155|5581|23476|137886,IGF1|PDGFB|PRKCE|BRD4|UBXN2B,-0.47,MyList
GO Biological Processes,19,GO:0071453,cellular response to oxygen levels,19_GO:0050896 response to stimulus,-2.4,6.2,4.2,30169,161,121,4,3.3,1.6,4504|5581|7157|83990,MT3|PRKCE|TP53|BRIP1,-0.47,MyList
KEGG Pathway,24,hsa05161,Hepatitis B,,-2.4,6.2,4.2,30169,162,121,4,3.3,1.6,5595|6777|7097|7157,MAPK3|STAT5B|TLR2|TP53,-0.46,MyList
GO Biological Processes,19,GO:1903037,regulation of leukocyte cell-cell adhesion,19_GO:0050789 regulation of biological process,-2.4,4,3.7,30169,377,121,6,5,2,912|2213|3479|6777|10875|29126,CD1D|FCGR2B|IGF1|STAT5B|FGL2|CD274,-0.46,MyList
GO Biological Processes,19,GO:0044265,cellular macromolecule catabolic process,19_GO:0008152 metabolic process,-2.4,2.9,3.4,30169,779,121,9,7.4,2.4,550|3300|3304|23049|51449|55298|137886|138050|148581,AUP1|DNAJB2|HSPA1B|SMG1|PCYOX1|RNF121|UBXN2B|HGSNAT|UBE2U,-0.46,MyList
GO Biological Processes,19,GO:0002697,regulation of immune effector process,19_GO:0002376 immune system process,-2.4,3.9,3.7,30169,379,121,6,5,2,912|2213|5880|6777|10875|24145,CD1D|FCGR2B|RAC2|STAT5B|FGL2|PANX1,-0.45,MyList
KEGG Pathway,24,hsa04662,B cell receptor signaling pathway,,-2.4,9.1,4.7,30169,82,121,3,2.5,1.4,2213|5595|5880,FCGR2B|MAPK3|RAC2,-0.45,MyList
GO Biological Processes,19,GO:0030433,ubiquitin-dependent ERAD pathway,19_GO:0050896 response to stimulus,-2.4,9.1,4.7,30169,82,121,3,2.5,1.4,550|3300|55298,AUP1|DNAJB2|RNF121,-0.45,MyList
GO Biological Processes,19,GO:0009150,purine ribonucleotide metabolic process,19_GO:0008152 metabolic process,-2.4,3.9,3.6,30169,381,121,6,5,2,32|3304|5142|23181|51000|55190,ACACB|HSPA1B|PDE4B|DIP2A|SLC35B3|NUDT11,-0.45,MyList
GO Biological Processes,19,GO:0050730,regulation of peptidyl-tyrosine phosphorylation,19_GO:0008152 metabolic process,-2.4,4.7,3.8,30169,266,121,5,4.1,1.8,3297|3479|5155|5581|7157,HSF1|IGF1|PDGFB|PRKCE|TP53,-0.45,MyList
Reactome Gene Sets,6,R-HSA-1257604,PIP3 activates AKT signaling,,-2.3,4.7,3.8,30169,267,121,5,4.1,1.8,2250|5155|5595|5880|7157,FGF5|PDGFB|MAPK3|RAC2|TP53,-0.44,MyList
GO Biological Processes,19,GO:0006898,receptor-mediated endocytosis,19_GO:0051179 localization,-2.3,6,4.1,30169,166,121,4,3.3,1.6,2213|3688|4074|9829,FCGR2B|ITGB1|M6PR|DNAJC6,-0.44,MyList
WikiPathways,27,WP3929,Chemokine signaling pathway,,-2.3,6,4.1,30169,166,121,4,3.3,1.6,5332|5595|5880|6777,PLCB4|MAPK3|RAC2|STAT5B,-0.44,MyList
KEGG Pathway,24,hsa04022,cGMP-PKG signaling pathway,,-2.3,6,4.1,30169,167,121,4,3.3,1.6,5332|5581|5595|340156,PLCB4|PRKCE|MAPK3|MYLK4,-0.43,MyList
WikiPathways,27,WP4806,EGFR tyrosine kinase inhibitor resistance,,-2.3,8.9,4.6,30169,84,121,3,2.5,1.4,3479|5155|5595,IGF1|PDGFB|MAPK3,-0.43,MyList
Reactome Gene Sets,6,R-HSA-168898,Toll-like Receptor Cascades,,-2.3,5.9,4.1,30169,168,121,4,3.3,1.6,5595|6195|7097|7157,MAPK3|RPS6KA1|TLR2|TP53,-0.43,MyList
GO Biological Processes,19,GO:0030217,T cell differentiation,19_GO:0002376 immune system process,-2.3,5.9,4.1,30169,168,121,4,3.3,1.6,912|4063|6777|7157,CD1D|LY9|STAT5B|TP53,-0.43,MyList
GO Biological Processes,19,GO:0006029,proteoglycan metabolic process,19_GO:0008152 metabolic process,-2.3,8.8,4.6,30169,85,121,3,2.5,1.4,3479|126792|138050,IGF1|B3GALT6|HGSNAT,-0.42,MyList
GO Biological Processes,19,GO:0006497,protein lipidation,19_GO:0008152 metabolic process,-2.3,8.8,4.6,30169,85,121,3,2.5,1.4,5281|11152|29800,PIGF|WDR45|ZDHHC1,-0.42,MyList
GO Biological Processes,19,GO:0000082,G1/S transition of mitotic cell cycle,19_GO:0009987 cellular process,-2.3,8.8,4.6,30169,85,121,3,2.5,1.4,3688|5426|23476,ITGB1|POLE|BRD4,-0.42,MyList
Reactome Gene Sets,6,R-HSA-8953897,Cellular responses to stimuli,,-2.3,2.8,3.3,30169,798,121,9,7.4,2.4,3297|3304|4504|5595|6195|7157|8480|10499|126374,HSF1|HSPA1B|MT3|MAPK3|RPS6KA1|TP53|RAE1|NCOA2|WTIP,-0.42,MyList
KEGG Pathway,24,hsa05210,Colorectal cancer,,-2.3,8.7,4.5,30169,86,121,3,2.5,1.4,5595|5880|7157,MAPK3|RAC2|TP53,-0.41,MyList
GO Biological Processes,19,GO:0044772,mitotic cell cycle phase transition,19_GO:0009987 cellular process,-2.3,5.8,4,30169,172,121,4,3.3,1.6,3688|5426|9088|23476,ITGB1|POLE|PKMYT1|BRD4,-0.41,MyList
GO Biological Processes,19,GO:1901136,carbohydrate derivative catabolic process,19_GO:0008152 metabolic process,-2.3,5.8,4,30169,172,121,4,3.3,1.6,2581|5142|55190|138050,GALC|PDE4B|NUDT11|HGSNAT,-0.41,MyList
GO Biological Processes,19,GO:0006163,purine nucleotide metabolic process,19_GO:0008152 metabolic process,-2.3,3.8,3.5,30169,394,121,6,5,2,32|3304|5142|23181|51000|55190,ACACB|HSPA1B|PDE4B|DIP2A|SLC35B3|NUDT11,-0.41,MyList
GO Biological Processes,19,GO:0044843,cell cycle G1/S phase transition,19_GO:0009987 cellular process,-2.3,8.6,4.5,30169,87,121,3,2.5,1.4,3688|5426|23476,ITGB1|POLE|BRD4,-0.41,MyList
GO Biological Processes,19,GO:0031110,regulation of microtubule polymerization or depolymerization,19_GO:0050789 regulation of biological process,-2.3,8.6,4.5,30169,87,121,3,2.5,1.4,3304|4733|221074,HSPA1B|DRG1|SLC39A12,-0.41,MyList
GO Biological Processes,19,GO:0048145,regulation of fibroblast proliferation,19_GO:0050789 regulation of biological process,-2.3,8.6,4.5,30169,87,121,3,2.5,1.4,3479|5155|7157,IGF1|PDGFB|TP53,-0.41,MyList
GO Biological Processes,19,GO:0010660,regulation of muscle cell apoptotic process,19_GO:0050789 regulation of biological process,-2.3,8.6,4.5,30169,87,121,3,2.5,1.4,3297|3479|7157,HSF1|IGF1|TP53,-0.41,MyList
GO Biological Processes,19,GO:0010507,negative regulation of autophagy,19_GO:0048519 negative regulation of biological process,-2.3,8.6,4.5,30169,87,121,3,2.5,1.4,4504|7157|23049,MT3|TP53|SMG1,-0.41,MyList
GO Biological Processes,19,GO:0001910,regulation of leukocyte mediated cytotoxicity,19_GO:0002376 immune system process,-2.3,8.6,4.5,30169,87,121,3,2.5,1.4,912|2213|6777,CD1D|FCGR2B|STAT5B,-0.41,MyList
Reactome Gene Sets,6,R-HSA-190236,Signaling by FGFR,,-2.3,8.6,4.5,30169,87,121,3,2.5,1.4,2250|2963|5595,FGF5|GTF2F2|MAPK3,-0.41,MyList
GO Biological Processes,19,GO:0009266,response to temperature stimulus,19_GO:0050896 response to stimulus,-2.3,5.7,4,30169,174,121,4,3.3,1.6,3297|3304|3479|81570,HSF1|HSPA1B|IGF1|CLPB,-0.4,MyList
KEGG Pathway,24,hsa04540,Gap junction,,-2.3,8.5,4.5,30169,88,121,3,2.5,1.4,5155|5332|5595,PDGFB|PLCB4|MAPK3,-0.4,MyList
WikiPathways,27,WP254,Apoptosis,,-2.3,8.5,4.5,30169,88,121,3,2.5,1.4,3479|7157|8718,IGF1|TP53|TNFRSF25,-0.4,MyList
GO Biological Processes,19,GO:0071396,cellular response to lipid,19_GO:0050896 response to stimulus,-2.3,3.3,3.4,30169,528,121,7,5.8,2.1,3297|3304|5142|5581|5595|7097|29126,HSF1|HSPA1B|PDE4B|PRKCE|MAPK3|TLR2|CD274,-0.39,MyList
WikiPathways,27,WP4263,Pancreatic adenocarcinoma pathway,,-2.3,8.4,4.4,30169,89,121,3,2.5,1.4,5595|5880|7157,MAPK3|RAC2|TP53,-0.39,MyList
KEGG Pathway,24,hsa05235,PD-L1 expression and PD-1 checkpoint pathway in cancer,,-2.3,8.4,4.4,30169,89,121,3,2.5,1.4,5595|7097|29126,MAPK3|TLR2|CD274,-0.39,MyList
GO Biological Processes,19,GO:1903047,mitotic cell cycle process,19_GO:0009987 cellular process,-2.3,3.3,3.4,30169,529,121,7,5.8,2.1,3688|5426|7157|9088|23476|137886|387755,ITGB1|POLE|TP53|PKMYT1|BRD4|UBXN2B|INSC,-0.39,MyList
GO Biological Processes,19,GO:0009259,ribonucleotide metabolic process,19_GO:0008152 metabolic process,-2.3,3.7,3.5,30169,400,121,6,5,2,32|3304|5142|23181|51000|55190,ACACB|HSPA1B|PDE4B|DIP2A|SLC35B3|NUDT11,-0.39,MyList
GO Biological Processes,19,GO:0042158,lipoprotein biosynthetic process,19_GO:0008152 metabolic process,-2.2,8.3,4.4,30169,90,121,3,2.5,1.4,5281|11152|29800,PIGF|WDR45|ZDHHC1,-0.38,MyList
WikiPathways,27,WP673,ErbB signaling pathway,,-2.2,8.1,4.3,30169,92,121,3,2.5,1.4,5595|6777|7157,MAPK3|STAT5B|TP53,-0.36,MyList
GO Biological Processes,19,GO:0032273,positive regulation of protein polymerization,19_GO:0048518 positive regulation of biological process,-2.2,8.1,4.3,30169,92,121,3,2.5,1.4,3304|4733|5581,HSPA1B|DRG1|PRKCE,-0.36,MyList
Reactome Gene Sets,6,R-HSA-9694516,SARS-CoV-2 Infection,,-2.2,4.3,3.6,30169,288,121,5,4.1,1.8,5648|7097|7113|7991|8480,MASP1|TLR2|TMPRSS2|TUSC3|RAE1,-0.35,MyList
GO Biological Processes,19,GO:0051052,regulation of DNA metabolic process,19_GO:0008152 metabolic process,-2.2,3.2,3.3,30169,540,121,7,5.8,2.1,3297|5155|5595|7157|10419|10694|23049,HSF1|PDGFB|MAPK3|TP53|PRMT5|CCT8|SMG1,-0.35,MyList
GO Biological Processes,19,GO:0019693,ribose phosphate metabolic process,19_GO:0008152 metabolic process,-2.2,3.7,3.4,30169,409,121,6,5,2,32|3304|5142|23181|51000|55190,ACACB|HSPA1B|PDE4B|DIP2A|SLC35B3|NUDT11,-0.35,MyList
GO Biological Processes,19,GO:0051781,positive regulation of cell division,19_GO:0048518 positive regulation of biological process,-2.2,8,4.3,30169,93,121,3,2.5,1.4,2250|5155|5581,FGF5|PDGFB|PRKCE,-0.35,MyList
GO Biological Processes,19,GO:0044770,cell cycle phase transition,19_GO:0009987 cellular process,-2.2,5.5,3.8,30169,182,121,4,3.3,1.6,3688|5426|9088|23476,ITGB1|POLE|PKMYT1|BRD4,-0.35,MyList
GO Biological Processes,19,GO:0043254,regulation of protein-containing complex assembly,19_GO:0050789 regulation of biological process,-2.2,3.6,3.4,30169,410,121,6,5,2,3297|3304|4733|5581|7157|221074,HSF1|HSPA1B|DRG1|PRKCE|TP53|SLC39A12,-0.35,MyList
GO Biological Processes,19,GO:0060627,regulation of vesicle-mediated transport,19_GO:0051179 localization,-2.2,3.2,3.3,30169,544,121,7,5.8,2.1,2213|5595|5874|5880|7097|9495|9829,FCGR2B|MAPK3|RAB27B|RAC2|TLR2|AKAP5|DNAJC6,-0.34,MyList
GO Biological Processes,19,GO:0032436,positive regulation of proteasomal ubiquitin-dependent protein catabolic process,19_GO:0048518 positive regulation of biological process,-2.2,8,4.3,30169,94,121,3,2.5,1.4,3300|3304|8554,DNAJB2|HSPA1B|PIAS1,-0.34,MyList
GO Biological Processes,19,GO:0010001,glial cell differentiation,19_GO:0032502 developmental process,-2.2,5.4,3.8,30169,184,121,4,3.3,1.6,2250|4504|5595|7097,FGF5|MT3|MAPK3|TLR2,-0.34,MyList
GO Biological Processes,19,GO:0006886,intracellular protein transport,19_GO:0051179 localization,-2.2,2.9,3.2,30169,687,121,8,6.6,2.3,550|4074|5874|7157|8907|22906|29800|152579,AUP1|M6PR|RAB27B|TP53|AP1M1|TRAK1|ZDHHC1|SCFD2,-0.34,MyList
Reactome Gene Sets,6,R-HSA-69620,Cell Cycle Checkpoints,,-2.2,4.3,3.6,30169,293,121,5,4.1,1.8,7156|7157|9088|9156|83990,TOP3A|TP53|PKMYT1|EXO1|BRIP1,-0.33,MyList
GO Biological Processes,19,GO:0051222,positive regulation of protein transport,19_GO:0051179 localization,-2.2,4.2,3.5,30169,294,121,5,4.1,1.8,3479|5581|5880|7097|9495,IGF1|PRKCE|RAC2|TLR2|AKAP5,-0.33,MyList
GO Biological Processes,19,GO:0032091,negative regulation of protein binding,19_GO:0065007 biological regulation,-2.2,7.8,4.2,30169,96,121,3,2.5,1.4,3300|5155|5595,DNAJB2|PDGFB|MAPK3,-0.32,MyList
Reactome Gene Sets,6,R-HSA-1640170,Cell Cycle,,-2.2,2.9,3.2,30169,692,121,8,6.6,2.3,5426|5595|7156|7157|8480|9088|9156|83990,POLE|MAPK3|TOP3A|TP53|RAE1|PKMYT1|EXO1|BRIP1,-0.32,MyList
Reactome Gene Sets,6,R-HSA-168176,Toll Like Receptor 5 (TLR5) Cascade,,-2.2,7.7,4.2,30169,97,121,3,2.5,1.4,5595|6195|7157,MAPK3|RPS6KA1|TP53,-0.32,MyList
Reactome Gene Sets,6,R-HSA-5693607,Processing of DNA double-strand break ends,,-2.2,7.7,4.2,30169,97,121,3,2.5,1.4,7156|9156|83990,TOP3A|EXO1|BRIP1,-0.32,MyList
Reactome Gene Sets,6,R-HSA-975871,MyD88 cascade initiated on plasma membrane,,-2.2,7.7,4.2,30169,97,121,3,2.5,1.4,5595|6195|7157,MAPK3|RPS6KA1|TP53,-0.32,MyList
GO Biological Processes,19,GO:0002221,pattern recognition receptor signaling pathway,19_GO:0002376 immune system process,-2.2,7.7,4.2,30169,97,121,3,2.5,1.4,5581|7097|81570,PRKCE|TLR2|CLPB,-0.32,MyList
Reactome Gene Sets,6,R-HSA-168142,Toll Like Receptor 10 (TLR10) Cascade,,-2.2,7.7,4.2,30169,97,121,3,2.5,1.4,5595|6195|7157,MAPK3|RPS6KA1|TP53,-0.32,MyList
GO Biological Processes,19,GO:0008283,cell population proliferation,19_GO:0009987 cellular process,-2.1,2.9,3.2,30169,698,121,8,6.6,2.3,3479|3487|3688|5880|6195|6777|7157|26047,IGF1|IGFBP4|ITGB1|RAC2|RPS6KA1|STAT5B|TP53|CNTNAP2,-0.32,MyList
KEGG Pathway,24,hsa04750,Inflammatory mediator regulation of TRP channels,,-2.1,7.6,4.2,30169,98,121,3,2.5,1.4,3479|5332|5581,IGF1|PLCB4|PRKCE,-0.32,MyList
KEGG Pathway,24,hsa01522,Endocrine resistance,,-2.1,7.6,4.2,30169,98,121,3,2.5,1.4,3479|5595|7157,IGF1|MAPK3|TP53,-0.32,MyList
KEGG Pathway,24,hsa05231,Choline metabolism in cancer,,-2.1,7.6,4.2,30169,98,121,3,2.5,1.4,5155|5595|5880,PDGFB|MAPK3|RAC2,-0.32,MyList
GO Biological Processes,19,GO:0051302,regulation of cell division,19_GO:0050789 regulation of biological process,-2.1,5.2,3.7,30169,190,121,4,3.3,1.6,2250|5155|5581|387755,FGF5|PDGFB|PRKCE|INSC,-0.32,MyList
KEGG Pathway,24,hsa04613,Neutrophil extracellular trap formation,,-2.1,5.2,3.7,30169,190,121,4,3.3,1.6,5332|5595|5880|7097,PLCB4|MAPK3|RAC2|TLR2,-0.32,MyList
GO Biological Processes,19,GO:0061919,process utilizing autophagic mechanism,19_GO:0009987 cellular process,-2.1,4.2,3.5,30169,300,121,5,4.1,1.8,550|5595|7157|11152|137886,AUP1|MAPK3|TP53|WDR45|UBXN2B,-0.32,MyList
GO Biological Processes,19,GO:0006914,autophagy,19_GO:0008152 metabolic process,-2.1,4.2,3.5,30169,300,121,5,4.1,1.8,550|5595|7157|11152|137886,AUP1|MAPK3|TP53|WDR45|UBXN2B,-0.32,MyList
Reactome Gene Sets,6,R-HSA-1474244,Extracellular matrix organization,,-2.1,4.2,3.5,30169,300,121,5,4.1,1.8,826|1302|3688|5155|11095,CAPNS1|COL11A2|ITGB1|PDGFB|ADAMTS8,-0.32,MyList
GO Biological Processes,19,GO:0072521,purine-containing compound metabolic process,19_GO:0008152 metabolic process,-2.1,3.5,3.3,30169,425,121,6,5,2,32|3304|5142|23181|51000|55190,ACACB|HSPA1B|PDE4B|DIP2A|SLC35B3|NUDT11,-0.31,MyList
KEGG Pathway,24,hsa04062,Chemokine signaling pathway,,-2.1,5.2,3.7,30169,192,121,4,3.3,1.6,5332|5595|5880|6777,PLCB4|MAPK3|RAC2|STAT5B,-0.3,MyList
GO Biological Processes,19,GO:0031334,positive regulation of protein-containing complex assembly,19_GO:0048518 positive regulation of biological process,-2.1,5.2,3.7,30169,192,121,4,3.3,1.6,3304|4733|5581|7157,HSPA1B|DRG1|PRKCE|TP53,-0.3,MyList
GO Biological Processes,19,GO:0036503,ERAD pathway,19_GO:0050896 response to stimulus,-2.1,7.5,4.1,30169,100,121,3,2.5,1.4,550|3300|55298,AUP1|DNAJB2|RNF121,-0.3,MyList
GO Biological Processes,19,GO:0035967,cellular response to topologically incorrect protein,19_GO:0050896 response to stimulus,-2.1,7.5,4.1,30169,100,121,3,2.5,1.4,550|3297|3304,AUP1|HSF1|HSPA1B,-0.3,MyList
GO Biological Processes,19,GO:0050731,positive regulation of peptidyl-tyrosine phosphorylation,19_GO:0048518 positive regulation of biological process,-2.1,5.2,3.7,30169,193,121,4,3.3,1.6,3297|3479|5155|7157,HSF1|IGF1|PDGFB|TP53,-0.3,MyList
GO Biological Processes,19,GO:1905477,positive regulation of protein localization to membrane,19_GO:0051179 localization,-2.1,7.4,4.1,30169,101,121,3,2.5,1.4,3688|5581|9495,ITGB1|PRKCE|AKAP5,-0.29,MyList
GO Biological Processes,19,GO:0032204,regulation of telomere maintenance,19_GO:0008152 metabolic process,-2.1,7.4,4.1,30169,101,121,3,2.5,1.4,5595|10694|23049,MAPK3|CCT8|SMG1,-0.29,MyList
GO Biological Processes,19,GO:0030335,positive regulation of cell migration,19_GO:0040011 locomotion,-2.1,3.1,3.2,30169,566,121,7,5.8,2.1,3479|3688|5155|5581|5595|5880|29126,IGF1|ITGB1|PDGFB|PRKCE|MAPK3|RAC2|CD274,-0.29,MyList
GO Biological Processes,19,GO:0031058,positive regulation of histone modification,19_GO:0048518 positive regulation of biological process,-2.1,7.3,4.1,30169,102,121,3,2.5,1.4,1789|7157|23476,DNMT3B|TP53|BRD4,-0.29,MyList
KEGG Pathway,24,hsa05142,Chagas disease,,-2.1,7.3,4.1,30169,102,121,3,2.5,1.4,5332|5595|7097,PLCB4|MAPK3|TLR2,-0.29,MyList
KEGG Pathway,24,hsa05146,Amoebiasis,,-2.1,7.3,4.1,30169,102,121,3,2.5,1.4,912|5332|7097,CD1D|PLCB4|TLR2,-0.29,MyList
GO Biological Processes,19,GO:0031341,regulation of cell killing,19_GO:0050789 regulation of biological process,-2.1,7.3,4.1,30169,102,121,3,2.5,1.4,912|2213|6777,CD1D|FCGR2B|STAT5B,-0.29,MyList
WikiPathways,27,WP185,Integrin-mediated cell adhesion,,-2.1,7.3,4.1,30169,102,121,3,2.5,1.4,826|3688|5880,CAPNS1|ITGB1|RAC2,-0.29,MyList
Reactome Gene Sets,6,R-HSA-9645723,Diseases of programmed cell death,,-2.1,7.3,4,30169,103,121,3,2.5,1.4,826|1789|7157,CAPNS1|DNMT3B|TP53,-0.28,MyList
Reactome Gene Sets,6,R-HSA-975138,TRAF6 mediated induction of NFkB and MAP kinases upon TLR7/8 or 9 activation,,-2.1,7.3,4,30169,103,121,3,2.5,1.4,5595|6195|7157,MAPK3|RPS6KA1|TP53,-0.28,MyList
GO Biological Processes,19,GO:1903076,regulation of protein localization to plasma membrane,19_GO:0051179 localization,-2.1,7.3,4,30169,103,121,3,2.5,1.4,3688|5581|9495,ITGB1|PRKCE|AKAP5,-0.28,MyList
GO Biological Processes,19,GO:0045639,positive regulation of myeloid cell differentiation,19_GO:0002376 immune system process,-2.1,7.3,4,30169,103,121,3,2.5,1.4,3297|3304|6777,HSF1|HSPA1B|STAT5B,-0.28,MyList
KEGG Pathway,24,hsa05206,MicroRNAs in cancer,,-2.1,4,3.4,30169,310,121,5,4.1,1.8,1789|5155|5581|5595|7157,DNMT3B|PDGFB|PRKCE|MAPK3|TP53,-0.28,MyList
GO Biological Processes,19,GO:0002819,regulation of adaptive immune response,19_GO:0002376 immune system process,-2.1,5,3.6,30169,198,121,4,3.3,1.6,912|962|2213|29126,CD1D|CD48|FCGR2B|CD274,-0.28,MyList
GO Biological Processes,19,GO:0051249,regulation of lymphocyte activation,19_GO:0002376 immune system process,-2.1,3,3.1,30169,573,121,7,5.8,2.1,912|2213|3479|5880|6777|10875|29126,CD1D|FCGR2B|IGF1|RAC2|STAT5B|FGL2|CD274,-0.28,MyList
Reactome Gene Sets,6,R-HSA-975155,MyD88 dependent cascade initiated on endosome,,-2.1,7.2,4,30169,104,121,3,2.5,1.4,5595|6195|7157,MAPK3|RPS6KA1|TP53,-0.28,MyList
Reactome Gene Sets,6,R-HSA-2219528,PI3K/AKT Signaling in Cancer,,-2.1,7.2,4,30169,104,121,3,2.5,1.4,2250|5155|5880,FGF5|PDGFB|RAC2,-0.28,MyList
GO Biological Processes,19,GO:0071103,DNA conformation change,19_GO:0009987 cellular process,-2.1,7.2,4,30169,104,121,3,2.5,1.4,2963|7156|83990,GTF2F2|TOP3A|BRIP1,-0.28,MyList
GO Biological Processes,19,GO:0072593,reactive oxygen species metabolic process,19_GO:0008152 metabolic process,-2.1,7.2,4,30169,104,121,3,2.5,1.4,4504|5155|7157,MT3|PDGFB|TP53,-0.28,MyList
GO Biological Processes,19,GO:0050778,positive regulation of immune response,19_GO:0002376 immune system process,-2.1,3,3.1,30169,574,121,7,5.8,2.1,912|2213|5142|5581|5648|6777|29126,CD1D|FCGR2B|PDE4B|PRKCE|MASP1|STAT5B|CD274,-0.28,MyList
GO Biological Processes,19,GO:0043393,regulation of protein binding,19_GO:0065007 biological regulation,-2.1,5,3.6,30169,200,121,4,3.3,1.6,3297|3300|5155|5595,HSF1|DNAJB2|PDGFB|MAPK3,-0.27,MyList
Reactome Gene Sets,6,R-HSA-168181,Toll Like Receptor 7/8 (TLR7/8) Cascade,,-2.1,7.1,4,30169,105,121,3,2.5,1.4,5595|6195|7157,MAPK3|RPS6KA1|TP53,-0.27,MyList
Reactome Gene Sets,6,R-HSA-168164,Toll Like Receptor 3 (TLR3) Cascade,,-2.1,7.1,4,30169,105,121,3,2.5,1.4,5595|6195|7157,MAPK3|RPS6KA1|TP53,-0.27,MyList
GO Biological Processes,19,GO:0032271,regulation of protein polymerization,19_GO:0050789 regulation of biological process,-2.1,5,3.6,30169,201,121,4,3.3,1.6,3304|4733|5581|221074,HSPA1B|DRG1|PRKCE|SLC39A12,-0.27,MyList
Reactome Gene Sets,6,R-HSA-1280215,Cytokine Signaling in Immune system,,-2,2.8,3,30169,725,121,8,6.6,2.3,3688|5595|6195|6777|7157|8480|8554|8718,ITGB1|MAPK3|RPS6KA1|STAT5B|TP53|RAE1|PIAS1|TNFRSF25,-0.27,MyList
WikiPathways,27,WP4932,7q11.23 copy number variation syndrome,,-2,7.1,4,30169,106,121,3,2.5,1.4,32|5595|23476,ACACB|MAPK3|BRD4,-0.27,MyList
KEGG Pathway,24,hsa04928,"Parathyroid hormone synthesis, secretion and action",,-2,7.1,4,30169,106,121,3,2.5,1.4,5142|5332|5595,PDE4B|PLCB4|MAPK3,-0.27,MyList
GO Biological Processes,19,GO:0014013,regulation of gliogenesis,19_GO:0032502 developmental process,-2,7,3.9,30169,107,121,3,2.5,1.4,7097|7157|10419,TLR2|TP53|PRMT5,-0.26,MyList
GO Biological Processes,19,GO:1901654,response to ketone,19_GO:0050896 response to stimulus,-2,4.9,3.5,30169,204,121,4,3.3,1.6,3297|5581|7097|10499,HSF1|PRKCE|TLR2|NCOA2,-0.25,MyList
KEGG Pathway,24,hsa04931,Insulin resistance,,-2,6.9,3.9,30169,108,121,3,2.5,1.4,32|5581|6195,ACACB|PRKCE|RPS6KA1,-0.25,MyList
Reactome Gene Sets,6,R-HSA-168138,Toll Like Receptor 9 (TLR9) Cascade,,-2,6.9,3.9,30169,108,121,3,2.5,1.4,5595|6195|7157,MAPK3|RPS6KA1|TP53,-0.25,MyList
GO Biological Processes,19,GO:0043281,regulation of cysteine-type endopeptidase activity involved in apoptotic process,19_GO:0008152 metabolic process,-2,4.9,3.5,30169,205,121,4,3.3,1.6,3297|4504|6195|9994,HSF1|MT3|RPS6KA1|CASP8AP2,-0.25,MyList
GO Biological Processes,19,GO:0071496,cellular response to external stimulus,19_GO:0050896 response to stimulus,-2,3.9,3.3,30169,320,121,5,4.1,1.8,5595|7157|9994|11152|83990,MAPK3|TP53|CASP8AP2|WDR45|BRIP1,-0.25,MyList
GO Biological Processes,19,GO:0104004,cellular response to environmental stimulus,19_GO:0050896 response to stimulus,-2,3.9,3.3,30169,321,121,5,4.1,1.8,3297|5595|5995|7157|9994,HSF1|MAPK3|RGR|TP53|CASP8AP2,-0.25,MyList
GO Biological Processes,19,GO:0071214,cellular response to abiotic stimulus,19_GO:0050896 response to stimulus,-2,3.9,3.3,30169,321,121,5,4.1,1.8,3297|5595|5995|7157|9994,HSF1|MAPK3|RGR|TP53|CASP8AP2,-0.25,MyList
GO Biological Processes,19,GO:1902115,regulation of organelle assembly,19_GO:0050789 regulation of biological process,-2,4.8,3.5,30169,207,121,4,3.3,1.6,3304|4733|11152|84260,HSPA1B|DRG1|WDR45|TCHP,-0.24,MyList
Reactome Gene Sets,6,R-HSA-166166,MyD88-independent TLR4 cascade,,-2,6.8,3.9,30169,110,121,3,2.5,1.4,5595|6195|7157,MAPK3|RPS6KA1|TP53,-0.24,MyList
Reactome Gene Sets,6,R-HSA-937061,TRIF(TICAM1)-mediated TLR4 signaling,,-2,6.8,3.9,30169,110,121,3,2.5,1.4,5595|6195|7157,MAPK3|RPS6KA1|TP53,-0.24,MyList
GO Biological Processes,19,GO:0046916,cellular transition metal ion homeostasis,19_GO:0065007 biological regulation,-2,6.8,3.9,30169,110,121,3,2.5,1.4,4504|57217|221074,MT3|TTC7A|SLC39A12,-0.24,MyList
GO Biological Processes,19,GO:2000060,positive regulation of ubiquitin-dependent protein catabolic process,19_GO:0048518 positive regulation of biological process,-2,6.8,3.9,30169,110,121,3,2.5,1.4,3300|3304|8554,DNAJB2|HSPA1B|PIAS1,-0.24,MyList
