_MEMBER_MyList,_LogP_MyList,GO,Description,_PATTERN_,_RANK_,CHILD_GO_MyList
1,-5.479294233754987,GO:0050896,response to stimulus,M1,1,GO:0036293 response to decreased oxygen levels
1,-5.335227869896568,GO:0009987,cellular process,M1,1,GO:0001775 cell activation
1,-5.074910139133666,GO:0050789,regulation of biological process,M1,1,GO:0010564 regulation of cell cycle process
1,-4.993843884143893,GO:0048519,negative regulation of biological process,M1,1,GO:0090084 negative regulation of inclusion body assembly
1,-4.976276162106878,GO:0008152,metabolic process,M1,1,GO:0006109 regulation of carbohydrate metabolic process
1,-4.675114869836949,GO:0002376,immune system process,M1,1,GO:0045321 leukocyte activation
1,-4.544853478543398,GO:0044419,biological process involved in interspecies interaction between organisms,M1,1,GO:0071219 cellular response to molecule of bacterial origin
1,-4.352523137057594,GO:0040007,growth,M1,1,GO:0040008 regulation of growth
1,-4.223690738866833,GO:0048518,positive regulation of biological process,M1,1,GO:0070665 positive regulation of leukocyte proliferation
1,-3.602559792723786,GO:0023052,signaling,M1,1,GO:0000165 MAPK cascade
1,-3.502436250767435,GO:0051179,localization,M1,1,GO:0000132 establishment of mitotic spindle orientation
1,-2.7568994710486385,GO:0065007,biological regulation,M1,1,GO:0050821 protein stabilization
1,-2.639537422350538,GO:0032501,multicellular organismal process,M1,1,GO:0032653 regulation of interleukin-10 production
1,-2.6067372238032855,GO:0032502,developmental process,M1,1,GO:0045596 negative regulation of cell differentiation
1,-2.10007046970759,GO:0040011,locomotion,M1,1,GO:0030335 positive regulation of cell migration
