_MEMBER_MyList,_LogP_MyList,GO,Description,_PATTERN_,_RANK_,GiniIndex
1,-3.7,GO:0002520,immune system development,M1,1,0
1,-3.2,GO:0071417,cellular response to organonitrogen compound,M1,1,0
1,-5,hsa05218,Melanoma,M1,1,0
1,-4,GO:0031329,regulation of cellular catabolic process,M1,1,0
1,-2.6,hsa04720,Long-term potentiation,M1,1,0
1,-3.9,WP2374,Oncostatin M signaling pathway,M1,1,0
1,-3.7,GO:0010638,positive regulation of organelle organization,M1,1,0
1,-2.2,R-HSA-69620,Cell Cycle Checkpoints,M1,1,0
1,-2.8,hsa04919,Thyroid hormone signaling pathway,M1,1,0
1,-2.3,WP4806,EGFR tyrosine kinase inhibitor resistance,M1,1,0
1,-2.6,GO:0050865,regulation of cell activation,M1,1,0
1,-2.5,R-HSA-199992,trans-Golgi Network Vesicle Budding,M1,1,0
1,-2.5,R-HSA-5654738,Signaling by FGFR2,M1,1,0
1,-2.4,hsa01521,EGFR tyrosine kinase inhibitor resistance,M1,1,0
1,-2.5,GO:2000377,regulation of reactive oxygen species metabolic process,M1,1,0
1,-3.6,hsa05162,Measles,M1,1,0
1,-2.7,GO:0032496,response to lipopolysaccharide,M1,1,0
1,-3,GO:0090224,regulation of spindle organization,M1,1,0
1,-3.4,R-HSA-5685938,HDR through Single Strand Annealing (SSA),M1,1,0
1,-3.3,R-HSA-6804756,Regulation of TP53 Activity through Phosphorylation,M1,1,0
1,-2.7,GO:0043408,regulation of MAPK cascade,M1,1,0
1,-2,GO:0046916,cellular transition metal ion homeostasis,M1,1,0
1,-3.2,R-HSA-76002,"Platelet activation, signaling and aggregation",M1,1,0
1,-2.8,hsa04611,Platelet activation,M1,1,0
1,-2.1,GO:0030335,positive regulation of cell migration,M1,1,0
1,-2.6,GO:0055076,transition metal ion homeostasis,M1,1,0
1,-2.7,GO:0046686,response to cadmium ion,M1,1,0
1,-2.2,GO:0060627,regulation of vesicle-mediated transport,M1,1,0
1,-2.1,GO:0050778,positive regulation of immune response,M1,1,0
1,-3.3,GO:0016241,regulation of macroautophagy,M1,1,0
1,-3.1,hsa04914,Progesterone-mediated oocyte maturation,M1,1,0
1,-2.6,GO:0044272,sulfur compound biosynthetic process,M1,1,0
1,-2.5,hsa05223,Non-small cell lung cancer,M1,1,0
1,-4.7,GO:0045321,leukocyte activation,M1,1,0
1,-2.3,R-HSA-168898,Toll-like Receptor Cascades,M1,1,0
1,-2.6,M121,PID MTOR 4PATHWAY,M1,1,0
1,-2.4,GO:0044265,cellular macromolecule catabolic process,M1,1,0
1,-2.7,hsa05417,Lipid and atherosclerosis,M1,1,0
1,-3.3,GO:0040001,establishment of mitotic spindle localization,M1,1,0
1,-4.3,hsa05215,Prostate cancer,M1,1,0
1,-3.3,R-HSA-5633007,Regulation of TP53 Activity,M1,1,0
1,-2.7,WP3888,VEGFA-VEGFR2 signaling pathway,M1,1,0
1,-3.1,GO:0030098,lymphocyte differentiation,M1,1,0
1,-2.1,hsa05142,Chagas disease,M1,1,0
1,-2.3,GO:0010660,regulation of muscle cell apoptotic process,M1,1,0
1,-2.6,GO:0032653,regulation of interleukin-10 production,M1,1,0
1,-3.8,GO:0097659,nucleic acid-templated transcription,M1,1,0
1,-2.2,GO:0019693,ribose phosphate metabolic process,M1,1,0
1,-2.1,hsa04062,Chemokine signaling pathway,M1,1,0
1,-4.7,GO:0001666,response to hypoxia,M1,1,0
1,-3.1,GO:0062197,cellular response to chemical stress,M1,1,0
1,-3.6,WP4341,"Non-genomic actions of 1,25 dihydroxyvitamin D3",M1,1,0
1,-4.6,hsa04015,Rap1 signaling pathway,M1,1,0
1,-2.2,GO:0010001,glial cell differentiation,M1,1,0
1,-2.7,R-HSA-5693567,HDR through Homologous Recombination (HRR) or Single Strand Annealing (SSA),M1,1,0
1,-3.1,WP4566,Translation inhibitors in chronically activated PDGFRA cells,M1,1,0
1,-2.2,R-HSA-1640170,Cell Cycle,M1,1,0
1,-3.7,GO:0071222,cellular response to lipopolysaccharide,M1,1,0
1,-2.6,GO:0062012,regulation of small molecule metabolic process,M1,1,0
1,-4.5,WP35,G protein signaling pathways,M1,1,0
1,-2.5,WP4255,Non-small cell lung cancer,M1,1,0
1,-2.3,WP3929,Chemokine signaling pathway,M1,1,0
1,-3.6,WP4630,Measles virus infection,M1,1,0
1,-2.7,R-HSA-5663202,Diseases of signal transduction by growth factor receptors and second messengers,M1,1,0
1,-4,GO:0046649,lymphocyte activation,M1,1,0
1,-2.3,GO:0048145,regulation of fibroblast proliferation,M1,1,0
1,-4.1,GO:0010906,regulation of glucose metabolic process,M1,1,0
1,-4,GO:0070663,regulation of leukocyte proliferation,M1,1,0
1,-3.8,R-HSA-5693554,Resolution of D-loop Structures through Synthesis-Dependent Strand Annealing (SDSA),M1,1,0
1,-2.4,GO:0090068,positive regulation of cell cycle process,M1,1,0
1,-2.4,GO:0002697,regulation of immune effector process,M1,1,0
1,-2.7,hsa04213,Longevity regulating pathway - multiple species,M1,1,0
1,-2.6,GO:0036294,cellular response to decreased oxygen levels,M1,1,0
1,-3.3,GO:0002237,response to molecule of bacterial origin,M1,1,0
1,-2.8,GO:0006289,nucleotide-excision repair,M1,1,0
1,-2.2,R-HSA-168142,Toll Like Receptor 10 (TLR10) Cascade,M1,1,0
1,-2.4,GO:0070507,regulation of microtubule cytoskeleton organization,M1,1,0
1,-3.5,GO:0000132,establishment of mitotic spindle orientation,M1,1,0
1,-3.6,WP2034,Leptin signaling pathway,M1,1,0
1,-2.5,GO:0061077,chaperone-mediated protein folding,M1,1,0
1,-2.3,GO:0000082,G1/S transition of mitotic cell cycle,M1,1,0
1,-2.1,GO:0051302,regulation of cell division,M1,1,0
1,-2.3,GO:0030217,T cell differentiation,M1,1,0
1,-2.2,GO:0044770,cell cycle phase transition,M1,1,0
1,-2.9,GO:0030097,hemopoiesis,M1,1,0
1,-2.2,GO:0051052,regulation of DNA metabolic process,M1,1,0
1,-4.6,hsa04010,MAPK signaling pathway,M1,1,0
1,-3.4,R-HSA-9709570,Impaired BRCA2 binding to RAD51,M1,1,0
1,-2.3,WP254,Apoptosis,M1,1,0
1,-2.9,R-HSA-168188,Toll Like Receptor TLR6:TLR2 Cascade,M1,1,0
1,-2.9,R-HSA-181438,Toll Like Receptor 2 (TLR2) Cascade,M1,1,0
1,-4.4,GO:0010675,regulation of cellular carbohydrate metabolic process,M1,1,0
1,-3.2,GO:0045787,positive regulation of cell cycle,M1,1,0
1,-2.4,hsa04150,mTOR signaling pathway,M1,1,0
1,-2.2,GO:0042158,lipoprotein biosynthetic process,M1,1,0
1,-2.1,hsa05146,Amoebiasis,M1,1,0
1,-2.5,WP4216,Chromosomal and microsatellite instability in colorectal cancer,M1,1,0
1,-5.8,WP5087,Malignant pleural mesothelioma,M1,1,0
1,-3.3,R-HSA-3371556,Cellular response to heat stress,M1,1,0
1,-2.1,GO:1905477,positive regulation of protein localization to membrane,M1,1,0
1,-2.8,GO:0070372,regulation of ERK1 and ERK2 cascade,M1,1,0
1,-2.7,GO:0051129,negative regulation of cellular component organization,M1,1,0
1,-3,GO:0018105,peptidyl-serine phosphorylation,M1,1,0
1,-3.5,M115,PID REG GR PATHWAY,M1,1,0
1,-2.2,GO:0002221,pattern recognition receptor signaling pathway,M1,1,0
1,-3.5,WP4016,DNA IR-damage and cellular response via ATR,M1,1,0
1,-2.3,GO:1901136,carbohydrate derivative catabolic process,M1,1,0
1,-2.3,R-HSA-1257604,PIP3 activates AKT signaling,M1,1,0
1,-3.2,R-HSA-5693532,DNA Double-Strand Break Repair,M1,1,0
1,-3.9,hsa04071,Sphingolipid signaling pathway,M1,1,0
1,-2.1,GO:0032271,regulation of protein polymerization,M1,1,0
1,-4.6,M91,PID TCPTP PATHWAY,M1,1,0
1,-2.6,GO:1904377,positive regulation of protein localization to cell periphery,M1,1,0
1,-2.5,GO:0042063,gliogenesis,M1,1,0
1,-3.1,R-HSA-3899300,SUMOylation of transcription cofactors,M1,1,0
1,-2.7,GO:0030183,B cell differentiation,M1,1,0
1,-2.7,GO:1903131,mononuclear cell differentiation,M1,1,0
1,-2.1,GO:0031058,positive regulation of histone modification,M1,1,0
1,-3.4,GO:0050670,regulation of lymphocyte proliferation,M1,1,0
1,-2.5,GO:2000573,positive regulation of DNA biosynthetic process,M1,1,0
1,-2,R-HSA-168138,Toll Like Receptor 9 (TLR9) Cascade,M1,1,0
1,-2.9,WP3932,Focal adhesion: PI3K-Akt-mTOR-signaling pathway,M1,1,0
1,-2.9,GO:0031113,regulation of microtubule polymerization,M1,1,0
1,-2.1,GO:0031334,positive regulation of protein-containing complex assembly,M1,1,0
1,-2.4,GO:0045913,positive regulation of carbohydrate metabolic process,M1,1,0
1,-3.9,R-HSA-9709603,Impaired BRCA2 binding to PALB2,M1,1,0
1,-3.1,WP2332,Interleukin-11 signaling pathway,M1,1,0
1,-3.6,GO:1901653,cellular response to peptide,M1,1,0
1,-2.8,hsa04935,"Growth hormone synthesis, secretion and action",M1,1,0
1,-3.3,GO:0032944,regulation of mononuclear cell proliferation,M1,1,0
1,-2.4,GO:0006979,response to oxidative stress,M1,1,0
1,-2.1,GO:0072521,purine-containing compound metabolic process,M1,1,0
1,-2.1,GO:0051249,regulation of lymphocyte activation,M1,1,0
1,-3,GO:0016071,mRNA metabolic process,M1,1,0
1,-2.5,GO:0002286,T cell activation involved in immune response,M1,1,0
1,-2.1,GO:0008283,cell population proliferation,M1,1,0
1,-3,GO:0009299,mRNA transcription,M1,1,0
1,-2,GO:1902115,regulation of organelle assembly,M1,1,0
1,-3.6,GO:0000165,MAPK cascade,M1,1,0
1,-2.1,hsa01522,Endocrine resistance,M1,1,0
1,-2.7,R-HSA-1226099,Signaling by FGFR in disease,M1,1,0
1,-2.9,GO:0009896,positive regulation of catabolic process,M1,1,0
1,-3.7,GO:0006281,DNA repair,M1,1,0
1,-2.6,hsa04915,Estrogen signaling pathway,M1,1,0
1,-2.9,GO:0007088,regulation of mitotic nuclear division,M1,1,0
1,-3,M92,PID ANGIOPOIETIN RECEPTOR PATHWAY,M1,1,0
1,-2.1,R-HSA-9645723,Diseases of programmed cell death,M1,1,0
1,-2.5,WP51,Regulation of actin cytoskeleton,M1,1,0
1,-3.8,R-HSA-3371453,Regulation of HSF1-mediated heat shock response,M1,1,0
1,-2.3,GO:0006163,purine nucleotide metabolic process,M1,1,0
1,-2.6,GO:0009636,response to toxic substance,M1,1,0
1,-2.4,hsa05140,Leishmaniasis,M1,1,0
1,-2.3,hsa05210,Colorectal cancer,M1,1,0
1,-2.2,R-HSA-5693607,Processing of DNA double-strand break ends,M1,1,0
1,-3.7,R-HSA-109582,Hemostasis,M1,1,0
1,-2.7,M186,PID PDGFRB PATHWAY,M1,1,0
1,-2.8,GO:0018209,peptidyl-serine modification,M1,1,0
1,-3.2,R-HSA-9701190,Defective homologous recombination repair (HRR) due to BRCA2 loss of function,M1,1,0
1,-2.9,R-HSA-168179,Toll Like Receptor TLR1:TLR2 Cascade,M1,1,0
1,-3.1,GO:0032870,cellular response to hormone stimulus,M1,1,0
1,-2.1,GO:0050731,positive regulation of peptidyl-tyrosine phosphorylation,M1,1,0
1,-2.3,GO:0044843,cell cycle G1/S phase transition,M1,1,0
1,-2.4,hsa05220,Chronic myeloid leukemia,M1,1,0
1,-2.3,hsa04540,Gap junction,M1,1,0
1,-2.8,WP304,Kit receptor signaling pathway,M1,1,0
1,-2.3,GO:0071396,cellular response to lipid,M1,1,0
1,-2.8,GO:0031347,regulation of defense response,M1,1,0
1,-2.3,GO:0031110,regulation of microtubule polymerization or depolymerization,M1,1,0
1,-2.2,GO:0051222,positive regulation of protein transport,M1,1,0
1,-3.9,R-HSA-9704331,Defective HDR through Homologous Recombination Repair (HRR) due to PALB2 loss of BRCA1 binding function,M1,1,0
1,-3.3,GO:0006468,protein phosphorylation,M1,1,0
1,-2.6,WP2380,Brain-derived neurotrophic factor (BDNF) signaling pathway,M1,1,0
1,-2.3,WP4263,Pancreatic adenocarcinoma pathway,M1,1,0
1,-2.3,R-HSA-8953897,Cellular responses to stimuli,M1,1,0
1,-3.3,GO:0051294,establishment of spindle orientation,M1,1,0
1,-2.6,hsa04371,Apelin signaling pathway,M1,1,0
1,-3.1,R-HSA-9679506,SARS-CoV Infections,M1,1,0
1,-2.1,hsa04613,Neutrophil extracellular trap formation,M1,1,0
1,-2.9,GO:0042110,T cell activation,M1,1,0
1,-2.4,GO:0009725,response to hormone,M1,1,0
1,-2.5,R-HSA-166016,Toll Like Receptor 4 (TLR4) Cascade,M1,1,0
1,-5.1,GO:0010564,regulation of cell cycle process,M1,1,0
1,-3.1,GO:0042129,regulation of T cell proliferation,M1,1,0
1,-2.3,GO:0010507,negative regulation of autophagy,M1,1,0
1,-2.1,GO:0071103,DNA conformation change,M1,1,0
1,-2,GO:1901654,response to ketone,M1,1,0
1,-2.8,GO:1903078,positive regulation of protein localization to plasma membrane,M1,1,0
1,-2.4,WP4949,16p11.2 proximal deletion syndrome,M1,1,0
1,-3.9,M274,PID LYMPH ANGIOGENESIS PATHWAY,M1,1,0
1,-2.5,GO:0032946,positive regulation of mononuclear cell proliferation,M1,1,0
1,-2.6,GO:0010506,regulation of autophagy,M1,1,0
1,-3,R-HSA-6811558,"PI5P, PP2A and IER3 Regulate PI3K/AKT Signaling",M1,1,0
1,-2.3,hsa04022,cGMP-PKG signaling pathway,M1,1,0
1,-2.2,R-HSA-9694516,SARS-CoV-2 Infection,M1,1,0
1,-2.4,GO:0030433,ubiquitin-dependent ERAD pathway,M1,1,0
1,-2.3,GO:0006497,protein lipidation,M1,1,0
1,-2.1,GO:0032204,regulation of telomere maintenance,M1,1,0
1,-2.1,hsa05206,MicroRNAs in cancer,M1,1,0
1,-3.2,GO:0002831,regulation of response to biotic stimulus,M1,1,0
1,-2.3,GO:1903047,mitotic cell cycle process,M1,1,0
1,-2.6,GO:1901137,carbohydrate derivative biosynthetic process,M1,1,0
1,-2.8,GO:0051653,spindle localization,M1,1,0
1,-2.2,GO:0043254,regulation of protein-containing complex assembly,M1,1,0
1,-3,GO:0044089,positive regulation of cellular component biogenesis,M1,1,0
1,-2.5,hsa05224,Breast cancer,M1,1,0
1,-3.7,GO:0006974,cellular response to DNA damage stimulus,M1,1,0
1,-3.8,GO:0032774,RNA biosynthetic process,M1,1,0
1,-2.4,GO:0034645,cellular macromolecule biosynthetic process,M1,1,0
1,-3.5,GO:1901699,cellular response to nitrogen compound,M1,1,0
1,-3.7,hsa05205,Proteoglycans in cancer,M1,1,0
1,-2,hsa04931,Insulin resistance,M1,1,0
1,-4.3,GO:0001558,regulation of cell growth,M1,1,0
1,-2.3,GO:0006898,receptor-mediated endocytosis,M1,1,0
1,-2.4,WP2037,Prolactin signaling pathway,M1,1,0
1,-3.3,WP1772,Apoptosis modulation and signaling,M1,1,0
1,-2.9,GO:0006259,DNA metabolic process,M1,1,0
1,-4.2,GO:0070665,positive regulation of leukocyte proliferation,M1,1,0
1,-2.8,M122,PID IL2 1PATHWAY,M1,1,0
1,-3,GO:0042102,positive regulation of T cell proliferation,M1,1,0
1,-3.4,R-HSA-432720,Lysosome Vesicle Biogenesis,M1,1,0
1,-2.9,R-HSA-199418,Negative regulation of the PI3K/AKT network,M1,1,0
1,-5.2,GO:0070482,response to oxygen levels,M1,1,0
1,-3.8,WP3303,RAC1/PAK1/p38/MMP2 pathway,M1,1,0
1,-2.5,GO:0045926,negative regulation of growth,M1,1,0
1,-3.9,R-HSA-9704646,Defective HDR through Homologous Recombination Repair (HRR) due to PALB2 loss of BRCA2/RAD51/RAD51C binding function,M1,1,0
1,-3.8,R-HSA-5685942,HDR through Homologous Recombination (HRR),M1,1,0
1,-3,GO:0006897,endocytosis,M1,1,0
1,-2.1,WP185,Integrin-mediated cell adhesion,M1,1,0
1,-4,hsa04151,PI3K-Akt signaling pathway,M1,1,0
1,-3.6,GO:0032148,activation of protein kinase B activity,M1,1,0
1,-3.3,hsa05131,Shigellosis,M1,1,0
1,-2.8,GO:0051493,regulation of cytoskeleton organization,M1,1,0
1,-2.5,hsa04520,Adherens junction,M1,1,0
1,-2.1,hsa04750,Inflammatory mediator regulation of TRP channels,M1,1,0
1,-3.5,hsa05200,Pathways in cancer,M1,1,0
1,-2,GO:0104004,cellular response to environmental stimulus,M1,1,0
1,-3,GO:0016236,macroautophagy,M1,1,0
1,-3,hsa05145,Toxoplasmosis,M1,1,0
1,-2.8,GO:0031331,positive regulation of cellular catabolic process,M1,1,0
1,-2.3,GO:0009259,ribonucleotide metabolic process,M1,1,0
1,-2.3,GO:0001910,regulation of leukocyte mediated cytotoxicity,M1,1,0
1,-2.7,GO:0031647,regulation of protein stability,M1,1,0
1,-2.1,GO:0072593,reactive oxygen species metabolic process,M1,1,0
1,-4.5,GO:0071219,cellular response to molecule of bacterial origin,M1,1,0
1,-3.8,hsa04510,Focal adhesion,M1,1,0
1,-2.5,GO:0001819,positive regulation of cytokine production,M1,1,0
1,-3.2,GO:0060236,regulation of mitotic spindle organization,M1,1,0
1,-2.1,GO:0035967,cellular response to topologically incorrect protein,M1,1,0
1,-2.1,GO:1903076,regulation of protein localization to plasma membrane,M1,1,0
1,-2.2,GO:0032436,positive regulation of proteasomal ubiquitin-dependent protein catabolic process,M1,1,0
1,-2.3,GO:0009266,response to temperature stimulus,M1,1,0
1,-2.6,hsa04014,Ras signaling pathway,M1,1,0
1,-2.6,GO:1903829,positive regulation of protein localization,M1,1,0
1,-3.9,R-HSA-9701192,Defective HDR through Homologous Recombination (HRR) due to BRCA1 loss-of-function,M1,1,0
1,-3.9,GO:0002366,leukocyte activation involved in immune response,M1,1,0
1,-2.7,hsa04142,Lysosome,M1,1,0
1,-2.4,GO:0071453,cellular response to oxygen levels,M1,1,0
1,-3.4,R-HSA-5693537,Resolution of D-Loop Structures,M1,1,0
1,-3.1,GO:0009408,response to heat,M1,1,0
1,-2.1,R-HSA-975138,TRAF6 mediated induction of NFkB and MAP kinases upon TLR7/8 or 9 activation,M1,1,0
1,-2.1,R-HSA-168181,Toll Like Receptor 7/8 (TLR7/8) Cascade,M1,1,0
1,-2.3,hsa05235,PD-L1 expression and PD-1 checkpoint pathway in cancer,M1,1,0
1,-3.3,GO:0031663,lipopolysaccharide-mediated signaling pathway,M1,1,0
1,-2.5,WP2857,Mesodermal commitment pathway,M1,1,0
1,-2.7,hsa04270,Vascular smooth muscle contraction,M1,1,0
1,-2.6,GO:0071456,cellular response to hypoxia,M1,1,0
1,-3.6,hsa05214,Glioma,M1,1,0
1,-5,GO:0006109,regulation of carbohydrate metabolic process,M1,1,0
1,-4.2,WP4172,PI3K-Akt signaling pathway,M1,1,0
1,-4.2,R-HSA-3232118,SUMOylation of transcription factors,M1,1,0
1,-2.7,hsa04730,Long-term depression,M1,1,0
1,-2.2,GO:0032273,positive regulation of protein polymerization,M1,1,0
1,-2.2,R-HSA-168176,Toll Like Receptor 5 (TLR5) Cascade,M1,1,0
1,-2,R-HSA-937061,TRIF(TICAM1)-mediated TLR4 signaling,M1,1,0
1,-3.2,hsa04666,Fc gamma R-mediated phagocytosis,M1,1,0
1,-2.5,GO:0050671,positive regulation of lymphocyte proliferation,M1,1,0
1,-3.3,WP4871,Kisspeptin/kisspeptin receptor system in the ovary,M1,1,0
1,-4.4,GO:0040008,regulation of growth,M1,1,0
1,-3.3,R-HSA-5693616,Presynaptic phase of homologous DNA pairing and strand exchange,M1,1,0
1,-2.4,GO:0009150,purine ribonucleotide metabolic process,M1,1,0
1,-2,GO:0014013,regulation of gliogenesis,M1,1,0
1,-2.9,M7955,SIG INSULIN RECEPTOR PATHWAY IN CARDIAC MYOCYTES,M1,1,0
1,-2.1,GO:0006914,autophagy,M1,1,0
1,-2.1,GO:0036503,ERAD pathway,M1,1,0
1,-3,GO:0042113,B cell activation,M1,1,0
1,-2.6,R-HSA-73894,DNA Repair,M1,1,0
1,-5,R-HSA-3108232,SUMO E3 ligases SUMOylate target proteins,M1,1,0
1,-3.4,GO:0071276,cellular response to cadmium ion,M1,1,0
1,-2.9,R-HSA-9675135,Diseases of DNA repair,M1,1,0
1,-3.3,WP127,IL-5 signaling pathway,M1,1,0
1,-2.7,hsa04114,Oocyte meiosis,M1,1,0
1,-2.1,GO:0043393,regulation of protein binding,M1,1,0
1,-2.8,hsa05134,Legionellosis,M1,1,0
1,-2.8,GO:0034030,ribonucleoside bisphosphate biosynthetic process,M1,1,0
1,-2.9,GO:0007346,regulation of mitotic cell cycle,M1,1,0
1,-2.4,GO:0050730,regulation of peptidyl-tyrosine phosphorylation,M1,1,0
1,-2.1,hsa05231,Choline metabolism in cancer,M1,1,0
1,-2.4,hsa05161,Hepatitis B,M1,1,0
1,-2.8,GO:2000278,regulation of DNA biosynthetic process,M1,1,0
1,-3.7,GO:0002285,lymphocyte activation involved in immune response,M1,1,0
1,-2.8,GO:0070371,ERK1 and ERK2 cascade,M1,1,0
1,-2.4,GO:1903037,regulation of leukocyte cell-cell adhesion,M1,1,0
1,-2.6,GO:0051783,regulation of nuclear division,M1,1,0
1,-2.4,hsa05212,Pancreatic cancer,M1,1,0
1,-3.2,R-HSA-69473,G2/M DNA damage checkpoint,M1,1,0
1,-2.1,R-HSA-2219528,PI3K/AKT Signaling in Cancer,M1,1,0
1,-2.6,hsa05135,Yersinia infection,M1,1,0
1,-2.3,GO:0044772,mitotic cell cycle phase transition,M1,1,0
1,-3.2,R-HSA-69481,G2/M Checkpoints,M1,1,0
1,-2.5,GO:0035966,response to topologically incorrect protein,M1,1,0
1,-2.9,R-HSA-166058,MyD88:MAL(TIRAP) cascade initiated on plasma membrane,M1,1,0
1,-2.4,GO:0019221,cytokine-mediated signaling pathway,M1,1,0
1,-2.9,GO:0051293,establishment of spindle localization,M1,1,0
1,-2,R-HSA-166166,MyD88-independent TLR4 cascade,M1,1,0
1,-2.2,R-HSA-975871,MyD88 cascade initiated on plasma membrane,M1,1,0
1,-2.4,GO:0043410,positive regulation of MAPK cascade,M1,1,0
1,-2.6,GO:0045596,negative regulation of cell differentiation,M1,1,0
1,-2.1,R-HSA-1474244,Extracellular matrix organization,M1,1,0
1,-2.8,GO:0061912,selective autophagy,M1,1,0
1,-2,R-HSA-1280215,Cytokine Signaling in Immune system,M1,1,0
1,-3,GO:0002521,leukocyte differentiation,M1,1,0
1,-3.3,GO:0002252,immune effector process,M1,1,0
1,-2.8,GO:1904951,positive regulation of establishment of protein localization,M1,1,0
1,-2.5,R-HSA-3700989,Transcriptional Regulation by TP53,M1,1,0
1,-2.5,hsa04145,Phagosome,M1,1,0
1,-3.1,hsa04360,Axon guidance,M1,1,0
1,-3,GO:0030308,negative regulation of cell growth,M1,1,0
1,-3.9,R-HSA-9701193,Defective HDR through Homologous Recombination (HRR) due to PALB2 loss of function,M1,1,0
1,-3.3,GO:1901652,response to peptide,M1,1,0
1,-2.8,GO:0034033,purine nucleoside bisphosphate biosynthetic process,M1,1,0
1,-3.3,WP382,MAPK signaling pathway,M1,1,0
1,-3.8,GO:0006351,DNA-templated transcription,M1,1,0
1,-2.1,GO:0002819,regulation of adaptive immune response,M1,1,0
1,-2.4,WP4262,Breast cancer pathway,M1,1,0
1,-2.8,WP3959,DNA IR-double strand breaks and cellular response via ATM,M1,1,0
1,-5.5,GO:0036293,response to decreased oxygen levels,M1,1,0
1,-2,GO:2000060,positive regulation of ubiquitin-dependent protein catabolic process,M1,1,0
1,-2.8,M276,PID FGF PATHWAY,M1,1,0
1,-2.1,R-HSA-975155,MyD88 dependent cascade initiated on endosome,M1,1,0
1,-2.8,R-HSA-3000171,Non-integrin membrane-ECM interactions,M1,1,0
1,-2.9,GO:0034605,cellular response to heat,M1,1,0
1,-2.6,WP2853,Endoderm differentiation,M1,1,0
1,-2,GO:0071496,cellular response to external stimulus,M1,1,0
1,-3.1,GO:0046006,regulation of activated T cell proliferation,M1,1,0
1,-3.5,GO:0034599,cellular response to oxidative stress,M1,1,0
1,-3.9,GO:0002263,cell activation involved in immune response,M1,1,0
1,-2.8,WP2882,Nuclear receptors meta-pathway,M1,1,0
1,-2.3,R-HSA-190236,Signaling by FGFR,M1,1,0
1,-2.1,GO:0031341,regulation of cell killing,M1,1,0
1,-3.2,R-HSA-5693579,Homologous DNA Pairing and Strand Exchange,M1,1,0
1,-2.4,hsa04662,B cell receptor signaling pathway,M1,1,0
1,-5.3,GO:0001775,cell activation,M1,1,0
1,-3.8,WP306,Focal adhesion,M1,1,0
1,-4.4,GO:0090083,regulation of inclusion body assembly,M1,1,0
1,-5.2,GO:0071216,cellular response to biotic stimulus,M1,1,0
1,-2.1,GO:0061919,process utilizing autophagic mechanism,M1,1,0
1,-2.4,R-HSA-2219530,Constitutive Signaling by Aberrant PI3K in Cancer,M1,1,0
1,-2.8,GO:0050821,protein stabilization,M1,1,0
1,-2.2,GO:0032091,negative regulation of protein binding,M1,1,0
1,-2.2,GO:0051781,positive regulation of cell division,M1,1,0
1,-3.1,GO:0050863,regulation of T cell activation,M1,1,0
1,-2.2,WP673,ErbB signaling pathway,M1,1,0
1,-2.6,R-HSA-5693538,Homology Directed Repair,M1,1,0
1,-2.1,GO:0045639,positive regulation of myeloid cell differentiation,M1,1,0
1,-3.2,R-HSA-9675136,Diseases of DNA Double-Strand Break Repair,M1,1,0
1,-5,GO:0090084,negative regulation of inclusion body assembly,M1,1,0
1,-2,GO:0071214,cellular response to abiotic stimulus,M1,1,0
1,-3.6,hsa04810,Regulation of actin cytoskeleton,M1,1,0
1,-2.9,M113,PID NFAT 3PATHWAY,M1,1,0
1,-2.7,M58,PID AR PATHWAY,M1,1,0
1,-3.1,hsa04933,AGE-RAGE signaling pathway in diabetic complications,M1,1,0
1,-3.5,R-HSA-5693568,Resolution of D-loop Structures through Holliday Junction Intermediates,M1,1,0
1,-2,hsa04928,"Parathyroid hormone synthesis, secretion and action",M1,1,0
1,-2.1,R-HSA-168164,Toll Like Receptor 3 (TLR3) Cascade,M1,1,0
1,-2,GO:0043281,regulation of cysteine-type endopeptidase activity involved in apoptotic process,M1,1,0
1,-3.3,GO:0048534,hematopoietic or lymphoid organ development,M1,1,0
1,-2.8,R-HSA-9006925,Intracellular signaling by second messengers,M1,1,0
1,-2.3,GO:0006029,proteoglycan metabolic process,M1,1,0
1,-2.4,GO:0000278,mitotic cell cycle,M1,1,0
1,-2,WP4932,7q11.23 copy number variation syndrome,M1,1,0
1,-2.2,GO:0006886,intracellular protein transport,M1,1,0
1,-2.8,GO:0033866,nucleoside bisphosphate biosynthetic process,M1,1,0
1,-4.9,R-HSA-2990846,SUMOylation,M1,1,0
1,-5.1,R-HSA-9006934,Signaling by Receptor Tyrosine Kinases,M1,1,0
