Name,Category,CategoryID,GO,Description,PARENT_GO,LogP,Enrichment,Z-score,#TotalGeneInLibrary,#GeneInGO,#GeneInHitList,#GeneInGOAndHitList,%InGO,STDV %InGO,GeneID,Hits,Log(q-value)
MyList,GO Biological Processes,19,GO:0006468,protein phosphorylation,19_GO:0008152 metabolic process,-9.6,7.1,9.6,30169,701,103,17,17,3.7,90|102|596|1020|2041|2321|3055|4915|5166|5218|5596|5607|5747|6850|7405|54986|153090,ACVR1|ADAM10|BCL2|CDK5|EPHA1|FLT1|HCK|NTRK2|PDK4|CDK14|MAPK4|MAP2K5|PTK2|SYK|UVRAG|ULK4|DAB2IP,-5.3
MyList,GO Biological Processes,19,GO:0050900,leukocyte migration,19_GO:0002376 immune system process,-7.9,12,10,30169,247,103,10,9.7,2.9,1230|2321|3055|5142|5339|6367|6376|6850|83692|83700,CCR1|FLT1|HCK|PDE4B|PLEC|CCL22|CX3CL1|SYK|CD99L2|JAM3,-3.8
MyList,GO Biological Processes,19,GO:0048514,blood vessel morphogenesis,19_GO:0032502 developmental process,-7.6,8.3,8.9,30169,421,103,12,12,3.2,90|151|2041|2321|4915|5747|6376|6850|8322|23462|83700|153090,ACVR1|ADRA2B|EPHA1|FLT1|NTRK2|PTK2|CX3CL1|SYK|FZD4|HEY1|JAM3|DAB2IP,-3.8
MyList,GO Biological Processes,19,GO:0035239,tube morphogenesis,19_GO:0032502 developmental process,-7.2,6.1,7.8,30169,670,103,14,14,3.4,90|151|596|2041|2321|4915|5747|6376|6850|8322|9653|23462|83700|153090,ACVR1|ADRA2B|BCL2|EPHA1|FLT1|NTRK2|PTK2|CX3CL1|SYK|FZD4|HS2ST1|HEY1|JAM3|DAB2IP,-3.5
MyList,GO Biological Processes,19,GO:0030335,positive regulation of cell migration,19_GO:0040011 locomotion,-7.1,6.7,8.1,30169,566,103,13,13,3.3,90|102|596|811|1230|2041|2321|5747|6376|8322|83692|83700|153090,ACVR1|ADAM10|BCL2|CALR|CCR1|EPHA1|FLT1|PTK2|CX3CL1|FZD4|CD99L2|JAM3|DAB2IP,-3.5
MyList,GO Biological Processes,19,GO:2000147,positive regulation of cell motility,19_GO:0040011 locomotion,-6.9,6.4,7.8,30169,592,103,13,13,3.3,90|102|596|811|1230|2041|2321|5747|6376|8322|83692|83700|153090,ACVR1|ADAM10|BCL2|CALR|CCR1|EPHA1|FLT1|PTK2|CX3CL1|FZD4|CD99L2|JAM3|DAB2IP,-3.4
MyList,GO Biological Processes,19,GO:0040017,positive regulation of locomotion,19_GO:0040011 locomotion,-6.8,6.3,7.7,30169,607,103,13,13,3.3,90|102|596|811|1230|2041|2321|5747|6376|8322|83692|83700|153090,ACVR1|ADAM10|BCL2|CALR|CCR1|EPHA1|FLT1|PTK2|CX3CL1|FZD4|CD99L2|JAM3|DAB2IP,-3.4
MyList,GO Biological Processes,19,GO:0001568,blood vessel development,19_GO:0032502 developmental process,-6.8,6.9,7.9,30169,507,103,12,12,3.2,90|151|2041|2321|4915|5747|6376|6850|8322|23462|83700|153090,ACVR1|ADRA2B|EPHA1|FLT1|NTRK2|PTK2|CX3CL1|SYK|FZD4|HEY1|JAM3|DAB2IP,-3.4
MyList,GO Biological Processes,19,GO:0001525,angiogenesis,19_GO:0032502 developmental process,-6.7,9,8.5,30169,325,103,10,9.7,2.9,90|151|2041|2321|5747|6376|6850|23462|83700|153090,ACVR1|ADRA2B|EPHA1|FLT1|PTK2|CX3CL1|SYK|HEY1|JAM3|DAB2IP,-3.4
MyList,GO Biological Processes,19,GO:0001944,vasculature development,19_GO:0032502 developmental process,-6.6,6.7,7.7,30169,528,103,12,12,3.2,90|151|2041|2321|4915|5747|6376|6850|8322|23462|83700|153090,ACVR1|ADRA2B|EPHA1|FLT1|NTRK2|PTK2|CX3CL1|SYK|FZD4|HEY1|JAM3|DAB2IP,-3.4
MyList,GO Biological Processes,19,GO:0040011,locomotion,19_GO:0040011 locomotion,-6.6,6.6,7.7,30169,530,103,12,12,3.2,1020|1230|2041|2321|5142|5339|5747|6367|6376|6850|8322|64843,CDK5|CCR1|EPHA1|FLT1|PDE4B|PLEC|PTK2|CCL22|CX3CL1|SYK|FZD4|ISL2,-3.4
MyList,GO Biological Processes,19,GO:2000811,negative regulation of anoikis,19_GO:0048519 negative regulation of biological process,-6.4,65,16,30169,18,103,4,3.9,1.9,596|4915|5166|5747,BCL2|NTRK2|PDK4|PTK2,-3.3
MyList,GO Biological Processes,19,GO:0043549,regulation of kinase activity,19_GO:0008152 metabolic process,-6.3,5.2,7,30169,786,103,14,14,3.4,151|1020|2041|2074|2321|4915|5339|5607|5747|6850|7405|8322|8651|153090,ADRA2B|CDK5|EPHA1|ERCC6|FLT1|NTRK2|PLEC|MAP2K5|PTK2|SYK|UVRAG|FZD4|SOCS1|DAB2IP,-3.2
MyList,GO Biological Processes,19,GO:0045859,regulation of protein kinase activity,19_GO:0008152 metabolic process,-6.3,5.7,7.2,30169,672,103,13,13,3.3,151|1020|2041|2074|2321|5339|5607|5747|6850|7405|8322|8651|153090,ADRA2B|CDK5|EPHA1|ERCC6|FLT1|PLEC|MAP2K5|PTK2|SYK|UVRAG|FZD4|SOCS1|DAB2IP,-3.2
MyList,GO Biological Processes,19,GO:0002687,positive regulation of leukocyte migration,19_GO:0040011 locomotion,-6.1,14,9.2,30169,148,103,7,6.8,2.5,102|811|1230|5747|6376|83692|83700,ADAM10|CALR|CCR1|PTK2|CX3CL1|CD99L2|JAM3,-3.1
MyList,GO Biological Processes,19,GO:0030595,leukocyte chemotaxis,19_GO:0040011 locomotion,-6.1,14,9.2,30169,148,103,7,6.8,2.5,1230|2321|5142|5339|6367|6376|6850,CCR1|FLT1|PDE4B|PLEC|CCL22|CX3CL1|SYK,-3.1
MyList,GO Biological Processes,19,GO:0033674,positive regulation of kinase activity,19_GO:0048518 positive regulation of biological process,-6,6.5,7.2,30169,494,103,11,11,3,151|1020|2041|2074|2321|4915|5607|5747|6850|8322|153090,ADRA2B|CDK5|EPHA1|ERCC6|FLT1|NTRK2|MAP2K5|PTK2|SYK|FZD4|DAB2IP,-3
MyList,GO Biological Processes,19,GO:0043410,positive regulation of MAPK cascade,19_GO:0023052 signaling,-6,6.5,7.2,30169,496,103,11,11,3,151|1230|2321|3487|4915|5607|6367|6376|6850|8322|153090,ADRA2B|CCR1|FLT1|IGFBP4|NTRK2|MAP2K5|CCL22|CX3CL1|SYK|FZD4|DAB2IP,-3
MyList,GO Biological Processes,19,GO:0061061,muscle structure development,19_GO:0032502 developmental process,-5.9,6.4,7.2,30169,503,103,11,11,3,90|596|811|1020|5339|6525|6901|9474|23345|23462|26508,ACVR1|BCL2|CALR|CDK5|PLEC|SMTN|TAFAZZIN|ATG5|SYNE1|HEY1|HEYL,-2.9
MyList,GO Biological Processes,19,GO:0002685,regulation of leukocyte migration,19_GO:0040011 locomotion,-5.9,10,8.2,30169,231,103,8,7.8,2.6,102|811|1230|5747|6376|79890|83692|83700,ADAM10|CALR|CCR1|PTK2|CX3CL1|RIN3|CD99L2|JAM3,-2.9
MyList,GO Biological Processes,19,GO:0018108,peptidyl-tyrosine phosphorylation,19_GO:0008152 metabolic process,-5.9,13,8.7,30169,161,103,7,6.8,2.5,2041|2321|3055|4915|5607|5747|6850,EPHA1|FLT1|HCK|NTRK2|MAP2K5|PTK2|SYK,-2.9
MyList,GO Biological Processes,19,GO:0006935,chemotaxis,19_GO:0040011 locomotion,-5.8,6.3,7.1,30169,510,103,11,11,3,1020|1230|2041|2321|5142|5339|5747|6367|6376|6850|64843,CDK5|CCR1|EPHA1|FLT1|PDE4B|PLEC|PTK2|CCL22|CX3CL1|SYK|ISL2,-2.9
MyList,GO Biological Processes,19,GO:0042330,taxis,19_GO:0040011 locomotion,-5.8,6.3,7.1,30169,512,103,11,11,3,1020|1230|2041|2321|5142|5339|5747|6367|6376|6850|64843,CDK5|CCR1|EPHA1|FLT1|PDE4B|PLEC|PTK2|CCL22|CX3CL1|SYK|ISL2,-2.9
MyList,GO Biological Processes,19,GO:0018212,peptidyl-tyrosine modification,19_GO:0008152 metabolic process,-5.8,13,8.7,30169,163,103,7,6.8,2.5,2041|2321|3055|4915|5607|5747|6850,EPHA1|FLT1|HCK|NTRK2|MAP2K5|PTK2|SYK,-2.9
MyList,GO Biological Processes,19,GO:2000209,regulation of anoikis,19_GO:0050789 regulation of biological process,-5.8,47,13,30169,25,103,4,3.9,1.9,596|4915|5166|5747,BCL2|NTRK2|PDK4|PTK2,-2.9
MyList,GO Biological Processes,19,GO:0001934,positive regulation of protein phosphorylation,19_GO:0048518 positive regulation of biological process,-5.8,5.1,6.6,30169,749,103,13,13,3.3,90|151|596|1020|2074|2321|4915|5607|5747|6376|6850|8322|153090,ACVR1|ADRA2B|BCL2|CDK5|ERCC6|FLT1|NTRK2|MAP2K5|PTK2|CX3CL1|SYK|FZD4|DAB2IP,-2.9
MyList,GO Biological Processes,19,GO:0007169,transmembrane receptor protein tyrosine kinase signaling pathway,19_GO:0023052 signaling,-5.7,7,7.2,30169,420,103,10,9.7,2.9,2041|2321|3055|3416|4915|5166|5747|6850|57727|153090,EPHA1|FLT1|HCK|IDE|NTRK2|PDK4|PTK2|SYK|NCOA5|DAB2IP,-2.9
MyList,GO Biological Processes,19,GO:0060537,muscle tissue development,19_GO:0032502 developmental process,-5.7,8,7.5,30169,329,103,9,8.7,2.8,90|596|811|1020|5339|6901|9474|23462|26508,ACVR1|BCL2|CALR|CDK5|PLEC|TAFAZZIN|ATG5|HEY1|HEYL,-2.9
MyList,GO Biological Processes,19,GO:0031056,regulation of histone modification,19_GO:0008152 metabolic process,-5.6,12,8.3,30169,175,103,7,6.8,2.5,2074|3622|6839|9474|10891|23476|55209,ERCC6|ING2|SUV39H1|ATG5|PPARGC1A|BRD4|SETD5,-2.8
MyList,GO Biological Processes,19,GO:0046777,protein autophosphorylation,19_GO:0008152 metabolic process,-5.4,11,8,30169,187,103,7,6.8,2.5,1020|2041|2321|3055|4915|5747|6850,CDK5|EPHA1|FLT1|HCK|NTRK2|PTK2|SYK,-2.6
MyList,GO Biological Processes,19,GO:0043408,regulation of MAPK cascade,19_GO:0023052 signaling,-5.3,5.1,6.3,30169,694,103,12,12,3.2,151|1230|2321|3487|4915|5607|6367|6376|6850|8322|54986|153090,ADRA2B|CCR1|FLT1|IGFBP4|NTRK2|MAP2K5|CCL22|CX3CL1|SYK|FZD4|ULK4|DAB2IP,-2.6
MyList,GO Biological Processes,19,GO:0002688,regulation of leukocyte chemotaxis,19_GO:0040011 locomotion,-5.3,14,8.5,30169,127,103,6,5.8,2.3,102|811|1230|5747|79890|83700,ADAM10|CALR|CCR1|PTK2|RIN3|JAM3,-2.5
MyList,GO Biological Processes,19,GO:0045664,regulation of neuron differentiation,19_GO:0032502 developmental process,-5.3,10,7.8,30169,196,103,7,6.8,2.5,151|596|811|10363|23462|26508|64843,ADRA2B|BCL2|CALR|HMG20A|HEY1|HEYL|ISL2,-2.5
MyList,GO Biological Processes,19,GO:0051347,positive regulation of transferase activity,19_GO:0065007 biological regulation,-5.3,5.5,6.4,30169,586,103,11,11,3,151|1020|2041|2074|2321|4915|5607|5747|6850|8322|153090,ADRA2B|CDK5|EPHA1|ERCC6|FLT1|NTRK2|MAP2K5|PTK2|SYK|FZD4|DAB2IP,-2.5
MyList,GO Biological Processes,19,GO:0006325,chromatin organization,19_GO:0009987 cellular process,-5.1,5.3,6.3,30169,608,103,11,11,3,676|2074|3622|6839|9070|9425|10363|23476|55209|55213|57798,BRDT|ERCC6|ING2|SUV39H1|ASH2L|CDYL|HMG20A|BRD4|SETD5|RCBTB1|GATAD1,-2.4
MyList,GO Biological Processes,19,GO:0060326,cell chemotaxis,19_GO:0040011 locomotion,-5.1,9.8,7.5,30169,210,103,7,6.8,2.5,1230|2321|5142|5339|6367|6376|6850,CCR1|FLT1|PDE4B|PLEC|CCL22|CX3CL1|SYK,-2.4
MyList,GO Biological Processes,19,GO:0097529,myeloid leukocyte migration,19_GO:0002376 immune system process,-5.1,13,8.1,30169,139,103,6,5.8,2.3,2321|5142|6367|6376|6850|83700,FLT1|PDE4B|CCL22|CX3CL1|SYK|JAM3,-2.3
MyList,GO Biological Processes,19,GO:0032940,secretion by cell,19_GO:0051179 localization,-5,6.5,6.5,30169,405,103,9,8.7,2.8,1020|1230|2912|3055|4915|6850|8322|9342|54536,CDK5|CCR1|GRM2|HCK|NTRK2|SYK|FZD4|SNAP29|EXOC6,-2.3
MyList,GO Biological Processes,19,GO:0007167,enzyme-linked receptor protein signaling pathway,19_GO:0023052 signaling,-4.9,5.1,6.1,30169,636,103,11,11,3,90|2041|2321|3055|3416|4915|5166|5747|6850|57727|153090,ACVR1|EPHA1|FLT1|HCK|IDE|NTRK2|PDK4|PTK2|SYK|NCOA5|DAB2IP,-2.2
MyList,GO Biological Processes,19,GO:0046903,secretion,19_GO:0051179 localization,-4.9,5.6,6.2,30169,520,103,10,9.7,2.9,1020|1230|2912|3055|4915|6850|8322|9342|9474|54536,CDK5|CCR1|GRM2|HCK|NTRK2|SYK|FZD4|SNAP29|ATG5|EXOC6,-2.2
MyList,GO Biological Processes,19,GO:0022412,cellular process involved in reproduction in multicellular organism,19_GO:0022414 reproductive process,-4.9,6.4,6.4,30169,415,103,9,8.7,2.8,90|596|676|3622|6901|8322|9425|64753|83700,ACVR1|BCL2|BRDT|ING2|TAFAZZIN|FZD4|CDYL|CCDC136|JAM3,-2.2
MyList,GO Biological Processes,19,GO:0071396,cellular response to lipid,19_GO:0050896 response to stimulus,-4.9,5.5,6.2,30169,528,103,10,9.7,2.9,90|811|3055|4864|5142|5166|6850|7538|8322|153090,ACVR1|CALR|HCK|NPC1|PDE4B|PDK4|SYK|ZFP36|FZD4|DAB2IP,-2.2
MyList,GO Biological Processes,19,GO:0045860,positive regulation of protein kinase activity,19_GO:0048518 positive regulation of biological process,-4.9,6.3,6.4,30169,418,103,9,8.7,2.8,151|1020|2074|2321|5607|5747|6850|8322|153090,ADRA2B|CDK5|ERCC6|FLT1|MAP2K5|PTK2|SYK|FZD4|DAB2IP,-2.2
MyList,WikiPathways,27,WP3888,VEGFA-VEGFR2 signaling pathway,,-4.7,6.1,6.3,30169,432,103,9,8.7,2.8,102|596|811|2321|5747|6748|7019|23339|23476,ADAM10|BCL2|CALR|FLT1|PTK2|SSR4|TFAM|VPS39|BRD4,-2.1
MyList,GO Biological Processes,19,GO:0031329,regulation of cellular catabolic process,19_GO:0008152 metabolic process,-4.7,4.4,5.7,30169,798,103,12,12,3.2,291|596|1020|4864|5747|6737|7405|7538|9474|29974|51099|257397,SLC25A4|BCL2|CDK5|NPC1|PTK2|TRIM21|UVRAG|ZFP36|ATG5|A1CF|ABHD5|TAB3,-2.1
MyList,GO Biological Processes,19,GO:0010506,regulation of autophagy,19_GO:0008152 metabolic process,-4.6,6.8,6.3,30169,344,103,8,7.8,2.6,291|596|1020|4864|6737|7405|9474|257397,SLC25A4|BCL2|CDK5|NPC1|TRIM21|UVRAG|ATG5|TAB3,-2
MyList,GO Biological Processes,19,GO:0002244,hematopoietic progenitor cell differentiation,19_GO:0002376 immune system process,-4.6,15,8,30169,101,103,5,4.9,2.1,596|2321|7538|55716|83700,BCL2|FLT1|ZFP36|LMBR1L|JAM3,-2
MyList,GO Biological Processes,19,GO:0097530,granulocyte migration,19_GO:0002376 immune system process,-4.6,15,8,30169,101,103,5,4.9,2.1,5142|6367|6376|6850|83700,PDE4B|CCL22|CX3CL1|SYK|JAM3,-2
MyList,GO Biological Processes,19,GO:0051090,regulation of DNA-binding transcription factor activity,19_GO:0008152 metabolic process,-4.6,5.8,6,30169,454,103,9,8.7,2.8,3055|5607|6376|6737|6850|8322|10891|26508|153090,HCK|MAP2K5|CX3CL1|TRIM21|SYK|FZD4|PPARGC1A|HEYL|DAB2IP,-2
MyList,GO Biological Processes,19,GO:0031058,positive regulation of histone modification,19_GO:0048518 positive regulation of biological process,-4.6,14,7.9,30169,102,103,5,4.9,2.1,2074|3622|6839|10891|23476,ERCC6|ING2|SUV39H1|PPARGC1A|BRD4,-2
MyList,GO Biological Processes,19,GO:0140352,export from cell,19_GO:0051179 localization,-4.5,5.7,6,30169,460,103,9,8.7,2.8,1020|1230|2912|3055|4915|6850|8322|9342|54536,CDK5|CCR1|GRM2|HCK|NTRK2|SYK|FZD4|SNAP29|EXOC6,-2
MyList,GO Biological Processes,19,GO:0072132,mesenchyme morphogenesis,19_GO:0032502 developmental process,-4.5,22,9,30169,53,103,4,3.9,1.9,72|90|23462|26508,ACTG2|ACVR1|HEY1|HEYL,-1.9
MyList,GO Biological Processes,19,GO:0043269,regulation of ion transport,19_GO:0051179 localization,-4.5,4.5,5.5,30169,718,103,11,11,3,151|596|1020|1230|2912|3755|5142|6376|6850|9474|56479,ADRA2B|BCL2|CDK5|CCR1|GRM2|KCNG1|PDE4B|CX3CL1|SYK|ATG5|KCNQ5,-1.9
MyList,GO Biological Processes,19,GO:0071345,cellular response to cytokine stimulus,19_GO:0050896 response to stimulus,-4.4,4.5,5.5,30169,722,103,11,11,3,1230|3055|6367|6376|6850|7538|8322|8651|27316|29088|153090,CCR1|HCK|CCL22|CX3CL1|SYK|ZFP36|FZD4|SOCS1|RBMX|MRPL15|DAB2IP,-1.9
MyList,GO Biological Processes,19,GO:0030336,negative regulation of cell migration,19_GO:0040011 locomotion,-4.4,6.4,6.1,30169,368,103,8,7.8,2.6,596|811|2041|3622|5607|6376|79890|153090,BCL2|CALR|EPHA1|ING2|MAP2K5|CX3CL1|RIN3|DAB2IP,-1.9
MyList,GO Biological Processes,19,GO:0043551,regulation of phosphatidylinositol 3-kinase activity,19_GO:0008152 metabolic process,-4.4,21,8.7,30169,56,103,4,3.9,1.9,2321|5747|8651|153090,FLT1|PTK2|SOCS1|DAB2IP,-1.9
MyList,GO Biological Processes,19,GO:0060218,hematopoietic stem cell differentiation,19_GO:0002376 immune system process,-4.4,44,11,30169,20,103,3,2.9,1.7,596|7538|55716,BCL2|ZFP36|LMBR1L,-1.9
MyList,GO Biological Processes,19,GO:0048738,cardiac muscle tissue development,19_GO:0032502 developmental process,-4.4,9.5,6.8,30169,185,103,6,5.8,2.3,90|811|5339|6901|9474|23462,ACVR1|CALR|PLEC|TAFAZZIN|ATG5|HEY1,-1.9
MyList,GO Biological Processes,19,GO:0042692,muscle cell differentiation,19_GO:0032502 developmental process,-4.4,7.5,6.3,30169,274,103,7,6.8,2.5,90|596|811|5339|9474|23345|23462,ACVR1|BCL2|CALR|PLEC|ATG5|SYNE1|HEY1,-1.8
MyList,GO Biological Processes,19,GO:0043087,regulation of GTPase activity,19_GO:0065007 biological regulation,-4.3,6.2,6,30169,376,103,8,7.8,2.6,2041|4915|5747|5922|6367|6376|23216|153090,EPHA1|NTRK2|PTK2|RASA2|CCL22|CX3CL1|TBC1D1|DAB2IP,-1.8
MyList,GO Biological Processes,19,GO:0016236,macroautophagy,19_GO:0008152 metabolic process,-4.3,9.3,6.7,30169,188,103,6,5.8,2.3,4864|6901|7405|9342|9474|23339,NPC1|TAFAZZIN|UVRAG|SNAP29|ATG5|VPS39,-1.8
MyList,GO Biological Processes,19,GO:0071674,mononuclear cell migration,19_GO:0002376 immune system process,-4.3,13,7.4,30169,115,103,5,4.9,2.1,1230|2321|5339|6367|6376,CCR1|FLT1|PLEC|CCL22|CX3CL1,-1.8
MyList,GO Biological Processes,19,GO:0002433,immune response-regulating cell surface receptor signaling pathway involved in phagocytosis,19_GO:0002376 immune system process,-4.3,42,11,30169,21,103,3,2.9,1.7,3055|5747|6850,HCK|PTK2|SYK,-1.8
MyList,GO Biological Processes,19,GO:0000083,regulation of transcription involved in G1/S transition of mitotic cell cycle,19_GO:0008152 metabolic process,-4.3,42,11,30169,21,103,3,2.9,1.7,1020|5218|23476,CDK5|CDK14|BRD4,-1.8
MyList,GO Biological Processes,19,GO:0038096,Fc-gamma receptor signaling pathway involved in phagocytosis,19_GO:0002376 immune system process,-4.3,42,11,30169,21,103,3,2.9,1.7,3055|5747|6850,HCK|PTK2|SYK,-1.8
MyList,GO Biological Processes,19,GO:0014706,striated muscle tissue development,19_GO:0032502 developmental process,-4.3,9.2,6.7,30169,191,103,6,5.8,2.3,90|811|5339|6901|9474|23462,ACVR1|CALR|PLEC|TAFAZZIN|ATG5|HEY1,-1.8
MyList,GO Biological Processes,19,GO:0043406,positive regulation of MAP kinase activity,19_GO:0023052 signaling,-4.3,13,7.3,30169,117,103,5,4.9,2.1,2321|5607|6850|8322|153090,FLT1|MAP2K5|SYK|FZD4|DAB2IP,-1.8
MyList,GO Biological Processes,19,GO:2000146,negative regulation of cell motility,19_GO:0040011 locomotion,-4.3,6.1,5.9,30169,383,103,8,7.8,2.6,596|811|2041|3622|5607|6376|79890|153090,BCL2|CALR|EPHA1|ING2|MAP2K5|CX3CL1|RIN3|DAB2IP,-1.8
MyList,GO Biological Processes,19,GO:0045333,cellular respiration,19_GO:0008152 metabolic process,-4.3,9.2,6.6,30169,192,103,6,5.8,2.3,1340|1431|5339|6901|8803|10891,COX6B1|CS|PLEC|TAFAZZIN|SUCLA2|PPARGC1A,-1.8
MyList,KEGG Pathway,24,hsa05010,Alzheimer disease,,-4.3,6.1,5.9,30169,384,103,8,7.8,2.6,102|291|1020|1340|3416|5481|7277|8322,ADAM10|SLC25A4|CDK5|COX6B1|IDE|PPID|TUBA4A|FZD4,-1.8
MyList,WikiPathways,27,WP2509,Nanoparticle triggered autophagic cell death,,-4.2,38,10,30169,23,103,3,2.9,1.7,596|7405|9474,BCL2|UVRAG|ATG5,-1.8
MyList,GO Biological Processes,19,GO:0071675,regulation of mononuclear cell migration,19_GO:0040011 locomotion,-4.2,12,7.1,30169,123,103,5,4.9,2.1,102|811|1230|5747|83692,ADAM10|CALR|CCR1|PTK2|CD99L2,-1.8
MyList,GO Biological Processes,19,GO:0031400,negative regulation of protein modification process,19_GO:0048519 negative regulation of biological process,-4.1,5.1,5.5,30169,519,103,9,8.7,2.8,1020|2041|5339|6737|8651|9425|9474|10363|153090,CDK5|EPHA1|PLEC|TRIM21|SOCS1|CDYL|ATG5|HMG20A|DAB2IP,-1.7
MyList,GO Biological Processes,19,GO:0035065,regulation of histone acetylation,19_GO:0008152 metabolic process,-4.1,18,8,30169,65,103,4,3.9,1.9,2074|9474|10891|55209,ERCC6|ATG5|PPARGC1A|SETD5,-1.7
MyList,GO Biological Processes,19,GO:0061311,cell surface receptor signaling pathway involved in heart development,19_GO:0023052 signaling,-4.1,37,10,30169,24,103,3,2.9,1.7,90|23462|26508,ACVR1|HEY1|HEYL,-1.7
MyList,GO Biological Processes,19,GO:0002431,Fc receptor mediated stimulatory signaling pathway,19_GO:0002376 immune system process,-4.1,37,10,30169,24,103,3,2.9,1.7,3055|5747|6850,HCK|PTK2|SYK,-1.7
MyList,GO Biological Processes,19,GO:0003181,atrioventricular valve morphogenesis,19_GO:0032502 developmental process,-4.1,37,10,30169,24,103,3,2.9,1.7,90|23462|26508,ACVR1|HEY1|HEYL,-1.7
MyList,GO Biological Processes,19,GO:0030097,hemopoiesis,19_GO:0002376 immune system process,-4.1,4.5,5.3,30169,649,103,10,9.7,2.9,596|2321|6850|6901|7538|8651|9070|9474|55716|83700,BCL2|FLT1|SYK|TAFAZZIN|ZFP36|SOCS1|ASH2L|ATG5|LMBR1L|JAM3,-1.7
MyList,Reactome Gene Sets,6,R-HSA-9705462,Inactivation of CSF3 (G-CSF) signaling,,-4.1,35,10,30169,25,103,3,2.9,1.7,3055|6850|8651,HCK|SYK|SOCS1,-1.7
MyList,GO Biological Processes,19,GO:0043550,regulation of lipid kinase activity,19_GO:0008152 metabolic process,-4.1,17,7.8,30169,68,103,4,3.9,1.9,2321|5747|8651|153090,FLT1|PTK2|SOCS1|DAB2IP,-1.7
MyList,GO Biological Processes,19,GO:0042594,response to starvation,19_GO:0050896 response to stimulus,-4.1,8.3,6.3,30169,211,103,6,5.8,2.3,596|5166|6839|7538|9474|10891,BCL2|PDK4|SUV39H1|ZFP36|ATG5|PPARGC1A,-1.7
MyList,GO Biological Processes,19,GO:0007519,skeletal muscle tissue development,19_GO:0032502 developmental process,-4,11,6.8,30169,132,103,5,4.9,2.1,596|1020|5339|6901|26508,BCL2|CDK5|PLEC|TAFAZZIN|HEYL,-1.7
MyList,GO Biological Processes,19,GO:0007162,negative regulation of cell adhesion,19_GO:0048519 negative regulation of biological process,-4,6.7,5.8,30169,308,103,7,6.8,2.5,102|5607|5747|6376|8322|8651|83700,ADAM10|MAP2K5|PTK2|CX3CL1|FZD4|SOCS1|JAM3,-1.7
MyList,GO Biological Processes,19,GO:0006954,inflammatory response,19_GO:0050896 response to stimulus,-4,4.9,5.3,30169,537,103,9,8.7,2.8,90|1230|3055|3487|6367|6376|6850|83700|153090,ACVR1|CCR1|HCK|IGFBP4|CCL22|CX3CL1|SYK|JAM3|DAB2IP,-1.7
MyList,GO Biological Processes,19,GO:0040013,negative regulation of locomotion,19_GO:0040011 locomotion,-4,5.6,5.5,30169,419,103,8,7.8,2.6,596|811|2041|3622|5607|6376|79890|153090,BCL2|CALR|EPHA1|ING2|MAP2K5|CX3CL1|RIN3|DAB2IP,-1.6
MyList,GO Biological Processes,19,GO:0022411,cellular component disassembly,19_GO:0009987 cellular process,-4,6.6,5.8,30169,313,103,7,6.8,2.5,102|1020|6376|6901|7405|9342|9474,ADAM10|CDK5|CX3CL1|TAFAZZIN|UVRAG|SNAP29|ATG5,-1.6
MyList,GO Biological Processes,19,GO:0000165,MAPK cascade,19_GO:0023052 signaling,-4,8.1,6.1,30169,217,103,6,5.8,2.3,151|2074|3487|5596|5607|7538,ADRA2B|ERCC6|IGFBP4|MAPK4|MAP2K5|ZFP36,-1.6
MyList,GO Biological Processes,19,GO:0003171,atrioventricular valve development,19_GO:0032502 developmental process,-4,33,9.6,30169,27,103,3,2.9,1.7,90|23462|26508,ACVR1|HEY1|HEYL,-1.6
MyList,Reactome Gene Sets,6,R-HSA-418594,G alpha (i) signalling events,,-3.9,6.4,5.7,30169,318,103,7,6.8,2.5,151|1020|1230|2912|5142|5173|6376,ADRA2B|CDK5|CCR1|GRM2|PDE4B|PDYN|CX3CL1,-1.6
MyList,GO Biological Processes,19,GO:0071677,positive regulation of mononuclear cell migration,19_GO:0040011 locomotion,-3.9,16,7.5,30169,73,103,4,3.9,1.9,102|811|1230|83692,ADAM10|CALR|CCR1|CD99L2,-1.6
MyList,GO Biological Processes,19,GO:0045665,negative regulation of neuron differentiation,19_GO:0032502 developmental process,-3.9,16,7.5,30169,73,103,4,3.9,1.9,811|10363|23462|64843,CALR|HMG20A|HEY1|ISL2,-1.6
MyList,GO Biological Processes,19,GO:0010810,regulation of cell-substrate adhesion,19_GO:0050789 regulation of biological process,-3.9,7.9,6.1,30169,222,103,6,5.8,2.3,596|811|2041|5747|6376|8322,BCL2|CALR|EPHA1|PTK2|CX3CL1|FZD4,-1.6
MyList,GO Biological Processes,19,GO:0038094,Fc-gamma receptor signaling pathway,19_GO:0002376 immune system process,-3.9,31,9.4,30169,28,103,3,2.9,1.7,3055|5747|6850,HCK|PTK2|SYK,-1.6
MyList,GO Biological Processes,19,GO:2000756,regulation of peptidyl-lysine acetylation,19_GO:0008152 metabolic process,-3.9,16,7.5,30169,74,103,4,3.9,1.9,2074|9474|10891|55209,ERCC6|ATG5|PPARGC1A|SETD5,-1.6
MyList,GO Biological Processes,19,GO:0007507,heart development,19_GO:0032502 developmental process,-3.9,4.7,5.2,30169,556,103,9,8.7,2.8,90|811|5339|5607|5747|6901|9474|23462|26508,ACVR1|CALR|PLEC|MAP2K5|PTK2|TAFAZZIN|ATG5|HEY1|HEYL,-1.6
MyList,WikiPathways,27,WP5087,Malignant pleural mesothelioma,,-3.9,5.3,5.3,30169,440,103,8,7.8,2.6,72|596|2321|4915|5607|5747|10891|55209,ACTG2|BCL2|FLT1|NTRK2|MAP2K5|PTK2|PPARGC1A|SETD5,-1.5
MyList,GO Biological Processes,19,GO:0060538,skeletal muscle organ development,19_GO:0032502 developmental process,-3.9,10,6.5,30169,144,103,5,4.9,2.1,596|1020|5339|6901|26508,BCL2|CDK5|PLEC|TAFAZZIN|HEYL,-1.5
MyList,GO Biological Processes,19,GO:0007005,mitochondrion organization,19_GO:0009987 cellular process,-3.9,5.3,5.3,30169,442,103,8,7.8,2.6,291|596|1020|5339|6901|7019|9474|10891,SLC25A4|BCL2|CDK5|PLEC|TAFAZZIN|TFAM|ATG5|PPARGC1A,-1.5
MyList,GO Biological Processes,19,GO:0050920,regulation of chemotaxis,19_GO:0040011 locomotion,-3.8,7.6,5.9,30169,230,103,6,5.8,2.3,102|811|1230|5747|79890|83700,ADAM10|CALR|CCR1|PTK2|RIN3|JAM3,-1.5
MyList,GO Biological Processes,19,GO:0048534,hematopoietic or lymphoid organ development,19_GO:0002376 immune system process,-3.8,4.2,5,30169,699,103,10,9.7,2.9,596|2321|6850|6901|7538|8651|9070|9474|55716|83700,BCL2|FLT1|SYK|TAFAZZIN|ZFP36|SOCS1|ASH2L|ATG5|LMBR1L|JAM3,-1.5
MyList,GO Biological Processes,19,GO:0009611,response to wounding,19_GO:0050896 response to stimulus,-3.8,5.3,5.3,30169,443,103,8,7.8,2.6,151|596|1020|1230|5339|6376|6850|7538,ADRA2B|BCL2|CDK5|CCR1|PLEC|CX3CL1|SYK|ZFP36,-1.5
MyList,Reactome Gene Sets,6,R-HSA-9674555,Signaling by CSF3 (G-CSF),,-3.8,29,9.1,30169,30,103,3,2.9,1.7,3055|6850|8651,HCK|SYK|SOCS1,-1.5
MyList,GO Biological Processes,19,GO:2001234,negative regulation of apoptotic signaling pathway,19_GO:0023052 signaling,-3.8,7.5,5.9,30169,233,103,6,5.8,2.3,90|291|596|3622|5607|6376,ACVR1|SLC25A4|BCL2|ING2|MAP2K5|CX3CL1,-1.5
MyList,GO Biological Processes,19,GO:0006887,exocytosis,19_GO:0051179 localization,-3.8,7.5,5.8,30169,235,103,6,5.8,2.3,1020|1230|3055|6850|9342|54536,CDK5|CCR1|HCK|SYK|SNAP29|EXOC6,-1.5
MyList,GO Biological Processes,19,GO:0030593,neutrophil chemotaxis,19_GO:0040011 locomotion,-3.8,15,7.2,30169,80,103,4,3.9,1.9,5142|6367|6376|6850,PDE4B|CCL22|CX3CL1|SYK,-1.5
MyList,GO Biological Processes,19,GO:0007422,peripheral nervous system development,19_GO:0032502 developmental process,-3.8,15,7.2,30169,80,103,4,3.9,1.9,1020|4915|5339|64843,CDK5|NTRK2|PLEC|ISL2,-1.5
MyList,GO Biological Processes,19,GO:0014044,Schwann cell development,19_GO:0032502 developmental process,-3.7,27,8.8,30169,32,103,3,2.9,1.7,1020|4915|5339,CDK5|NTRK2|PLEC,-1.5
MyList,GO Biological Processes,19,GO:0045834,positive regulation of lipid metabolic process,19_GO:0048518 positive regulation of biological process,-3.7,9.5,6.2,30169,154,103,5,4.9,2.1,2321|5747|6901|10891|51099,FLT1|PTK2|TAFAZZIN|PPARGC1A|ABHD5,-1.5
MyList,GO Biological Processes,19,GO:0019216,regulation of lipid metabolic process,19_GO:0008152 metabolic process,-3.7,5.9,5.4,30169,347,103,7,6.8,2.5,2321|5166|5747|6901|10891|51099|153090,FLT1|PDK4|PTK2|TAFAZZIN|PPARGC1A|ABHD5|DAB2IP,-1.4
MyList,GO Biological Processes,19,GO:0048010,vascular endothelial growth factor receptor signaling pathway,19_GO:0023052 signaling,-3.7,27,8.6,30169,33,103,3,2.9,1.7,2321|5747|153090,FLT1|PTK2|DAB2IP,-1.4
MyList,GO Biological Processes,19,GO:0000082,G1/S transition of mitotic cell cycle,19_GO:0009987 cellular process,-3.7,14,6.9,30169,85,103,4,3.9,1.9,596|1020|5218|23476,BCL2|CDK5|CDK14|BRD4,-1.4
MyList,Canonical Pathways,11,M177,PID EPHA FWDPATHWAY,,-3.7,26,8.5,30169,34,103,3,2.9,1.7,1020|2041|3055,CDK5|EPHA1|HCK,-1.4
MyList,GO Biological Processes,19,GO:0071621,granulocyte chemotaxis,19_GO:0040011 locomotion,-3.7,14,6.9,30169,86,103,4,3.9,1.9,5142|6367|6376|6850,PDE4B|CCL22|CX3CL1|SYK,-1.4
MyList,GO Biological Processes,19,GO:0016241,regulation of macroautophagy,19_GO:0008152 metabolic process,-3.6,9.2,6.1,30169,160,103,5,4.9,2.1,291|1020|4864|7405|9474,SLC25A4|CDK5|NPC1|UVRAG|ATG5,-1.4
MyList,GO Biological Processes,19,GO:0044843,cell cycle G1/S phase transition,19_GO:0009987 cellular process,-3.6,13,6.8,30169,87,103,4,3.9,1.9,596|1020|5218|23476,BCL2|CDK5|CDK14|BRD4,-1.4
MyList,KEGG Pathway,24,hsa05022,Pathways of neurodegeneration - multiple diseases,,-3.6,4.9,5,30169,476,103,8,7.8,2.6,291|596|1020|1340|5173|5481|7277|8322,SLC25A4|BCL2|CDK5|COX6B1|PDYN|PPID|TUBA4A|FZD4,-1.4
MyList,GO Biological Processes,19,GO:1901099,negative regulation of signal transduction in absence of ligand,19_GO:0023052 signaling,-3.6,25,8.4,30169,35,103,3,2.9,1.7,596|5607|6376,BCL2|MAP2K5|CX3CL1,-1.4
MyList,GO Biological Processes,19,GO:2001240,negative regulation of extrinsic apoptotic signaling pathway in absence of ligand,19_GO:0023052 signaling,-3.6,25,8.4,30169,35,103,3,2.9,1.7,596|5607|6376,BCL2|MAP2K5|CX3CL1,-1.4
MyList,GO Biological Processes,19,GO:0055007,cardiac muscle cell differentiation,19_GO:0032502 developmental process,-3.6,13,6.8,30169,88,103,4,3.9,1.9,90|811|5339|9474,ACVR1|CALR|PLEC|ATG5,-1.4
MyList,GO Biological Processes,19,GO:1901983,regulation of protein acetylation,19_GO:0008152 metabolic process,-3.6,13,6.8,30169,88,103,4,3.9,1.9,2074|9474|10891|55209,ERCC6|ATG5|PPARGC1A|SETD5,-1.4
MyList,GO Biological Processes,19,GO:0002520,immune system development,19_GO:0002376 immune system process,-3.6,3.9,4.7,30169,746,103,10,9.7,2.9,596|2321|6850|6901|7538|8651|9070|9474|55716|83700,BCL2|FLT1|SYK|TAFAZZIN|ZFP36|SOCS1|ASH2L|ATG5|LMBR1L|JAM3,-1.4
MyList,GO Biological Processes,19,GO:0050792,regulation of viral process,19_GO:0016032 viral process,-3.6,9,6,30169,162,103,5,4.9,2.1,596|5481|6737|7538|9474,BCL2|PPID|TRIM21|ZFP36|ATG5,-1.4
MyList,GO Biological Processes,19,GO:0031668,cellular response to extracellular stimulus,19_GO:0050896 response to stimulus,-3.6,6.9,5.5,30169,254,103,6,5.8,2.3,596|2074|5166|5339|6839|9474,BCL2|ERCC6|PDK4|PLEC|SUV39H1|ATG5,-1.4
MyList,Reactome Gene Sets,6,R-HSA-9609507,Protein localization,,-3.6,9,6,30169,163,103,5,4.9,2.1,291|1431|3416|6901|51268,SLC25A4|CS|IDE|TAFAZZIN|PIPOX,-1.4
MyList,GO Biological Processes,19,GO:0007276,gamete generation,19_GO:0022414 reproductive process,-3.6,3.9,4.7,30169,753,103,10,9.7,2.9,90|596|676|811|3622|6901|9425|23345|64753|83700,ACVR1|BCL2|BRDT|CALR|ING2|TAFAZZIN|CDYL|SYNE1|CCDC136|JAM3,-1.4
MyList,GO Biological Processes,19,GO:0032870,cellular response to hormone stimulus,19_GO:0050896 response to stimulus,-3.6,4.8,5,30169,484,103,8,7.8,2.6,90|811|3416|4864|5166|5747|7538|57727,ACVR1|CALR|IDE|NPC1|PDK4|PTK2|ZFP36|NCOA5,-1.4
MyList,GO Biological Processes,19,GO:0019221,cytokine-mediated signaling pathway,19_GO:0023052 signaling,-3.6,5.6,5.2,30169,366,103,7,6.8,2.5,1230|3055|6367|6376|6850|8322|8651,CCR1|HCK|CCL22|CX3CL1|SYK|FZD4|SOCS1,-1.4
MyList,WikiPathways,27,WP3929,Chemokine signaling pathway,,-3.6,8.8,5.9,30169,166,103,5,4.9,2.1,1230|3055|5747|6367|6376,CCR1|HCK|PTK2|CCL22|CX3CL1,-1.4
MyList,GO Biological Processes,19,GO:0071363,cellular response to growth factor stimulus,19_GO:0050896 response to stimulus,-3.6,4.8,5,30169,488,103,8,7.8,2.6,90|2321|4915|5607|5747|7538|26508|153090,ACVR1|FLT1|NTRK2|MAP2K5|PTK2|ZFP36|HEYL|DAB2IP,-1.4
MyList,GO Biological Processes,19,GO:0003203,endocardial cushion morphogenesis,19_GO:0032502 developmental process,-3.6,24,8.1,30169,37,103,3,2.9,1.7,90|23462|26508,ACVR1|HEY1|HEYL,-1.4
MyList,GO Biological Processes,19,GO:0014037,Schwann cell differentiation,19_GO:0032502 developmental process,-3.6,24,8.1,30169,37,103,3,2.9,1.7,1020|4915|5339,CDK5|NTRK2|PLEC,-1.4
MyList,GO Biological Processes,19,GO:0015980,energy derivation by oxidation of organic compounds,19_GO:0008152 metabolic process,-3.6,6.7,5.4,30169,261,103,6,5.8,2.3,1340|1431|5339|6901|8803|10891,COX6B1|CS|PLEC|TAFAZZIN|SUCLA2|PPARGC1A,-1.4
MyList,GO Biological Processes,19,GO:1990266,neutrophil migration,19_GO:0002376 immune system process,-3.5,13,6.6,30169,92,103,4,3.9,1.9,5142|6367|6376|6850,PDE4B|CCL22|CX3CL1|SYK,-1.4
MyList,GO Biological Processes,19,GO:0009725,response to hormone,19_GO:0050896 response to stimulus,-3.5,3.8,4.6,30169,764,103,10,9.7,2.9,90|596|811|3416|4864|5166|5747|7538|9070|57727,ACVR1|BCL2|CALR|IDE|NPC1|PDK4|PTK2|ZFP36|ASH2L|NCOA5,-1.4
MyList,WikiPathways,27,WP5124,Alzheimer's disease,,-3.5,6.7,5.4,30169,263,103,6,5.8,2.3,102|291|1020|3416|5481|7277,ADAM10|SLC25A4|CDK5|IDE|PPID|TUBA4A,-1.4
MyList,GO Biological Processes,19,GO:0009991,response to extracellular stimulus,19_GO:0050896 response to stimulus,-3.5,4.7,4.9,30169,494,103,8,7.8,2.6,596|2074|5166|5339|6839|7538|9474|10891,BCL2|ERCC6|PDK4|PLEC|SUV39H1|ZFP36|ATG5|PPARGC1A,-1.4
MyList,GO Biological Processes,19,GO:2001233,regulation of apoptotic signaling pathway,19_GO:0023052 signaling,-3.5,5.5,5.1,30169,374,103,7,6.8,2.5,90|291|596|3622|5607|6376|153090,ACVR1|SLC25A4|BCL2|ING2|MAP2K5|CX3CL1|DAB2IP,-1.3
MyList,GO Biological Processes,19,GO:0051235,maintenance of location,19_GO:0051179 localization,-3.5,8.5,5.8,30169,172,103,5,4.9,2.1,811|1020|6646|7405|23345,CALR|CDK5|SOAT1|UVRAG|SYNE1,-1.3
MyList,GO Biological Processes,19,GO:0007229,integrin-mediated signaling pathway,19_GO:0023052 signaling,-3.5,12,6.5,30169,95,103,4,3.9,1.9,102|3055|5747|6850,ADAM10|HCK|PTK2|SYK,-1.3
MyList,Reactome Gene Sets,6,R-HSA-76009,Platelet Aggregation (Plug Formation),,-3.5,23,7.9,30169,39,103,3,2.9,1.7,151|5747|6850,ADRA2B|PTK2|SYK,-1.3
MyList,GO Biological Processes,19,GO:0030866,cortical actin cytoskeleton organization,19_GO:0009987 cellular process,-3.5,23,7.9,30169,39,103,3,2.9,1.7,811|1020|5339,CALR|CDK5|PLEC,-1.3
MyList,GO Biological Processes,19,GO:0051924,regulation of calcium ion transport,19_GO:0051179 localization,-3.5,6.6,5.3,30169,268,103,6,5.8,2.3,596|1020|1230|5142|6376|9474,BCL2|CDK5|CCR1|PDE4B|CX3CL1|ATG5,-1.3
MyList,GO Biological Processes,19,GO:1903321,negative regulation of protein modification by small protein conjugation or removal,19_GO:0048519 negative regulation of biological process,-3.5,12,6.4,30169,96,103,4,3.9,1.9,1020|6737|9474|10363,CDK5|TRIM21|ATG5|HMG20A,-1.3
MyList,GO Biological Processes,19,GO:0002690,positive regulation of leukocyte chemotaxis,19_GO:0040011 locomotion,-3.5,12,6.4,30169,97,103,4,3.9,1.9,102|811|1230|5747,ADAM10|CALR|CCR1|PTK2,-1.3
MyList,GO Biological Processes,19,GO:0051651,maintenance of location in cell,19_GO:0051179 localization,-3.5,12,6.4,30169,97,103,4,3.9,1.9,811|1020|7405|23345,CALR|CDK5|UVRAG|SYNE1,-1.3
MyList,GO Biological Processes,19,GO:0031348,negative regulation of defense response,19_GO:0048519 negative regulation of biological process,-3.5,6.5,5.3,30169,272,103,6,5.8,2.3,3055|6376|6737|6850|7538|9474,HCK|CX3CL1|TRIM21|SYK|ZFP36|ATG5,-1.3
MyList,GO Biological Processes,19,GO:0019058,viral life cycle,19_GO:0016032 viral process,-3.4,8.3,5.7,30169,177,103,5,4.9,2.1,3416|4864|5481|7405|9474,IDE|NPC1|PPID|UVRAG|ATG5,-1.3
MyList,GO Biological Processes,19,GO:2001237,negative regulation of extrinsic apoptotic signaling pathway,19_GO:0023052 signaling,-3.4,12,6.3,30169,99,103,4,3.9,1.9,90|596|5607|6376,ACVR1|BCL2|MAP2K5|CX3CL1,-1.3
MyList,GO Biological Processes,19,GO:2000249,regulation of actin cytoskeleton reorganization,19_GO:0050789 regulation of biological process,-3.4,21,7.6,30169,42,103,3,2.9,1.7,1020|3055|51225,CDK5|HCK|ABI3,-1.3
MyList,GO Biological Processes,19,GO:0070848,response to growth factor,19_GO:0050896 response to stimulus,-3.4,4.5,4.7,30169,519,103,8,7.8,2.6,90|2321|4915|5607|5747|7538|26508|153090,ACVR1|FLT1|NTRK2|MAP2K5|PTK2|ZFP36|HEYL|DAB2IP,-1.3
MyList,GO Biological Processes,19,GO:0009896,positive regulation of catabolic process,19_GO:0048518 positive regulation of biological process,-3.4,4.5,4.7,30169,519,103,8,7.8,2.6,291|3416|5747|6737|7405|7538|51099|153090,SLC25A4|IDE|PTK2|TRIM21|UVRAG|ZFP36|ABHD5|DAB2IP,-1.3
MyList,GO Biological Processes,19,GO:0071347,cellular response to interleukin-1,19_GO:0050896 response to stimulus,-3.4,11,6.2,30169,102,103,4,3.9,1.9,6367|6376|27316|153090,CCL22|CX3CL1|RBMX|DAB2IP,-1.3
MyList,GO Biological Processes,19,GO:1900371,regulation of purine nucleotide biosynthetic process,19_GO:0008152 metabolic process,-3.4,20,7.5,30169,43,103,3,2.9,1.7,5166|6901|10891,PDK4|TAFAZZIN|PPARGC1A,-1.3
MyList,GO Biological Processes,19,GO:0060412,ventricular septum morphogenesis,19_GO:0032502 developmental process,-3.4,20,7.5,30169,43,103,3,2.9,1.7,90|23462|26508,ACVR1|HEY1|HEYL,-1.3
MyList,GO Biological Processes,19,GO:0043507,positive regulation of JUN kinase activity,19_GO:0023052 signaling,-3.4,20,7.5,30169,43,103,3,2.9,1.7,6850|8322|153090,SYK|FZD4|DAB2IP,-1.3
MyList,GO Biological Processes,19,GO:0045058,T cell selection,19_GO:0002376 immune system process,-3.4,20,7.5,30169,43,103,3,2.9,1.7,596|6850|9474,BCL2|SYK|ATG5,-1.3
MyList,GO Biological Processes,19,GO:0009154,purine ribonucleotide catabolic process,19_GO:0008152 metabolic process,-3.4,20,7.5,30169,43,103,3,2.9,1.7,5142|8803|22978,PDE4B|SUCLA2|NT5C2,-1.3
MyList,GO Biological Processes,19,GO:0050764,regulation of phagocytosis,19_GO:0051179 localization,-3.4,11,6.2,30169,103,103,4,3.9,1.9,811|3055|6850|9474,CALR|HCK|SYK|ATG5,-1.2
MyList,GO Biological Processes,19,GO:0043405,regulation of MAP kinase activity,19_GO:0008152 metabolic process,-3.3,7.9,5.5,30169,186,103,5,4.9,2.1,2321|5607|6850|8322|153090,FLT1|MAP2K5|SYK|FZD4|DAB2IP,-1.2
MyList,GO Biological Processes,19,GO:0002548,monocyte chemotaxis,19_GO:0040011 locomotion,-3.3,20,7.4,30169,44,103,3,2.9,1.7,2321|6367|6376,FLT1|CCL22|CX3CL1,-1.2
MyList,GO Biological Processes,19,GO:0030808,regulation of nucleotide biosynthetic process,19_GO:0008152 metabolic process,-3.3,20,7.4,30169,44,103,3,2.9,1.7,5166|6901|10891,PDK4|TAFAZZIN|PPARGC1A,-1.2
MyList,GO Biological Processes,19,GO:1903169,regulation of calcium ion transmembrane transport,19_GO:0051179 localization,-3.3,7.8,5.5,30169,188,103,5,4.9,2.1,596|1020|5142|6376|9474,BCL2|CDK5|PDE4B|CX3CL1|ATG5,-1.2
MyList,GO Biological Processes,19,GO:0006091,generation of precursor metabolites and energy,19_GO:0008152 metabolic process,-3.3,5.1,4.8,30169,405,103,7,6.8,2.5,291|1340|1431|5339|6901|8803|10891,SLC25A4|COX6B1|CS|PLEC|TAFAZZIN|SUCLA2|PPARGC1A,-1.2
MyList,GO Biological Processes,19,GO:0032970,regulation of actin filament-based process,19_GO:0050789 regulation of biological process,-3.3,5.1,4.8,30169,406,103,7,6.8,2.5,1020|2041|3055|5142|6376|51225|83700,CDK5|EPHA1|HCK|PDE4B|CX3CL1|ABI3|JAM3,-1.2
MyList,KEGG Pathway,24,hsa04062,Chemokine signaling pathway,,-3.3,7.6,5.4,30169,192,103,5,4.9,2.1,1230|3055|5747|6367|6376,CCR1|HCK|PTK2|CCL22|CX3CL1,-1.2
MyList,GO Biological Processes,19,GO:1901861,regulation of muscle tissue development,19_GO:0032502 developmental process,-3.3,19,7.2,30169,46,103,3,2.9,1.7,90|596|10891,ACVR1|BCL2|PPARGC1A,-1.2
MyList,GO Biological Processes,19,GO:0034332,adherens junction organization,19_GO:0009987 cellular process,-3.3,19,7.2,30169,46,103,3,2.9,1.7,102|5339|83700,ADAM10|PLEC|JAM3,-1.2
MyList,WikiPathways,27,WP4535,Envelope proteins and their potential roles in EDMD physiopathology,,-3.3,19,7.2,30169,46,103,3,2.9,1.7,5339|6901|23345,PLEC|TAFAZZIN|SYNE1,-1.2
MyList,GO Biological Processes,19,GO:2001239,regulation of extrinsic apoptotic signaling pathway in absence of ligand,19_GO:0023052 signaling,-3.3,19,7.2,30169,46,103,3,2.9,1.7,596|5607|6376,BCL2|MAP2K5|CX3CL1,-1.2
MyList,GO Biological Processes,19,GO:0031589,cell-substrate adhesion,19_GO:0009987 cellular process,-3.3,7.5,5.4,30169,194,103,5,4.9,2.1,596|1020|2041|8322|83700,BCL2|CDK5|EPHA1|FZD4|JAM3,-1.2
MyList,GO Biological Processes,19,GO:2001222,regulation of neuron migration,19_GO:0040011 locomotion,-3.3,19,7.1,30169,47,103,3,2.9,1.7,6376|54986|153090,CX3CL1|ULK4|DAB2IP,-1.2
MyList,GO Biological Processes,19,GO:0003197,endocardial cushion development,19_GO:0032502 developmental process,-3.3,19,7.1,30169,47,103,3,2.9,1.7,90|23462|26508,ACVR1|HEY1|HEYL,-1.2
MyList,GO Biological Processes,19,GO:0014066,regulation of phosphatidylinositol 3-kinase signaling,19_GO:0023052 signaling,-3.2,11,5.9,30169,111,103,4,3.9,1.9,2321|4915|5747|153090,FLT1|NTRK2|PTK2|DAB2IP,-1.2
MyList,GO Biological Processes,19,GO:0006914,autophagy,19_GO:0008152 metabolic process,-3.2,5.9,4.9,30169,300,103,6,5.8,2.3,4864|6901|7405|9342|9474|23339,NPC1|TAFAZZIN|UVRAG|SNAP29|ATG5|VPS39,-1.2
MyList,GO Biological Processes,19,GO:0061919,process utilizing autophagic mechanism,19_GO:0009987 cellular process,-3.2,5.9,4.9,30169,300,103,6,5.8,2.3,4864|6901|7405|9342|9474|23339,NPC1|TAFAZZIN|UVRAG|SNAP29|ATG5|VPS39,-1.2
MyList,GO Biological Processes,19,GO:0006195,purine nucleotide catabolic process,19_GO:0008152 metabolic process,-3.2,18,7,30169,48,103,3,2.9,1.7,5142|8803|22978,PDE4B|SUCLA2|NT5C2,-1.2
MyList,GO Biological Processes,19,GO:0007517,muscle organ development,19_GO:0032502 developmental process,-3.2,5.8,4.9,30169,304,103,6,5.8,2.3,596|1020|5339|6525|6901|26508,BCL2|CDK5|PLEC|SMTN|TAFAZZIN|HEYL,-1.1
MyList,GO Biological Processes,19,GO:0010959,regulation of metal ion transport,19_GO:0051179 localization,-3.2,4.8,4.7,30169,423,103,7,6.8,2.5,596|1020|1230|3755|5142|6376|9474,BCL2|CDK5|CCR1|KCNG1|PDE4B|CX3CL1|ATG5,-1.1
MyList,GO Biological Processes,19,GO:0009261,ribonucleotide catabolic process,19_GO:0008152 metabolic process,-3.2,18,6.9,30169,49,103,3,2.9,1.7,5142|8803|22978,PDE4B|SUCLA2|NT5C2,-1.1
MyList,GO Biological Processes,19,GO:0033628,regulation of cell adhesion mediated by integrin,19_GO:0050789 regulation of biological process,-3.2,18,6.9,30169,49,103,3,2.9,1.7,5747|6850|83700,PTK2|SYK|JAM3,-1.1
MyList,Reactome Gene Sets,6,R-HSA-9012852,Signaling by NOTCH3,,-3.2,18,6.9,30169,49,103,3,2.9,1.7,102|23462|26508,ADAM10|HEY1|HEYL,-1.1
MyList,KEGG Pathway,24,hsa05030,Cocaine addiction,,-3.2,18,6.9,30169,49,103,3,2.9,1.7,1020|2912|5173,CDK5|GRM2|PDYN,-1.1
MyList,GO Biological Processes,19,GO:0007281,germ cell development,19_GO:0022414 reproductive process,-3.2,5.8,4.9,30169,305,103,6,5.8,2.3,90|596|3622|9425|64753|83700,ACVR1|BCL2|ING2|CDYL|CCDC136|JAM3,-1.1
MyList,GO Biological Processes,19,GO:0022904,respiratory electron transport chain,19_GO:0008152 metabolic process,-3.2,10,5.8,30169,115,103,4,3.9,1.9,1340|5339|6901|10891,COX6B1|PLEC|TAFAZZIN|PPARGC1A,-1.1
MyList,GO Biological Processes,19,GO:0038093,Fc receptor signaling pathway,19_GO:0002376 immune system process,-3.2,18,6.9,30169,50,103,3,2.9,1.7,3055|5747|6850,HCK|PTK2|SYK,-1.1
MyList,GO Biological Processes,19,GO:0048247,lymphocyte chemotaxis,19_GO:0040011 locomotion,-3.2,18,6.9,30169,50,103,3,2.9,1.7,5339|6367|6376,PLEC|CCL22|CX3CL1,-1.1
MyList,WikiPathways,27,WP286,IL-3 signaling pathway,,-3.2,18,6.9,30169,50,103,3,2.9,1.7,596|3055|6850,BCL2|HCK|SYK,-1.1
MyList,WikiPathways,27,WP3931,Embryonic stem cell pluripotency pathways,,-3.2,10,5.7,30169,117,103,4,3.9,1.9,90|5596|5607|8322,ACVR1|MAPK4|MAP2K5|FZD4,-1.1
MyList,GO Biological Processes,19,GO:0034612,response to tumor necrosis factor,19_GO:0050896 response to stimulus,-3.1,7.1,5.1,30169,206,103,5,4.9,2.1,102|6367|6376|7538|153090,ADAM10|CCL22|CX3CL1|ZFP36|DAB2IP,-1.1
MyList,Reactome Gene Sets,6,R-HSA-372790,Signaling by GPCR,,-3.1,3.7,4.3,30169,708,103,9,8.7,2.8,151|1020|1230|2912|5142|5173|6367|6376|8322,ADRA2B|CDK5|CCR1|GRM2|PDE4B|PDYN|CCL22|CX3CL1|FZD4,-1.1
MyList,GO Biological Processes,19,GO:0032102,negative regulation of response to external stimulus,19_GO:0048519 negative regulation of biological process,-3.1,4.7,4.6,30169,433,103,7,6.8,2.5,3055|6376|6737|6850|7538|9474|79890,HCK|CX3CL1|TRIM21|SYK|ZFP36|ATG5|RIN3,-1.1
MyList,GO Biological Processes,19,GO:0035051,cardiocyte differentiation,19_GO:0032502 developmental process,-3.1,9.9,5.7,30169,118,103,4,3.9,1.9,90|811|5339|9474,ACVR1|CALR|PLEC|ATG5,-1.1
MyList,GO Biological Processes,19,GO:0051146,striated muscle cell differentiation,19_GO:0032502 developmental process,-3.1,7.1,5.1,30169,207,103,5,4.9,2.1,90|596|811|5339|9474,ACVR1|BCL2|CALR|PLEC|ATG5,-1.1
MyList,GO Biological Processes,19,GO:0050807,regulation of synapse organization,19_GO:0050789 regulation of biological process,-3.1,7,5.1,30169,209,103,5,4.9,2.1,1020|4915|51225|55209|153090,CDK5|NTRK2|ABI3|SETD5|DAB2IP,-1.1
MyList,WikiPathways,27,WP4541,Hippo-Merlin signaling dysregulation,,-3.1,9.7,5.6,30169,121,103,4,3.9,1.9,2321|4915|5747|6901,FLT1|NTRK2|PTK2|TAFAZZIN,-1.1
MyList,GO Biological Processes,19,GO:0071496,cellular response to external stimulus,19_GO:0050896 response to stimulus,-3.1,5.5,4.7,30169,320,103,6,5.8,2.3,596|2074|5166|5339|6839|9474,BCL2|ERCC6|PDK4|PLEC|SUV39H1|ATG5,-1.1
MyList,GO Biological Processes,19,GO:0072523,purine-containing compound catabolic process,19_GO:0008152 metabolic process,-3.1,16,6.6,30169,54,103,3,2.9,1.7,5142|8803|22978,PDE4B|SUCLA2|NT5C2,-1.1
MyList,GO Biological Processes,19,GO:0050803,regulation of synapse structure or activity,19_GO:0065007 biological regulation,-3.1,6.8,5,30169,215,103,5,4.9,2.1,1020|4915|51225|55209|153090,CDK5|NTRK2|ABI3|SETD5|DAB2IP,-1
MyList,GO Biological Processes,19,GO:0003179,heart valve morphogenesis,19_GO:0032502 developmental process,-3.1,16,6.5,30169,55,103,3,2.9,1.7,90|23462|26508,ACVR1|HEY1|HEYL,-1
MyList,Reactome Gene Sets,6,R-HSA-71406,Pyruvate metabolism and Citric Acid (TCA) cycle,,-3.1,16,6.5,30169,55,103,3,2.9,1.7,1431|5166|8803,CS|PDK4|SUCLA2,-1
MyList,Canonical Pathways,11,M122,PID IL2 1PATHWAY,,-3.1,16,6.5,30169,55,103,3,2.9,1.7,596|6850|8651,BCL2|SYK|SOCS1,-1
MyList,GO Biological Processes,19,GO:0002683,negative regulation of immune system process,19_GO:0002376 immune system process,-3,4.6,4.5,30169,449,103,7,6.8,2.5,3055|6376|6737|6850|8651|9474|79890,HCK|CX3CL1|TRIM21|SYK|SOCS1|ATG5|RIN3,-1
MyList,GO Biological Processes,19,GO:0001952,regulation of cell-matrix adhesion,19_GO:0050789 regulation of biological process,-3,9.4,5.5,30169,125,103,4,3.9,1.9,596|2041|5747|6376,BCL2|EPHA1|PTK2|CX3CL1,-1
MyList,GO Biological Processes,19,GO:1901215,negative regulation of neuron death,19_GO:0048519 negative regulation of biological process,-3,6.7,5,30169,218,103,5,4.9,2.1,596|1020|4915|6376|10891,BCL2|CDK5|NTRK2|CX3CL1|PPARGC1A,-1
MyList,GO Biological Processes,19,GO:0043523,regulation of neuron apoptotic process,19_GO:0050789 regulation of biological process,-3,6.7,5,30169,218,103,5,4.9,2.1,596|1020|4915|6376|10891,BCL2|CDK5|NTRK2|CX3CL1|PPARGC1A,-1
MyList,GO Biological Processes,19,GO:0034341,response to interferon-gamma,19_GO:0044419 biological process involved in interspecies interaction between organisms,-3,9.3,5.5,30169,126,103,4,3.9,1.9,3055|6367|6376|6737,HCK|CCL22|CX3CL1|TRIM21,-1
MyList,WikiPathways,27,WP2059,Alzheimer's disease and miRNA effects,,-3,5.4,4.6,30169,328,103,6,5.8,2.3,102|291|1020|3416|5481|7277,ADAM10|SLC25A4|CDK5|IDE|PPID|TUBA4A,-1
MyList,GO Biological Processes,19,GO:0071417,cellular response to organonitrogen compound,19_GO:0050896 response to stimulus,-3,4,4.3,30169,588,103,8,7.8,2.6,1020|3416|4915|5142|5166|5747|8651|57727,CDK5|IDE|NTRK2|PDE4B|PDK4|PTK2|SOCS1|NCOA5,-1
MyList,GO Biological Processes,19,GO:0009895,negative regulation of catabolic process,19_GO:0048519 negative regulation of biological process,-3,5.3,4.6,30169,330,103,6,5.8,2.3,596|4864|7538|29974|153090|257397,BCL2|NPC1|ZFP36|A1CF|DAB2IP|TAB3,-1
MyList,WikiPathways,27,WP5265,Neurogenesis regulation in the olfactory epithelium,,-3,15,6.4,30169,57,103,3,2.9,1.7,1020|4915|23462,CDK5|NTRK2|HEY1,-1
MyList,GO Biological Processes,19,GO:0032989,cellular component morphogenesis,19_GO:0032502 developmental process,-3,3.9,4.2,30169,594,103,8,7.8,2.6,596|1020|2041|5339|5747|64753|64843|153090,BCL2|CDK5|EPHA1|PLEC|PTK2|CCDC136|ISL2|DAB2IP,-1
MyList,WikiPathways,27,WP4217,Ebola virus infection in host,,-3,9.1,5.4,30169,129,103,4,3.9,1.9,4864|5922|23339|153090,NPC1|RASA2|VPS39|DAB2IP,-1
MyList,Reactome Gene Sets,6,R-HSA-2894862,Constitutive Signaling by NOTCH1 HD+PEST Domain Mutants,,-3,15,6.3,30169,58,103,3,2.9,1.7,102|23462|26508,ADAM10|HEY1|HEYL,-1
MyList,Reactome Gene Sets,6,R-HSA-2644603,Signaling by NOTCH1 in Cancer,,-3,15,6.3,30169,58,103,3,2.9,1.7,102|23462|26508,ADAM10|HEY1|HEYL,-1
MyList,Reactome Gene Sets,6,R-HSA-2894858,Signaling by NOTCH1 HD+PEST Domain Mutants in Cancer,,-3,15,6.3,30169,58,103,3,2.9,1.7,102|23462|26508,ADAM10|HEY1|HEYL,-1
MyList,Reactome Gene Sets,6,R-HSA-2644606,Constitutive Signaling by NOTCH1 PEST Domain Mutants,,-3,15,6.3,30169,58,103,3,2.9,1.7,102|23462|26508,ADAM10|HEY1|HEYL,-1
MyList,Reactome Gene Sets,6,R-HSA-2644602,Signaling by NOTCH1 PEST Domain Mutants in Cancer,,-3,15,6.3,30169,58,103,3,2.9,1.7,102|23462|26508,ADAM10|HEY1|HEYL,-1
MyList,GO Biological Processes,19,GO:0032103,positive regulation of response to external stimulus,19_GO:0048518 positive regulation of biological process,-3,4.4,4.3,30169,464,103,7,6.8,2.5,102|811|1230|3055|5747|6376|6850,ADAM10|CALR|CCR1|HCK|PTK2|CX3CL1|SYK,-1
MyList,GO Biological Processes,19,GO:0031667,response to nutrient levels,19_GO:0050896 response to stimulus,-3,4.4,4.3,30169,464,103,7,6.8,2.5,596|5166|5339|6839|7538|9474|10891,BCL2|PDK4|PLEC|SUV39H1|ZFP36|ATG5|PPARGC1A,-1
MyList,Reactome Gene Sets,6,R-HSA-9664422,FCGR3A-mediated phagocytosis,,-3,15,6.3,30169,59,103,3,2.9,1.7,3055|5747|6850,HCK|PTK2|SYK,-1
MyList,Reactome Gene Sets,6,R-HSA-9664417,Leishmania phagocytosis,,-3,15,6.3,30169,59,103,3,2.9,1.7,3055|5747|6850,HCK|PTK2|SYK,-1
MyList,Reactome Gene Sets,6,R-HSA-380108,Chemokine receptors bind chemokines,,-3,15,6.3,30169,59,103,3,2.9,1.7,1230|6367|6376,CCR1|CCL22|CX3CL1,-1
MyList,Reactome Gene Sets,6,R-HSA-9664407,Parasite infection,,-3,15,6.3,30169,59,103,3,2.9,1.7,3055|5747|6850,HCK|PTK2|SYK,-1
MyList,GO Biological Processes,19,GO:0070555,response to interleukin-1,19_GO:0050896 response to stimulus,-3,8.9,5.3,30169,132,103,4,3.9,1.9,6367|6376|27316|153090,CCL22|CX3CL1|RBMX|DAB2IP,-0.99
MyList,Reactome Gene Sets,6,R-HSA-500792,GPCR ligand binding,,-2.9,4.4,4.3,30169,467,103,7,6.8,2.5,151|1230|2912|5173|6367|6376|8322,ADRA2B|CCR1|GRM2|PDYN|CCL22|CX3CL1|FZD4,-0.99
MyList,GO Biological Processes,19,GO:0030865,cortical cytoskeleton organization,19_GO:0009987 cellular process,-2.9,15,6.2,30169,60,103,3,2.9,1.7,811|1020|5339,CALR|CDK5|PLEC,-0.98
MyList,GO Biological Processes,19,GO:0071902,positive regulation of protein serine/threonine kinase activity,19_GO:0048518 positive regulation of biological process,-2.9,6.4,4.8,30169,229,103,5,4.9,2.1,2321|5607|6850|8322|153090,FLT1|MAP2K5|SYK|FZD4|DAB2IP,-0.98
MyList,GO Biological Processes,19,GO:0048232,male gamete generation,19_GO:0022414 reproductive process,-2.9,3.8,4.1,30169,611,103,8,7.8,2.6,676|811|3622|6901|9425|23345|64753|83700,BRDT|CALR|ING2|TAFAZZIN|CDYL|SYNE1|CCDC136|JAM3,-0.97
MyList,GO Biological Processes,19,GO:0019226,transmission of nerve impulse,19_GO:0023052 signaling,-2.9,14,6.1,30169,61,103,3,2.9,1.7,4915|5339|83700,NTRK2|PLEC|JAM3,-0.97
MyList,Reactome Gene Sets,6,R-HSA-449147,Signaling by Interleukins,,-2.9,4.3,4.3,30169,473,103,7,6.8,2.5,596|1230|3055|6367|6850|8651|257397,BCL2|CCR1|HCK|CCL22|SYK|SOCS1|TAB3,-0.97
MyList,GO Biological Processes,19,GO:0008286,insulin receptor signaling pathway,19_GO:0023052 signaling,-2.9,14,6.1,30169,62,103,3,2.9,1.7,3416|5166|57727,IDE|PDK4|NCOA5,-0.95
MyList,GO Biological Processes,19,GO:0043506,regulation of JUN kinase activity,19_GO:0008152 metabolic process,-2.9,14,6.1,30169,62,103,3,2.9,1.7,6850|8322|153090,SYK|FZD4|DAB2IP,-0.95
MyList,GO Biological Processes,19,GO:0045055,regulated exocytosis,19_GO:0051179 localization,-2.9,8.5,5.2,30169,138,103,4,3.9,1.9,1020|3055|6850|9342,CDK5|HCK|SYK|SNAP29,-0.95
MyList,GO Biological Processes,19,GO:0044000,movement in host,19_GO:0044419 biological process involved in interspecies interaction between organisms,-2.9,8.5,5.2,30169,138,103,4,3.9,1.9,3416|4864|5481|7405,IDE|NPC1|PPID|UVRAG,-0.95
MyList,KEGG Pathway,24,hsa05418,Fluid shear stress and atherosclerosis,,-2.9,8.4,5.1,30169,139,103,4,3.9,1.9,90|596|5607|5747,ACVR1|BCL2|MAP2K5|PTK2,-0.94
MyList,GO Biological Processes,19,GO:0060485,mesenchyme development,19_GO:0032502 developmental process,-2.9,6.2,4.7,30169,238,103,5,4.9,2.1,72|90|596|23462|26508,ACTG2|ACVR1|BCL2|HEY1|HEYL,-0.93
MyList,GO Biological Processes,19,GO:0048524,positive regulation of viral process,19_GO:0016032 viral process,-2.9,14,6,30169,64,103,3,2.9,1.7,5481|6737|9474,PPID|TRIM21|ATG5,-0.93
MyList,Reactome Gene Sets,6,R-HSA-1268020,Mitochondrial protein import,,-2.9,14,6,30169,64,103,3,2.9,1.7,291|1431|6901,SLC25A4|CS|TAFAZZIN,-0.93
MyList,GO Biological Processes,19,GO:0042063,gliogenesis,19_GO:0032502 developmental process,-2.9,6.1,4.7,30169,239,103,5,4.9,2.1,1020|4915|5339|6376|153090,CDK5|NTRK2|PLEC|CX3CL1|DAB2IP,-0.93
MyList,GO Biological Processes,19,GO:0090090,negative regulation of canonical Wnt signaling pathway,19_GO:0023052 signaling,-2.8,8.3,5.1,30169,141,103,4,3.9,1.9,3487|8322|55716|153090,IGFBP4|FZD4|LMBR1L|DAB2IP,-0.92
MyList,KEGG Pathway,24,hsa04140,Autophagy - animal,,-2.8,8.3,5.1,30169,141,103,4,3.9,1.9,596|7405|9342|9474,BCL2|UVRAG|SNAP29|ATG5,-0.92
MyList,GO Biological Processes,19,GO:0045088,regulation of innate immune response,19_GO:0044419 biological process involved in interspecies interaction between organisms,-2.8,6.1,4.6,30169,240,103,5,4.9,2.1,3055|6737|6850|8651|9474,HCK|TRIM21|SYK|SOCS1|ATG5,-0.92
MyList,GO Biological Processes,19,GO:0003170,heart valve development,19_GO:0032502 developmental process,-2.8,14,5.9,30169,65,103,3,2.9,1.7,90|23462|26508,ACVR1|HEY1|HEYL,-0.92
MyList,GO Biological Processes,19,GO:0016032,viral process,19_GO:0016032 viral process,-2.8,6.1,4.6,30169,242,103,5,4.9,2.1,3416|4864|5481|7405|9474,IDE|NPC1|PPID|UVRAG|ATG5,-0.91
MyList,GO Biological Processes,19,GO:0002831,regulation of response to biotic stimulus,19_GO:0050896 response to stimulus,-2.8,4.9,4.3,30169,361,103,6,5.8,2.3,3055|6376|6737|6850|8651|9474,HCK|CX3CL1|TRIM21|SYK|SOCS1|ATG5,-0.9
MyList,GO Biological Processes,19,GO:0050921,positive regulation of chemotaxis,19_GO:0040011 locomotion,-2.8,8.1,5,30169,144,103,4,3.9,1.9,102|811|1230|5747,ADAM10|CALR|CCR1|PTK2,-0.9
MyList,GO Biological Processes,19,GO:0071216,cellular response to biotic stimulus,19_GO:0050896 response to stimulus,-2.8,6,4.6,30169,244,103,5,4.9,2.1,3055|5142|6850|7538|153090,HCK|PDE4B|SYK|ZFP36|DAB2IP,-0.9
MyList,GO Biological Processes,19,GO:0031330,negative regulation of cellular catabolic process,19_GO:0048519 negative regulation of biological process,-2.8,6,4.6,30169,245,103,5,4.9,2.1,596|4864|7538|29974|257397,BCL2|NPC1|ZFP36|A1CF|TAB3,-0.89
MyList,GO Biological Processes,19,GO:0032956,regulation of actin cytoskeleton organization,19_GO:0050789 regulation of biological process,-2.8,4.8,4.3,30169,365,103,6,5.8,2.3,1020|2041|3055|6376|51225|83700,CDK5|EPHA1|HCK|CX3CL1|ABI3|JAM3,-0.88
MyList,KEGG Pathway,24,hsa05131,Shigellosis,,-2.8,5.9,4.6,30169,247,103,5,4.9,2.1,596|5481|5747|9474|257397,BCL2|PPID|PTK2|ATG5|TAB3,-0.88
MyList,GO Biological Processes,19,GO:0032990,cell part morphogenesis,19_GO:0032502 developmental process,-2.8,4.1,4.1,30169,498,103,7,6.8,2.5,596|1020|2041|5339|5747|64843|153090,BCL2|CDK5|EPHA1|PLEC|PTK2|ISL2|DAB2IP,-0.88
MyList,GO Biological Processes,19,GO:1901699,cellular response to nitrogen compound,19_GO:0050896 response to stimulus,-2.8,3.6,4,30169,646,103,8,7.8,2.6,1020|3416|4915|5142|5166|5747|8651|57727,CDK5|IDE|NTRK2|PDE4B|PDK4|PTK2|SOCS1|NCOA5,-0.86
MyList,GO Biological Processes,19,GO:0018107,peptidyl-threonine phosphorylation,19_GO:0008152 metabolic process,-2.8,13,5.7,30169,69,103,3,2.9,1.7,90|596|1020,ACVR1|BCL2|CDK5,-0.86
MyList,GO Biological Processes,19,GO:0048871,multicellular organismal homeostasis,19_GO:0032501 multicellular organismal process,-2.8,4.7,4.2,30169,372,103,6,5.8,2.3,596|2074|5339|6839|10891|83700,BCL2|ERCC6|PLEC|SUV39H1|PPARGC1A|JAM3,-0.85
MyList,GO Biological Processes,19,GO:0071383,cellular response to steroid hormone stimulus,19_GO:0050896 response to stimulus,-2.8,7.8,4.9,30169,150,103,4,3.9,1.9,90|811|4864|7538,ACVR1|CALR|NPC1|ZFP36,-0.85
MyList,GO Biological Processes,19,GO:0003007,heart morphogenesis,19_GO:0032502 developmental process,-2.7,5.8,4.5,30169,253,103,5,4.9,2.1,90|5747|6901|23462|26508,ACVR1|PTK2|TAFAZZIN|HEY1|HEYL,-0.85
MyList,GO Biological Processes,19,GO:0010638,positive regulation of organelle organization,19_GO:0048518 positive regulation of biological process,-2.7,4,4,30169,508,103,7,6.8,2.5,291|1020|2041|3055|6376|7405|10891,SLC25A4|CDK5|EPHA1|HCK|CX3CL1|UVRAG|PPARGC1A,-0.84
MyList,GO Biological Processes,19,GO:0051640,organelle localization,19_GO:0051179 localization,-2.7,4,4,30169,509,103,7,6.8,2.5,1020|6850|7405|9342|54536|79789|80179,CDK5|SYK|UVRAG|SNAP29|EXOC6|CLMN|MYO19,-0.84
MyList,GO Biological Processes,19,GO:0043122,regulation of I-kappaB kinase/NF-kappaB signaling,19_GO:0023052 signaling,-2.7,5.7,4.5,30169,255,103,5,4.9,2.1,6376|6737|23476|153090|257397,CX3CL1|TRIM21|BRD4|DAB2IP|TAB3,-0.84
MyList,GO Biological Processes,19,GO:0140029,exocytic process,19_GO:0051179 localization,-2.7,12,5.6,30169,71,103,3,2.9,1.7,6850|9342|54536,SYK|SNAP29|EXOC6,-0.84
MyList,GO Biological Processes,19,GO:0045786,negative regulation of cell cycle,19_GO:0048519 negative regulation of biological process,-2.7,4.7,4.2,30169,376,103,6,5.8,2.3,90|596|1020|2074|6839|153090,ACVR1|BCL2|CDK5|ERCC6|SUV39H1|DAB2IP,-0.84
MyList,GO Biological Processes,19,GO:0031344,regulation of cell projection organization,19_GO:0050789 regulation of biological process,-2.7,3.6,3.9,30169,659,103,8,7.8,2.6,1020|4915|6376|8322|9474|51225|54986|153090,CDK5|NTRK2|CX3CL1|FZD4|ATG5|ABI3|ULK4|DAB2IP,-0.83
MyList,GO Biological Processes,19,GO:0051656,establishment of organelle localization,19_GO:0051179 localization,-2.7,4.6,4.2,30169,378,103,6,5.8,2.3,1020|6850|9342|54536|79789|80179,CDK5|SYK|SNAP29|EXOC6|CLMN|MYO19,-0.83
MyList,GO Biological Processes,19,GO:0060411,cardiac septum morphogenesis,19_GO:0032502 developmental process,-2.7,12,5.6,30169,72,103,3,2.9,1.7,90|23462|26508,ACVR1|HEY1|HEYL,-0.83
MyList,Reactome Gene Sets,6,R-HSA-1445148,Translocation of SLC2A4 (GLUT4) to the plasma membrane,,-2.7,12,5.6,30169,72,103,3,2.9,1.7,7277|23216|54536,TUBA4A|TBC1D1|EXOC6,-0.83
MyList,GO Biological Processes,19,GO:0043524,negative regulation of neuron apoptotic process,19_GO:0048519 negative regulation of biological process,-2.7,7.6,4.8,30169,154,103,4,3.9,1.9,596|4915|6376|10891,BCL2|NTRK2|CX3CL1|PPARGC1A,-0.83
MyList,GO Biological Processes,19,GO:0031175,neuron projection development,19_GO:0032502 developmental process,-2.7,3.5,3.9,30169,661,103,8,7.8,2.6,596|1020|2041|2074|5747|64843|79789|153090,BCL2|CDK5|EPHA1|ERCC6|PTK2|ISL2|CLMN|DAB2IP,-0.83
MyList,GO Biological Processes,19,GO:0060284,regulation of cell development,19_GO:0032502 developmental process,-2.7,4,4,30169,516,103,7,6.8,2.5,596|811|1020|4915|6376|23462|26508,BCL2|CALR|CDK5|NTRK2|CX3CL1|HEY1|HEYL,-0.82
MyList,GO Biological Processes,19,GO:2001236,regulation of extrinsic apoptotic signaling pathway,19_GO:0023052 signaling,-2.7,7.6,4.8,30169,155,103,4,3.9,1.9,90|596|5607|6376,ACVR1|BCL2|MAP2K5|CX3CL1,-0.82
MyList,GO Biological Processes,19,GO:0051701,biological process involved in interaction with host,19_GO:0044419 biological process involved in interspecies interaction between organisms,-2.7,7.6,4.8,30169,155,103,4,3.9,1.9,3416|4864|5481|7405,IDE|NPC1|PPID|UVRAG,-0.82
MyList,GO Biological Processes,19,GO:0060828,regulation of canonical Wnt signaling pathway,19_GO:0023052 signaling,-2.7,5.6,4.4,30169,260,103,5,4.9,2.1,3487|5218|8322|55716|153090,IGFBP4|CDK14|FZD4|LMBR1L|DAB2IP,-0.82
MyList,GO Biological Processes,19,GO:0034765,regulation of ion transmembrane transport,19_GO:0051179 localization,-2.7,3.9,4,30169,520,103,7,6.8,2.5,596|1020|3755|5142|6376|9474|56479,BCL2|CDK5|KCNG1|PDE4B|CX3CL1|ATG5|KCNQ5,-0.81
MyList,GO Biological Processes,19,GO:0002429,immune response-activating cell surface receptor signaling pathway,19_GO:0002376 immune system process,-2.7,5.6,4.4,30169,262,103,5,4.9,2.1,596|3055|5142|5747|6850,BCL2|HCK|PDE4B|PTK2|SYK,-0.81
MyList,GO Biological Processes,19,GO:0002757,immune response-activating signal transduction,19_GO:0002376 immune system process,-2.7,5.6,4.4,30169,262,103,5,4.9,2.1,596|3055|5142|5747|6850,BCL2|HCK|PDE4B|PTK2|SYK,-0.81
MyList,Reactome Gene Sets,6,R-HSA-9006934,Signaling by Receptor Tyrosine Kinases,,-2.7,3.9,4,30169,521,103,7,6.8,2.5,102|1020|2321|4915|5607|5747|8651,ADAM10|CDK5|FLT1|NTRK2|MAP2K5|PTK2|SOCS1,-0.81
MyList,Reactome Gene Sets,6,R-HSA-1980143,Signaling by NOTCH1,,-2.7,12,5.5,30169,74,103,3,2.9,1.7,102|23462|26508,ADAM10|HEY1|HEYL,-0.81
MyList,GO Biological Processes,19,GO:0003281,ventricular septum development,19_GO:0032502 developmental process,-2.7,12,5.5,30169,74,103,3,2.9,1.7,90|23462|26508,ACVR1|HEY1|HEYL,-0.81
MyList,GO Biological Processes,19,GO:0009166,nucleotide catabolic process,19_GO:0008152 metabolic process,-2.6,12,5.4,30169,76,103,3,2.9,1.7,5142|8803|22978,PDE4B|SUCLA2|NT5C2,-0.78
MyList,GO Biological Processes,19,GO:0009060,aerobic respiration,19_GO:0008152 metabolic process,-2.6,7.3,4.7,30169,161,103,4,3.9,1.9,1340|1431|6901|8803,COX6B1|CS|TAFAZZIN|SUCLA2,-0.77
MyList,GO Biological Processes,19,GO:0031347,regulation of defense response,19_GO:0050896 response to stimulus,-2.6,3.4,3.8,30169,680,103,8,7.8,2.6,3055|6376|6737|6850|7538|8651|9474|23476,HCK|CX3CL1|TRIM21|SYK|ZFP36|SOCS1|ATG5|BRD4,-0.77
MyList,GO Biological Processes,19,GO:0090559,regulation of membrane permeability,19_GO:0065007 biological regulation,-2.6,11,5.4,30169,77,103,3,2.9,1.7,291|596|83700,SLC25A4|BCL2|JAM3,-0.77
MyList,GO Biological Processes,19,GO:0034968,histone lysine methylation,19_GO:0008152 metabolic process,-2.6,11,5.4,30169,77,103,3,2.9,1.7,6839|9070|55209,SUV39H1|ASH2L|SETD5,-0.77
MyList,GO Biological Processes,19,GO:1904062,regulation of cation transmembrane transport,19_GO:0051179 localization,-2.6,4.5,4,30169,394,103,6,5.8,2.3,596|1020|3755|5142|6376|9474,BCL2|CDK5|KCNG1|PDE4B|CX3CL1|ATG5,-0.77
MyList,GO Biological Processes,19,GO:0048511,rhythmic process,19_GO:0048511 rhythmic process,-2.6,5.4,4.3,30169,270,103,5,4.9,2.1,1020|4915|6839|8322|10891,CDK5|NTRK2|SUV39H1|FZD4|PPARGC1A,-0.77
MyList,GO Biological Processes,19,GO:0071900,regulation of protein serine/threonine kinase activity,19_GO:0008152 metabolic process,-2.6,4.4,4,30169,395,103,6,5.8,2.3,2321|5607|6850|7405|8322|153090,FLT1|MAP2K5|SYK|UVRAG|FZD4|DAB2IP,-0.76
MyList,GO Biological Processes,19,GO:0018210,peptidyl-threonine modification,19_GO:0008152 metabolic process,-2.6,11,5.3,30169,78,103,3,2.9,1.7,90|596|1020,ACVR1|BCL2|CDK5,-0.76
MyList,GO Biological Processes,19,GO:0062197,cellular response to chemical stress,19_GO:0050896 response to stimulus,-2.6,5.4,4.3,30169,272,103,5,4.9,2.1,596|5339|6737|9474|10891,BCL2|PLEC|TRIM21|ATG5|PPARGC1A,-0.76
MyList,GO Biological Processes,19,GO:0072676,lymphocyte migration,19_GO:0002376 immune system process,-2.6,11,5.3,30169,79,103,3,2.9,1.7,5339|6367|6376,PLEC|CCL22|CX3CL1,-0.74
MyList,GO Biological Processes,19,GO:0051493,regulation of cytoskeleton organization,19_GO:0050789 regulation of biological process,-2.6,3.8,3.8,30169,539,103,7,6.8,2.5,1020|2041|3055|5747|6376|51225|83700,CDK5|EPHA1|HCK|PTK2|CX3CL1|ABI3|JAM3,-0.74
MyList,GO Biological Processes,19,GO:0014068,positive regulation of phosphatidylinositol 3-kinase signaling,19_GO:0023052 signaling,-2.6,11,5.2,30169,80,103,3,2.9,1.7,2321|4915|5747,FLT1|NTRK2|PTK2,-0.73
MyList,GO Biological Processes,19,GO:0000902,cell morphogenesis,19_GO:0032502 developmental process,-2.6,3.4,3.7,30169,694,103,8,7.8,2.6,596|1020|2041|5339|5747|8322|64843|153090,BCL2|CDK5|EPHA1|PLEC|PTK2|FZD4|ISL2|DAB2IP,-0.73
MyList,GO Biological Processes,19,GO:0060627,regulation of vesicle-mediated transport,19_GO:0051179 localization,-2.6,3.8,3.8,30169,544,103,7,6.8,2.5,811|1020|3055|6850|9474|9581|79890,CALR|CDK5|HCK|SYK|ATG5|PREPL|RIN3,-0.73
MyList,GO Biological Processes,19,GO:0030217,T cell differentiation,19_GO:0002376 immune system process,-2.6,7,4.5,30169,168,103,4,3.9,1.9,596|6850|9474|55716,BCL2|SYK|ATG5|LMBR1L,-0.73
MyList,GO Biological Processes,19,GO:0072080,nephron tubule development,19_GO:0032502 developmental process,-2.6,11,5.2,30169,81,103,3,2.9,1.7,596|9653|26508,BCL2|HS2ST1|HEYL,-0.72
MyList,GO Biological Processes,19,GO:0022900,electron transport chain,19_GO:0008152 metabolic process,-2.6,6.9,4.5,30169,169,103,4,3.9,1.9,1340|5339|6901|10891,COX6B1|PLEC|TAFAZZIN|PPARGC1A,-0.72
MyList,GO Biological Processes,19,GO:2001021,negative regulation of response to DNA damage stimulus,19_GO:0048519 negative regulation of biological process,-2.6,11,5.2,30169,82,103,3,2.9,1.7,596|2074|3622,BCL2|ERCC6|ING2,-0.71
MyList,GO Biological Processes,19,GO:0051650,establishment of vesicle localization,19_GO:0051179 localization,-2.5,6.9,4.5,30169,171,103,4,3.9,1.9,1020|9342|54536|80179,CDK5|SNAP29|EXOC6|MYO19,-0.7
MyList,GO Biological Processes,19,GO:0048545,response to steroid hormone,19_GO:0050896 response to stimulus,-2.5,5.2,4.1,30169,283,103,5,4.9,2.1,90|596|811|4864|7538,ACVR1|BCL2|CALR|NPC1|ZFP36,-0.7
MyList,GO Biological Processes,19,GO:0044772,mitotic cell cycle phase transition,19_GO:0009987 cellular process,-2.5,6.8,4.5,30169,172,103,4,3.9,1.9,596|1020|5218|23476,BCL2|CDK5|CDK14|BRD4,-0.7
MyList,GO Biological Processes,19,GO:1901136,carbohydrate derivative catabolic process,19_GO:0008152 metabolic process,-2.5,6.8,4.5,30169,172,103,4,3.9,1.9,5142|8803|22978|55347,PDE4B|SUCLA2|NT5C2|ABHD10,-0.7
MyList,GO Biological Processes,19,GO:0048762,mesenchymal cell differentiation,19_GO:0032502 developmental process,-2.5,6.8,4.5,30169,172,103,4,3.9,1.9,90|596|23462|26508,ACVR1|BCL2|HEY1|HEYL,-0.7
MyList,GO Biological Processes,19,GO:0070098,chemokine-mediated signaling pathway,19_GO:0023052 signaling,-2.5,11,5.1,30169,83,103,3,2.9,1.7,1230|6367|6376,CCR1|CCL22|CX3CL1,-0.7
MyList,GO Biological Processes,19,GO:0030178,negative regulation of Wnt signaling pathway,19_GO:0023052 signaling,-2.5,6.7,4.4,30169,174,103,4,3.9,1.9,3487|8322|55716|153090,IGFBP4|FZD4|LMBR1L|DAB2IP,-0.69
MyList,GO Biological Processes,19,GO:0007565,female pregnancy,19_GO:0022414 reproductive process,-2.5,6.7,4.4,30169,174,103,4,3.9,1.9,151|412|596|29974,ADRA2B|STS|BCL2|A1CF,-0.69
MyList,GO Biological Processes,19,GO:0009267,cellular response to starvation,19_GO:0050896 response to stimulus,-2.5,6.7,4.4,30169,175,103,4,3.9,1.9,596|5166|6839|9474,BCL2|PDK4|SUV39H1|ATG5,-0.68
MyList,GO Biological Processes,19,GO:1901292,nucleoside phosphate catabolic process,19_GO:0008152 metabolic process,-2.5,10,5,30169,85,103,3,2.9,1.7,5142|8803|22978,PDE4B|SUCLA2|NT5C2,-0.68
MyList,GO Biological Processes,19,GO:0061326,renal tubule development,19_GO:0032502 developmental process,-2.5,10,5,30169,85,103,3,2.9,1.7,596|9653|26508,BCL2|HS2ST1|HEYL,-0.68
MyList,GO Biological Processes,19,GO:0032092,positive regulation of protein binding,19_GO:0065007 biological regulation,-2.5,10,5,30169,86,103,3,2.9,1.7,1020|3416|6737,CDK5|IDE|TRIM21,-0.67
MyList,Reactome Gene Sets,6,R-HSA-2029480,Fcgamma receptor (FCGR) dependent phagocytosis,,-2.5,10,5,30169,86,103,3,2.9,1.7,3055|5747|6850,HCK|PTK2|SYK,-0.67
MyList,GO Biological Processes,19,GO:0007423,sensory organ development,19_GO:0032502 developmental process,-2.5,3.6,3.7,30169,563,103,7,6.8,2.5,102|596|2321|4915|5816|8322|9474,ADAM10|BCL2|FLT1|NTRK2|PVALB|FZD4|ATG5,-0.67
MyList,GO Biological Processes,19,GO:0031331,positive regulation of cellular catabolic process,19_GO:0048518 positive regulation of biological process,-2.5,4.2,3.8,30169,420,103,6,5.8,2.3,291|5747|6737|7405|7538|51099,SLC25A4|PTK2|TRIM21|UVRAG|ZFP36|ABHD5,-0.67
MyList,GO Biological Processes,19,GO:0045596,negative regulation of cell differentiation,19_GO:0032502 developmental process,-2.5,3.3,3.6,30169,718,103,8,7.8,2.6,811|1020|7538|8651|10363|23462|64843|153090,CALR|CDK5|ZFP36|SOCS1|HMG20A|HEY1|ISL2|DAB2IP,-0.67
MyList,Reactome Gene Sets,6,R-HSA-1428517,The citric acid (TCA) cycle and respiratory electron transport,,-2.5,6.6,4.4,30169,178,103,4,3.9,1.9,1340|1431|5166|8803,COX6B1|CS|PDK4|SUCLA2,-0.66
MyList,GO Biological Processes,19,GO:0002768,immune response-regulating cell surface receptor signaling pathway,19_GO:0002376 immune system process,-2.5,5,4,30169,292,103,5,4.9,2.1,596|3055|5142|5747|6850,BCL2|HCK|PDE4B|PTK2|SYK,-0.66
MyList,GO Biological Processes,19,GO:0010507,negative regulation of autophagy,19_GO:0048519 negative regulation of biological process,-2.5,10,5,30169,87,103,3,2.9,1.7,596|4864|257397,BCL2|NPC1|TAB3,-0.66
MyList,GO Biological Processes,19,GO:0001776,leukocyte homeostasis,19_GO:0002376 immune system process,-2.5,10,5,30169,87,103,3,2.9,1.7,596|5142|83700,BCL2|PDE4B|JAM3,-0.66
MyList,GO Biological Processes,19,GO:0023061,signal release,19_GO:0051179 localization,-2.5,6.5,4.3,30169,180,103,4,3.9,1.9,1020|6850|8322|9342,CDK5|SYK|FZD4|SNAP29,-0.65
MyList,Reactome Gene Sets,6,R-HSA-1280215,Cytokine Signaling in Immune system,,-2.5,3.2,3.6,30169,725,103,8,7.8,2.6,596|1230|3055|6367|6737|6850|8651|257397,BCL2|CCR1|HCK|CCL22|TRIM21|SYK|SOCS1|TAB3,-0.65
MyList,GO Biological Processes,19,GO:0099537,trans-synaptic signaling,19_GO:0023052 signaling,-2.5,4.1,3.8,30169,426,103,6,5.8,2.3,1020|2912|4915|5173|5816|9342,CDK5|GRM2|NTRK2|PDYN|PVALB|SNAP29,-0.65
MyList,GO Biological Processes,19,GO:0051648,vesicle localization,19_GO:0051179 localization,-2.5,6.5,4.3,30169,181,103,4,3.9,1.9,1020|9342|54536|80179,CDK5|SNAP29|EXOC6|MYO19,-0.65
MyList,GO Biological Processes,19,GO:0071229,cellular response to acid chemical,19_GO:0050896 response to stimulus,-2.5,9.9,4.9,30169,89,103,3,2.9,1.7,4915|5339|8651,NTRK2|PLEC|SOCS1,-0.64
MyList,GO Biological Processes,19,GO:0044770,cell cycle phase transition,19_GO:0009987 cellular process,-2.4,6.4,4.3,30169,182,103,4,3.9,1.9,596|1020|5218|23476,BCL2|CDK5|CDK14|BRD4,-0.64
MyList,GO Biological Processes,19,GO:0071356,cellular response to tumor necrosis factor,19_GO:0050896 response to stimulus,-2.4,6.4,4.3,30169,182,103,4,3.9,1.9,6367|6376|7538|153090,CCL22|CX3CL1|ZFP36|DAB2IP,-0.64
MyList,GO Biological Processes,19,GO:0050728,negative regulation of inflammatory response,19_GO:0048519 negative regulation of biological process,-2.4,6.4,4.3,30169,184,103,4,3.9,1.9,3055|6376|6850|7538,HCK|CX3CL1|SYK|ZFP36,-0.63
MyList,GO Biological Processes,19,GO:0048863,stem cell differentiation,19_GO:0032502 developmental process,-2.4,6.4,4.3,30169,184,103,4,3.9,1.9,90|596|7538|55716,ACVR1|BCL2|ZFP36|LMBR1L,-0.63
MyList,GO Biological Processes,19,GO:0010564,regulation of cell cycle process,19_GO:0050789 regulation of biological process,-2.4,3.2,3.5,30169,735,103,8,7.8,2.6,90|596|811|2074|7405|23476|80179|153090,ACVR1|BCL2|CALR|ERCC6|UVRAG|BRD4|MYO19|DAB2IP,-0.62
MyList,GO Biological Processes,19,GO:0018105,peptidyl-serine phosphorylation,19_GO:0008152 metabolic process,-2.4,6.3,4.3,30169,185,103,4,3.9,1.9,596|1020|4915|6850,BCL2|CDK5|NTRK2|SYK,-0.62
MyList,GO Biological Processes,19,GO:0018022,peptidyl-lysine methylation,19_GO:0008152 metabolic process,-2.4,9.7,4.8,30169,91,103,3,2.9,1.7,6839|9070|55209,SUV39H1|ASH2L|SETD5,-0.62
MyList,GO Biological Processes,19,GO:1990869,cellular response to chemokine,19_GO:0050896 response to stimulus,-2.4,9.7,4.8,30169,91,103,3,2.9,1.7,1230|6367|6376,CCR1|CCL22|CX3CL1,-0.62
MyList,GO Biological Processes,19,GO:1990868,response to chemokine,19_GO:0050896 response to stimulus,-2.4,9.7,4.8,30169,91,103,3,2.9,1.7,1230|6367|6376,CCR1|CCL22|CX3CL1,-0.62
MyList,GO Biological Processes,19,GO:0007286,spermatid development,19_GO:0022414 reproductive process,-2.4,6.3,4.2,30169,186,103,4,3.9,1.9,3622|9425|64753|83700,ING2|CDYL|CCDC136|JAM3,-0.62
MyList,GO Biological Processes,19,GO:1903312,negative regulation of mRNA metabolic process,19_GO:0048519 negative regulation of biological process,-2.4,9.6,4.8,30169,92,103,3,2.9,1.7,7538|27316|29974,ZFP36|RBMX|A1CF,-0.62
MyList,GO Biological Processes,19,GO:0051402,neuron apoptotic process,19_GO:0009987 cellular process,-2.4,9.6,4.8,30169,92,103,3,2.9,1.7,596|1020|10891,BCL2|CDK5|PPARGC1A,-0.62
MyList,Reactome Gene Sets,6,R-HSA-2682334,EPH-Ephrin signaling,,-2.4,9.6,4.8,30169,92,103,3,2.9,1.7,102|2041|5747,ADAM10|EPHA1|PTK2,-0.62
MyList,Reactome Gene Sets,6,R-HSA-111885,Opioid Signalling,,-2.4,9.6,4.8,30169,92,103,3,2.9,1.7,1020|5142|5173,CDK5|PDE4B|PDYN,-0.62
MyList,KEGG Pathway,24,hsa05016,Huntington disease,,-2.4,4.8,3.9,30169,306,103,5,4.9,2.1,291|1340|7019|7277|10891,SLC25A4|COX6B1|TFAM|TUBA4A|PPARGC1A,-0.6
MyList,GO Biological Processes,19,GO:0051896,regulation of protein kinase B signaling,19_GO:0023052 signaling,-2.4,6.2,4.2,30169,189,103,4,3.9,1.9,2912|4915|5747|6376,GRM2|NTRK2|PTK2|CX3CL1,-0.6
MyList,GO Biological Processes,19,GO:0043123,positive regulation of I-kappaB kinase/NF-kappaB signaling,19_GO:0023052 signaling,-2.4,6.2,4.2,30169,189,103,4,3.9,1.9,6376|6737|23476|257397,CX3CL1|TRIM21|BRD4|TAB3,-0.6
MyList,GO Biological Processes,19,GO:0051345,positive regulation of hydrolase activity,19_GO:0065007 biological regulation,-2.4,3.5,3.6,30169,589,103,7,6.8,2.5,2041|2321|6367|6376|6850|23216|51099,EPHA1|FLT1|CCL22|CX3CL1|SYK|TBC1D1|ABHD5,-0.6
MyList,GO Biological Processes,19,GO:0019882,antigen processing and presentation,19_GO:0002376 immune system process,-2.4,9.3,4.7,30169,94,103,3,2.9,1.7,811|3416|9474,CALR|IDE|ATG5,-0.6
MyList,GO Biological Processes,19,GO:1900542,regulation of purine nucleotide metabolic process,19_GO:0008152 metabolic process,-2.4,9.3,4.7,30169,94,103,3,2.9,1.7,5166|6901|10891,PDK4|TAFAZZIN|PPARGC1A,-0.6
MyList,GO Biological Processes,19,GO:0043433,negative regulation of DNA-binding transcription factor activity,19_GO:0008152 metabolic process,-2.4,6.2,4.2,30169,190,103,4,3.9,1.9,5607|6737|26508|153090,MAP2K5|TRIM21|HEYL|DAB2IP,-0.6
MyList,GO Biological Processes,19,GO:0050777,negative regulation of immune response,19_GO:0002376 immune system process,-2.4,6.2,4.2,30169,190,103,4,3.9,1.9,3055|6737|6850|9474,HCK|TRIM21|SYK|ATG5,-0.6
MyList,GO Biological Processes,19,GO:1901653,cellular response to peptide,19_GO:0050896 response to stimulus,-2.4,4.8,3.9,30169,308,103,5,4.9,2.1,1020|3416|5166|5747|57727,CDK5|IDE|PDK4|PTK2|NCOA5,-0.6
MyList,GO Biological Processes,19,GO:0007283,spermatogenesis,19_GO:0022414 reproductive process,-2.4,3.5,3.5,30169,591,103,7,6.8,2.5,811|3622|6901|9425|23345|64753|83700,CALR|ING2|TAFAZZIN|CDYL|SYNE1|CCDC136|JAM3,-0.6
MyList,GO Biological Processes,19,GO:0032088,negative regulation of NF-kappaB transcription factor activity,19_GO:0008152 metabolic process,-2.4,9.2,4.7,30169,95,103,3,2.9,1.7,5607|6737|153090,MAP2K5|TRIM21|DAB2IP,-0.59
MyList,GO Biological Processes,19,GO:0034504,protein localization to nucleus,19_GO:0051179 localization,-2.4,6.1,4.2,30169,192,103,4,3.9,1.9,811|1020|6850|23345,CALR|CDK5|SYK|SYNE1,-0.59
MyList,GO Biological Processes,19,GO:0010975,regulation of neuron projection development,19_GO:0032502 developmental process,-2.4,3.9,3.7,30169,446,103,6,5.8,2.3,1020|4915|6376|51225|54986|153090,CDK5|NTRK2|CX3CL1|ABI3|ULK4|DAB2IP,-0.59
MyList,GO Biological Processes,19,GO:0048515,spermatid differentiation,19_GO:0022414 reproductive process,-2.4,6.1,4.1,30169,193,103,4,3.9,1.9,3622|9425|64753|83700,ING2|CDYL|CCDC136|JAM3,-0.58
MyList,GO Biological Processes,19,GO:0044703,multi-organism reproductive process,19_GO:0022414 reproductive process,-2.4,6,4.1,30169,194,103,4,3.9,1.9,151|412|596|29974,ADRA2B|STS|BCL2|A1CF,-0.58
MyList,KEGG Pathway,24,hsa05167,Kaposi sarcoma-associated herpesvirus infection,,-2.4,6,4.1,30169,194,103,4,3.9,1.9,1230|3055|6850|7538,CCR1|HCK|SYK|ZFP36,-0.58
MyList,GO Biological Processes,19,GO:0051495,positive regulation of cytoskeleton organization,19_GO:0048518 positive regulation of biological process,-2.3,6,4.1,30169,195,103,4,3.9,1.9,1020|2041|3055|6376,CDK5|EPHA1|HCK|CX3CL1,-0.57
MyList,GO Biological Processes,19,GO:0070372,regulation of ERK1 and ERK2 cascade,19_GO:0023052 signaling,-2.3,4.6,3.8,30169,315,103,5,4.9,2.1,1230|6367|6376|6850|153090,CCR1|CCL22|CX3CL1|SYK|DAB2IP,-0.57
MyList,WikiPathways,27,WP4540,Hippo signaling regulation pathways,,-2.3,9,4.6,30169,98,103,3,2.9,1.7,2321|4915|6901,FLT1|NTRK2|TAFAZZIN,-0.56
MyList,GO Biological Processes,19,GO:0099536,synaptic signaling,19_GO:0023052 signaling,-2.3,3.9,3.6,30169,454,103,6,5.8,2.3,1020|2912|4915|5173|5816|9342,CDK5|GRM2|NTRK2|PDYN|PVALB|SNAP29,-0.56
MyList,GO Biological Processes,19,GO:0006140,regulation of nucleotide metabolic process,19_GO:0008152 metabolic process,-2.3,8.9,4.6,30169,99,103,3,2.9,1.7,5166|6901|10891,PDK4|TAFAZZIN|PPARGC1A,-0.55
MyList,WikiPathways,27,WP306,Focal adhesion,,-2.3,5.9,4.1,30169,198,103,4,3.9,1.9,596|2321|3055|5747,BCL2|FLT1|HCK|PTK2,-0.55
MyList,KEGG Pathway,24,hsa04061,Viral protein interaction with cytokine and cytokine receptor,,-2.3,8.8,4.6,30169,100,103,3,2.9,1.7,1230|6367|6376,CCR1|CCL22|CX3CL1,-0.54
MyList,Reactome Gene Sets,6,R-HSA-375276,Peptide ligand-binding receptors,,-2.3,5.8,4,30169,201,103,4,3.9,1.9,1230|5173|6367|6376,CCR1|PDYN|CCL22|CX3CL1,-0.53
MyList,GO Biological Processes,19,GO:0070997,neuron death,19_GO:0009987 cellular process,-2.3,8.6,4.5,30169,102,103,3,2.9,1.7,596|1020|10891,BCL2|CDK5|PPARGC1A,-0.52
MyList,WikiPathways,27,WP185,Integrin-mediated cell adhesion,,-2.3,8.6,4.5,30169,102,103,3,2.9,1.7,5596|5607|5747,MAPK4|MAP2K5|PTK2,-0.52
MyList,GO Biological Processes,19,GO:0006906,vesicle fusion,19_GO:0051179 localization,-2.3,8.6,4.5,30169,102,103,3,2.9,1.7,7405|9342|23339,UVRAG|SNAP29|VPS39,-0.52
MyList,GO Biological Processes,19,GO:0031647,regulation of protein stability,19_GO:0065007 biological regulation,-2.3,4.5,3.7,30169,325,103,5,4.9,2.1,596|811|6737|10891|29974,BCL2|CALR|TRIM21|PPARGC1A|A1CF,-0.52
MyList,GO Biological Processes,19,GO:1901214,regulation of neuron death,19_GO:0050789 regulation of biological process,-2.3,4.5,3.7,30169,325,103,5,4.9,2.1,596|1020|4915|6376|10891,BCL2|CDK5|NTRK2|CX3CL1|PPARGC1A,-0.52
MyList,GO Biological Processes,19,GO:0044706,multi-multicellular organism process,19_GO:0032501 multicellular organismal process,-2.3,5.8,4,30169,203,103,4,3.9,1.9,151|412|596|29974,ADRA2B|STS|BCL2|A1CF,-0.52
MyList,GO Biological Processes,19,GO:0018209,peptidyl-serine modification,19_GO:0008152 metabolic process,-2.3,5.7,4,30169,204,103,4,3.9,1.9,596|1020|4915|6850,BCL2|CDK5|NTRK2|SYK,-0.52
MyList,GO Biological Processes,19,GO:0046474,glycerophospholipid biosynthetic process,19_GO:0008152 metabolic process,-2.3,5.7,4,30169,204,103,4,3.9,1.9,6901|7405|8651|51099,TAFAZZIN|UVRAG|SOCS1|ABHD5,-0.52
MyList,GO Biological Processes,19,GO:1901888,regulation of cell junction assembly,19_GO:0050789 regulation of biological process,-2.3,5.7,4,30169,204,103,4,3.9,1.9,4915|5747|51225|55209,NTRK2|PTK2|ABI3|SETD5,-0.52
MyList,GO Biological Processes,19,GO:0034762,regulation of transmembrane transport,19_GO:0051179 localization,-2.3,3.3,3.4,30169,618,103,7,6.8,2.5,596|1020|3755|5142|6376|9474|56479,BCL2|CDK5|KCNG1|PDE4B|CX3CL1|ATG5|KCNQ5,-0.52
MyList,GO Biological Processes,19,GO:0070167,regulation of biomineral tissue development,19_GO:0110148 biomineralization,-2.3,8.5,4.5,30169,103,103,3,2.9,1.7,90|1230|23462,ACVR1|CCR1|HEY1,-0.52
MyList,GO Biological Processes,19,GO:0016050,vesicle organization,19_GO:0009987 cellular process,-2.3,4.5,3.7,30169,327,103,5,4.9,2.1,596|7405|9342|23339|64753,BCL2|UVRAG|SNAP29|VPS39|CCDC136,-0.52
MyList,GO Biological Processes,19,GO:0071222,cellular response to lipopolysaccharide,19_GO:0044419 biological process involved in interspecies interaction between organisms,-2.3,5.7,4,30169,205,103,4,3.9,1.9,3055|5142|7538|153090,HCK|PDE4B|ZFP36|DAB2IP,-0.52
MyList,Reactome Gene Sets,6,R-HSA-109582,Hemostasis,,-2.3,3.3,3.4,30169,621,103,7,6.8,2.5,151|1020|5747|6850|7277|83692|83700,ADRA2B|CDK5|PTK2|SYK|TUBA4A|CD99L2|JAM3,-0.52
MyList,GO Biological Processes,19,GO:0071346,cellular response to interferon-gamma,19_GO:0044419 biological process involved in interspecies interaction between organisms,-2.3,8.4,4.5,30169,104,103,3,2.9,1.7,3055|6367|6376,HCK|CCL22|CX3CL1,-0.52
MyList,GO Biological Processes,19,GO:0032784,regulation of DNA-templated transcription elongation,19_GO:0008152 metabolic process,-2.3,8.4,4.5,30169,104,103,3,2.9,1.7,2074|23476|55209,ERCC6|BRD4|SETD5,-0.52
MyList,KEGG Pathway,24,hsa04064,NF-kappa B signaling pathway,,-2.3,8.4,4.5,30169,104,103,3,2.9,1.7,596|6850|257397,BCL2|SYK|TAB3,-0.52
MyList,GO Biological Processes,19,GO:0090174,organelle membrane fusion,19_GO:0009987 cellular process,-2.3,8.4,4.5,30169,104,103,3,2.9,1.7,7405|9342|23339,UVRAG|SNAP29|VPS39,-0.52
MyList,GO Biological Processes,19,GO:0072009,nephron epithelium development,19_GO:0032502 developmental process,-2.3,8.4,4.5,30169,104,103,3,2.9,1.7,596|9653|26508,BCL2|HS2ST1|HEYL,-0.52
MyList,GO Biological Processes,19,GO:0051963,regulation of synapse assembly,19_GO:0032502 developmental process,-2.3,8.4,4.5,30169,104,103,3,2.9,1.7,4915|51225|55209,NTRK2|ABI3|SETD5,-0.52
MyList,GO Biological Processes,19,GO:0048812,neuron projection morphogenesis,19_GO:0032502 developmental process,-2.3,3.7,3.5,30169,469,103,6,5.8,2.3,596|1020|2041|5747|64843|153090,BCL2|CDK5|EPHA1|PTK2|ISL2|DAB2IP,-0.52
MyList,GO Biological Processes,19,GO:0051046,regulation of secretion,19_GO:0051179 localization,-2.3,3.3,3.4,30169,623,103,7,6.8,2.5,151|1020|2912|5481|6850|9474|9581,ADRA2B|CDK5|GRM2|PPID|SYK|ATG5|PREPL,-0.51
MyList,GO Biological Processes,19,GO:0110149,regulation of biomineralization,19_GO:0110148 biomineralization,-2.2,8.4,4.4,30169,105,103,3,2.9,1.7,90|1230|23462,ACVR1|CCR1|HEY1,-0.51
MyList,GO Biological Processes,19,GO:0032479,regulation of type I interferon production,19_GO:0032501 multicellular organismal process,-2.2,8.4,4.4,30169,105,103,3,2.9,1.7,6737|6850|9474,TRIM21|SYK|ATG5,-0.51
MyList,GO Biological Processes,19,GO:0120039,plasma membrane bounded cell projection morphogenesis,19_GO:0032502 developmental process,-2.2,3.7,3.5,30169,474,103,6,5.8,2.3,596|1020|2041|5747|64843|153090,BCL2|CDK5|EPHA1|PTK2|ISL2|DAB2IP,-0.5
MyList,Reactome Gene Sets,6,R-HSA-373076,Class A/1 (Rhodopsin-like receptors),,-2.2,4.4,3.6,30169,335,103,5,4.9,2.1,151|1230|5173|6367|6376,ADRA2B|CCR1|PDYN|CCL22|CX3CL1,-0.49
MyList,GO Biological Processes,19,GO:0010906,regulation of glucose metabolic process,19_GO:0008152 metabolic process,-2.2,8.2,4.4,30169,107,103,3,2.9,1.7,3487|5166|10891,IGFBP4|PDK4|PPARGC1A,-0.49
MyList,GO Biological Processes,19,GO:0010717,regulation of epithelial to mesenchymal transition,19_GO:0032502 developmental process,-2.2,8.2,4.4,30169,107,103,3,2.9,1.7,90|5747|153090,ACVR1|PTK2|DAB2IP,-0.49
MyList,GO Biological Processes,19,GO:0003279,cardiac septum development,19_GO:0032502 developmental process,-2.2,8.2,4.4,30169,107,103,3,2.9,1.7,90|23462|26508,ACVR1|HEY1|HEYL,-0.49
MyList,GO Biological Processes,19,GO:0030111,regulation of Wnt signaling pathway,19_GO:0023052 signaling,-2.2,4.4,3.6,30169,336,103,5,4.9,2.1,3487|5218|8322|55716|153090,IGFBP4|CDK14|FZD4|LMBR1L|DAB2IP,-0.49
MyList,GO Biological Processes,19,GO:0002253,activation of immune response,19_GO:0002376 immune system process,-2.2,4.3,3.6,30169,337,103,5,4.9,2.1,596|3055|5142|5747|6850,BCL2|HCK|PDE4B|PTK2|SYK,-0.49
MyList,Reactome Gene Sets,6,R-HSA-388396,GPCR downstream signalling,,-2.2,3.2,3.3,30169,633,103,7,6.8,2.5,151|1020|1230|2912|5142|5173|6376,ADRA2B|CDK5|CCR1|GRM2|PDE4B|PDYN|CX3CL1,-0.49
MyList,GO Biological Processes,19,GO:0048858,cell projection morphogenesis,19_GO:0032502 developmental process,-2.2,3.7,3.4,30169,479,103,6,5.8,2.3,596|1020|2041|5747|64843|153090,BCL2|CDK5|EPHA1|PTK2|ISL2|DAB2IP,-0.49
MyList,GO Biological Processes,19,GO:0016571,histone methylation,19_GO:0008152 metabolic process,-2.2,8.1,4.3,30169,108,103,3,2.9,1.7,6839|9070|55209,SUV39H1|ASH2L|SETD5,-0.49
MyList,Reactome Gene Sets,6,R-HSA-6785807,Interleukin-4 and Interleukin-13 signaling,,-2.2,8.1,4.3,30169,108,103,3,2.9,1.7,596|6367|8651,BCL2|CCL22|SOCS1,-0.49
MyList,GO Biological Processes,19,GO:0046718,viral entry into host cell,19_GO:0016032 viral process,-2.2,8.1,4.3,30169,108,103,3,2.9,1.7,3416|4864|7405,IDE|NPC1|UVRAG,-0.49
MyList,WikiPathways,27,WP4172,PI3K-Akt signaling pathway,,-2.2,4.3,3.6,30169,339,103,5,4.9,2.1,596|2321|4915|5747|6850,BCL2|FLT1|NTRK2|PTK2|SYK,-0.48
MyList,GO Biological Processes,19,GO:0097191,extrinsic apoptotic signaling pathway,19_GO:0023052 signaling,-2.2,8.1,4.3,30169,109,103,3,2.9,1.7,596|6376|153090,BCL2|CX3CL1|DAB2IP,-0.48
MyList,GO Biological Processes,19,GO:0021782,glial cell development,19_GO:0032502 developmental process,-2.2,8,4.3,30169,110,103,3,2.9,1.7,1020|4915|5339,CDK5|NTRK2|PLEC,-0.47
MyList,GO Biological Processes,19,GO:0044409,entry into host,19_GO:0044419 biological process involved in interspecies interaction between organisms,-2.2,8,4.3,30169,110,103,3,2.9,1.7,3416|4864|7405,IDE|NPC1|UVRAG,-0.47
MyList,GO Biological Processes,19,GO:0120035,regulation of plasma membrane bounded cell projection organization,19_GO:0050789 regulation of biological process,-2.2,3.2,3.3,30169,642,103,7,6.8,2.5,1020|4915|6376|9474|51225|54986|153090,CDK5|NTRK2|CX3CL1|ATG5|ABI3|ULK4|DAB2IP,-0.46
MyList,GO Biological Processes,19,GO:0022037,metencephalon development,19_GO:0032502 developmental process,-2.2,7.9,4.3,30169,111,103,3,2.9,1.7,596|1020|8322,BCL2|CDK5|FZD4,-0.46
MyList,GO Biological Processes,19,GO:0071219,cellular response to molecule of bacterial origin,19_GO:0044419 biological process involved in interspecies interaction between organisms,-2.2,5.4,3.8,30169,217,103,4,3.9,1.9,3055|5142|7538|153090,HCK|PDE4B|ZFP36|DAB2IP,-0.46
MyList,GO Biological Processes,19,GO:0034330,cell junction organization,19_GO:0009987 cellular process,-2.2,3.6,3.4,30169,489,103,6,5.8,2.3,102|596|1020|5339|6376|83700,ADAM10|BCL2|CDK5|PLEC|CX3CL1|JAM3,-0.46
MyList,KEGG Pathway,24,hsa04668,TNF signaling pathway,,-2.2,7.8,4.2,30169,112,103,3,2.9,1.7,6376|153090|257397,CX3CL1|DAB2IP|TAB3,-0.46
MyList,GO Biological Processes,19,GO:0043583,ear development,19_GO:0032502 developmental process,-2.2,5.3,3.8,30169,219,103,4,3.9,1.9,102|596|5816|9474,ADAM10|BCL2|PVALB|ATG5,-0.45
MyList,GO Biological Processes,19,GO:0042552,myelination,19_GO:0032502 developmental process,-2.2,7.8,4.2,30169,113,103,3,2.9,1.7,4915|5339|83700,NTRK2|PLEC|JAM3,-0.45
MyList,GO Biological Processes,19,GO:0006338,chromatin remodeling,19_GO:0009987 cellular process,-2.2,4.2,3.5,30169,349,103,5,4.9,2.1,676|2074|6839|23476|57798,BRDT|ERCC6|SUV39H1|BRD4|GATAD1,-0.44
MyList,KEGG Pathway,24,hsa04670,Leukocyte transendothelial migration,,-2.2,7.7,4.2,30169,114,103,3,2.9,1.7,5747|83692|83700,PTK2|CD99L2|JAM3,-0.44
MyList,Reactome Gene Sets,6,R-HSA-187037,Signaling by NTRK1 (TRKA),,-2.1,7.6,4.2,30169,115,103,3,2.9,1.7,1020|4915|5607,CDK5|NTRK2|MAP2K5,-0.43
MyList,GO Biological Processes,19,GO:0007272,ensheathment of neurons,19_GO:0032502 developmental process,-2.1,7.6,4.2,30169,115,103,3,2.9,1.7,4915|5339|83700,NTRK2|PLEC|JAM3,-0.43
MyList,GO Biological Processes,19,GO:0008366,axon ensheathment,19_GO:0032502 developmental process,-2.1,7.6,4.2,30169,115,103,3,2.9,1.7,4915|5339|83700,NTRK2|PLEC|JAM3,-0.43
MyList,GO Biological Processes,19,GO:0031669,cellular response to nutrient levels,19_GO:0050896 response to stimulus,-2.1,5.3,3.7,30169,223,103,4,3.9,1.9,596|5166|6839|9474,BCL2|PDK4|SUV39H1|ATG5,-0.43
MyList,GO Biological Processes,19,GO:0044089,positive regulation of cellular component biogenesis,19_GO:0048518 positive regulation of biological process,-2.1,3.5,3.3,30169,498,103,6,5.8,2.3,2041|3055|4915|6376|6850|153090,EPHA1|HCK|NTRK2|CX3CL1|SYK|DAB2IP,-0.43
MyList,GO Biological Processes,19,GO:0045017,glycerolipid biosynthetic process,19_GO:0008152 metabolic process,-2.1,5.2,3.7,30169,224,103,4,3.9,1.9,6901|7405|8651|51099,TAFAZZIN|UVRAG|SOCS1|ABHD5,-0.43
MyList,KEGG Pathway,24,hsa04151,PI3K-Akt signaling pathway,,-2.1,4.1,3.5,30169,354,103,5,4.9,2.1,596|2321|4915|5747|6850,BCL2|FLT1|NTRK2|PTK2|SYK,-0.42
MyList,KEGG Pathway,24,hsa05163,Human cytomegalovirus infection,,-2.1,5.2,3.7,30169,225,103,4,3.9,1.9,811|1230|5747|6376,CALR|CCR1|PTK2|CX3CL1,-0.42
MyList,GO Biological Processes,19,GO:0007006,mitochondrial membrane organization,19_GO:0009987 cellular process,-2.1,7.5,4.1,30169,117,103,3,2.9,1.7,291|596|6901,SLC25A4|BCL2|TAFAZZIN,-0.42
MyList,GO Biological Processes,19,GO:0021987,cerebral cortex development,19_GO:0032502 developmental process,-2.1,7.5,4.1,30169,117,103,3,2.9,1.7,1020|4915|153090,CDK5|NTRK2|DAB2IP,-0.42
MyList,GO Biological Processes,19,GO:0007219,Notch signaling pathway,19_GO:0023052 signaling,-2.1,7.5,4.1,30169,117,103,3,2.9,1.7,102|23462|26508,ADAM10|HEY1|HEYL,-0.42
MyList,GO Biological Processes,19,GO:0007409,axonogenesis,19_GO:0032502 developmental process,-2.1,4.1,3.5,30169,357,103,5,4.9,2.1,596|1020|2041|5747|64843,BCL2|CDK5|EPHA1|PTK2|ISL2,-0.41
MyList,GO Biological Processes,19,GO:0007411,axon guidance,19_GO:0040011 locomotion,-2.1,5.1,3.7,30169,228,103,4,3.9,1.9,1020|2041|5747|64843,CDK5|EPHA1|PTK2|ISL2,-0.41
MyList,KEGG Pathway,24,hsa04722,Neurotrophin signaling pathway,,-2.1,7.4,4.1,30169,119,103,3,2.9,1.7,596|4915|5607,BCL2|NTRK2|MAP2K5,-0.4
MyList,WikiPathways,27,WP4787,Osteoblast differentiation and related diseases,,-2.1,7.4,4.1,30169,119,103,3,2.9,1.7,5596|8322|23462,MAPK4|FZD4|HEY1,-0.4
MyList,GO Biological Processes,19,GO:0097485,neuron projection guidance,19_GO:0040011 locomotion,-2.1,5.1,3.7,30169,229,103,4,3.9,1.9,1020|2041|5747|64843,CDK5|EPHA1|PTK2|ISL2,-0.4
MyList,GO Biological Processes,19,GO:0010594,regulation of endothelial cell migration,19_GO:0040011 locomotion,-2.1,5.1,3.6,30169,230,103,4,3.9,1.9,811|5607|5747|153090,CALR|MAP2K5|PTK2|DAB2IP,-0.4
MyList,GO Biological Processes,19,GO:0051301,cell division,19_GO:0009987 cellular process,-2.1,3.5,3.3,30169,509,103,6,5.8,2.3,1020|3622|5218|5339|6901|54536,CDK5|ING2|CDK14|PLEC|TAFAZZIN|EXOC6,-0.4
MyList,Reactome Gene Sets,6,R-HSA-5653656,Vesicle-mediated transport,,-2.1,3,3.1,30169,673,103,7,6.8,2.5,811|7277|8322|9342|23216|54536|79890,CALR|TUBA4A|FZD4|SNAP29|TBC1D1|EXOC6|RIN3,-0.38
MyList,GO Biological Processes,19,GO:0030278,regulation of ossification,19_GO:0032501 multicellular organismal process,-2.1,7.2,4,30169,122,103,3,2.9,1.7,90|596|1230,ACVR1|BCL2|CCR1,-0.38
MyList,GO Biological Processes,19,GO:0035637,multicellular organismal signaling,19_GO:0023052 signaling,-2.1,7.1,4,30169,124,103,3,2.9,1.7,4915|5339|83700,NTRK2|PLEC|JAM3,-0.36
MyList,GO Biological Processes,19,GO:1901361,organic cyclic compound catabolic process,19_GO:0008152 metabolic process,-2,3.9,3.3,30169,372,103,5,4.9,2.1,412|5142|7538|8803|22978,STS|PDE4B|ZFP36|SUCLA2|NT5C2,-0.35
MyList,GO Biological Processes,19,GO:0048284,organelle fusion,19_GO:0009987 cellular process,-2,7,4,30169,125,103,3,2.9,1.7,7405|9342|23339,UVRAG|SNAP29|VPS39,-0.35
MyList,GO Biological Processes,19,GO:0010811,positive regulation of cell-substrate adhesion,19_GO:0048518 positive regulation of biological process,-2,7,4,30169,125,103,3,2.9,1.7,811|2041|6376,CALR|EPHA1|CX3CL1,-0.35
MyList,GO Biological Processes,19,GO:1904375,regulation of protein localization to cell periphery,19_GO:0051179 localization,-2,7,4,30169,125,103,3,2.9,1.7,102|1020|51225,ADAM10|CDK5|ABI3,-0.35
MyList,GO Biological Processes,19,GO:0002764,immune response-regulating signaling pathway,19_GO:0002376 immune system process,-2,3.9,3.3,30169,374,103,5,4.9,2.1,596|3055|5142|5747|6850,BCL2|HCK|PDE4B|PTK2|SYK,-0.35
MyList,GO Biological Processes,19,GO:0003206,cardiac chamber morphogenesis,19_GO:0032502 developmental process,-2,7,3.9,30169,126,103,3,2.9,1.7,90|23462|26508,ACVR1|HEY1|HEYL,-0.35
MyList,GO Biological Processes,19,GO:0003231,cardiac ventricle development,19_GO:0032502 developmental process,-2,7,3.9,30169,126,103,3,2.9,1.7,90|23462|26508,ACVR1|HEY1|HEYL,-0.35
MyList,Reactome Gene Sets,6,R-HSA-9679506,SARS-CoV Infections,,-2,3.9,3.3,30169,376,103,5,4.9,2.1,6850|7405|23339|23476|257397,SYK|UVRAG|VPS39|BRD4|TAB3,-0.34
MyList,GO Biological Processes,19,GO:0071375,cellular response to peptide hormone stimulus,19_GO:0050896 response to stimulus,-2,4.9,3.5,30169,241,103,4,3.9,1.9,3416|5166|5747|57727,IDE|PDK4|PTK2|NCOA5,-0.34
MyList,GO Biological Processes,19,GO:0050767,regulation of neurogenesis,19_GO:0032502 developmental process,-2,3.9,3.3,30169,377,103,5,4.9,2.1,1020|4915|6376|23462|26508,CDK5|NTRK2|CX3CL1|HEY1|HEYL,-0.34
MyList,GO Biological Processes,19,GO:0098876,vesicle-mediated transport to the plasma membrane,19_GO:0051179 localization,-2,6.9,3.9,30169,128,103,3,2.9,1.7,9581|23339|54536,PREPL|VPS39|EXOC6,-0.33
MyList,GO Biological Processes,19,GO:0001775,cell activation,19_GO:0009987 cellular process,-2,3,3,30169,695,103,7,6.8,2.5,102|151|596|6376|6850|9474|55716,ADAM10|ADRA2B|BCL2|CX3CL1|SYK|ATG5|LMBR1L,-0.33
MyList,GO Biological Processes,19,GO:0051928,positive regulation of calcium ion transport,19_GO:0051179 localization,-2,6.8,3.9,30169,129,103,3,2.9,1.7,1020|1230|6376,CDK5|CCR1|CX3CL1,-0.32
MyList_MCODE_ALL,GO Biological Processes,19,GO:0018108,peptidyl-tyrosine phosphorylation,19_GO:0008152 metabolic process,-4.8,56,13,30169,161,10,3,30,14,2321|3055|5747,FLT1|HCK|PTK2,-2.1
MyList_MCODE_ALL,GO Biological Processes,19,GO:0018212,peptidyl-tyrosine modification,19_GO:0008152 metabolic process,-4.7,56,13,30169,163,10,3,30,14,2321|3055|5747,FLT1|HCK|PTK2,-2.1
MyList_MCODE_ALL,GO Biological Processes,19,GO:0046777,protein autophosphorylation,19_GO:0008152 metabolic process,-4.6,48,12,30169,187,10,3,30,14,2321|3055|5747,FLT1|HCK|PTK2,-2
MyList_MCODE_ALL,WikiPathways,27,WP306,Focal adhesion,,-4.5,46,11,30169,198,10,3,30,14,2321|3055|5747,FLT1|HCK|PTK2,-1.9
MyList_MCODE_ALL,GO Biological Processes,19,GO:0050900,leukocyte migration,19_GO:0002376 immune system process,-4.2,37,10,30169,247,10,3,30,14,2321|3055|5339,FLT1|HCK|PLEC,-1.8
MyList_MCODE_ALL,GO Biological Processes,19,GO:0006091,generation of precursor metabolites and energy,19_GO:0008152 metabolic process,-3.6,22,7.9,30169,405,10,3,30,14,291|1431|5339,SLC25A4|CS|PLEC,-1.4
MyList_MCODE_ALL,GO Biological Processes,19,GO:0007169,transmembrane receptor protein tyrosine kinase signaling pathway,19_GO:0023052 signaling,-3.5,22,7.7,30169,420,10,3,30,14,2321|3055|5747,FLT1|HCK|PTK2,-1.4
MyList_MCODE_ALL,GO Biological Processes,19,GO:0002252,immune effector process,19_GO:0002376 immune system process,-3.4,20,7.4,30169,452,10,3,30,14,3055|5339|5747,HCK|PLEC|PTK2,-1.3
MyList_MCODE_ALL,GO Biological Processes,19,GO:0006935,chemotaxis,19_GO:0040011 locomotion,-3.3,18,6.9,30169,510,10,3,30,14,2321|5339|5747,FLT1|PLEC|PTK2,-1.2
MyList_MCODE_ALL,GO Biological Processes,19,GO:0042330,taxis,19_GO:0040011 locomotion,-3.3,18,6.9,30169,512,10,3,30,14,2321|5339|5747,FLT1|PLEC|PTK2,-1.2
MyList_MCODE_ALL,GO Biological Processes,19,GO:0040011,locomotion,19_GO:0040011 locomotion,-3.2,17,6.8,30169,530,10,3,30,14,2321|5339|5747,FLT1|PLEC|PTK2,-1.2
MyList_MCODE_ALL,GO Biological Processes,19,GO:0098662,inorganic cation transmembrane transport,19_GO:0051179 localization,-3.1,15,6.3,30169,603,10,3,30,14,291|3755|56479,SLC25A4|KCNG1|KCNQ5,-1.1
MyList_MCODE_ALL,GO Biological Processes,19,GO:0007167,enzyme-linked receptor protein signaling pathway,19_GO:0023052 signaling,-3,14,6.1,30169,636,10,3,30,14,2321|3055|5747,FLT1|HCK|PTK2,-1
MyList_MCODE_ALL,GO Biological Processes,19,GO:0045859,regulation of protein kinase activity,19_GO:0008152 metabolic process,-2.9,13,6,30169,672,10,3,30,14,2321|5339|5747,FLT1|PLEC|PTK2,-0.98
MyList_MCODE_ALL,GO Biological Processes,19,GO:0098655,cation transmembrane transport,19_GO:0051179 localization,-2.9,13,6,30169,672,10,3,30,14,291|3755|56479,SLC25A4|KCNG1|KCNQ5,-0.98
MyList_MCODE_ALL,GO Biological Processes,19,GO:0098660,inorganic ion transmembrane transport,19_GO:0051179 localization,-2.9,13,5.8,30169,697,10,3,30,14,291|3755|56479,SLC25A4|KCNG1|KCNQ5,-0.95
MyList_MCODE_ALL,GO Biological Processes,19,GO:0006468,protein phosphorylation,19_GO:0008152 metabolic process,-2.9,13,5.8,30169,701,10,3,30,14,2321|3055|5747,FLT1|HCK|PTK2,-0.94
MyList_MCODE_ALL,GO Biological Processes,19,GO:0043549,regulation of kinase activity,19_GO:0008152 metabolic process,-2.7,12,5.4,30169,786,10,3,30,14,2321|5339|5747,FLT1|PLEC|PTK2,-0.84
MyList_SUB1_MCODE_2,GO Biological Processes,19,GO:0018108,peptidyl-tyrosine phosphorylation,19_GO:0008152 metabolic process,-6.8,1.9e+02,24,30169,161,3,3,1e+02,27,2321|3055|5747,FLT1|HCK|PTK2,-3.4
MyList_SUB1_MCODE_2,GO Biological Processes,19,GO:0018212,peptidyl-tyrosine modification,19_GO:0008152 metabolic process,-6.8,1.9e+02,24,30169,163,3,3,1e+02,27,2321|3055|5747,FLT1|HCK|PTK2,-3.4
MyList_SUB1_MCODE_2,GO Biological Processes,19,GO:0046777,protein autophosphorylation,19_GO:0008152 metabolic process,-6.6,1.6e+02,22,30169,187,3,3,1e+02,27,2321|3055|5747,FLT1|HCK|PTK2,-3.4
MyList_SUB1_MCODE_2,WikiPathways,27,WP306,Focal adhesion,,-6.6,1.5e+02,21,30169,198,3,3,1e+02,27,2321|3055|5747,FLT1|HCK|PTK2,-3.4
MyList_SUB1_MCODE_2,GO Biological Processes,19,GO:0007169,transmembrane receptor protein tyrosine kinase signaling pathway,19_GO:0023052 signaling,-5.6,72,15,30169,420,3,3,1e+02,27,2321|3055|5747,FLT1|HCK|PTK2,-2.8
MyList_SUB1_MCODE_2,GO Biological Processes,19,GO:0007167,enzyme-linked receptor protein signaling pathway,19_GO:0023052 signaling,-5,47,12,30169,636,3,3,1e+02,27,2321|3055|5747,FLT1|HCK|PTK2,-2.3
MyList_SUB1_MCODE_2,GO Biological Processes,19,GO:0006468,protein phosphorylation,19_GO:0008152 metabolic process,-4.9,43,11,30169,701,3,3,1e+02,27,2321|3055|5747,FLT1|HCK|PTK2,-2.2
