Name,Category,CategoryID,GO,Description,PARENT_GO,LogP,Enrichment,Z-score,#TotalGeneInLibrary,#GeneInGO,#GeneInHitList,#GeneInGOAndHitList,%InGO,STDV %InGO,GeneID,Hits,Log(q-value)
MyList,KEGG Pathway,24,hsa04935,"Growth hormone synthesis, secretion and action",,-6.8,25,12,30182,120,61,6,9.8,3.8,2770|3726|5291|5449|5599|9586,GNAI1|JUNB|PIK3CB|POU1F1|MAPK8|CREB5,-3.1
MyList,WikiPathways,27,WP437,EGF/EGFR signaling pathway,,-6,18,10,30182,162,61,6,9.8,3.8,2059|4605|5590|5599|6457|7291,EPS8|MYBL2|PRKCZ|MAPK8|SH3GL3|TWIST1,-2.6
MyList,GO Biological Processes,19,GO:0043254,regulation of protein-containing complex assembly,19_GO:0050789 regulation of biological process,-5.8,9.7,8,30182,409,61,8,13,4.3,2059|3084|3297|3642|4133|5590|5599|29091,EPS8|NRG1|HSF1|INSM1|MAP2|PRKCZ|MAPK8|STXBP6,-2.5
MyList,KEGG Pathway,24,hsa04625,C-type lectin receptor signaling pathway,,-5.6,24,10,30182,104,61,5,8.2,3.5,1959|3659|5291|5599|23365,EGR2|IRF1|PIK3CB|MAPK8|ARHGEF12,-2.5
MyList,KEGG Pathway,24,hsa04668,TNF signaling pathway,,-5.5,22,10,30182,112,61,5,8.2,3.5,3659|3726|5291|5599|9586,IRF1|JUNB|PIK3CB|MAPK8|CREB5,-2.4
MyList,Reactome Gene Sets,6,R-HSA-112314,Neurotransmitter receptors and postsynaptic signal transmission,,-5.4,14,8.7,30182,205,61,6,9.8,3.8,1139|2566|2742|2770|3084|5613,CHRNA7|GABRG2|GLRA2|GNAI1|NRG1|PRKX,-2.4
MyList,KEGG Pathway,24,hsa04611,Platelet activation,,-5.3,20,9.5,30182,124,61,5,8.2,3.5,2770|5291|5590|23365|83660,GNAI1|PIK3CB|PRKCZ|ARHGEF12|TLN2,-2.3
MyList,KEGG Pathway,24,hsa05166,Human T-cell leukemia virus 1 infection,,-5.2,13,8.3,30182,222,61,6,9.8,3.8,1959|5291|5599|6929|9586|83660,EGR2|PIK3CB|MAPK8|TCF3|CREB5|TLN2,-2.3
MyList,KEGG Pathway,24,hsa04024,cAMP signaling pathway,,-5.2,13,8.3,30182,225,61,6,9.8,3.8,490|2770|5291|5599|9586|10846,ATP2B1|GNAI1|PIK3CB|MAPK8|CREB5|PDE10A,-2.3
MyList,KEGG Pathway,24,hsa04926,Relaxin signaling pathway,,-5.2,19,9.3,30182,129,61,5,8.2,3.5,2770|5291|5590|5599|9586,GNAI1|PIK3CB|PRKCZ|MAPK8|CREB5,-2.3
MyList,Reactome Gene Sets,6,R-HSA-9006934,Signaling by Receptor Tyrosine Kinases,,-5,7.6,6.8,30182,524,61,8,13,4.3,1959|2566|3084|3726|4613|5291|5590|6457,EGR2|GABRG2|NRG1|JUNB|MYCN|PIK3CB|PRKCZ|SH3GL3,-2.2
MyList,Reactome Gene Sets,6,R-HSA-9662360,Sensory processing of sound by inner hair cells of the cochlea,,-4.9,29,10,30182,69,61,4,6.6,3.2,490|1488|2059|5357,ATP2B1|CTBP2|EPS8|PLS1,-2.2
MyList,WikiPathways,27,WP4666,Hepatitis B infection,,-4.9,16,8.5,30182,151,61,5,8.2,3.5,1959|3661|5291|5599|9586,EGR2|IRF3|PIK3CB|MAPK8|CREB5,-2.1
MyList,KEGG Pathway,24,hsa05133,Pertussis,,-4.8,26,9.8,30182,76,61,4,6.6,3.2,2770|3659|3661|5599,GNAI1|IRF1|IRF3|MAPK8,-2
MyList,Reactome Gene Sets,6,R-HSA-9659379,Sensory processing of sound,,-4.8,26,9.8,30182,76,61,4,6.6,3.2,490|1488|2059|5357,ATP2B1|CTBP2|EPS8|PLS1,-2
MyList,Reactome Gene Sets,6,R-HSA-112315,Transmission across Chemical Synapses,,-4.7,11,7.4,30182,270,61,6,9.8,3.8,1139|2566|2742|2770|3084|5613,CHRNA7|GABRG2|GLRA2|GNAI1|NRG1|PRKX,-2
MyList,WikiPathways,27,WP706,Sudden infant death syndrome (SIDS) susceptibility pathways,,-4.7,15,8.3,30182,160,61,5,8.2,3.5,1139|4133|4800|6929|10664,CHRNA7|MAP2|NFYA|TCF3|CTCF,-2
MyList,KEGG Pathway,24,hsa05161,Hepatitis B,,-4.7,15,8.2,30182,162,61,5,8.2,3.5,1959|3661|5291|5599|9586,EGR2|IRF3|PIK3CB|MAPK8|CREB5,-2
MyList,Canonical Pathways,11,M115,PID REG GR PATHWAY,,-4.6,24,9.4,30182,82,61,4,6.6,3.2,3164|3659|5449|5599,NR4A1|IRF1|POU1F1|MAPK8,-2
MyList,Canonical Pathways,11,M193,PID NEPHRIN NEPH1 PATHWAY,,-4.5,48,12,30182,31,61,3,4.9,2.8,5291|5590|5599,PIK3CB|PRKCZ|MAPK8,-1.8
MyList,WikiPathways,27,WP2355,Corticotropin-releasing hormone signaling pathway,,-4.4,22,8.9,30182,92,61,4,6.6,3.2,2770|3164|3726|5599,GNAI1|NR4A1|JUNB|MAPK8,-1.8
MyList,Canonical Pathways,11,M290,PID IL12 STAT4 PATHWAY,,-4.4,46,12,30182,32,61,3,4.9,2.8,2119|3659|5599,ETV5|IRF1|MAPK8,-1.8
MyList,KEGG Pathway,24,hsa05165,Human papillomavirus infection,,-4.3,9,6.6,30182,331,61,6,9.8,3.8,3659|3661|5291|5590|7337|9586,IRF1|IRF3|PIK3CB|PRKCZ|UBE3A|CREB5,-1.6
MyList,KEGG Pathway,24,hsa05203,Viral carcinogenesis,,-4.2,12,7.2,30182,204,61,5,8.2,3.5,1959|3661|5291|7337|9586,EGR2|IRF3|PIK3CB|UBE3A|CREB5,-1.6
MyList,Canonical Pathways,11,M164,PID ERBB1 DOWNSTREAM PATHWAY,,-4.2,19,8.2,30182,105,61,4,6.6,3.2,2059|5291|5590|5599,EPS8|PIK3CB|PRKCZ|MAPK8,-1.6
MyList,Reactome Gene Sets,6,R-HSA-9031628,NGF-stimulated transcription,,-4.2,38,10,30182,39,61,3,4.9,2.8,1959|3726|6457,EGR2|JUNB|SH3GL3,-1.6
MyList,KEGG Pathway,24,hsa04931,Insulin resistance,,-4.2,18,8.1,30182,108,61,4,6.6,3.2,5291|5590|5599|9586,PIK3CB|PRKCZ|MAPK8|CREB5,-1.6
MyList,KEGG Pathway,24,hsa05170,Human immunodeficiency virus 1 infection,,-4.2,12,7,30182,212,61,5,8.2,3.5,2770|3661|5291|5599|8905,GNAI1|IRF3|PIK3CB|MAPK8|AP1S2,-1.6
MyList,KEGG Pathway,24,hsa04725,Cholinergic synapse,,-4.1,18,7.9,30182,113,61,4,6.6,3.2,1139|2770|5291|9586,CHRNA7|GNAI1|PIK3CB|CREB5,-1.5
MyList,WikiPathways,27,WP4148,Splicing factor NOVA regulated synaptic proteins,,-4.1,35,10,30182,42,61,3,4.9,2.8,490|2566|5590,ATP2B1|GABRG2|PRKCZ,-1.5
MyList,Reactome Gene Sets,6,R-HSA-187037,Signaling by NTRK1 (TRKA),,-4.1,17,7.8,30182,115,61,4,6.6,3.2,1959|3726|5291|6457,EGR2|JUNB|PIK3CB|SH3GL3,-1.5
MyList,KEGG Pathway,24,hsa05163,Human cytomegalovirus infection,,-4,11,6.8,30182,225,61,5,8.2,3.5,2770|3661|5291|9586|23365,GNAI1|IRF3|PIK3CB|CREB5|ARHGEF12,-1.5
MyList,Canonical Pathways,11,M175,PID ERBB2 ERBB3 PATHWAY,,-4,34,9.8,30182,44,61,3,4.9,2.8,3084|5291|5599,NRG1|PIK3CB|MAPK8,-1.5
MyList,KEGG Pathway,24,hsa04071,Sphingolipid signaling pathway,,-4,17,7.7,30182,119,61,4,6.6,3.2,2770|5291|5590|5599,GNAI1|PIK3CB|PRKCZ|MAPK8,-1.5
MyList,GO Biological Processes,19,GO:0045444,fat cell differentiation,19_GO:0032502 developmental process,-4,17,7.7,30182,119,61,4,6.6,3.2,1488|1959|3164|122953,CTBP2|EGR2|NR4A1|JDP2,-1.5
MyList,KEGG Pathway,24,hsa04930,Type II diabetes mellitus,,-4,32,9.6,30182,46,61,3,4.9,2.8,5291|5590|5599,PIK3CB|PRKCZ|MAPK8,-1.4
MyList,Reactome Gene Sets,6,R-HSA-166520,Signaling by NTRKs,,-3.8,15,7.2,30182,134,61,4,6.6,3.2,1959|3726|5291|6457,EGR2|JUNB|PIK3CB|SH3GL3,-1.3
MyList,Canonical Pathways,11,M113,PID NFAT 3PATHWAY,,-3.8,28,8.9,30182,53,61,3,4.9,2.8,3164|5590|5599,NR4A1|PRKCZ|MAPK8,-1.3
MyList,KEGG Pathway,24,hsa05135,Yersinia infection,,-3.8,14,7.1,30182,137,61,4,6.6,3.2,3661|5291|5599|23365,IRF3|PIK3CB|MAPK8|ARHGEF12,-1.3
MyList,Reactome Gene Sets,6,R-HSA-112316,Neuronal System,,-3.7,7.2,5.7,30182,410,61,6,9.8,3.8,1139|2566|2742|2770|3084|5613,CHRNA7|GABRG2|GLRA2|GNAI1|NRG1|PRKX,-1.3
MyList,GO Biological Processes,19,GO:0031333,negative regulation of protein-containing complex assembly,19_GO:0048519 negative regulation of biological process,-3.7,14,6.9,30182,143,61,4,6.6,3.2,2059|3297|4133|5590,EPS8|HSF1|MAP2|PRKCZ,-1.2
MyList,WikiPathways,27,WP5265,Neurogenesis regulation in the olfactory epithelium,,-3.7,26,8.5,30182,57,61,3,4.9,2.8,3084|4133|6929,NRG1|MAP2|TCF3,-1.2
MyList,GO Biological Processes,19,GO:0051017,actin filament bundle assembly,19_GO:0009987 cellular process,-3.7,26,8.5,30182,57,61,3,4.9,2.8,2059|5357|56776,EPS8|PLS1|FMN2,-1.2
MyList,Reactome Gene Sets,6,R-HSA-193648,NRAGE signals death through JNK,,-3.6,25,8.4,30182,59,61,3,4.9,2.8,5599|23365|55160,MAPK8|ARHGEF12|ARHGEF10L,-1.2
MyList,Canonical Pathways,11,M166,PID ATF2 PATHWAY,,-3.6,25,8.4,30182,59,61,3,4.9,2.8,3726|5599|122953,JUNB|MAPK8|JDP2,-1.2
MyList,Reactome Gene Sets,6,R-HSA-5663202,Diseases of signal transduction by growth factor receptors and second messengers,,-3.6,6.9,5.5,30182,433,61,6,9.8,3.8,1488|3084|3164|3726|5291|22906,CTBP2|NRG1|NR4A1|JUNB|PIK3CB|TRAK1,-1.2
MyList,Reactome Gene Sets,6,R-HSA-198725,Nuclear Events (kinase and transcription factor activation),,-3.6,24,8.2,30182,61,61,3,4.9,2.8,1959|3726|6457,EGR2|JUNB|SH3GL3,-1.2
MyList,GO Biological Processes,19,GO:0061572,actin filament bundle organization,19_GO:0009987 cellular process,-3.6,24,8.2,30182,61,61,3,4.9,2.8,2059|5357|56776,EPS8|PLS1|FMN2,-1.2
MyList,GO Biological Processes,19,GO:1901699,cellular response to nitrogen compound,19_GO:0050896 response to stimulus,-3.5,5.4,5.1,30182,643,61,7,11,4.1,1139|2566|2742|3164|3297|3661|5590,CHRNA7|GABRG2|GLRA2|NR4A1|HSF1|IRF3|PRKCZ,-1.1
MyList,GO Biological Processes,19,GO:1901652,response to peptide,19_GO:0050896 response to stimulus,-3.5,6.5,5.3,30182,456,61,6,9.8,3.8,1139|1959|2770|3164|3297|5590,CHRNA7|EGR2|GNAI1|NR4A1|HSF1|PRKCZ,-1.1
MyList,GO Biological Processes,19,GO:0051056,regulation of small GTPase mediated signal transduction,19_GO:0023052 signaling,-3.5,8.3,5.7,30182,298,61,5,8.2,3.5,2059|5291|9754|23365|55160,EPS8|PIK3CB|STARD8|ARHGEF12|ARHGEF10L,-1.1
MyList,WikiPathways,27,WP3929,Chemokine signaling pathway,,-3.4,12,6.4,30182,166,61,4,6.6,3.2,2770|5291|5590|5613,GNAI1|PIK3CB|PRKCZ|PRKX,-1
MyList,WikiPathways,27,WP3998,Prader-Willi and Angelman syndrome,,-3.4,21,7.6,30182,70,61,3,4.9,2.8,2566|5590|7337,GABRG2|PRKCZ|UBE3A,-1
MyList,Canonical Pathways,11,M81,PID CDC42 PATHWAY,,-3.4,21,7.6,30182,70,61,3,4.9,2.8,2059|5590|5599,EPS8|PRKCZ|MAPK8,-1
MyList,KEGG Pathway,24,hsa04917,Prolactin signaling pathway,,-3.4,21,7.6,30182,70,61,3,4.9,2.8,3659|5291|5599,IRF1|PIK3CB|MAPK8,-1
MyList,Reactome Gene Sets,6,R-HSA-9013026,RHOB GTPase cycle,,-3.4,21,7.6,30182,70,61,3,4.9,2.8,9754|23365|55160,STARD8|ARHGEF12|ARHGEF10L,-1
MyList,Reactome Gene Sets,6,R-HSA-9006925,Intracellular signaling by second messengers,,-3.4,8,5.6,30182,309,61,5,8.2,3.5,3084|3164|5291|5613|54815,NRG1|NR4A1|PIK3CB|PRKX|GATAD2A,-1
MyList,WikiPathways,27,WP2037,Prolactin signaling pathway,,-3.3,20,7.3,30182,76,61,3,4.9,2.8,3659|5291|5599,IRF1|PIK3CB|MAPK8,-0.94
MyList,Reactome Gene Sets,6,R-HSA-204998,"Cell death signalling via NRAGE, NRIF and NADE",,-3.3,20,7.3,30182,76,61,3,4.9,2.8,5599|23365|55160,MAPK8|ARHGEF12|ARHGEF10L,-0.94
MyList,GO Biological Processes,19,GO:0018105,peptidyl-serine phosphorylation,19_GO:0008152 metabolic process,-3.3,11,6,30182,181,61,4,6.6,3.2,5590|5599|5613|23139,PRKCZ|MAPK8|PRKX|MAST2,-0.94
MyList,KEGG Pathway,24,hsa04360,Axon guidance,,-3.3,11,6,30182,182,61,4,6.6,3.2,2770|5291|5590|23365,GNAI1|PIK3CB|PRKCZ|ARHGEF12,-0.94
MyList,GO Biological Processes,19,GO:0008283,cell population proliferation,19_GO:0009987 cellular process,-3.3,5,4.8,30182,699,61,7,11,4.1,444|3642|3726|4613|5291|5613|7291,ASPH|INSM1|JUNB|MYCN|PIK3CB|PRKX|TWIST1,-0.94
MyList,GO Biological Processes,19,GO:0044089,positive regulation of cellular component biogenesis,19_GO:0048518 positive regulation of biological process,-3.3,5.9,5,30182,503,61,6,9.8,3.8,2059|3084|3297|5599|55160|171024,EPS8|NRG1|HSF1|MAPK8|ARHGEF10L|SYNPO2,-0.94
MyList,GO Biological Processes,19,GO:0071407,cellular response to organic cyclic compound,19_GO:0050896 response to stimulus,-3.2,5.8,4.9,30182,510,61,6,9.8,3.8,490|2566|2770|3297|3661|7337,ATP2B1|GABRG2|GNAI1|HSF1|IRF3|UBE3A,-0.92
MyList,GO Biological Processes,19,GO:0071396,cellular response to lipid,19_GO:0050896 response to stimulus,-3.2,5.6,4.8,30182,527,61,6,9.8,3.8,490|2770|3297|3661|5599|7337,ATP2B1|GNAI1|HSF1|IRF3|MAPK8|UBE3A,-0.85
MyList,KEGG Pathway,24,hsa04012,ErbB signaling pathway,,-3.2,17,6.8,30182,85,61,3,4.9,2.8,3084|5291|5599,NRG1|PIK3CB|MAPK8,-0.85
MyList,GO Biological Processes,19,GO:0018209,peptidyl-serine modification,19_GO:0008152 metabolic process,-3.1,9.9,5.7,30182,199,61,4,6.6,3.2,5590|5599|5613|23139,PRKCZ|MAPK8|PRKX|MAST2,-0.84
MyList,GO Biological Processes,19,GO:0071248,cellular response to metal ion,19_GO:0050896 response to stimulus,-3.1,9.9,5.7,30182,199,61,4,6.6,3.2,2742|3297|3726|5599,GLRA2|HSF1|JUNB|MAPK8,-0.84
MyList,GO Biological Processes,19,GO:0060079,excitatory postsynaptic potential,19_GO:0023052 signaling,-3.1,17,6.7,30182,88,61,3,4.9,2.8,1139|2566|2742,CHRNA7|GABRG2|GLRA2,-0.82
MyList,KEGG Pathway,24,hsa05415,Diabetic cardiomyopathy,,-3.1,9.7,5.6,30182,203,61,4,6.6,3.2,1340|5291|5590|5599,COX6B1|PIK3CB|PRKCZ|MAPK8,-0.82
MyList,GO Biological Processes,19,GO:1901654,response to ketone,19_GO:0050896 response to stimulus,-3.1,9.6,5.6,30182,206,61,4,6.6,3.2,490|2770|3297|7337,ATP2B1|GNAI1|HSF1|UBE3A,-0.8
MyList,KEGG Pathway,24,hsa05032,Morphine addiction,,-3.1,16,6.6,30182,91,61,3,4.9,2.8,2566|2770|10846,GABRG2|GNAI1|PDE10A,-0.78
MyList,WikiPathways,27,WP673,ErbB signaling pathway,,-3.1,16,6.5,30182,92,61,3,4.9,2.8,3084|5291|5599,NRG1|PIK3CB|MAPK8,-0.78
MyList,KEGG Pathway,24,hsa04015,Rap1 signaling pathway,,-3.1,9.4,5.5,30182,210,61,4,6.6,3.2,2770|5291|5590|83660,GNAI1|PIK3CB|PRKCZ|TLN2,-0.78
MyList,GO Biological Processes,19,GO:0051098,regulation of binding,19_GO:0065007 biological regulation,-3,6.7,5,30182,369,61,5,8.2,3.5,1488|3297|4133|5599|7291,CTBP2|HSF1|MAP2|MAPK8|TWIST1,-0.77
MyList,GO Biological Processes,19,GO:0043434,response to peptide hormone,19_GO:0050896 response to stimulus,-3,6.7,5,30182,369,61,5,8.2,3.5,1959|2770|3164|3297|5590,EGR2|GNAI1|NR4A1|HSF1|PRKCZ,-0.77
MyList,KEGG Pathway,24,hsa05207,Chemical carcinogenesis - receptor activation,,-3,9.3,5.5,30182,212,61,4,6.6,3.2,1139|2770|5291|9586,CHRNA7|GNAI1|PIK3CB|CREB5,-0.77
MyList,GO Biological Processes,19,GO:0099565,"chemical synaptic transmission, postsynaptic",19_GO:0023052 signaling,-3,16,6.5,30182,94,61,3,4.9,2.8,1139|2566|2742,CHRNA7|GABRG2|GLRA2,-0.77
MyList,GO Biological Processes,19,GO:1902903,regulation of supramolecular fiber organization,19_GO:0050789 regulation of biological process,-3,6.6,4.9,30182,376,61,5,8.2,3.5,1139|2059|4133|55160|171024,CHRNA7|EPS8|MAP2|ARHGEF10L|SYNPO2,-0.74
MyList,GO Biological Processes,19,GO:0009725,response to hormone,19_GO:0050896 response to stimulus,-3,4.4,4.4,30182,784,61,7,11,4.1,490|1959|2770|3164|3297|5590|7337,ATP2B1|EGR2|GNAI1|NR4A1|HSF1|PRKCZ|UBE3A,-0.74
MyList,Reactome Gene Sets,6,R-HSA-193704,p75 NTR receptor-mediated signalling,,-3,15,6.3,30182,97,61,3,4.9,2.8,5599|23365|55160,MAPK8|ARHGEF12|ARHGEF10L,-0.74
MyList,KEGG Pathway,24,hsa05215,Prostate cancer,,-3,15,6.3,30182,97,61,3,4.9,2.8,2119|5291|9586,ETV5|PIK3CB|CREB5,-0.74
MyList,GO Biological Processes,19,GO:0097306,cellular response to alcohol,19_GO:0050896 response to stimulus,-3,15,6.3,30182,97,61,3,4.9,2.8,490|2742|2770,ATP2B1|GLRA2|GNAI1,-0.74
MyList,KEGG Pathway,24,hsa04925,Aldosterone synthesis and secretion,,-3,15,6.3,30182,98,61,3,4.9,2.8,490|3164|9586,ATP2B1|NR4A1|CREB5,-0.73
MyList,Canonical Pathways,11,M124,PID CXCR4 PATHWAY,,-3,15,6.2,30182,100,61,3,4.9,2.8,2770|5291|5590,GNAI1|PIK3CB|PRKCZ,-0.72
MyList,KEGG Pathway,24,hsa04933,AGE-RAGE signaling pathway in diabetic complications,,-3,15,6.2,30182,100,61,3,4.9,2.8,5291|5590|5599,PIK3CB|PRKCZ|MAPK8,-0.72
MyList,GO Biological Processes,19,GO:0050679,positive regulation of epithelial cell proliferation,19_GO:0048518 positive regulation of biological process,-2.9,8.8,5.3,30182,225,61,4,6.6,3.2,3164|4613|6239|7291,NR4A1|MYCN|RREB1|TWIST1,-0.71
MyList,GO Biological Processes,19,GO:1990830,cellular response to leukemia inhibitory factor,19_GO:0050896 response to stimulus,-2.9,15,6.2,30182,102,61,3,4.9,2.8,1488|2059|4605,CTBP2|EPS8|MYBL2,-0.71
MyList,KEGG Pathway,24,hsa04914,Progesterone-mediated oocyte maturation,,-2.9,15,6.2,30182,102,61,3,4.9,2.8,2770|5291|5599,GNAI1|PIK3CB|MAPK8,-0.71
MyList,KEGG Pathway,24,hsa05142,Chagas disease,,-2.9,15,6.2,30182,102,61,3,4.9,2.8,2770|5291|5599,GNAI1|PIK3CB|MAPK8,-0.71
MyList,WikiPathways,27,WP399,Wnt signaling pathway and pluripotency,,-2.9,15,6.2,30182,102,61,3,4.9,2.8,1488|4800|5590,CTBP2|NFYA|PRKCZ,-0.71
MyList,GO Biological Processes,19,GO:1990823,response to leukemia inhibitory factor,19_GO:0050896 response to stimulus,-2.9,14,6.1,30182,103,61,3,4.9,2.8,1488|2059|4605,CTBP2|EPS8|MYBL2,-0.7
MyList,WikiPathways,27,WP75,Toll-like receptor signaling pathway,,-2.9,14,6.1,30182,103,61,3,4.9,2.8,3661|5291|5599,IRF3|PIK3CB|MAPK8,-0.7
MyList,GO Biological Processes,19,GO:0071241,cellular response to inorganic substance,19_GO:0050896 response to stimulus,-2.9,8.6,5.2,30182,230,61,4,6.6,3.2,2742|3297|3726|5599,GLRA2|HSF1|JUNB|MAPK8,-0.7
MyList,WikiPathways,27,WP1544,MicroRNAs in cardiomyocyte hypertrophy,,-2.9,14,6.1,30182,104,61,3,4.9,2.8,3084|5291|5599,NRG1|PIK3CB|MAPK8,-0.7
MyList,KEGG Pathway,24,hsa04620,Toll-like receptor signaling pathway,,-2.9,14,6.1,30182,104,61,3,4.9,2.8,3661|5291|5599,IRF3|PIK3CB|MAPK8,-0.7
MyList,Reactome Gene Sets,6,R-HSA-2219528,PI3K/AKT Signaling in Cancer,,-2.9,14,6.1,30182,104,61,3,4.9,2.8,3084|3164|5291,NRG1|NR4A1|PIK3CB,-0.7
MyList,GO Biological Processes,19,GO:0006351,DNA-templated transcription,19_GO:0008152 metabolic process,-2.9,5,4.4,30182,599,61,6,9.8,3.8,3084|3164|3297|3659|4800|6239,NRG1|NR4A1|HSF1|IRF1|NFYA|RREB1,-0.68
MyList,GO Biological Processes,19,GO:0097659,nucleic acid-templated transcription,19_GO:0008152 metabolic process,-2.9,4.9,4.4,30182,601,61,6,9.8,3.8,3084|3164|3297|3659|4800|6239,NRG1|NR4A1|HSF1|IRF1|NFYA|RREB1,-0.68
MyList,GO Biological Processes,19,GO:0007610,behavior,19_GO:0032501 multicellular organismal process,-2.9,4.9,4.4,30182,607,61,6,9.8,3.8,1139|1959|2059|2566|5590|7337,CHRNA7|EGR2|EPS8|GABRG2|PRKCZ|UBE3A,-0.66
MyList,GO Biological Processes,19,GO:0060078,regulation of postsynaptic membrane potential,19_GO:0065007 biological regulation,-2.8,13,5.9,30182,110,61,3,4.9,2.8,1139|2566|2742,CHRNA7|GABRG2|GLRA2,-0.65
MyList,GO Biological Processes,19,GO:0007268,chemical synaptic transmission,19_GO:0023052 signaling,-2.8,6,4.6,30182,411,61,5,8.2,3.5,1139|1488|2566|2742|3164,CHRNA7|CTBP2|GABRG2|GLRA2|NR4A1,-0.65
MyList,GO Biological Processes,19,GO:0098916,anterograde trans-synaptic signaling,19_GO:0023052 signaling,-2.8,6,4.6,30182,411,61,5,8.2,3.5,1139|1488|2566|2742|3164,CHRNA7|CTBP2|GABRG2|GLRA2|NR4A1,-0.65
MyList,GO Biological Processes,19,GO:0032774,RNA biosynthetic process,19_GO:0008152 metabolic process,-2.8,4.9,4.3,30182,612,61,6,9.8,3.8,3084|3164|3297|3659|4800|6239,NRG1|NR4A1|HSF1|IRF1|NFYA|RREB1,-0.65
MyList,GO Biological Processes,19,GO:1903706,regulation of hemopoiesis,19_GO:0002376 immune system process,-2.8,6,4.6,30182,415,61,5,8.2,3.5,3297|3659|3726|5590|114803,HSF1|IRF1|JUNB|PRKCZ|MYSM1,-0.64
MyList,Reactome Gene Sets,6,R-HSA-109582,Hemostasis,,-2.8,4.8,4.3,30182,621,61,6,9.8,3.8,490|2770|3659|5291|5590|10846,ATP2B1|GNAI1|IRF1|PIK3CB|PRKCZ|PDE10A,-0.62
MyList,KEGG Pathway,24,hsa05131,Shigellosis,,-2.8,8,5,30182,247,61,4,6.6,3.2,3661|5291|5599|83660,IRF3|PIK3CB|MAPK8|TLN2,-0.62
MyList,GO Biological Processes,19,GO:0046634,regulation of alpha-beta T cell activation,19_GO:0002376 immune system process,-2.8,13,5.8,30182,114,61,3,4.9,2.8,3659|3726|5590,IRF1|JUNB|PRKCZ,-0.62
MyList,GO Biological Processes,19,GO:0048259,regulation of receptor-mediated endocytosis,19_GO:0051179 localization,-2.8,13,5.8,30182,115,61,3,4.9,2.8,5291|6457|84251,PIK3CB|SH3GL3|SGIP1,-0.61
MyList,GO Biological Processes,19,GO:0097305,response to alcohol,19_GO:0050896 response to stimulus,-2.8,7.9,4.9,30182,251,61,4,6.6,3.2,490|2059|2742|2770,ATP2B1|EPS8|GLRA2|GNAI1,-0.61
MyList,GO Biological Processes,19,GO:0099537,trans-synaptic signaling,19_GO:0023052 signaling,-2.8,5.8,4.5,30182,428,61,5,8.2,3.5,1139|1488|2566|2742|3164,CHRNA7|CTBP2|GABRG2|GLRA2|NR4A1,-0.6
MyList,GO Biological Processes,19,GO:0030278,regulation of ossification,19_GO:0032501 multicellular organismal process,-2.7,12,5.6,30182,119,61,3,4.9,2.8,490|1959|7291,ATP2B1|EGR2|TWIST1,-0.58
MyList,WikiPathways,27,WP4787,Osteoblast differentiation and related diseases,,-2.7,12,5.6,30182,119,61,3,4.9,2.8,5291|5590|5599,PIK3CB|PRKCZ|MAPK8,-0.58
MyList,GO Biological Processes,19,GO:0035051,cardiocyte differentiation,19_GO:0032502 developmental process,-2.7,12,5.6,30182,120,61,3,4.9,2.8,3084|7291|8470,NRG1|TWIST1|SORBS2,-0.57
MyList,WikiPathways,27,WP4549,Fragile X syndrome,,-2.7,12,5.6,30182,122,61,3,4.9,2.8,2566|5291|6457,GABRG2|PIK3CB|SH3GL3,-0.56
MyList,Reactome Gene Sets,6,R-HSA-1257604,PIP3 activates AKT signaling,,-2.7,7.4,4.7,30182,267,61,4,6.6,3.2,3084|3164|5291|54815,NRG1|NR4A1|PIK3CB|GATAD2A,-0.53
MyList,GO Biological Processes,19,GO:1904375,regulation of protein localization to cell periphery,19_GO:0051179 localization,-2.6,12,5.4,30182,128,61,3,4.9,2.8,2770|5357|5590,GNAI1|PLS1|PRKCZ,-0.51
MyList,KEGG Pathway,24,hsa04380,Osteoclast differentiation,,-2.6,12,5.4,30182,128,61,3,4.9,2.8,3726|5291|5599,JUNB|PIK3CB|MAPK8,-0.51
MyList,KEGG Pathway,24,hsa05020,Prion disease,,-2.6,7.2,4.7,30182,273,61,4,6.6,3.2,1340|5291|5599|9586,COX6B1|PIK3CB|MAPK8|CREB5,-0.5
MyList,Canonical Pathways,11,M186,PID PDGFRB PATHWAY,,-2.6,12,5.4,30182,129,61,3,4.9,2.8,2059|5291|5599,EPS8|PIK3CB|MAPK8,-0.5
MyList,GO Biological Processes,19,GO:0035239,tube morphogenesis,19_GO:0032502 developmental process,-2.6,4.4,4,30182,670,61,6,9.8,3.8,3164|3726|4613|5291|5613|7291,NR4A1|JUNB|MYCN|PIK3CB|PRKX|TWIST1,-0.5
MyList,GO Biological Processes,19,GO:0099536,synaptic signaling,19_GO:0023052 signaling,-2.6,5.4,4.3,30182,457,61,5,8.2,3.5,1139|1488|2566|2742|3164,CHRNA7|CTBP2|GABRG2|GLRA2|NR4A1,-0.5
MyList,GO Biological Processes,19,GO:0048511,rhythmic process,19_GO:0048511 rhythmic process,-2.6,7.2,4.6,30182,275,61,4,6.6,3.2,4800|5599|7291|7337,NFYA|MAPK8|TWIST1|UBE3A,-0.5
MyList,GO Biological Processes,19,GO:0007611,learning or memory,19_GO:0032501 multicellular organismal process,-2.6,7.2,4.6,30182,276,61,4,6.6,3.2,1139|1959|5590|7337,CHRNA7|EGR2|PRKCZ|UBE3A,-0.5
MyList,KEGG Pathway,24,hsa04728,Dopaminergic synapse,,-2.6,11,5.3,30182,132,61,3,4.9,2.8,2770|5599|9586,GNAI1|MAPK8|CREB5,-0.49
MyList,GO Biological Processes,19,GO:0051090,regulation of DNA-binding transcription factor activity,19_GO:0008152 metabolic process,-2.6,5.3,4.2,30182,465,61,5,8.2,3.5,3297|5590|5599|6929|7291,HSF1|PRKCZ|MAPK8|TCF3|TWIST1,-0.48
MyList,GO Biological Processes,19,GO:2000779,regulation of double-strand break repair,19_GO:0050896 response to stimulus,-2.6,11,5.3,30182,133,61,3,4.9,2.8,3297|7291|56776,HSF1|TWIST1|FMN2,-0.48
MyList,GO Biological Processes,19,GO:0001666,response to hypoxia,19_GO:0050896 response to stimulus,-2.6,7.1,4.6,30182,280,61,4,6.6,3.2,1139|3297|7291|56776,CHRNA7|HSF1|TWIST1|FMN2,-0.48
MyList,WikiPathways,27,WP4630,Measles virus infection,,-2.6,11,5.2,30182,136,61,3,4.9,2.8,3661|5291|5599,IRF3|PIK3CB|MAPK8,-0.46
MyList,KEGG Pathway,24,hsa04910,Insulin signaling pathway,,-2.6,11,5.2,30182,137,61,3,4.9,2.8,5291|5590|5599,PIK3CB|PRKCZ|MAPK8,-0.45
MyList,GO Biological Processes,19,GO:0098660,inorganic ion transmembrane transport,19_GO:0051179 localization,-2.6,4.3,3.9,30182,695,61,6,9.8,3.8,490|1139|1340|2566|2742|23007,ATP2B1|CHRNA7|COX6B1|GABRG2|GLRA2|PLCH1,-0.45
MyList,KEGG Pathway,24,hsa04915,Estrogen signaling pathway,,-2.6,11,5.2,30182,138,61,3,4.9,2.8,2770|5291|9586,GNAI1|PIK3CB|CREB5,-0.45
MyList,KEGG Pathway,24,hsa05418,Fluid shear stress and atherosclerosis,,-2.5,11,5.1,30182,139,61,3,4.9,2.8,5291|5590|5599,PIK3CB|PRKCZ|MAPK8,-0.45
MyList,KEGG Pathway,24,hsa05162,Measles,,-2.5,11,5.1,30182,139,61,3,4.9,2.8,3661|5291|5599,IRF3|PIK3CB|MAPK8,-0.45
MyList,GO Biological Processes,19,GO:0051129,negative regulation of cellular component organization,19_GO:0048519 negative regulation of biological process,-2.5,4.2,3.9,30182,703,61,6,9.8,3.8,2059|3297|4133|5590|6457|7337,EPS8|HSF1|MAP2|PRKCZ|SH3GL3|UBE3A,-0.44
MyList,GO Biological Processes,19,GO:0036293,response to decreased oxygen levels,19_GO:0050896 response to stimulus,-2.5,6.8,4.5,30182,293,61,4,6.6,3.2,1139|3297|7291|56776,CHRNA7|HSF1|TWIST1|FMN2,-0.44
MyList,GO Biological Processes,19,GO:0031056,regulation of histone modification,19_GO:0008152 metabolic process,-2.5,11,5.1,30182,141,61,3,4.9,2.8,4800|7291|122953,NFYA|TWIST1|JDP2,-0.44
MyList,KEGG Pathway,24,hsa05017,Spinocerebellar ataxia,,-2.5,10,5.1,30182,143,61,3,4.9,2.8,4800|5291|5599,NFYA|PIK3CB|MAPK8,-0.42
MyList,KEGG Pathway,24,hsa04550,Signaling pathways regulating pluripotency of stem cells,,-2.5,10,5.1,30182,143,61,3,4.9,2.8,5291|6929|56916,PIK3CB|TCF3|SMARCAD1,-0.42
MyList,GO Biological Processes,19,GO:0035108,limb morphogenesis,19_GO:0032502 developmental process,-2.5,10,5,30182,146,61,3,4.9,2.8,444|4613|7291,ASPH|MYCN|TWIST1,-0.4
MyList,GO Biological Processes,19,GO:0035107,appendage morphogenesis,19_GO:0032502 developmental process,-2.5,10,5,30182,146,61,3,4.9,2.8,444|4613|7291,ASPH|MYCN|TWIST1,-0.4
MyList,Reactome Gene Sets,6,R-HSA-8980692,RHOA GTPase cycle,,-2.5,10,5,30182,147,61,3,4.9,2.8,9754|23365|55160,STARD8|ARHGEF12|ARHGEF10L,-0.4
MyList,KEGG Pathway,24,hsa04723,Retrograde endocannabinoid signaling,,-2.5,10,5,30182,148,61,3,4.9,2.8,2566|2770|5599,GABRG2|GNAI1|MAPK8,-0.39
MyList,GO Biological Processes,19,GO:0032870,cellular response to hormone stimulus,19_GO:0050896 response to stimulus,-2.5,4.9,4,30182,501,61,5,8.2,3.5,490|3164|3297|5590|7337,ATP2B1|NR4A1|HSF1|PRKCZ|UBE3A,-0.39
MyList,GO Biological Processes,19,GO:0007517,muscle organ development,19_GO:0032502 developmental process,-2.5,6.4,4.3,30182,307,61,4,6.6,3.2,1959|3084|3164|7291,EGR2|NRG1|NR4A1|TWIST1,-0.39
MyList,GO Biological Processes,19,GO:0031400,negative regulation of protein modification process,19_GO:0048519 negative regulation of biological process,-2.5,4.9,4,30182,503,61,5,8.2,3.5,3642|5291|5590|7291|10776,INSM1|PIK3CB|PRKCZ|TWIST1|ARPP19,-0.39
MyList,GO Biological Processes,19,GO:0031644,regulation of nervous system process,19_GO:0032501 multicellular organismal process,-2.5,9.9,4.9,30182,150,61,3,4.9,2.8,1139|1959|5590,CHRNA7|EGR2|PRKCZ,-0.39
MyList,GO Biological Processes,19,GO:0061061,muscle structure development,19_GO:0032502 developmental process,-2.5,4.9,4,30182,504,61,5,8.2,3.5,1959|3084|3164|7291|8470,EGR2|NRG1|NR4A1|TWIST1|SORBS2,-0.39
MyList,Reactome Gene Sets,6,R-HSA-1280215,Cytokine Signaling in Immune system,,-2.5,4.1,3.8,30182,730,61,6,9.8,3.8,3659|3661|3726|5291|5599|7291,IRF1|IRF3|JUNB|PIK3CB|MAPK8|TWIST1,-0.39
MyList,GO Biological Processes,19,GO:0001568,blood vessel development,19_GO:0032502 developmental process,-2.4,4.9,4,30182,506,61,5,8.2,3.5,1959|3164|3726|5291|5613,EGR2|NR4A1|JUNB|PIK3CB|PRKX,-0.38
MyList,WikiPathways,27,WP536,Calcium regulation in cardiac cells,,-2.4,9.8,4.9,30182,152,61,3,4.9,2.8,490|2770|5590,ATP2B1|GNAI1|PRKCZ,-0.38
MyList,Reactome Gene Sets,6,R-HSA-73887,Death Receptor Signaling,,-2.4,9.6,4.8,30182,154,61,3,4.9,2.8,5599|23365|55160,MAPK8|ARHGEF12|ARHGEF10L,-0.36
MyList,KEGG Pathway,24,hsa04261,Adrenergic signaling in cardiomyocytes,,-2.4,9.6,4.8,30182,154,61,3,4.9,2.8,490|2770|9586,ATP2B1|GNAI1|CREB5,-0.36
MyList,KEGG Pathway,24,hsa04932,Non-alcoholic fatty liver disease,,-2.4,9.6,4.8,30182,155,61,3,4.9,2.8,1340|5291|5599,COX6B1|PIK3CB|MAPK8,-0.36
MyList,WikiPathways,27,WP4396,Nonalcoholic fatty liver disease,,-2.4,9.6,4.8,30182,155,61,3,4.9,2.8,1340|5291|5599,COX6B1|PIK3CB|MAPK8,-0.36
MyList,KEGG Pathway,24,hsa04934,Cushing syndrome,,-2.4,9.6,4.8,30182,155,61,3,4.9,2.8,2770|3164|9586,GNAI1|NR4A1|CREB5,-0.36
MyList,GO Biological Processes,19,GO:0050890,cognition,19_GO:0032501 multicellular organismal process,-2.4,6.2,4.2,30182,317,61,4,6.6,3.2,1139|1959|5590|7337,CHRNA7|EGR2|PRKCZ|UBE3A,-0.36
MyList,GO Biological Processes,19,GO:0051493,regulation of cytoskeleton organization,19_GO:0050789 regulation of biological process,-2.4,4.8,3.9,30182,518,61,5,8.2,3.5,2059|2770|4133|55160|171024,EPS8|GNAI1|MAP2|ARHGEF10L|SYNPO2,-0.36
MyList,GO Biological Processes,19,GO:1902105,regulation of leukocyte differentiation,19_GO:0002376 immune system process,-2.4,6.2,4.2,30182,319,61,4,6.6,3.2,3297|3659|3726|5590,HSF1|IRF1|JUNB|PRKCZ,-0.35
MyList,GO Biological Processes,19,GO:0070482,response to oxygen levels,19_GO:0050896 response to stimulus,-2.4,6.2,4.2,30182,320,61,4,6.6,3.2,1139|3297|7291|56776,CHRNA7|HSF1|TWIST1|FMN2,-0.35
MyList,WikiPathways,27,WP481,Insulin signaling,,-2.4,9.3,4.7,30182,160,61,3,4.9,2.8,5291|5590|5599,PIK3CB|PRKCZ|MAPK8,-0.34
MyList,GO Biological Processes,19,GO:0030522,intracellular receptor signaling pathway,19_GO:0023052 signaling,-2.4,9.3,4.7,30182,160,61,3,4.9,2.8,3164|3661|7337,NR4A1|IRF3|UBE3A,-0.34
MyList,GO Biological Processes,19,GO:0001944,vasculature development,19_GO:0032502 developmental process,-2.4,4.7,3.9,30182,526,61,5,8.2,3.5,1959|3164|3726|5291|5613,EGR2|NR4A1|JUNB|PIK3CB|PRKX,-0.34
MyList,GO Biological Processes,19,GO:0030036,actin cytoskeleton organization,19_GO:0009987 cellular process,-2.4,4.7,3.8,30182,528,61,5,8.2,3.5,2059|5357|9754|55160|56776,EPS8|PLS1|STARD8|ARHGEF10L|FMN2,-0.33
MyList,WikiPathways,27,WP4239,Epithelial to mesenchymal transition in colorectal cancer,,-2.4,9.2,4.7,30182,162,61,3,4.9,2.8,5291|5599|7291,PIK3CB|MAPK8|TWIST1,-0.33
MyList,KEGG Pathway,24,hsa05200,Pathways in cancer,,-2.4,4.7,3.8,30182,531,61,5,8.2,3.5,1488|2770|5291|5599|23365,CTBP2|GNAI1|PIK3CB|MAPK8|ARHGEF12,-0.33
MyList,GO Biological Processes,19,GO:0032496,response to lipopolysaccharide,19_GO:0044419 biological process involved in interspecies interaction between organisms,-2.3,6,4.1,30182,330,61,4,6.6,3.2,3164|3297|3661|5599,NR4A1|HSF1|IRF3|MAPK8,-0.32
MyList,Reactome Gene Sets,6,R-HSA-9658195,Leishmania infection,,-2.3,9.1,4.7,30182,164,61,3,4.9,2.8,2770|5599|5613,GNAI1|MAPK8|PRKX,-0.32
MyList,GO Biological Processes,19,GO:0060537,muscle tissue development,19_GO:0032502 developmental process,-2.3,5.9,4.1,30182,333,61,4,6.6,3.2,1959|3084|3164|8470,EGR2|NRG1|NR4A1|SORBS2,-0.31
MyList,GO Biological Processes,19,GO:0010035,response to inorganic substance,19_GO:0050896 response to stimulus,-2.3,4.6,3.8,30182,540,61,5,8.2,3.5,2742|3297|3726|5599|7337,GLRA2|HSF1|JUNB|MAPK8|UBE3A,-0.31
MyList,GO Biological Processes,19,GO:0050673,epithelial cell proliferation,19_GO:0009987 cellular process,-2.3,8.9,4.6,30182,167,61,3,4.9,2.8,4613|5291|5613,MYCN|PIK3CB|PRKX,-0.31
MyList,KEGG Pathway,24,hsa04022,cGMP-PKG signaling pathway,,-2.3,8.9,4.6,30182,167,61,3,4.9,2.8,490|2770|9586,ATP2B1|GNAI1|CREB5,-0.31
MyList,GO Biological Processes,19,GO:0034220,monoatomic ion transmembrane transport,19_GO:0051179 localization,-2.3,3.8,3.6,30182,778,61,6,9.8,3.8,490|1139|1340|2566|2742|23007,ATP2B1|CHRNA7|COX6B1|GABRG2|GLRA2|PLCH1,-0.3
MyList,GO Biological Processes,19,GO:0007059,chromosome segregation,19_GO:0009987 cellular process,-2.3,5.8,4,30182,339,61,4,6.6,3.2,4605|10664|56776|56916,MYBL2|CTCF|FMN2|SMARCAD1,-0.29
MyList,GO Biological Processes,19,GO:0008285,negative regulation of cell population proliferation,19_GO:0048519 negative regulation of biological process,-2.3,3.8,3.5,30182,787,61,6,9.8,3.8,444|1488|3642|3659|5449|10664,ASPH|CTBP2|INSM1|IRF1|POU1F1|CTCF,-0.28
MyList,GO Biological Processes,19,GO:0000302,response to reactive oxygen species,19_GO:0050896 response to stimulus,-2.3,8.6,4.5,30182,172,61,3,4.9,2.8,3297|5599|7337,HSF1|MAPK8|UBE3A,-0.28
MyList,GO Biological Processes,19,GO:0006366,transcription by RNA polymerase II,19_GO:0008152 metabolic process,-2.3,5.8,4,30182,343,61,4,6.6,3.2,3164|3659|4800|6239,NR4A1|IRF1|NFYA|RREB1,-0.28
MyList,GO Biological Processes,19,GO:1905475,regulation of protein localization to membrane,19_GO:0051179 localization,-2.3,8.5,4.5,30182,175,61,3,4.9,2.8,5357|5590|5599,PLS1|PRKCZ|MAPK8,-0.26
MyList,GO Biological Processes,19,GO:0051099,positive regulation of binding,19_GO:0065007 biological regulation,-2.3,8.4,4.5,30182,176,61,3,4.9,2.8,1488|3297|7291,CTBP2|HSF1|TWIST1,-0.26
MyList,GO Biological Processes,19,GO:0002237,response to molecule of bacterial origin,19_GO:0044419 biological process involved in interspecies interaction between organisms,-2.3,5.6,3.9,30182,351,61,4,6.6,3.2,3164|3297|3661|5599,NR4A1|HSF1|IRF3|MAPK8,-0.25
MyList,KEGG Pathway,24,hsa05152,Tuberculosis,,-2.2,8.2,4.4,30182,180,61,3,4.9,2.8,4800|5599|23365,NFYA|MAPK8|ARHGEF12,-0.24
MyList,GO Biological Processes,19,GO:0045580,regulation of T cell differentiation,19_GO:0002376 immune system process,-2.2,8.2,4.4,30182,180,61,3,4.9,2.8,3659|3726|5590,IRF1|JUNB|PRKCZ,-0.24
MyList,GO Biological Processes,19,GO:0048736,appendage development,19_GO:0032502 developmental process,-2.2,8.2,4.4,30182,182,61,3,4.9,2.8,444|4613|7291,ASPH|MYCN|TWIST1,-0.23
MyList,GO Biological Processes,19,GO:0060173,limb development,19_GO:0032502 developmental process,-2.2,8.2,4.4,30182,182,61,3,4.9,2.8,444|4613|7291,ASPH|MYCN|TWIST1,-0.23
MyList,GO Biological Processes,19,GO:0046578,regulation of Ras protein signal transduction,19_GO:0023052 signaling,-2.2,8.1,4.3,30182,184,61,3,4.9,2.8,2059|5291|9754,EPS8|PIK3CB|STARD8,-0.22
MyList,Reactome Gene Sets,6,R-HSA-983712,Ion channel transport,,-2.2,8,4.3,30182,186,61,3,4.9,2.8,444|490|374868,ASPH|ATP2B1|ATP9B,-0.2
MyList,GO Biological Processes,19,GO:0006979,response to oxidative stress,19_GO:0050896 response to stimulus,-2.2,5.4,3.8,30182,366,61,4,6.6,3.2,2119|3297|5599|7337,ETV5|HSF1|MAPK8|UBE3A,-0.2
MyList,WikiPathways,27,WP2877,Vitamin D receptor pathway,,-2.2,7.9,4.3,30182,187,61,3,4.9,2.8,490|3726|22906,ATP2B1|JUNB|TRAK1,-0.2
MyList,GO Biological Processes,19,GO:0010038,response to metal ion,19_GO:0050896 response to stimulus,-2.2,5.4,3.8,30182,367,61,4,6.6,3.2,2742|3297|3726|5599,GLRA2|HSF1|JUNB|MAPK8,-0.2
MyList,GO Biological Processes,19,GO:0071417,cellular response to organonitrogen compound,19_GO:0050896 response to stimulus,-2.2,4.2,3.5,30182,586,61,5,8.2,3.5,2566|2742|3164|3297|5590,GABRG2|GLRA2|NR4A1|HSF1|PRKCZ,-0.2
MyList,GO Biological Processes,19,GO:0030029,actin filament-based process,19_GO:0009987 cellular process,-2.2,4.2,3.5,30182,589,61,5,8.2,3.5,2059|5357|9754|55160|56776,EPS8|PLS1|STARD8|ARHGEF10L|FMN2,-0.19
MyList,GO Biological Processes,19,GO:0044057,regulation of system process,19_GO:0032501 multicellular organismal process,-2.2,4.2,3.5,30182,591,61,5,8.2,3.5,490|1139|1959|3164|5590,ATP2B1|CHRNA7|EGR2|NR4A1|PRKCZ,-0.19
MyList,KEGG Pathway,24,hsa04062,Chemokine signaling pathway,,-2.2,7.7,4.2,30182,192,61,3,4.9,2.8,2770|5291|5590,GNAI1|PIK3CB|PRKCZ,-0.18
MyList,KEGG Pathway,24,hsa05202,Transcriptional misregulation in cancer,,-2.2,7.7,4.2,30182,193,61,3,4.9,2.8,2119|4613|6929,ETV5|MYCN|TCF3,-0.18
MyList,GO Biological Processes,19,GO:0045664,regulation of neuron differentiation,19_GO:0032502 developmental process,-2.2,7.7,4.2,30182,193,61,3,4.9,2.8,4613|6457|6929,MYCN|SH3GL3|TCF3,-0.18
MyList,KEGG Pathway,24,hsa05167,Kaposi sarcoma-associated herpesvirus infection,,-2.1,7.7,4.2,30182,194,61,3,4.9,2.8,3661|5291|5599,IRF3|PIK3CB|MAPK8,-0.17
MyList,GO Biological Processes,19,GO:0006338,chromatin remodeling,19_GO:0009987 cellular process,-2.1,5.2,3.7,30182,378,61,4,6.6,3.2,10664|54815|56916|114803,CTCF|GATAD2A|SMARCAD1|MYSM1,-0.17
MyList,GO Biological Processes,19,GO:0001667,ameboidal-type cell migration,19_GO:0009987 cellular process,-2.1,7.5,4.1,30182,197,61,3,4.9,2.8,3164|5613|7291,NR4A1|PRKX|TWIST1,-0.16
MyList,WikiPathways,27,WP306,Focal adhesion,,-2.1,7.5,4.1,30182,198,61,3,4.9,2.8,5291|5599|83660,PIK3CB|MAPK8|TLN2,-0.15
MyList,KEGG Pathway,24,hsa05010,Alzheimer disease,,-2.1,5.2,3.7,30182,384,61,4,6.6,3.2,1139|1340|5291|5599,CHRNA7|COX6B1|PIK3CB|MAPK8,-0.15
MyList,GO Biological Processes,19,GO:0006874,cellular calcium ion homeostasis,19_GO:0042592 homeostatic process,-2.1,7.5,4.1,30182,199,61,3,4.9,2.8,490|1139|5291,ATP2B1|CHRNA7|PIK3CB,-0.15
MyList,GO Biological Processes,19,GO:0043393,regulation of protein binding,19_GO:0065007 biological regulation,-2.1,7.4,4.1,30182,201,61,3,4.9,2.8,3297|4133|5599,HSF1|MAP2|MAPK8,-0.14
MyList,KEGG Pathway,24,hsa04510,Focal adhesion,,-2.1,7.4,4.1,30182,201,61,3,4.9,2.8,5291|5599|83660,PIK3CB|MAPK8|TLN2,-0.14
MyList,GO Biological Processes,19,GO:0016570,histone modification,19_GO:0008152 metabolic process,-2.1,5.1,3.7,30182,389,61,4,6.6,3.2,4800|54815|56916|114803,NFYA|GATAD2A|SMARCAD1|MYSM1,-0.14
MyList,KEGG Pathway,24,hsa05169,Epstein-Barr virus infection,,-2.1,7.3,4.1,30182,202,61,3,4.9,2.8,3661|5291|5599,IRF3|PIK3CB|MAPK8,-0.14
MyList,GO Biological Processes,19,GO:0002819,regulation of adaptive immune response,19_GO:0002376 immune system process,-2.1,7.2,4,30182,205,61,3,4.9,2.8,3659|3726|5590,IRF1|JUNB|PRKCZ,-0.13
MyList,KEGG Pathway,24,hsa05205,Proteoglycans in cancer,,-2.1,7.2,4,30182,205,61,3,4.9,2.8,5291|7291|23365,PIK3CB|TWIST1|ARHGEF12,-0.13
MyList,GO Biological Processes,19,GO:0010942,positive regulation of cell death,19_GO:0048518 positive regulation of biological process,-2.1,4,3.4,30182,621,61,5,8.2,3.5,3164|4605|4613|5291|5599,NR4A1|MYBL2|MYCN|PIK3CB|MAPK8,-0.13
MyList,GO Biological Processes,19,GO:0071222,cellular response to lipopolysaccharide,19_GO:0044419 biological process involved in interspecies interaction between organisms,-2.1,7.2,4,30182,207,61,3,4.9,2.8,3297|3661|5599,HSF1|IRF3|MAPK8,-0.12
MyList,GO Biological Processes,19,GO:0048167,regulation of synaptic plasticity,19_GO:0023052 signaling,-2.1,7.1,4,30182,209,61,3,4.9,2.8,1139|1959|5590,CHRNA7|EGR2|PRKCZ,-0.11
MyList,GO Biological Processes,19,GO:0070588,calcium ion transmembrane transport,19_GO:0051179 localization,-2.1,7.1,4,30182,210,61,3,4.9,2.8,490|1139|23007,ATP2B1|CHRNA7|PLCH1,-0.11
MyList,GO Biological Processes,19,GO:0030003,cellular monoatomic cation homeostasis,19_GO:0042592 homeostatic process,-2,4.9,3.6,30182,403,61,4,6.6,3.2,490|1139|5291|7337,ATP2B1|CHRNA7|PIK3CB|UBE3A,-0.1
MyList,GO Biological Processes,19,GO:0045619,regulation of lymphocyte differentiation,19_GO:0002376 immune system process,-2,7,3.9,30182,212,61,3,4.9,2.8,3659|3726|5590,IRF1|JUNB|PRKCZ,-0.098
MyList,Reactome Gene Sets,6,R-HSA-388396,GPCR downstream signalling,,-2,3.9,3.3,30182,635,61,5,8.2,3.5,2770|5613|10846|23365|55160,GNAI1|PRKX|PDE10A|ARHGEF12|ARHGEF10L,-0.098
MyList,GO Biological Processes,19,GO:0030100,regulation of endocytosis,19_GO:0051179 localization,-2,6.9,3.9,30182,214,61,3,4.9,2.8,5291|6457|84251,PIK3CB|SH3GL3|SGIP1,-0.092
MyList,GO Biological Processes,19,GO:0006282,regulation of DNA repair,19_GO:0050896 response to stimulus,-2,6.9,3.9,30182,214,61,3,4.9,2.8,3297|7291|56776,HSF1|TWIST1|FMN2,-0.092
MyList,KEGG Pathway,24,hsa05417,Lipid and atherosclerosis,,-2,6.9,3.9,30182,215,61,3,4.9,2.8,3661|5291|5599,IRF3|PIK3CB|MAPK8,-0.088
MyList,GO Biological Processes,19,GO:0000902,cell morphogenesis,19_GO:0032502 developmental process,-2,3.8,3.3,30182,643,61,5,8.2,3.5,1139|1959|4133|5357|5590,CHRNA7|EGR2|MAP2|PLS1|PRKCZ,-0.082
MyList,GO Biological Processes,19,GO:0006873,cellular monoatomic ion homeostasis,19_GO:0042592 homeostatic process,-2,4.8,3.5,30182,412,61,4,6.6,3.2,490|1139|5291|7337,ATP2B1|CHRNA7|PIK3CB|UBE3A,-0.082
MyList,GO Biological Processes,19,GO:0120035,regulation of plasma membrane bounded cell projection organization,19_GO:0050789 regulation of biological process,-2,3.8,3.3,30182,645,61,5,8.2,3.5,2059|4133|5357|6239|7337,EPS8|MAP2|PLS1|RREB1|UBE3A,-0.08
MyList,WikiPathways,27,WP5115,Network map of SARS-CoV-2 signaling pathway,,-2,6.8,3.9,30182,218,61,3,4.9,2.8,3661|3726|5599,IRF3|JUNB|MAPK8,-0.079
MyList,GO Biological Processes,19,GO:0031175,neuron projection development,19_GO:0032502 developmental process,-2,3.8,3.3,30182,647,61,5,8.2,3.5,1139|1959|4133|5357|5590,CHRNA7|EGR2|MAP2|PLS1|PRKCZ,-0.078
MyList_MCODE_ALL,KEGG Pathway,24,hsa05165,Human papillomavirus infection,,-8.5,65,18,30182,331,7,5,71,17,3659|3661|5291|5590|7337,IRF1|IRF3|PIK3CB|PRKCZ|UBE3A,-4.5
MyList_MCODE_ALL,KEGG Pathway,24,hsa05170,Human immunodeficiency virus 1 infection,,-7.1,81,18,30182,212,7,4,57,19,2770|3661|5291|8905,GNAI1|IRF3|PIK3CB|AP1S2,-3.3
MyList_MCODE_ALL,KEGG Pathway,24,hsa05133,Pertussis,,-6.3,1.7e+02,22,30182,76,7,3,43,19,2770|3659|3661,GNAI1|IRF1|IRF3,-2.8
MyList_MCODE_ALL,Canonical Pathways,11,M124,PID CXCR4 PATHWAY,,-5.9,1.3e+02,20,30182,100,7,3,43,19,2770|5291|5590,GNAI1|PIK3CB|PRKCZ,-2.6
MyList_MCODE_ALL,KEGG Pathway,24,hsa04071,Sphingolipid signaling pathway,,-5.7,1.1e+02,18,30182,119,7,3,43,19,2770|5291|5590,GNAI1|PIK3CB|PRKCZ,-2.5
MyList_MCODE_ALL,KEGG Pathway,24,hsa04611,Platelet activation,,-5.6,1e+02,18,30182,124,7,3,43,19,2770|5291|5590,GNAI1|PIK3CB|PRKCZ,-2.5
MyList_MCODE_ALL,KEGG Pathway,24,hsa04926,Relaxin signaling pathway,,-5.6,1e+02,17,30182,129,7,3,43,19,2770|5291|5590,GNAI1|PIK3CB|PRKCZ,-2.5
MyList_MCODE_ALL,WikiPathways,27,WP3929,Chemokine signaling pathway,,-5.2,78,15,30182,166,7,3,43,19,2770|5291|5590,GNAI1|PIK3CB|PRKCZ,-2.3
MyList_MCODE_ALL,Reactome Gene Sets,6,R-HSA-109582,Hemostasis,,-5.2,28,10,30182,621,7,4,57,19,2770|3659|5291|5590,GNAI1|IRF1|PIK3CB|PRKCZ,-2.3
MyList_MCODE_ALL,KEGG Pathway,24,hsa04360,Axon guidance,,-5.1,71,14,30182,182,7,3,43,19,2770|5291|5590,GNAI1|PIK3CB|PRKCZ,-2.3
MyList_MCODE_ALL,KEGG Pathway,24,hsa04062,Chemokine signaling pathway,,-5.1,67,14,30182,192,7,3,43,19,2770|5291|5590,GNAI1|PIK3CB|PRKCZ,-2.2
MyList_MCODE_ALL,KEGG Pathway,24,hsa05203,Viral carcinogenesis,,-5,63,14,30182,204,7,3,43,19,3661|5291|7337,IRF3|PIK3CB|UBE3A,-2.2
MyList_MCODE_ALL,KEGG Pathway,24,hsa04015,Rap1 signaling pathway,,-4.9,62,13,30182,210,7,3,43,19,2770|5291|5590,GNAI1|PIK3CB|PRKCZ,-2.2
MyList_MCODE_ALL,KEGG Pathway,24,hsa05163,Human cytomegalovirus infection,,-4.9,57,13,30182,225,7,3,43,19,2770|3661|5291,GNAI1|IRF3|PIK3CB,-2.1
MyList_MCODE_ALL,Reactome Gene Sets,6,R-HSA-76002,"Platelet activation, signaling and aggregation",,-4.7,49,12,30182,263,7,3,43,19,2770|5291|5590,GNAI1|PIK3CB|PRKCZ,-2
MyList_MCODE_ALL,GO Biological Processes,19,GO:0001819,positive regulation of cytokine production,19_GO:0048518 positive regulation of biological process,-3.9,26,8.6,30182,489,7,3,43,19,3659|3661|5590,IRF1|IRF3|PRKCZ,-1.3
MyList_MCODE_ALL,GO Biological Processes,19,GO:0071407,cellular response to organic cyclic compound,19_GO:0050896 response to stimulus,-3.8,25,8.5,30182,510,7,3,43,19,2770|3661|7337,GNAI1|IRF3|UBE3A,-1.3
MyList_MCODE_ALL,GO Biological Processes,19,GO:0071396,cellular response to lipid,19_GO:0050896 response to stimulus,-3.8,25,8.3,30182,527,7,3,43,19,2770|3661|7337,GNAI1|IRF3|UBE3A,-1.3
MyList_MCODE_ALL,Reactome Gene Sets,6,R-HSA-1280215,Cytokine Signaling in Immune system,,-3.3,18,7,30182,730,7,3,43,19,3659|3661|5291,IRF1|IRF3|PIK3CB,-0.97
MyList_MCODE_ALL,Reactome Gene Sets,6,R-HSA-1280218,Adaptive Immune System,,-3.3,17,6.8,30182,769,7,3,43,19,5291|7337|8905,PIK3CB|UBE3A|AP1S2,-0.94
MyList_MCODE_ALL,GO Biological Processes,19,GO:0009725,response to hormone,19_GO:0050896 response to stimulus,-3.2,16,6.7,30182,784,7,3,43,19,2770|5590|7337,GNAI1|PRKCZ|UBE3A,-0.92
MyList_SUB1_MCODE_1,KEGG Pathway,24,hsa05165,Human papillomavirus infection,,-8.5,65,18,30182,331,7,5,71,17,3659|3661|5291|5590|7337,IRF1|IRF3|PIK3CB|PRKCZ|UBE3A,-4.5
MyList_SUB1_MCODE_1,KEGG Pathway,24,hsa05170,Human immunodeficiency virus 1 infection,,-7.1,81,18,30182,212,7,4,57,19,2770|3661|5291|8905,GNAI1|IRF3|PIK3CB|AP1S2,-3.3
MyList_SUB1_MCODE_1,KEGG Pathway,24,hsa05133,Pertussis,,-6.3,1.7e+02,22,30182,76,7,3,43,19,2770|3659|3661,GNAI1|IRF1|IRF3,-2.8
MyList_SUB1_MCODE_1,Canonical Pathways,11,M124,PID CXCR4 PATHWAY,,-5.9,1.3e+02,20,30182,100,7,3,43,19,2770|5291|5590,GNAI1|PIK3CB|PRKCZ,-2.6
MyList_SUB1_MCODE_1,KEGG Pathway,24,hsa04071,Sphingolipid signaling pathway,,-5.7,1.1e+02,18,30182,119,7,3,43,19,2770|5291|5590,GNAI1|PIK3CB|PRKCZ,-2.5
MyList_SUB1_MCODE_1,KEGG Pathway,24,hsa04611,Platelet activation,,-5.6,1e+02,18,30182,124,7,3,43,19,2770|5291|5590,GNAI1|PIK3CB|PRKCZ,-2.5
MyList_SUB1_MCODE_1,KEGG Pathway,24,hsa04926,Relaxin signaling pathway,,-5.6,1e+02,17,30182,129,7,3,43,19,2770|5291|5590,GNAI1|PIK3CB|PRKCZ,-2.5
MyList_SUB1_MCODE_1,WikiPathways,27,WP3929,Chemokine signaling pathway,,-5.2,78,15,30182,166,7,3,43,19,2770|5291|5590,GNAI1|PIK3CB|PRKCZ,-2.3
MyList_SUB1_MCODE_1,Reactome Gene Sets,6,R-HSA-109582,Hemostasis,,-5.2,28,10,30182,621,7,4,57,19,2770|3659|5291|5590,GNAI1|IRF1|PIK3CB|PRKCZ,-2.3
MyList_SUB1_MCODE_1,KEGG Pathway,24,hsa04360,Axon guidance,,-5.1,71,14,30182,182,7,3,43,19,2770|5291|5590,GNAI1|PIK3CB|PRKCZ,-2.3
MyList_SUB1_MCODE_1,KEGG Pathway,24,hsa04062,Chemokine signaling pathway,,-5.1,67,14,30182,192,7,3,43,19,2770|5291|5590,GNAI1|PIK3CB|PRKCZ,-2.2
MyList_SUB1_MCODE_1,KEGG Pathway,24,hsa05203,Viral carcinogenesis,,-5,63,14,30182,204,7,3,43,19,3661|5291|7337,IRF3|PIK3CB|UBE3A,-2.2
MyList_SUB1_MCODE_1,KEGG Pathway,24,hsa04015,Rap1 signaling pathway,,-4.9,62,13,30182,210,7,3,43,19,2770|5291|5590,GNAI1|PIK3CB|PRKCZ,-2.2
MyList_SUB1_MCODE_1,KEGG Pathway,24,hsa05163,Human cytomegalovirus infection,,-4.9,57,13,30182,225,7,3,43,19,2770|3661|5291,GNAI1|IRF3|PIK3CB,-2.1
MyList_SUB1_MCODE_1,Reactome Gene Sets,6,R-HSA-76002,"Platelet activation, signaling and aggregation",,-4.7,49,12,30182,263,7,3,43,19,2770|5291|5590,GNAI1|PIK3CB|PRKCZ,-2
MyList_SUB1_MCODE_1,GO Biological Processes,19,GO:0001819,positive regulation of cytokine production,19_GO:0048518 positive regulation of biological process,-3.9,26,8.6,30182,489,7,3,43,19,3659|3661|5590,IRF1|IRF3|PRKCZ,-1.3
MyList_SUB1_MCODE_1,GO Biological Processes,19,GO:0071407,cellular response to organic cyclic compound,19_GO:0050896 response to stimulus,-3.8,25,8.5,30182,510,7,3,43,19,2770|3661|7337,GNAI1|IRF3|UBE3A,-1.3
MyList_SUB1_MCODE_1,GO Biological Processes,19,GO:0071396,cellular response to lipid,19_GO:0050896 response to stimulus,-3.8,25,8.3,30182,527,7,3,43,19,2770|3661|7337,GNAI1|IRF3|UBE3A,-1.3
MyList_SUB1_MCODE_1,Reactome Gene Sets,6,R-HSA-1280215,Cytokine Signaling in Immune system,,-3.3,18,7,30182,730,7,3,43,19,3659|3661|5291,IRF1|IRF3|PIK3CB,-0.97
MyList_SUB1_MCODE_1,Reactome Gene Sets,6,R-HSA-1280218,Adaptive Immune System,,-3.3,17,6.8,30182,769,7,3,43,19,5291|7337|8905,PIK3CB|UBE3A|AP1S2,-0.94
MyList_SUB1_MCODE_1,GO Biological Processes,19,GO:0009725,response to hormone,19_GO:0050896 response to stimulus,-3.2,16,6.7,30182,784,7,3,43,19,2770|5590|7337,GNAI1|PRKCZ|UBE3A,-0.92
