_MEMBER_MyList,_LogP_MyList,GO,_PATTERN_,_RANK_,GiniIndex,Category,CategoryID,Description,PARENT_GO,LogP,Enrichment,Z-score,#TotalGeneInLibrary,#GeneInGO,#GeneInHitList,#GeneInGOAndHitList,%InGO,STDV %InGO,GeneID,Hits,Log(q-value),EvidenceCutoff
1,-8.6,C1535926,M1,1,0,DisGeNET,35,Neurodevelopmental Disorders,,-8.6,7.9,9.3,30182,534,100,14,14,3.5,412|1139|2566|2917|3084|4685|5291|7337|8905|10664|10846|22906|56776|56899,STS|CHRNA7|GABRG2|GRM7|NRG1|NCAM2|PIK3CB|UBE3A|AP1S2|CTCF|PDE10A|TRAK1|FMN2|ANKS1B,-4,0
1,-5.9,C0035372,M1,1,0,DisGeNET,35,Rett Syndrome,,-5.9,10,8.3,30182,234,100,8,8,2.7,1139|1959|2742|2917|4133|6239|7337|10664,CHRNA7|EGR2|GLRA2|GRM7|MAP2|RREB1|UBE3A|CTCF,-2.4,0
1,-5.9,C0553580,M1,1,0,DisGeNET,35,Ewings sarcoma,,-5.9,6.4,7.2,30182,517,100,11,11,3.1,1959|2119|2346|3084|3642|3726|4613|5291|5599|7102|7291,EGR2|ETV5|FOLH1|NRG1|INSM1|JUNB|MYCN|PIK3CB|MAPK8|TSPAN7|TWIST1,-2.4,0
1,-5.8,C1961099,M1,1,0,DisGeNET,35,Precursor T-Cell Lymphoblastic Leukemia-Lymphoma,,-5.8,5.6,6.8,30182,644,100,12,12,3.2,2119|3297|3726|4613|4807|5291|5599|5923|6480|6929|10664|122953,ETV5|HSF1|JUNB|MYCN|NHLH1|PIK3CB|MAPK8|RASGRF1|ST6GAL1|TCF3|CTCF|JDP2,-2.3,0
1,-5.6,C0020429,M1,1,0,DisGeNET,35,Hyperalgesia,,-5.6,6.7,7,30182,451,100,10,10,3,1139|3084|5291|5590|5599|6335|6929|7291|8997|23175,CHRNA7|NRG1|PIK3CB|PRKCZ|MAPK8|SCN9A|TCF3|TWIST1|KALRN|LPIN1,-2.2,0
1,-5.6,C0856975,M1,1,0,DisGeNET,35,Autistic behavior,,-5.6,9.3,7.7,30182,261,100,8,8,2.7,2566|6335|7102|7291|8905|10664|55784|56776,GABRG2|SCN9A|TSPAN7|TWIST1|AP1S2|CTCF|MCTP2|FMN2,-2.2,0
1,-5.6,C0206663,M1,1,0,DisGeNET,35,"Neuroectodermal Tumor, Primitive",,-5.6,11,8.2,30182,184,100,7,7,2.6,444|3084|3642|4133|4613|5291|6929,ASPH|NRG1|INSM1|MAP2|MYCN|PIK3CB|TCF3,-2.2,0
1,-5.4,C0853879,M1,1,0,DisGeNET,35,Invasive carcinoma of breast,,-5.4,6.4,6.8,30182,472,100,10,10,3,490|2059|2346|3659|5291|5590|7291|10664|56916|57509,ATP2B1|EPS8|FOLH1|IRF1|PIK3CB|PRKCZ|TWIST1|CTCF|SMARCAD1|MTUS1,-2.1,0
1,-5,C3163801,M1,1,0,DisGeNET,35,Abnormality of aortic arch,,-5,70,14,30182,13,100,3,3,1.7,6239|6899|55784,RREB1|TBX1|MCTP2,-1.7,0
1,-4.8,C0238462,M1,1,0,DisGeNET,35,Medullary carcinoma of thyroid,,-4.8,7.3,6.7,30182,330,100,8,8,2.7,2346|3164|3642|3726|4613|5291|6239|7291,FOLH1|NR4A1|INSM1|JUNB|MYCN|PIK3CB|RREB1|TWIST1,-1.6,0
1,-4.8,C1708566,M1,1,0,DisGeNET,35,Invasive Prostate Carcinoma,,-4.8,27,10,30182,45,100,4,4,2,3726|4613|5291|171024,JUNB|MYCN|PIK3CB|SYNPO2,-1.6,0
1,-4.8,C1328504,M1,1,0,DisGeNET,35,Hormone refractory prostate cancer,,-4.8,4.9,5.9,30182,683,100,11,11,3.1,412|2346|4605|4613|5291|5334|5599|5923|6480|7291|114803,STS|FOLH1|MYBL2|MYCN|PIK3CB|PLCL1|MAPK8|RASGRF1|ST6GAL1|TWIST1|MYSM1,-1.6,0
1,-4.8,C0346429,M1,1,0,DisGeNET,35,Multiple malignancy,,-4.8,11,7.5,30182,163,100,6,6,2.4,3084|3297|4605|4613|5291|7291,NRG1|HSF1|MYBL2|MYCN|PIK3CB|TWIST1,-1.6,0
1,-4.7,C0151650,M1,1,0,DisGeNET,35,Renal fibrosis,,-4.7,5.3,6,30182,570,100,10,10,3,1007|2119|3164|3726|5291|5599|6899|6929|7291|114803,CDH9|ETV5|NR4A1|JUNB|PIK3CB|MAPK8|TBX1|TCF3|TWIST1|MYSM1,-1.6,0
1,-4.5,C0555198,M1,1,0,DisGeNET,35,Malignant Glioma,,-4.5,4.6,5.6,30182,724,100,11,11,3.1,412|2059|2346|3164|4052|4613|5291|5599|6457|6480|6929,STS|EPS8|FOLH1|NR4A1|LTBP1|MYCN|PIK3CB|MAPK8|SH3GL3|ST6GAL1|TCF3,-1.6,0
1,-4.5,C0221232,M1,1,0,DisGeNET,35,Welts,,-4.5,23,9.1,30182,53,100,4,4,2,3659|4133|5291|9586,IRF1|MAP2|PIK3CB|CREB5,-1.6,0
1,-4.5,C0007095,M1,1,0,DisGeNET,35,Carcinoid Tumor,,-4.5,7.9,6.5,30182,267,100,7,7,2.6,280|412|1139|3642|3726|4133|5291,AMY2B|STS|CHRNA7|INSM1|JUNB|MAP2|PIK3CB,-1.6,0
1,-4.4,C1176475,M1,1,0,DisGeNET,35,Ductal Carcinoma,,-4.4,7.7,6.4,30182,273,100,7,7,2.6,444|5291|5449|5590|5599|7291|10664,ASPH|PIK3CB|POU1F1|PRKCZ|MAPK8|TWIST1|CTCF,-1.5,0
1,-4.4,C0349204,M1,1,0,DisGeNET,35,Nonorganic psychosis,,-4.4,6.4,6.1,30182,376,100,8,8,2.7,1139|2566|2917|3084|6899|7337|8997|10846,CHRNA7|GABRG2|GRM7|NRG1|TBX1|UBE3A|KALRN|PDE10A,-1.5,0
1,-4.4,C0003504,M1,1,0,DisGeNET,35,Aortic Valve Insufficiency,,-4.4,6.4,6.1,30182,377,100,8,8,2.7,412|1959|3164|3726|5291|5334|5599|7291,STS|EGR2|NR4A1|JUNB|PIK3CB|PLCL1|MAPK8|TWIST1,-1.5,0
1,-4.4,C0027654,M1,1,0,DisGeNET,35,Embryonal Neoplasm,,-4.4,21,8.8,30182,57,100,4,4,2,3642|4613|5291|6929,INSM1|MYCN|PIK3CB|TCF3,-1.5,0
1,-4.3,C0027809,M1,1,0,DisGeNET,35,Neurilemmoma,,-4.3,9.4,6.7,30182,193,100,6,6,2.4,412|2119|2346|3084|5291|6929,STS|ETV5|FOLH1|NRG1|PIK3CB|TCF3,-1.5,0
1,-4.3,C0431380,M1,1,0,DisGeNET,35,Cortical Dysplasia,,-4.3,13,7.4,30182,118,100,5,5,2.2,2566|4133|5291|6335|56776,GABRG2|MAP2|PIK3CB|SCN9A|FMN2,-1.5,0
1,-4.3,C0025362,M1,1,0,DisGeNET,35,Mental Retardation,,-4.3,5.4,5.7,30182,505,100,9,9,2.9,412|2917|5449|6899|7102|7291|7337|8905|10664,STS|GRM7|POU1F1|TBX1|TSPAN7|TWIST1|UBE3A|AP1S2|CTCF,-1.5,0
1,-4.3,C0423110,M1,1,0,DisGeNET,35,Downward slant of palpebral fissure,,-4.3,6.2,5.9,30182,391,100,8,8,2.7,444|1139|2566|6239|6899|7102|7337|22906,ASPH|CHRNA7|GABRG2|RREB1|TBX1|TSPAN7|UBE3A|TRAK1,-1.5,0
1,-4.1,C0598935,M1,1,0,DisGeNET,35,Tumor Initiation,,-4.1,5.1,5.5,30182,533,100,9,9,2.9,1488|2119|3084|3297|4613|5291|5599|7291|57509,CTBP2|ETV5|NRG1|HSF1|MYCN|PIK3CB|MAPK8|TWIST1|MTUS1,-1.4,0
1,-4.1,C0678230,M1,1,0,DisGeNET,35,Congenital Epicanthus,,-4.1,5.8,5.7,30182,417,100,8,8,2.7,1139|4613|5291|6239|6899|6929|7291|7337,CHRNA7|MYCN|PIK3CB|RREB1|TBX1|TCF3|TWIST1|UBE3A,-1.3,0
1,-4,C0008055,M1,1,0,DisGeNET,35,Chikungunya Fever,,-4,11,6.8,30182,137,100,5,5,2.2,3659|3661|5291|5599|8412,IRF1|IRF3|PIK3CB|MAPK8|BCAR3,-1.3,0
1,-4,C1334953,M1,1,0,DisGeNET,35,Neuroblastic tumors,,-4,17,7.7,30182,73,100,4,4,2,444|3642|4613|6929,ASPH|INSM1|MYCN|TCF3,-1.2,0
1,-4,C1136249,M1,1,0,DisGeNET,35,"Mental Retardation, X-Linked",,-4,11,6.7,30182,141,100,5,5,2.2,412|5132|5923|7102|8905,STS|PDC|RASGRF1|TSPAN7|AP1S2,-1.2,0
1,-3.9,C0023485,M1,1,0,DisGeNET,35,Precursor B-Cell Lymphoblastic Leukemia-Lymphoma,,-3.9,10,6.5,30182,145,100,5,5,2.2,2119|5291|6929|56776|56899,ETV5|PIK3CB|TCF3|FMN2|ANKS1B,-1.2,0
1,-3.9,C0424731,M1,1,0,DisGeNET,35,Single transverse palmar crease,,-3.9,15,7.4,30182,78,100,4,4,2,10664|55784|56916|84294,CTCF|MCTP2|SMARCAD1|UTP23,-1.2,0
1,-3.8,C0235833,M1,1,0,DisGeNET,35,Congenital diaphragmatic hernia,,-3.8,7.6,5.9,30182,239,100,6,6,2.4,3084|6899|7291|9754|55784|84294,NRG1|TBX1|TWIST1|STARD8|MCTP2|UTP23,-1.1,0
1,-3.8,C0010417,M1,1,0,DisGeNET,35,Cryptorchidism,,-3.8,4.2,5,30182,725,100,10,10,3,412|490|3297|6239|6899|7291|8905|10664|55784|81887,STS|ATP2B1|HSF1|RREB1|TBX1|TWIST1|AP1S2|CTCF|MCTP2|LAS1L,-1.1,0
1,-3.8,C0521158,M1,1,0,DisGeNET,35,Recurrent tumor,,-3.8,4.1,4.9,30182,735,100,10,10,3,444|2346|3164|3297|3642|4613|5291|5599|5923|6480,ASPH|FOLH1|NR4A1|HSF1|INSM1|MYCN|PIK3CB|MAPK8|RASGRF1|ST6GAL1,-1.1,0
1,-3.8,C0333516,M1,1,0,DisGeNET,35,Tumor necrosis,,-3.8,6,5.5,30182,350,100,7,7,2.6,3164|3642|4613|5291|5590|5599|10664,NR4A1|INSM1|MYCN|PIK3CB|PRKCZ|MAPK8|CTCF,-1.1,0
1,-3.8,C0949664,M1,1,0,DisGeNET,35,Tauopathies,,-3.8,7.4,5.8,30182,245,100,6,6,2.4,2566|3297|4133|5132|5599|7942,GABRG2|HSF1|MAP2|PDC|MAPK8|TFEB,-1.1,0
1,-3.7,C0333463,M1,1,0,DisGeNET,35,Senile Plaques,,-3.7,7.3,5.7,30182,249,100,6,6,2.4,2346|2770|4133|5132|5291|5599,FOLH1|GNAI1|MAP2|PDC|PIK3CB|MAPK8,-1.1,0
1,-3.7,C0007130,M1,1,0,DisGeNET,35,Mucinous Adenocarcinoma,,-3.7,9.5,6.2,30182,159,100,5,5,2.2,3084|4052|5291|7291|22906,NRG1|LTBP1|PIK3CB|TWIST1|TRAK1,-1.1,0
1,-3.7,C0026650,M1,1,0,DisGeNET,35,Movement Disorders,,-3.7,5.8,5.3,30182,362,100,7,7,2.6,2566|3084|5132|7337|10664|10846|22906,GABRG2|NRG1|PDC|UBE3A|CTCF|PDE10A|TRAK1,-1.1,0
1,-3.7,C0175754,M1,1,0,DisGeNET,35,Agenesis of corpus callosum,,-3.7,4.4,4.9,30182,615,100,9,9,2.9,2346|3726|5291|5449|5599|5923|6899|7291|8320,FOLH1|JUNB|PIK3CB|POU1F1|MAPK8|RASGRF1|TBX1|TWIST1|EOMES,-1.1,0
1,-3.7,C0014553,M1,1,0,DisGeNET,35,Absence Epilepsy,,-3.7,14,6.9,30182,88,100,4,4,2,1139|2566|7337|22906,CHRNA7|GABRG2|UBE3A|TRAK1,-1.1,0
1,-3.7,C0030044,M1,1,0,DisGeNET,35,Acrocephaly,,-3.7,26,8.5,30182,35,100,3,3,1.7,6239|6899|7291,RREB1|TBX1|TWIST1,-1.1,0
1,-3.7,C0221355,M1,1,0,DisGeNET,35,Macrocephaly,,-3.7,5.8,5.3,30182,366,100,7,7,2.6,1139|4685|5291|7102|7291|7337|8905,CHRNA7|NCAM2|PIK3CB|TSPAN7|TWIST1|UBE3A|AP1S2,-1.1,0
1,-3.6,C4025790,M1,1,0,DisGeNET,35,Specific learning disability,,-3.6,9.1,6,30182,165,100,5,5,2.2,2566|4613|6239|6899|81887,GABRG2|MYCN|RREB1|TBX1|LAS1L,-1.1,0
1,-3.6,C0751690,M1,1,0,DisGeNET,35,Malignant Peripheral Nerve Sheath Tumor,,-3.6,6.9,5.6,30182,261,100,6,6,2.4,3084|3297|4613|5291|5599|7291,NRG1|HSF1|MYCN|PIK3CB|MAPK8|TWIST1,-1.1,0
1,-3.6,C1519689,M1,1,0,DisGeNET,35,Tumor Promotion,,-3.6,8.9,5.9,30182,170,100,5,5,2.2,2059|3726|4613|5291|5599,EPS8|JUNB|MYCN|PIK3CB|MAPK8,-1,0
1,-3.6,C1845977,M1,1,0,DisGeNET,35,X- linked recessive,,-3.6,8.8,5.9,30182,172,100,5,5,2.2,22|412|7102|8905|81887,ABCB7|STS|TSPAN7|AP1S2|LAS1L,-1,0
1,-3.5,C0013132,M1,1,0,DisGeNET,35,Drooling,,-3.5,13,6.6,30182,95,100,4,4,2,2566|7102|7337|10846,GABRG2|TSPAN7|UBE3A|PDE10A,-1,0
1,-3.5,C4022738,M1,1,0,DisGeNET,35,Neurodevelopmental delay,,-3.5,23,8,30182,39,100,3,3,1.7,2566|6335|114803,GABRG2|SCN9A|MYSM1,-1,0
1,-3.5,C0243050,M1,1,0,DisGeNET,35,Cardiovascular Abnormalities,,-3.5,12,6.4,30182,99,100,4,4,2,1395|4052|5291|6899,CRHR2|LTBP1|PIK3CB|TBX1,-0.98,0
1,-3.5,C0019158,M1,1,0,DisGeNET,35,Hepatitis,,-3.5,4.1,4.7,30182,656,100,9,9,2.9,3164|3297|3726|4613|5291|5599|6480|6929|7942,NR4A1|HSF1|JUNB|MYCN|PIK3CB|MAPK8|ST6GAL1|TCF3|TFEB,-0.98,0
1,-3.5,C0282160,M1,1,0,DisGeNET,35,Aplasia Cutis Congenita,,-3.5,5.4,5,30182,393,100,7,7,2.6,2346|3726|5291|5599|5923|6899|7291,FOLH1|JUNB|PIK3CB|MAPK8|RASGRF1|TBX1|TWIST1,-0.98,0
1,-3.5,C0520947,M1,1,0,DisGeNET,35,Clumsiness - motor delay,,-3.5,5.4,5,30182,393,100,7,7,2.6,1340|1959|6335|6899|7337|10846|56776,COX6B1|EGR2|SCN9A|TBX1|UBE3A|PDE10A|FMN2,-0.98,0
1,-3.4,C1861324,M1,1,0,DisGeNET,35,Short philtrum,,-3.4,8.3,5.7,30182,182,100,5,5,2.2,6239|6899|7291|8905|55784,RREB1|TBX1|TWIST1|AP1S2|MCTP2,-0.96,0
1,-3.4,C0026918,M1,1,0,DisGeNET,35,Mycobacterium Infections,,-3.4,8.2,5.7,30182,183,100,5,5,2.2,412|3659|5291|7291|7942,STS|IRF1|PIK3CB|TWIST1|TFEB,-0.96,0
1,-3.4,C0202230,M1,1,0,DisGeNET,35,Thyroid stimulating hormone measurement,,-3.4,22,7.7,30182,42,100,3,3,1.7,3084|5613|10846,NRG1|PRKX|PDE10A,-0.96,0
1,-3.4,C0032897,M1,1,0,DisGeNET,35,Prader-Willi Syndrome,,-3.4,8.2,5.6,30182,184,100,5,5,2.2,412|3164|5291|7291|7337,STS|NR4A1|PIK3CB|TWIST1|UBE3A,-0.96,0
1,-3.4,C1839839,M1,1,0,DisGeNET,35,MAJOR AFFECTIVE DISORDER 2,,-3.4,8.2,5.6,30182,185,100,5,5,2.2,1139|3084|5590|6239|6899,CHRNA7|NRG1|PRKCZ|RREB1|TBX1,-0.95,0
1,-3.4,C0038220,M1,1,0,DisGeNET,35,Status Epilepticus,,-3.4,4.5,4.7,30182,533,100,8,8,2.7,2566|3726|4133|5291|5599|5923|6335|22906,GABRG2|JUNB|MAP2|PIK3CB|MAPK8|RASGRF1|SCN9A|TRAK1,-0.93,0
1,-3.4,C3896961,M1,1,0,DisGeNET,35,Adult Pre-B Acute Lymphoblastic Leukemia,,-3.4,21,7.5,30182,44,100,3,3,1.7,2119|6929|56776,ETV5|TCF3|FMN2,-0.92,0
1,-3.4,C2936719,M1,1,0,DisGeNET,35,Mechanical Allodynia,,-3.4,5.2,4.9,30182,408,100,7,7,2.6,2917|3084|3661|5291|5590|5599|6929,GRM7|NRG1|IRF3|PIK3CB|PRKCZ|MAPK8|TCF3,-0.92,0
1,-3.4,C0005744,M1,1,0,DisGeNET,35,Blepharophimosis,,-3.4,11,6.2,30182,106,100,4,4,2,4613|5291|6899|55784,MYCN|PIK3CB|TBX1|MCTP2,-0.92,0
1,-3.4,C1858085,M1,1,0,DisGeNET,35,Malar flattening,,-3.4,7.9,5.5,30182,190,100,5,5,2.2,5449|6239|6899|7291|114803,POU1F1|RREB1|TBX1|TWIST1|MYSM1,-0.92,0
1,-3.3,C0027626,M1,1,0,DisGeNET,35,Neoplasm Invasiveness,,-3.3,7.8,5.5,30182,193,100,5,5,2.2,1139|1488|2059|3084|7291,CHRNA7|CTBP2|EPS8|NRG1|TWIST1,-0.9,0
1,-3.3,C0016667,M1,1,0,DisGeNET,35,Fragile X Syndrome,,-3.3,7.8,5.5,30182,194,100,5,5,2.2,3084|5291|7291|7337|10664,NRG1|PIK3CB|TWIST1|UBE3A|CTCF,-0.9,0
1,-3.3,C0220704,M1,1,0,DisGeNET,35,Shprintzen syndrome,,-3.3,20,7.3,30182,46,100,3,3,1.7,1139|6239|6899,CHRNA7|RREB1|TBX1,-0.9,0
1,-3.3,C1837731,M1,1,0,DisGeNET,35,Overfolded helix,,-3.3,20,7.3,30182,46,100,3,3,1.7,6239|6899|7291,RREB1|TBX1|TWIST1,-0.9,0
1,-3.3,C0036920,M1,1,0,DisGeNET,35,Sezary Syndrome,,-3.3,7.7,5.4,30182,196,100,5,5,2.2,3726|4605|5291|6929|7291,JUNB|MYBL2|PIK3CB|TCF3|TWIST1,-0.88,0
1,-3.3,C0458219,M1,1,0,DisGeNET,35,Complex Regional Pain Syndromes,,-3.3,19,7.2,30182,47,100,3,3,1.7,5599|6335|7291,MAPK8|SCN9A|TWIST1,-0.87,0
1,-3.3,C4551686,M1,1,0,DisGeNET,35,Malignant neoplasm of soft tissue,,-3.3,3.9,4.5,30182,699,100,9,9,2.9,412|2119|2346|2566|4613|5291|5599|6239|7291,STS|ETV5|FOLH1|GABRG2|MYCN|PIK3CB|MAPK8|RREB1|TWIST1,-0.87,0
1,-3.3,C0600427,M1,1,0,DisGeNET,35,Cocaine Dependence,,-3.3,7.6,5.4,30182,199,100,5,5,2.2,1395|2566|5291|8997|374868,CRHR2|GABRG2|PIK3CB|KALRN|ATP9B,-0.87,0
1,-3.3,C0033975,M1,1,0,DisGeNET,35,Psychotic Disorders,,-3.3,4.3,4.6,30182,560,100,8,8,2.7,1139|2566|2917|3084|6899|7337|8997|10846,CHRNA7|GABRG2|GRM7|NRG1|TBX1|UBE3A|KALRN|PDE10A,-0.86,0
1,-3.2,C0036857,M1,1,0,DisGeNET,35,Severe intellectual disability,,-3.2,4.9,4.7,30182,429,100,7,7,2.6,1139|5923|6899|7102|7337|8905|56776,CHRNA7|RASGRF1|TBX1|TSPAN7|UBE3A|AP1S2|FMN2,-0.85,0
1,-3.2,C0334579,M1,1,0,DisGeNET,35,Anaplastic astrocytoma,,-3.2,7.5,5.3,30182,202,100,5,5,2.2,2346|4133|4613|5291|5449,FOLH1|MAP2|MYCN|PIK3CB|POU1F1,-0.85,0
1,-3.2,C0035412,M1,1,0,DisGeNET,35,Rhabdomyosarcoma,,-3.2,4.3,4.5,30182,565,100,8,8,2.7,490|2346|3164|3642|4613|5291|5599|5923,ATP2B1|FOLH1|NR4A1|INSM1|MYCN|PIK3CB|MAPK8|RASGRF1,-0.85,0
1,-3.2,C0206655,M1,1,0,DisGeNET,35,Alveolar rhabdomyosarcoma,,-3.2,10,5.9,30182,115,100,4,4,2,3164|3642|4613|5599,NR4A1|INSM1|MYCN|MAPK8,-0.85,0
1,-3.2,C4316903,M1,1,0,DisGeNET,35,Absence Seizures,,-3.2,7.4,5.3,30182,204,100,5,5,2.2,1139|2566|6335|7102|7337,CHRNA7|GABRG2|SCN9A|TSPAN7|UBE3A,-0.85,0
1,-3.2,C0027831,M1,1,0,DisGeNET,35,Neurofibromatosis 1,,-3.2,5.8,4.9,30182,311,100,6,6,2.4,2119|2346|3297|5291|5599|6899,ETV5|FOLH1|HSF1|PIK3CB|MAPK8|TBX1,-0.85,0
1,-3.2,C0038379,M1,1,0,DisGeNET,35,Strabismus,,-3.2,3.8,4.4,30182,716,100,9,9,2.9,22|1139|6239|6899|7291|7337|8905|10664|55784,ABCB7|CHRNA7|RREB1|TBX1|TWIST1|UBE3A|AP1S2|CTCF|MCTP2,-0.83,0
1,-3.2,C0278488,M1,1,0,DisGeNET,35,Carcinoma breast stage IV,,-3.2,4.2,4.5,30182,573,100,8,8,2.7,22|444|2346|3297|3726|5291|7291|56916,ABCB7|ASPH|FOLH1|HSF1|JUNB|PIK3CB|TWIST1|SMARCAD1,-0.83,0
1,-3.2,C3896960,M1,1,0,DisGeNET,35,Childhood Pre-B Acute Lymphoblastic Leukemia,,-3.2,18,6.9,30182,51,100,3,3,1.7,2119|6929|56776,ETV5|TCF3|FMN2,-0.83,0
1,-3.2,C1848207,M1,1,0,DisGeNET,35,Poor speech,,-3.2,7.3,5.2,30182,208,100,5,5,2.2,7102|7337|8905|56776|81887,TSPAN7|UBE3A|AP1S2|FMN2|LAS1L,-0.83,0
1,-3.2,C0013384,M1,1,0,DisGeNET,35,Dyskinetic syndrome,,-3.2,5.7,4.9,30182,316,100,6,6,2.4,2566|3164|5132|10846|22906|56776,GABRG2|NR4A1|PDC|PDE10A|TRAK1|FMN2,-0.83,0
1,-3.2,C0001973,M1,1,0,DisGeNET,35,"Alcoholic Intoxication, Chronic",,-3.2,4.2,4.5,30182,577,100,8,8,2.7,1007|2566|2917|5291|5599|10846|56899|84251,CDH9|GABRG2|GRM7|PIK3CB|MAPK8|PDE10A|ANKS1B|SGIP1,-0.82,0
1,-3.2,C0239676,M1,1,0,DisGeNET,35,High forehead,,-3.2,7.2,5.2,30182,211,100,5,5,2.2,2566|6899|7291|8905|22906,GABRG2|TBX1|TWIST1|AP1S2|TRAK1,-0.81,0
1,-3.1,C0424605,M1,1,0,DisGeNET,35,Developmental delay (disorder),,-3.1,4.1,4.4,30182,584,100,8,8,2.7,1139|2346|2917|3084|5291|6899|7291|7337,CHRNA7|FOLH1|GRM7|NRG1|PIK3CB|TBX1|TWIST1|UBE3A,-0.8,0
1,-3.1,C0334299,M1,1,0,DisGeNET,35,Carcinoid tumor no ICD-O subtype,,-3.1,9.9,5.7,30182,122,100,4,4,2,280|412|3726|5291,AMY2B|STS|JUNB|PIK3CB,-0.8,0
1,-3.1,C0010606,M1,1,0,DisGeNET,35,Adenoid Cystic Carcinoma,,-3.1,5.6,4.8,30182,325,100,6,6,2.4,2346|2620|4613|5291|6899|57509,FOLH1|GAS2|MYCN|PIK3CB|TBX1|MTUS1,-0.8,0
1,-3.1,C0041671,M1,1,0,DisGeNET,35,Attention Deficit Disorder,,-3.1,9.8,5.6,30182,123,100,4,4,2,412|1139|2917|5291,STS|CHRNA7|GRM7|PIK3CB,-0.8,0
1,-3.1,C2936349,M1,1,0,DisGeNET,35,"Plaque, Amyloid",,-3.1,9.8,5.6,30182,123,100,4,4,2,2346|2770|4133|5291,FOLH1|GNAI1|MAP2|PIK3CB,-0.8,0
1,-3.1,C0021053,M1,1,0,DisGeNET,35,Immune System Diseases,,-3.1,4.7,4.5,30182,451,100,7,7,2.6,2119|3164|3659|3661|3726|5291|10318,ETV5|NR4A1|IRF1|IRF3|JUNB|PIK3CB|TNIP1,-0.8,0
1,-3.1,C0524528,M1,1,0,DisGeNET,35,Pervasive Development Disorder,,-3.1,5.5,4.7,30182,328,100,6,6,2.4,1139|2917|3084|5291|6899|7337,CHRNA7|GRM7|NRG1|PIK3CB|TBX1|UBE3A,-0.79,0
1,-3.1,C4529962,M1,1,0,DisGeNET,35,Fatty Liver Disease,,-3.1,3.7,4.2,30182,741,100,9,9,2.9,412|2770|3164|3726|5291|5599|6929|7942|23175,STS|GNAI1|NR4A1|JUNB|PIK3CB|MAPK8|TCF3|TFEB|LPIN1,-0.78,0
1,-3.1,C0796663,M1,1,0,DisGeNET,35,Childhood Testicular Germ Cell Tumor,,-3.1,16,6.6,30182,55,100,3,3,1.7,4613|5291|6899,MYCN|PIK3CB|TBX1,-0.78,0
1,-3.1,C0005745,M1,1,0,DisGeNET,35,Blepharoptosis,,-3.1,4.1,4.3,30182,595,100,8,8,2.7,1340|2566|5291|6239|6899|7291|22906|84294,COX6B1|GABRG2|PIK3CB|RREB1|TBX1|TWIST1|TRAK1|UTP23,-0.78,0
1,-3.1,C2700439,M1,1,0,DisGeNET,35,MAJOR AFFECTIVE DISORDER 8,,-3.1,9.6,5.6,30182,126,100,4,4,2,1139|3084|6239|6899,CHRNA7|NRG1|RREB1|TBX1,-0.78,0
1,-3.1,C2700440,M1,1,0,DisGeNET,35,MAJOR AFFECTIVE DISORDER 9,,-3.1,9.6,5.6,30182,126,100,4,4,2,1139|3084|6239|6899,CHRNA7|NRG1|RREB1|TBX1,-0.78,0
1,-3.1,C1691215,M1,1,0,DisGeNET,35,Penile hypospadias,,-3.1,9.5,5.5,30182,127,100,4,4,2,412|3726|5291|5599,STS|JUNB|PIK3CB|MAPK8,-0.77,0
1,-3.1,C2700438,M1,1,0,DisGeNET,35,MAJOR AFFECTIVE DISORDER 7,,-3.1,9.5,5.5,30182,127,100,4,4,2,1139|3084|6239|6899,CHRNA7|NRG1|RREB1|TBX1,-0.77,0
1,-3.1,C0006012,M1,1,0,DisGeNET,35,Borderline Personality Disorder,,-3.1,6.8,5,30182,221,100,5,5,2.2,1139|1395|3084|6335|10846,CHRNA7|CRHR2|NRG1|SCN9A|PDE10A,-0.77,0
1,-3,C0206687,M1,1,0,DisGeNET,35,"Carcinoma, Endometrioid",,-3,6.8,5,30182,223,100,5,5,2.2,2119|3659|3726|5291|7291,ETV5|IRF1|JUNB|PIK3CB|TWIST1,-0.77,0
1,-3,C0206718,M1,1,0,DisGeNET,35,Ganglioneuroblastoma,,-3,16,6.5,30182,57,100,3,3,1.7,3642|4613|6929,INSM1|MYCN|TCF3,-0.77,0
1,-3,C0424166,M1,1,0,DisGeNET,35,Social Anxiety,,-3,16,6.5,30182,57,100,3,3,1.7,2917|3084|4133,GRM7|NRG1|MAP2,-0.77,0
1,-3,C0740447,M1,1,0,DisGeNET,35,Diabetic peripheral neuropathy,,-3,9.4,5.5,30182,129,100,4,4,2,5291|5599|6335|7291,PIK3CB|MAPK8|SCN9A|TWIST1,-0.77,0
1,-3,C1851841,M1,1,0,DisGeNET,35,"ECTRODACTYLY, ECTODERMAL DYSPLASIA, AND CLEFT LIP/PALATE SYNDROME 1",,-3,9.4,5.5,30182,129,100,4,4,2,2119|3164|5291|10664,ETV5|NR4A1|PIK3CB|CTCF,-0.77,0
1,-3,C0151744,M1,1,0,DisGeNET,35,Myocardial Ischemia,,-3,3.6,4.2,30182,756,100,9,9,2.9,412|490|1959|3164|3659|3726|5291|6335|7942,STS|ATP2B1|EGR2|NR4A1|IRF1|JUNB|PIK3CB|SCN9A|TFEB,-0.76,0
1,-3,C0032019,M1,1,0,DisGeNET,35,Pituitary Neoplasms,,-3,9.2,5.4,30182,131,100,4,4,2,412|4133|5291|5449,STS|MAP2|PIK3CB|POU1F1,-0.75,0
1,-3,C0278876,M1,1,0,DisGeNET,35,Adult Medulloblastoma,,-3,3.6,4.1,30182,762,100,9,9,2.9,3164|3642|3659|4133|4613|4807|5291|5599|6929,NR4A1|INSM1|IRF1|MAP2|MYCN|NHLH1|PIK3CB|MAPK8|TCF3,-0.75,0
1,-3,C0233794,M1,1,0,DisGeNET,35,Memory impairment,,-3,3.6,4.1,30182,763,100,9,9,2.9,412|1139|2346|3084|3164|4133|5291|5599|8997,STS|CHRNA7|FOLH1|NRG1|NR4A1|MAP2|PIK3CB|MAPK8|KALRN,-0.75,0
1,-3,C1282496,M1,1,0,DisGeNET,35,Metastasis from malignant tumor of prostate,,-3,5.3,4.6,30182,342,100,6,6,2.4,2346|3659|5291|5599|7291|10664,FOLH1|IRF1|PIK3CB|MAPK8|TWIST1|CTCF,-0.75,0
1,-3,C1853242,M1,1,0,DisGeNET,35,Midface retrusion,,-3,6.6,4.9,30182,228,100,5,5,2.2,5449|6899|7102|7291|114803,POU1F1|TBX1|TSPAN7|TWIST1|MYSM1,-0.75,0
1,-3,C0520966,M1,1,0,DisGeNET,35,Abnormal coordination,,-3,15,6.4,30182,59,100,3,3,1.7,22|2566|6335,ABCB7|GABRG2|SCN9A,-0.75,0
1,-3,C0013080,M1,1,0,DisGeNET,35,Down Syndrome,,-3,3.6,4.1,30182,765,100,9,9,2.9,412|1139|1959|3659|4685|6899|7291|7337|10776,STS|CHRNA7|EGR2|IRF1|NCAM2|TBX1|TWIST1|UBE3A|ARPP19,-0.75,0
1,-3,C0019187,M1,1,0,DisGeNET,35,"Hepatitis, Alcoholic",,-3,9.1,5.4,30182,133,100,4,4,2,412|3661|5291|7942,STS|IRF3|PIK3CB|TFEB,-0.75,0
1,-3,C0278510,M1,1,0,DisGeNET,35,Childhood Medulloblastoma,,-3,3.5,4.1,30182,771,100,9,9,2.9,3164|3642|3659|4133|4613|4807|5291|5599|6929,NR4A1|INSM1|IRF1|MAP2|MYCN|NHLH1|PIK3CB|MAPK8|TCF3,-0.74,0
1,-3,C1449563,M1,1,0,DisGeNET,35,"Cardiomyopathy, Familial Idiopathic",,-3,3.5,4.1,30182,772,100,9,9,2.9,3084|3297|3659|5291|5599|5923|7291|7942|8320,NRG1|HSF1|IRF1|PIK3CB|MAPK8|RASGRF1|TWIST1|TFEB|EOMES,-0.74,0
1,-3,C0020459,M1,1,0,DisGeNET,35,Hyperinsulinism,,-3,3.9,4.2,30182,620,100,8,8,2.7,490|5291|5590|5599|6929|7291|23175|23365,ATP2B1|PIK3CB|PRKCZ|MAPK8|TCF3|TWIST1|LPIN1|ARHGEF12,-0.74,0
1,-2.9,C0442874,M1,1,0,DisGeNET,35,Neuropathy,,-2.9,4.4,4.3,30182,483,100,7,7,2.6,1959|3084|3661|5291|6335|23175|137970,EGR2|NRG1|IRF3|PIK3CB|SCN9A|LPIN1|UNC5D,-0.71,0
1,-2.9,C0267797,M1,1,0,DisGeNET,35,Acute hepatitis,,-2.9,15,6.2,30182,62,100,3,3,1.7,3164|3726|5599,NR4A1|JUNB|MAPK8,-0.71,0
1,-2.9,C0014556,M1,1,0,DisGeNET,35,"Epilepsy, Temporal Lobe",,-2.9,5.1,4.5,30182,354,100,6,6,2.4,1959|3084|4133|5599|10846|83660,EGR2|NRG1|MAP2|MAPK8|PDE10A|TLN2,-0.71,0
1,-2.9,C0003466,M1,1,0,DisGeNET,35,"Anus, Imperforate",,-2.9,8.7,5.2,30182,139,100,4,4,2,6239|6899|7291|56776,RREB1|TBX1|TWIST1|FMN2,-0.71,0
1,-2.9,C0018834,M1,1,0,DisGeNET,35,Heartburn,,-2.9,8.7,5.2,30182,139,100,4,4,2,5291|5357|5599|7942,PIK3CB|PLS1|MAPK8|TFEB,-0.71,0
1,-2.9,C0973461,M1,1,0,DisGeNET,35,Dysphasia,,-2.9,14,6.1,30182,63,100,3,3,1.7,412|6239|6899,STS|RREB1|TBX1,-0.7,0
1,-2.9,C0036220,M1,1,0,DisGeNET,35,Kaposi Sarcoma,,-2.9,4.3,4.3,30182,488,100,7,7,2.6,3659|3661|5291|5599|6239|10318|10664,IRF1|IRF3|PIK3CB|MAPK8|RREB1|TNIP1|CTCF,-0.7,0
1,-2.9,C0008487,M1,1,0,DisGeNET,35,Chordoma,,-2.9,8.6,5.2,30182,140,100,4,4,2,3642|5291|6899|6929,INSM1|PIK3CB|TBX1|TCF3,-0.7,0
1,-2.9,C0004936,M1,1,0,DisGeNET,35,Mental disorders,,-2.9,3.4,4,30182,789,100,9,9,2.9,1139|2346|2917|3084|3726|6899|10664|10846|66000,CHRNA7|FOLH1|GRM7|NRG1|JUNB|TBX1|CTCF|PDE10A|TMEM108,-0.7,0
1,-2.9,C0936223,M1,1,0,DisGeNET,35,Metastatic Prostate Carcinoma,,-2.9,5,4.4,30182,362,100,6,6,2.4,2346|3659|5291|5599|7291|10664,FOLH1|IRF1|PIK3CB|MAPK8|TWIST1|CTCF,-0.68,0
1,-2.9,C0007621,M1,1,0,DisGeNET,35,Neoplastic Cell Transformation,,-2.9,8.4,5.1,30182,143,100,4,4,2,1488|3084|4613|5599,CTBP2|NRG1|MYCN|MAPK8,-0.68,0
1,-2.9,C0240635,M1,1,0,DisGeNET,35,Byzanthine arch palate,,-2.9,4.3,4.2,30182,497,100,7,7,2.6,1340|4613|6899|6929|7291|8905|84294,COX6B1|MYCN|TBX1|TCF3|TWIST1|AP1S2|UTP23,-0.68,0
1,-2.9,C0278874,M1,1,0,DisGeNET,35,Adult Ependymoma,,-2.9,8.4,5.1,30182,144,100,4,4,2,4133|4613|5291|7291,MAP2|MYCN|PIK3CB|TWIST1,-0.67,0
1,-2.9,C0796611,M1,1,0,DisGeNET,35,Newly Diagnosed Childhood Ependymoma,,-2.9,8.4,5.1,30182,144,100,4,4,2,4133|4613|5291|7291,MAP2|MYCN|PIK3CB|TWIST1,-0.67,0
1,-2.9,C0848558,M1,1,0,DisGeNET,35,Hypospadias,,-2.9,4.9,4.4,30182,366,100,6,6,2.4,3726|5291|5599|6239|6899|55784,JUNB|PIK3CB|MAPK8|RREB1|TBX1|MCTP2,-0.67,0
1,-2.8,C0409959,M1,1,0,DisGeNET,35,"Osteoarthritis, Knee",,-2.8,4.9,4.4,30182,368,100,6,6,2.4,4052|5291|5599|6899|7291|8997,LTBP1|PIK3CB|MAPK8|TBX1|TWIST1|KALRN,-0.67,0
1,-2.8,C0677898,M1,1,0,DisGeNET,35,invasive cancer,,-2.8,8.3,5.1,30182,146,100,4,4,2,444|4605|7291|7337,ASPH|MYBL2|TWIST1|UBE3A,-0.67,0
1,-2.8,C1851584,M1,1,0,DisGeNET,35,Childhood Ependymoma,,-2.8,8.2,5.1,30182,147,100,4,4,2,4133|4613|5291|7291,MAP2|MYCN|PIK3CB|TWIST1,-0.67,0
1,-2.8,C4317109,M1,1,0,DisGeNET,35,Epileptic Seizures,,-2.8,6,4.6,30182,250,100,5,5,2.2,1139|2917|5291|5923|7337,CHRNA7|GRM7|PIK3CB|RASGRF1|UBE3A,-0.67,0
1,-2.8,C0279671,M1,1,0,DisGeNET,35,Cervical Squamous Cell Carcinoma,,-2.8,4.9,4.3,30182,371,100,6,6,2.4,2346|5291|6480|6929|7291|10664,FOLH1|PIK3CB|ST6GAL1|TCF3|TWIST1|CTCF,-0.67,0
1,-2.8,C0026351,M1,1,0,DisGeNET,35,Moderate intellectual disability,,-2.8,6,4.6,30182,251,100,5,5,2.2,6899|7102|7291|8905|56776,TBX1|TSPAN7|TWIST1|AP1S2|FMN2,-0.67,0
1,-2.8,C2938924,M1,1,0,DisGeNET,35,Oestrogen receptor positive breast cancer,,-2.8,4.1,4.1,30182,510,100,7,7,2.6,412|444|1395|3297|5291|7291|144455,STS|ASPH|CRHR2|HSF1|PIK3CB|TWIST1|E2F7,-0.66,0
1,-2.8,C0020620,M1,1,0,DisGeNET,35,Hypohidrosis,,-2.8,13,5.8,30182,69,100,3,3,1.7,412|6335|56916,STS|SCN9A|SMARCAD1,-0.66,0
1,-2.8,C0266294,M1,1,0,DisGeNET,35,Unilateral agenesis of kidney,,-2.8,13,5.8,30182,69,100,3,3,1.7,412|2346|6899,STS|FOLH1|TBX1,-0.66,0
1,-2.8,C0333875,M1,1,0,DisGeNET,35,High-Grade Squamous Intraepithelial Lesions,,-2.8,8,5,30182,150,100,4,4,2,412|7291|7337|10664,STS|TWIST1|UBE3A|CTCF,-0.66,0
1,-2.8,C0156344,M1,1,0,DisGeNET,35,Endometriosis of ovary,,-2.8,13,5.8,30182,70,100,3,3,1.7,3164|7291|10664,NR4A1|TWIST1|CTCF,-0.65,0
1,-2.8,C1842581,M1,1,0,DisGeNET,35,Abnormal corpus callosum morphology,,-2.8,13,5.8,30182,70,100,3,3,1.7,2566|7337|22906,GABRG2|UBE3A|TRAK1,-0.65,0
1,-2.8,C4521042,M1,1,0,DisGeNET,35,Complete Trisomy 21 Syndrome,,-2.8,3.6,3.9,30182,668,100,8,8,2.7,412|1959|3659|4685|6899|7291|7337|10776,STS|EGR2|IRF1|NCAM2|TBX1|TWIST1|UBE3A|ARPP19,-0.64,0
1,-2.7,C1854301,M1,1,0,DisGeNET,35,Motor delay,,-2.7,4.7,4.2,30182,384,100,6,6,2.4,1340|1959|6335|7337|10846|56776,COX6B1|EGR2|SCN9A|UBE3A|PDE10A|FMN2,-0.64,0
1,-2.7,C0008479,M1,1,0,DisGeNET,35,Chondrosarcoma,,-2.7,4.7,4.2,30182,385,100,6,6,2.4,2119|3642|3726|4133|5291|7942,ETV5|INSM1|JUNB|MAP2|PIK3CB|TFEB,-0.64,0
1,-2.7,C0038580,M1,1,0,DisGeNET,35,Substance Dependence,,-2.7,7.7,4.9,30182,156,100,4,4,2,2566|2917|3084|8412,GABRG2|GRM7|NRG1|BCAR3,-0.63,0
1,-2.7,C0004565,M1,1,0,DisGeNET,35,"Melanoma, B16",,-2.7,7.7,4.8,30182,157,100,4,4,2,3297|3659|3661|5291,HSF1|IRF1|IRF3|PIK3CB,-0.63,0
1,-2.7,C1527390,M1,1,0,DisGeNET,35,"Neoplasms, Intracranial",,-2.7,7.7,4.8,30182,157,100,4,4,2,4613|5291|5599|6480,MYCN|PIK3CB|MAPK8|ST6GAL1,-0.63,0
1,-2.7,C0023508,M1,1,0,DisGeNET,35,White Blood Cell Count procedure,,-2.7,3.5,3.9,30182,681,100,8,8,2.7,4800|6239|7942|9586|23139|55619|83660|84251,NFYA|RREB1|TFEB|CREB5|MAST2|DOCK10|TLN2|SGIP1,-0.63,0
1,-2.7,C1970943,M1,1,0,DisGeNET,35,MAJOR AFFECTIVE DISORDER 4,,-2.7,7.5,4.8,30182,160,100,4,4,2,1139|3084|6239|6899,CHRNA7|NRG1|RREB1|TBX1,-0.62,0
1,-2.7,C1970945,M1,1,0,DisGeNET,35,MAJOR AFFECTIVE DISORDER 6,,-2.7,7.5,4.8,30182,160,100,4,4,2,1139|3084|6239|6899,CHRNA7|NRG1|RREB1|TBX1,-0.62,0
1,-2.7,C4049938,M1,1,0,DisGeNET,35,Physical Activity Measurement,,-2.7,7.5,4.8,30182,160,100,4,4,2,1488|2119|4052|54815,CTBP2|ETV5|LTBP1|GATAD2A,-0.62,0
1,-2.7,C4733095,M1,1,0,DisGeNET,35,HER2-negative breast cancer,,-2.7,7.5,4.8,30182,160,100,4,4,2,3084|4605|5291|5599,NRG1|MYBL2|PIK3CB|MAPK8,-0.62,0
1,-2.7,C0007785,M1,1,0,DisGeNET,35,Cerebral Infarction,,-2.7,3.5,3.8,30182,687,100,8,8,2.7,490|3164|3726|4133|4613|5291|5599|6929,ATP2B1|NR4A1|JUNB|MAP2|MYCN|PIK3CB|MAPK8|TCF3,-0.62,0
1,-2.7,C1852197,M1,1,0,DisGeNET,35,MAJOR AFFECTIVE DISORDER 1,,-2.7,7.5,4.8,30182,161,100,4,4,2,1139|3084|6239|6899,CHRNA7|NRG1|RREB1|TBX1,-0.62,0
1,-2.7,C0002793,M1,1,0,DisGeNET,35,Anaplasia,,-2.7,3.9,3.9,30182,538,100,7,7,2.6,2346|3084|4613|5599|6899|6929|7942,FOLH1|NRG1|MYCN|MAPK8|TBX1|TCF3|TFEB,-0.62,0
1,-2.7,C0029925,M1,1,0,DisGeNET,35,Ovarian Carcinoma,,-2.7,3.9,3.9,30182,539,100,7,7,2.6,1488|3659|5291|5599|6480|7291|57509,CTBP2|IRF1|PIK3CB|MAPK8|ST6GAL1|TWIST1|MTUS1,-0.62,0
1,-2.7,C0271441,M1,1,0,DisGeNET,35,Chronic otitis media,,-2.7,7.4,4.7,30182,163,100,4,4,2,412|6239|6899|6929,STS|RREB1|TBX1|TCF3,-0.62,0
1,-2.7,C0334583,M1,1,0,DisGeNET,35,Pilocytic Astrocytoma,,-2.7,7.4,4.7,30182,163,100,4,4,2,2119|5291|5599|7291,ETV5|PIK3CB|MAPK8|TWIST1,-0.62,0
1,-2.7,C0751295,M1,1,0,DisGeNET,35,Memory Loss,,-2.7,7.4,4.7,30182,163,100,4,4,2,1139|2346|3297|5599,CHRNA7|FOLH1|HSF1|MAPK8,-0.62,0
1,-2.7,C0017654,M1,1,0,DisGeNET,35,Glomerular Filtration Rate,,-2.7,4.5,4.1,30182,399,100,6,6,2.4,2119|3084|6239|7942|8412|83660,ETV5|NRG1|RREB1|TFEB|BCAR3|TLN2,-0.62,0
1,-2.7,C0525041,M1,1,0,DisGeNET,35,Neurobehavioral Manifestations,,-2.7,12,5.5,30182,77,100,3,3,1.7,1139|3084|10846,CHRNA7|NRG1|PDE10A,-0.62,0
1,-2.7,C0002726,M1,1,0,DisGeNET,35,Amyloidosis,,-2.7,3.5,3.8,30182,694,100,8,8,2.7,412|3084|3164|3297|4133|5291|5599|7942,STS|NRG1|NR4A1|HSF1|MAP2|PIK3CB|MAPK8|TFEB,-0.62,0
1,-2.7,C1319315,M1,1,0,DisGeNET,35,Adenocarcinoma of large intestine,,-2.7,3.9,3.9,30182,543,100,7,7,2.6,1395|2346|5291|5590|7942|23007|84294,CRHR2|FOLH1|PIK3CB|PRKCZ|TFEB|PLCH1|UTP23,-0.61,0
1,-2.6,C0015310,M1,1,0,DisGeNET,35,Exotropia,,-2.6,12,5.4,30182,78,100,3,3,1.7,6899|7337|56776,TBX1|UBE3A|FMN2,-0.61,0
1,-2.6,C0236733,M1,1,0,DisGeNET,35,Amphetamine-Related Disorders,,-2.6,12,5.4,30182,78,100,3,3,1.7,2566|3084|56899,GABRG2|NRG1|ANKS1B,-0.61,0
1,-2.6,C0022680,M1,1,0,DisGeNET,35,Polycystic Kidney Diseases,,-2.6,5.5,4.3,30182,276,100,5,5,2.2,3726|5291|5923|6239|6899,JUNB|PIK3CB|RASGRF1|RREB1|TBX1,-0.6,0
1,-2.6,C0024115,M1,1,0,DisGeNET,35,Lung diseases,,-2.6,3.4,3.8,30182,700,100,8,8,2.7,1395|3164|3659|3661|3726|5599|7291|8905,CRHR2|NR4A1|IRF1|IRF3|JUNB|MAPK8|TWIST1|AP1S2,-0.6,0
1,-2.6,C0042109,M1,1,0,DisGeNET,35,Urticaria,,-2.6,7.2,4.6,30182,168,100,4,4,2,3659|4133|5291|9586,IRF1|MAP2|PIK3CB|CREB5,-0.59,0
1,-2.6,C0423224,M1,1,0,DisGeNET,35,Sunken eyes,,-2.6,7.1,4.6,30182,171,100,4,4,2,5449|7337|8905|81887,POU1F1|UBE3A|AP1S2|LAS1L,-0.56,0
1,-2.6,C4021768,M1,1,0,DisGeNET,35,Abnormality of metabolism/homeostasis,,-2.6,7.1,4.6,30182,171,100,4,4,2,22|412|6335|6899,ABCB7|STS|SCN9A|TBX1,-0.56,0
1,-2.6,C1134719,M1,1,0,DisGeNET,35,Invasive Ductal Breast Carcinoma,,-2.6,4.4,4,30182,414,100,6,6,2.4,3659|5291|5590|5599|7291|10664,IRF1|PIK3CB|PRKCZ|MAPK8|TWIST1|CTCF,-0.56,0
1,-2.6,C0027059,M1,1,0,DisGeNET,35,Myocarditis,,-2.6,5.3,4.2,30182,285,100,5,5,2.2,3084|3659|3661|5599|5923,NRG1|IRF1|IRF3|MAPK8|RASGRF1,-0.56,0
1,-2.6,C0454644,M1,1,0,DisGeNET,35,Delayed speech and language development,,-2.6,3.8,3.8,30182,560,100,7,7,2.6,2566|6899|7102|7337|22906|55784|56776,GABRG2|TBX1|TSPAN7|UBE3A|TRAK1|MCTP2|FMN2,-0.56,0
1,-2.6,C4551683,M1,1,0,DisGeNET,35,Adrenal Gland Pheochromocytoma,,-2.6,4.4,4,30182,416,100,6,6,2.4,3661|4613|5132|5291|5599|7291,IRF3|MYCN|PDC|PIK3CB|MAPK8|TWIST1,-0.56,0
1,-2.6,C0002622,M1,1,0,DisGeNET,35,Amnesia,,-2.6,7,4.5,30182,173,100,4,4,2,2346|2770|3297|5599,FOLH1|GNAI1|HSF1|MAPK8,-0.56,0
1,-2.6,C0014772,M1,1,0,DisGeNET,35,Red Blood Cell Count measurement,,-2.6,3.4,3.7,30182,717,100,8,8,2.7,1488|2119|3084|6239|7942|10846|23139|149076,CTBP2|ETV5|NRG1|RREB1|TFEB|PDE10A|MAST2|ZNF362,-0.56,0
1,-2.6,C0853193,M1,1,0,DisGeNET,35,Bipolar I disorder,,-2.6,11,5.2,30182,83,100,3,3,1.7,1959|2917|3084,EGR2|GRM7|NRG1,-0.56,0
1,-2.6,C2118460,M1,1,0,DisGeNET,35,Acute colitis,,-2.6,11,5.2,30182,83,100,3,3,1.7,412|5291|5599,STS|PIK3CB|MAPK8,-0.56,0
1,-2.6,C0011265,M1,1,0,DisGeNET,35,Presenile dementia,,-2.6,3.4,3.7,30182,718,100,8,8,2.7,1139|2346|2742|3297|4133|5132|7942|56776,CHRNA7|FOLH1|GLRA2|HSF1|MAP2|PDC|TFEB|FMN2,-0.56,0
1,-2.6,C2062441,M1,1,0,DisGeNET,35,Influenza A,,-2.6,3.8,3.8,30182,562,100,7,7,2.6,2059|3659|3661|3726|5291|5599|6480,EPS8|IRF1|IRF3|JUNB|PIK3CB|MAPK8|ST6GAL1,-0.56,0
1,-2.6,C0035869,M1,1,0,DisGeNET,35,Rotavirus Infections,,-2.6,11,5.2,30182,84,100,3,3,1.7,3659|5291|5599,IRF1|PIK3CB|MAPK8,-0.55,0
1,-2.6,C1266184,M1,1,0,DisGeNET,35,Atypical Teratoid Rhabdoid Tumor,,-2.6,11,5.2,30182,84,100,3,3,1.7,4613|5291|6899,MYCN|PIK3CB|TBX1,-0.55,0
1,-2.6,C0086132,M1,1,0,DisGeNET,35,Depressive Symptoms,,-2.6,4.3,3.9,30182,421,100,6,6,2.4,2346|3084|3726|4133|5923|6929,FOLH1|NRG1|JUNB|MAP2|RASGRF1|TCF3,-0.54,0
1,-2.5,C0011195,M1,1,0,DisGeNET,35,Dejerine-Sottas Disease (disorder),,-2.5,6.9,4.5,30182,176,100,4,4,2,1959|3164|5599|23175,EGR2|NR4A1|MAPK8|LPIN1,-0.54,0
1,-2.5,C1857276,M1,1,0,DisGeNET,35,Trichohepatoenteric Syndrome,,-2.5,4.3,3.9,30182,422,100,6,6,2.4,412|2566|6899|7291|7337|10664,STS|GABRG2|TBX1|TWIST1|UBE3A|CTCF,-0.54,0
1,-2.5,C0002418,M1,1,0,DisGeNET,35,Amblyopia,,-2.5,11,5.1,30182,85,100,3,3,1.7,3659|6899|7291,IRF1|TBX1|TWIST1,-0.54,0
1,-2.5,C0685938,M1,1,0,DisGeNET,35,Malignant neoplasm of gastrointestinal tract,,-2.5,4.3,3.9,30182,423,100,6,6,2.4,3297|3659|5291|5599|6929|10664,HSF1|IRF1|PIK3CB|MAPK8|TCF3|CTCF,-0.54,0
1,-2.5,C0153633,M1,1,0,DisGeNET,35,Malignant neoplasm of brain,,-2.5,5.1,4.1,30182,294,100,5,5,2.2,2119|4613|5132|5291|7942,ETV5|MYCN|PDC|PIK3CB|TFEB,-0.52,0
1,-2.5,C2717836,M1,1,0,DisGeNET,35,Steroid Sulfatase Deficiency Disease,,-2.5,6.7,4.4,30182,181,100,4,4,2,412|5291|5599|5923,STS|PIK3CB|MAPK8|RASGRF1,-0.51,0
1,-2.5,C0017075,M1,1,0,DisGeNET,35,Ganglioneuroma,,-2.5,10,5,30182,88,100,3,3,1.7,3642|4613|6929,INSM1|MYCN|TCF3,-0.51,0
1,-2.5,C0206695,M1,1,0,DisGeNET,35,"Carcinoma, Neuroendocrine",,-2.5,6.6,4.4,30182,182,100,4,4,2,3642|4133|4613|5291,INSM1|MAP2|MYCN|PIK3CB,-0.5,0
1,-2.5,C0525045,M1,1,0,DisGeNET,35,Mood Disorders,,-2.5,3.6,3.7,30182,580,100,7,7,2.6,412|1395|2917|4133|5291|5590|6899,STS|CRHR2|GRM7|MAP2|PIK3CB|PRKCZ|TBX1,-0.5,0
1,-2.5,C0037822,M1,1,0,DisGeNET,35,Speech Disorders,,-2.5,6.6,4.4,30182,183,100,4,4,2,22|412|6899|7337,ABCB7|STS|TBX1|UBE3A,-0.5,0
1,-2.5,C0206180,M1,1,0,DisGeNET,35,Ki-1+ Anaplastic Large Cell Lymphoma,,-2.5,5,4,30182,300,100,5,5,2.2,3726|5291|5599|6480|7291,JUNB|PIK3CB|MAPK8|ST6GAL1|TWIST1,-0.5,0
1,-2.5,C0001339,M1,1,0,DisGeNET,35,Acute pancreatitis,,-2.5,4.2,3.8,30182,435,100,6,6,2.4,2119|3297|5291|5599|6929|7942,ETV5|HSF1|PIK3CB|MAPK8|TCF3|TFEB,-0.5,0
1,-2.5,C0023440,M1,1,0,DisGeNET,35,Acute Erythroblastic Leukemia,,-2.5,5,4,30182,302,100,5,5,2.2,3084|3297|5291|5599|57509,NRG1|HSF1|PIK3CB|MAPK8|MTUS1,-0.49,0
1,-2.5,C0262584,M1,1,0,DisGeNET,35,"Carcinoma, Small Cell",,-2.5,6.5,4.3,30182,185,100,4,4,2,412|3642|4133|5291,STS|INSM1|MAP2|PIK3CB,-0.49,0
1,-2.5,C0025990,M1,1,0,DisGeNET,35,Micrognathism,,-2.5,3.6,3.7,30182,586,100,7,7,2.6,4613|6239|6899|7291|55784|81887|84294,MYCN|RREB1|TBX1|TWIST1|MCTP2|LAS1L|UTP23,-0.49,0
1,-2.5,C0264408,M1,1,0,DisGeNET,35,Childhood asthma,,-2.5,5,4,30182,303,100,5,5,2.2,412|1395|3084|3659|56899,STS|CRHR2|NRG1|IRF1|ANKS1B,-0.49,0
1,-2.5,C0085084,M1,1,0,DisGeNET,35,Motor Neuron Disease,,-2.5,6.5,4.3,30182,186,100,4,4,2,3084|5357|5923|81887,NRG1|PLS1|RASGRF1|LAS1L,-0.49,0
1,-2.5,C0426886,M1,1,0,DisGeNET,35,Tapering fingers (finding),,-2.5,10,4.9,30182,91,100,3,3,1.7,6335|56916|81887,SCN9A|SMARCAD1|LAS1L,-0.49,0
1,-2.5,C1847540,M1,1,0,DisGeNET,35,"Azoospermia, Nonobstructive",,-2.5,10,4.9,30182,91,100,3,3,1.7,2119|5291|23139,ETV5|PIK3CB|MAST2,-0.49,0
1,-2.5,C0947751,M1,1,0,DisGeNET,35,Vascular inflammations,,-2.5,4.9,4,30182,305,100,5,5,2.2,3164|3726|5291|7942|57509,NR4A1|JUNB|PIK3CB|TFEB|MTUS1,-0.49,0
1,-2.5,C0033375,M1,1,0,DisGeNET,35,Prolactinoma,,-2.5,6.5,4.3,30182,187,100,4,4,2,3084|4613|5291|5449,NRG1|MYCN|PIK3CB|POU1F1,-0.49,0
1,-2.4,C0020626,M1,1,0,DisGeNET,35,Hypoparathyroidism,,-2.4,9.8,4.9,30182,92,100,3,3,1.7,412|6239|6899,STS|RREB1|TBX1,-0.48,0
1,-2.4,C0280781,M1,1,0,DisGeNET,35,Adult Pilocytic Astrocytoma,,-2.4,9.8,4.9,30182,92,100,3,3,1.7,2119|5291|5599,ETV5|PIK3CB|MAPK8,-0.48,0
1,-2.4,C0042345,M1,1,0,DisGeNET,35,Varicosity,,-2.4,6.4,4.3,30182,188,100,4,4,2,412|3726|6239|6899,STS|JUNB|RREB1|TBX1,-0.48,0
1,-2.4,C0014548,M1,1,0,DisGeNET,35,"Epilepsy, Generalized",,-2.4,9.7,4.9,30182,93,100,3,3,1.7,1139|2566|7337,CHRNA7|GABRG2|UBE3A,-0.47,0
1,-2.4,C0398686,M1,1,0,DisGeNET,35,Primary immune deficiency disorder,,-2.4,9.7,4.9,30182,93,100,3,3,1.7,5291|6929|114803,PIK3CB|TCF3|MYSM1,-0.47,0
1,-2.4,C0008626,M1,1,0,DisGeNET,35,Congenital chromosomal disease,,-2.4,3.2,3.5,30182,757,100,8,8,2.7,412|4613|5291|6239|6899|7291|7942|144455,STS|MYCN|PIK3CB|RREB1|TBX1|TWIST1|TFEB|E2F7,-0.47,0
1,-2.4,C0017168,M1,1,0,DisGeNET,35,Gastroesophageal reflux disease,,-2.4,4.1,3.8,30182,446,100,6,6,2.4,2566|6239|6335|6899|7291|22906,GABRG2|RREB1|SCN9A|TBX1|TWIST1|TRAK1,-0.47,0
1,-2.4,C0017160,M1,1,0,DisGeNET,35,Gastroenteritis,,-2.4,9.6,4.8,30182,94,100,3,3,1.7,3661|5599|8412,IRF3|MAPK8|BCAR3,-0.47,0
1,-2.4,C0020598,M1,1,0,DisGeNET,35,Hypocalcemia,,-2.4,9.6,4.8,30182,94,100,3,3,1.7,490|6239|6899,ATP2B1|RREB1|TBX1,-0.47,0
1,-2.4,C0270850,M1,1,0,DisGeNET,35,Idiopathic generalized epilepsy,,-2.4,9.6,4.8,30182,94,100,3,3,1.7,1139|2566|2917,CHRNA7|GABRG2|GRM7,-0.47,0
1,-2.4,C0151888,M1,1,0,DisGeNET,35,Hyporeflexia,,-2.4,4.8,3.9,30182,312,100,5,5,2.2,1959|2566|6335|22906|23175,EGR2|GABRG2|SCN9A|TRAK1|LPIN1,-0.46,0
1,-2.4,C3536893,M1,1,0,DisGeNET,35,Ewing Sarcoma/Peripheral Primitive Neuroectodermal Tumor,,-2.4,9.5,4.8,30182,95,100,3,3,1.7,2346|4613|5291,FOLH1|MYCN|PIK3CB,-0.46,0
1,-2.4,C0030297,M1,1,0,DisGeNET,35,Pancreatic Neoplasm,,-2.4,3.2,3.5,30182,764,100,8,8,2.7,3084|3164|3297|5291|5590|5599|7291|8470,NRG1|NR4A1|HSF1|PIK3CB|PRKCZ|MAPK8|TWIST1|SORBS2,-0.46,0
1,-2.4,C1302401,M1,1,0,DisGeNET,35,Adenoma of large intestine,,-2.4,4,3.7,30182,452,100,6,6,2.4,412|2059|2917|7291|22906|84294,STS|EPS8|GRM7|TWIST1|TRAK1|UTP23,-0.45,0
1,-2.4,C0027796,M1,1,0,DisGeNET,35,Neuralgia,,-2.4,3.1,3.5,30182,767,100,8,8,2.7,2917|3084|3661|5291|5599|6335|7291|23175,GRM7|NRG1|IRF3|PIK3CB|MAPK8|SCN9A|TWIST1|LPIN1,-0.45,0
1,-2.4,C0009241,M1,1,0,DisGeNET,35,Cognition Disorders,,-2.4,3.5,3.6,30182,606,100,7,7,2.6,1139|3084|5291|5599|6929|7337|10846,CHRNA7|NRG1|PIK3CB|MAPK8|TCF3|UBE3A|PDE10A,-0.44,0
1,-2.4,C0033377,M1,1,0,DisGeNET,35,Ptosis,,-2.4,3.5,3.6,30182,607,100,7,7,2.6,1340|2566|5291|6239|6899|7291|22906,COX6B1|GABRG2|PIK3CB|RREB1|TBX1|TWIST1|TRAK1,-0.44,0
1,-2.4,C1332995,M1,1,0,DisGeNET,35,Childhood Pilocytic Astrocytoma,,-2.4,9.3,4.7,30182,97,100,3,3,1.7,2119|5291|5599,ETV5|PIK3CB|MAPK8,-0.44,0
1,-2.4,C0278660,M1,1,0,DisGeNET,35,Adult Synovial Sarcoma,,-2.4,6.1,4.1,30182,198,100,4,4,2,2346|4613|5291|5599,FOLH1|MYCN|PIK3CB|MAPK8,-0.43,0
1,-2.4,C0279982,M1,1,0,DisGeNET,35,Childhood Synovial Sarcoma,,-2.4,6.1,4.1,30182,198,100,4,4,2,2346|4613|5291|5599,FOLH1|MYCN|PIK3CB|MAPK8,-0.43,0
1,-2.4,C0020676,M1,1,0,DisGeNET,35,Hypothyroidism,,-2.4,3.4,3.5,30182,613,100,7,7,2.6,3084|4133|5291|5449|6239|6899|10846,NRG1|MAP2|PIK3CB|POU1F1|RREB1|TBX1|PDE10A,-0.43,0
1,-2.4,C0079588,M1,1,0,DisGeNET,35,"Ichthyosis, X-Linked",,-2.4,6.1,4.1,30182,199,100,4,4,2,412|5291|5599|5923,STS|PIK3CB|MAPK8|RASGRF1,-0.42,0
1,-2.3,C0019337,M1,1,0,DisGeNET,35,Heroin Dependence,,-2.3,9.1,4.7,30182,100,100,3,3,1.7,1395|5599|56899,CRHR2|MAPK8|ANKS1B,-0.41,0
1,-2.3,C0041234,M1,1,0,DisGeNET,35,Chagas Disease,,-2.3,6,4.1,30182,202,100,4,4,2,412|490|5291|7291,STS|ATP2B1|PIK3CB|TWIST1,-0.4,0
1,-2.3,C0339543,M1,1,0,DisGeNET,35,Epiretinal Membrane,,-2.3,8.9,4.6,30182,102,100,3,3,1.7,2119|5291|6929,ETV5|PIK3CB|TCF3,-0.39,0
1,-2.3,C0740391,M1,1,0,DisGeNET,35,Middle Cerebral Artery Occlusion,,-2.3,3.4,3.5,30182,626,100,7,7,2.6,412|3084|3726|4133|5291|5599|23175,STS|NRG1|JUNB|MAP2|PIK3CB|MAPK8|LPIN1,-0.38,0
1,-2.3,C3665593,M1,1,0,DisGeNET,35,Melanocytic nevus of skin,,-2.3,8.8,4.6,30182,103,100,3,3,1.7,412|4133|6239,STS|MAP2|RREB1,-0.38,0
1,-2.3,C0040420,M1,1,0,DisGeNET,35,Tonometry,,-2.3,5.9,4,30182,206,100,4,4,2,2346|4052|8997|23365,FOLH1|LTBP1|KALRN|ARHGEF12,-0.38,0
1,-2.3,C0008297,M1,1,0,DisGeNET,35,Choanal Atresia,,-2.3,8.7,4.5,30182,104,100,3,3,1.7,6239|6899|7291,RREB1|TBX1|TWIST1,-0.38,0
1,-2.3,C0175693,M1,1,0,DisGeNET,35,Russell-Silver syndrome,,-2.3,8.7,4.5,30182,104,100,3,3,1.7,5291|5923|10664,PIK3CB|RASGRF1|CTCF,-0.38,0
1,-2.3,C1841972,M1,1,0,DisGeNET,35,Glucocorticoid Receptor Deficiency,,-2.3,8.7,4.5,30182,104,100,3,3,1.7,3726|5291|5599,JUNB|PIK3CB|MAPK8,-0.38,0
1,-2.3,C0730328,M1,1,0,DisGeNET,35,Central Serous Chorioretinopathy,,-2.3,5.7,4,30182,211,100,4,4,2,3297|5291|5599|7291,HSF1|PIK3CB|MAPK8|TWIST1,-0.35,0
1,-2.3,C0041696,M1,1,0,DisGeNET,35,Unipolar Depression,,-2.3,3.3,3.4,30182,641,100,7,7,2.6,1395|2917|3084|4133|6929|8997|55784,CRHR2|GRM7|NRG1|MAP2|TCF3|KALRN|MCTP2,-0.34,0
1,-2.3,C0002893,M1,1,0,DisGeNET,35,Refractory anemias,,-2.3,4.4,3.7,30182,340,100,5,5,2.2,22|3726|4613|5291|6899,ABCB7|JUNB|MYCN|PIK3CB|TBX1,-0.34,0
1,-2.2,C0007124,M1,1,0,DisGeNET,35,Noninfiltrating Intraductal Carcinoma,,-2.2,3.7,3.5,30182,486,100,6,6,2.4,412|3084|3659|5291|7291|10664,STS|NRG1|IRF1|PIK3CB|TWIST1|CTCF,-0.33,0
1,-2.2,C0007112,M1,1,0,DisGeNET,35,Adenocarcinoma of prostate,,-2.2,4.4,3.7,30182,342,100,5,5,2.2,2346|3297|3642|4613|6929,FOLH1|HSF1|INSM1|MYCN|TCF3,-0.33,0
1,-2.2,C0019348,M1,1,0,DisGeNET,35,Herpes Simplex Infections,,-2.2,3.3,3.4,30182,645,100,7,7,2.6,2119|3642|3661|4605|4800|5291|10664,ETV5|INSM1|IRF3|MYBL2|NFYA|PIK3CB|CTCF,-0.33,0
1,-2.2,C0239234,M1,1,0,DisGeNET,35,Low set ears,,-2.2,3.7,3.5,30182,489,100,6,6,2.4,4613|6239|6899|7291|55784|114803,MYCN|RREB1|TBX1|TWIST1|MCTP2|MYSM1,-0.33,0
1,-2.2,C0031511,M1,1,0,DisGeNET,35,Pheochromocytoma,,-2.2,4.4,3.6,30182,344,100,5,5,2.2,3661|5132|5291|5599|7291,IRF3|PDC|PIK3CB|MAPK8|TWIST1,-0.33,0
1,-2.2,C0423109,M1,1,0,DisGeNET,35,Upward slant of palpebral fissure,,-2.2,5.6,3.9,30182,216,100,4,4,2,4613|6239|6899|55784,MYCN|RREB1|TBX1|MCTP2,-0.32,0
1,-2.2,C0023487,M1,1,0,DisGeNET,35,Acute Promyelocytic Leukemia,,-2.2,3.2,3.3,30182,651,100,7,7,2.6,3659|5291|5599|7291|7942|8320|10664,IRF1|PIK3CB|MAPK8|TWIST1|TFEB|EOMES|CTCF,-0.32,0
1,-2.2,C0012236,M1,1,0,DisGeNET,35,DiGeorge Syndrome,,-2.2,8.2,4.4,30182,111,100,3,3,1.7,1139|6239|6899,CHRNA7|RREB1|TBX1,-0.31,0
1,-2.2,C1835884,M1,1,0,DisGeNET,35,Triangular face,,-2.2,8.2,4.4,30182,111,100,3,3,1.7,4613|8905|55784,MYCN|AP1S2|MCTP2,-0.31,0
1,-2.2,C0853897,M1,1,0,DisGeNET,35,Diabetic Cardiomyopathies,,-2.2,5.5,3.9,30182,220,100,4,4,2,412|3084|5291|5599,STS|NRG1|PIK3CB|MAPK8,-0.3,0
1,-2.2,C0175697,M1,1,0,DisGeNET,35,Van der Woude syndrome,,-2.2,8,4.3,30182,113,100,3,3,1.7,3661|4807|5291,IRF3|NHLH1|PIK3CB,-0.3,0
1,-2.2,C1840264,M1,1,0,DisGeNET,35,IMMUNE SUPPRESSION,,-2.2,5.4,3.8,30182,222,100,4,4,2,1959|3661|5291|10664,EGR2|IRF3|PIK3CB|CTCF,-0.29,0
1,-2.2,C0266617,M1,1,0,DisGeNET,35,Congenital anomaly of face,,-2.2,7.9,4.3,30182,114,100,3,3,1.7,6899|7291|8905,TBX1|TWIST1|AP1S2,-0.29,0
1,-2.2,C0751213,M1,1,0,DisGeNET,35,Tactile Allodynia,,-2.2,7.9,4.3,30182,114,100,3,3,1.7,5590|5599|23175,PRKCZ|MAPK8|LPIN1,-0.29,0
1,-2.2,C0008073,M1,1,0,DisGeNET,35,Developmental Disabilities,,-2.2,4.3,3.6,30182,355,100,5,5,2.2,3084|5132|5291|7291|7337,NRG1|PDC|PIK3CB|TWIST1|UBE3A,-0.28,0
1,-2.2,C0221406,M1,1,0,DisGeNET,35,Pituitary-dependent Cushing's disease,,-2.2,7.9,4.3,30182,115,100,3,3,1.7,3164|3297|5449,NR4A1|HSF1|POU1F1,-0.28,0
1,-2.2,C1378703,M1,1,0,DisGeNET,35,Renal carcinoma,,-2.2,3.2,3.3,30182,665,100,7,7,2.6,2346|3297|3726|5291|5599|5613|7942,FOLH1|HSF1|JUNB|PIK3CB|MAPK8|PRKX|TFEB,-0.28,0
1,-2.2,C0231528,M1,1,0,DisGeNET,35,Myalgia,,-2.2,5.3,3.8,30182,226,100,4,4,2,6239|6335|6899|23175,RREB1|SCN9A|TBX1|LPIN1,-0.27,0
1,-2.2,C0428883,M1,1,0,DisGeNET,35,Diastolic blood pressure,,-2.2,3.6,3.4,30182,507,100,6,6,2.4,490|1488|2917|10846|83660|171024,ATP2B1|CTBP2|GRM7|PDE10A|TLN2|SYNPO2,-0.27,0
1,-2.2,C0234985,M1,1,0,DisGeNET,35,Mental deterioration,,-2.2,3.6,3.4,30182,508,100,6,6,2.4,2566|3659|5291|6335|10846|22906,GABRG2|IRF1|PIK3CB|SCN9A|PDE10A|TRAK1,-0.27,0
1,-2.2,C0151611,M1,1,0,DisGeNET,35,Electroencephalogram abnormal,,-2.2,5.3,3.8,30182,227,100,4,4,2,2566|6335|7337|8905,GABRG2|SCN9A|UBE3A|AP1S2,-0.27,0
1,-2.2,C0684337,M1,1,0,DisGeNET,35,Ewings sarcoma-primitive neuroectodermal tumor (PNET),,-2.2,7.7,4.2,30182,117,100,3,3,1.7,3084|4613|5291,NRG1|MYCN|PIK3CB,-0.27,0
1,-2.2,C1337011,M1,1,0,DisGeNET,35,Well Differentiated Pancreatic Endocrine Tumor,,-2.2,7.7,4.2,30182,117,100,3,3,1.7,3297|3642|5291,HSF1|INSM1|PIK3CB,-0.27,0
1,-2.2,C0279550,M1,1,0,DisGeNET,35,Adult Rhabdomyosarcoma,,-2.2,3.6,3.4,30182,509,100,6,6,2.4,490|3164|4613|5291|5599|5923,ATP2B1|NR4A1|MYCN|PIK3CB|MAPK8|RASGRF1,-0.27,0
1,-2.1,C0013274,M1,1,0,DisGeNET,35,Patent ductus arteriosus,,-2.1,3.6,3.3,30182,510,100,6,6,2.4,412|4613|5291|6239|6899|55784,STS|MYCN|PIK3CB|RREB1|TBX1|MCTP2,-0.27,0
1,-2.1,C0268398,M1,1,0,DisGeNET,35,Familial lichen amyloidosis,,-2.1,5.2,3.7,30182,230,100,4,4,2,2346|3661|4613|5599,FOLH1|IRF3|MYCN|MAPK8,-0.26,0
1,-2.1,C0855095,M1,1,0,DisGeNET,35,Small Lymphocytic Lymphoma,,-2.1,7.5,4.1,30182,120,100,3,3,1.7,5291|6239|8997,PIK3CB|RREB1|KALRN,-0.25,0
1,-2.1,C0220611,M1,1,0,DisGeNET,35,Childhood Rhabdomyosarcoma,,-2.1,3.5,3.3,30182,517,100,6,6,2.4,490|3164|4613|5291|5599|5923,ATP2B1|NR4A1|MYCN|PIK3CB|MAPK8|RASGRF1,-0.25,0
1,-2.1,C0079773,M1,1,0,DisGeNET,35,"Lymphoma, T-Cell, Cutaneous",,-2.1,4.1,3.5,30182,367,100,5,5,2.2,3164|3726|5291|7291|10664,NR4A1|JUNB|PIK3CB|TWIST1|CTCF,-0.25,0
1,-2.1,C0281361,M1,1,0,DisGeNET,35,Adenocarcinoma of pancreas,,-2.1,3.5,3.3,30182,518,100,6,6,2.4,412|3164|4613|5291|5599|6239,STS|NR4A1|MYCN|PIK3CB|MAPK8|RREB1,-0.25,0
1,-2.1,C0206656,M1,1,0,DisGeNET,35,Embryonal Rhabdomyosarcoma,,-2.1,7.5,4.1,30182,121,100,3,3,1.7,4613|5291|5599,MYCN|PIK3CB|MAPK8,-0.25,0
1,-2.1,C0236736,M1,1,0,DisGeNET,35,Cocaine-Related Disorders,,-2.1,7.5,4.1,30182,121,100,3,3,1.7,1395|2566|374868,CRHR2|GABRG2|ATP9B,-0.25,0
1,-2.1,C0206161,M1,1,0,DisGeNET,35,Reticulocyte count (procedure),,-2.1,5.2,3.7,30182,234,100,4,4,2,5357|6239|23139|83660,PLS1|RREB1|MAST2|TLN2,-0.24,0
1,-2.1,C0376634,M1,1,0,DisGeNET,35,Craniofacial Abnormalities,,-2.1,5.2,3.7,30182,234,100,4,4,2,4807|6899|7291|7337,NHLH1|TBX1|TWIST1|UBE3A,-0.24,0
1,-2.1,C0282488,M1,1,0,DisGeNET,35,Interstitial Cystitis,,-2.1,7.4,4.1,30182,122,100,3,3,1.7,5291|5599|6335,PIK3CB|MAPK8|SCN9A,-0.24,0
1,-2.1,C1306503,M1,1,0,DisGeNET,35,Congenital exomphalos,,-2.1,5.1,3.7,30182,235,100,4,4,2,1139|5449|6239|6899,CHRNA7|POU1F1|RREB1|TBX1,-0.24,0
1,-2.1,C0042373,M1,1,0,DisGeNET,35,Vascular Diseases,,-2.1,3.1,3.2,30182,688,100,7,7,2.6,3164|3661|3726|5291|7942|8997|171024,NR4A1|IRF3|JUNB|PIK3CB|TFEB|KALRN|SYNPO2,-0.24,0
1,-2.1,C0034494,M1,1,0,DisGeNET,35,Rabies (disorder),,-2.1,7.4,4.1,30182,123,100,3,3,1.7,3661|4133|5291,IRF3|MAP2|PIK3CB,-0.24,0
1,-2.1,C0043094,M1,1,0,DisGeNET,35,Weight Gain,,-2.1,7.3,4.1,30182,124,100,3,3,1.7,412|8470|23365,STS|SORBS2|ARHGEF12,-0.23,0
1,-2.1,C2004493,M1,1,0,DisGeNET,35,"Leukemia, B-Cell",,-2.1,5.1,3.6,30182,239,100,4,4,2,3164|5291|6929|23175,NR4A1|PIK3CB|TCF3|LPIN1,-0.23,0
1,-2.1,C0426429,M1,1,0,DisGeNET,35,Broad nasal tip,,-2.1,7.2,4,30182,125,100,3,3,1.7,7102|55784|81887,TSPAN7|MCTP2|LAS1L,-0.23,0
1,-2.1,C0036337,M1,1,0,DisGeNET,35,Schizoaffective Disorder,,-2.1,7.2,4,30182,126,100,3,3,1.7,3084|6899|55160,NRG1|TBX1|ARHGEF10L,-0.22,0
1,-2.1,C0220810,M1,1,0,DisGeNET,35,Congenital defects,,-2.1,7.2,4,30182,126,100,3,3,1.7,4807|5449|6899,NHLH1|POU1F1|TBX1,-0.22,0
1,-2.1,C1839259,M1,1,0,DisGeNET,35,"Bulbo-Spinal Atrophy, X-Linked",,-2.1,7.2,4,30182,126,100,3,3,1.7,3297|3659|7942,HSF1|IRF1|TFEB,-0.22,0
1,-2,C0014474,M1,1,0,DisGeNET,35,Ependymoma,,-2,4.9,3.6,30182,244,100,4,4,2,4133|4613|5291|7291,MAP2|MYCN|PIK3CB|TWIST1,-0.21,0
1,-2,C0035235,M1,1,0,DisGeNET,35,Respiratory Syncytial Virus Infections,,-2,4.9,3.6,30182,244,100,4,4,2,412|3659|3661|5599,STS|IRF1|IRF3|MAPK8,-0.21,0
1,-2,C1332182,M1,1,0,DisGeNET,35,Adult Anaplastic Large Cell Lymphoma,,-2,7.1,4,30182,128,100,3,3,1.7,3726|5599|6480,JUNB|MAPK8|ST6GAL1,-0.21,0
1,-2,C0677932,M1,1,0,DisGeNET,35,Progressive Neoplastic Disease,,-2,3.9,3.3,30182,383,100,5,5,2.2,412|2346|3659|4613|5291,STS|FOLH1|IRF1|MYCN|PIK3CB,-0.21,0
1,-2,C3539781,M1,1,0,DisGeNET,35,Progressive cGVHD,,-2,3.9,3.3,30182,383,100,5,5,2.2,412|2346|3659|4613|5291,STS|FOLH1|IRF1|MYCN|PIK3CB,-0.21,0
1,-2,C1337013,M1,1,0,DisGeNET,35,Differentiated Thyroid Gland Carcinoma,,-2,4.9,3.6,30182,245,100,4,4,2,2346|3084|5291|7291,FOLH1|NRG1|PIK3CB|TWIST1,-0.21,0
1,-2,C0238198,M1,1,0,DisGeNET,35,Gastrointestinal Stromal Tumors,,-2,3.4,3.2,30182,538,100,6,6,2.4,2346|3659|4613|5291|7291|10664,FOLH1|IRF1|MYCN|PIK3CB|TWIST1|CTCF,-0.21,0
1,-2,C0019569,M1,1,0,DisGeNET,35,Hirschsprung Disease,,-2,3.9,3.3,30182,384,100,5,5,2.2,2566|3084|4133|6239|6899,GABRG2|NRG1|MAP2|RREB1|TBX1,-0.21,0
1,-2,C0598608,M1,1,0,DisGeNET,35,Hyperhomocysteinemia,,-2,4.9,3.5,30182,246,100,4,4,2,2346|3297|5291|5599,FOLH1|HSF1|PIK3CB|MAPK8,-0.21,0
1,-2,C0018498,M1,1,0,DisGeNET,35,Hair Color,,-2,7,3.9,30182,130,100,3,3,1.7,2917|9586|56776,GRM7|CREB5|FMN2,-0.2,0
1,-2,C1332942,M1,1,0,DisGeNET,35,Childhood Anaplastic Large Cell Lymphoma,,-2,7,3.9,30182,130,100,3,3,1.7,3726|5599|6480,JUNB|MAPK8|ST6GAL1,-0.2,0
1,-2,C1569637,M1,1,0,DisGeNET,35,"Adenocarcinoma, Endometrioid",,-2,7,3.9,30182,130,100,3,3,1.7,2119|5291|7291,ETV5|PIK3CB|TWIST1,-0.2,0
1,-2,C0278595,M1,1,0,DisGeNET,35,Adult Fibrosarcoma,,-2,3.9,3.3,30182,387,100,5,5,2.2,412|3726|5291|5599|6929,STS|JUNB|PIK3CB|MAPK8|TCF3,-0.2,0
1,-2,C4552091,M1,1,0,DisGeNET,35,"Polyarthritis, Juvenile, Rheumatoid Factor Negative",,-2,6.9,3.9,30182,131,100,3,3,1.7,3084|4133|9873,NRG1|MAP2|FCHSD2,-0.2,0
1,-2,C4704862,M1,1,0,DisGeNET,35,"Polyarthritis, Juvenile, Rheumatoid Factor Positive",,-2,6.9,3.9,30182,131,100,3,3,1.7,3084|4133|9873,NRG1|MAP2|FCHSD2,-0.2,0
1,-2,C0489786,M1,1,0,DisGeNET,35,Height,,-2,4.8,3.5,30182,249,100,4,4,2,2346|4052|5590|6457,FOLH1|LTBP1|PRKCZ|SH3GL3,-0.2,0
1,-2,C0392885,M1,1,0,DisGeNET,35,High density lipoprotein measurement,,-2,3.3,3.2,30182,545,100,6,6,2.4,490|2119|3084|3661|5334|56776,ATP2B1|ETV5|NRG1|IRF3|PLCL1|FMN2,-0.2,0
