_MEMBER_MyList,_LogP_MyList,GO,Description,_PATTERN_,_RANK_,GiniIndex
1,-3.2,GO:0006306,DNA methylation,M1,1,0
1,-2.3,GO:0043393,regulation of protein binding,M1,1,0
1,-2.6,R-HSA-438064,Post NMDA receptor activation events,M1,1,0
1,-2.9,GO:0048813,dendrite morphogenesis,M1,1,0
1,-2.5,GO:0051099,positive regulation of binding,M1,1,0
1,-2.2,GO:0055080,monoatomic cation homeostasis,M1,1,0
1,-2.3,GO:0060537,muscle tissue development,M1,1,0
1,-3.3,GO:0098815,modulation of excitatory postsynaptic potential,M1,1,0
1,-2.8,GO:0097305,response to alcohol,M1,1,0
1,-3,GO:0048858,cell projection morphogenesis,M1,1,0
1,-2.1,GO:0030278,regulation of ossification,M1,1,0
1,-2.8,GO:0001890,placenta development,M1,1,0
1,-2.1,GO:0060485,mesenchyme development,M1,1,0
1,-2.7,GO:0098609,cell-cell adhesion,M1,1,0
1,-2.3,hsa04015,Rap1 signaling pathway,M1,1,0
1,-4.2,GO:0051056,regulation of small GTPase mediated signal transduction,M1,1,0
1,-3.1,GO:0120039,plasma membrane bounded cell projection morphogenesis,M1,1,0
1,-2.3,hsa04620,Toll-like receptor signaling pathway,M1,1,0
1,-3,R-HSA-198725,Nuclear Events (kinase and transcription factor activation),M1,1,0
1,-2.4,WP673,ErbB signaling pathway,M1,1,0
1,-3.4,hsa04360,Axon guidance,M1,1,0
1,-2.3,hsa05415,Diabetic cardiomyopathy,M1,1,0
1,-2.8,GO:0001568,blood vessel development,M1,1,0
1,-5,GO:0031175,neuron projection development,M1,1,0
1,-2,WP236,Adipogenesis,M1,1,0
1,-2.7,GO:0030522,intracellular receptor signaling pathway,M1,1,0
1,-2.1,GO:0071241,cellular response to inorganic substance,M1,1,0
1,-2,GO:0055082,cellular chemical homeostasis,M1,1,0
1,-2.2,GO:0048259,regulation of receptor-mediated endocytosis,M1,1,0
1,-2.4,GO:0097306,cellular response to alcohol,M1,1,0
1,-3.2,GO:1901653,cellular response to peptide,M1,1,0
1,-2.1,GO:0045471,response to ethanol,M1,1,0
1,-3.6,GO:0009725,response to hormone,M1,1,0
1,-2.5,GO:0060079,excitatory postsynaptic potential,M1,1,0
1,-2,GO:1904375,regulation of protein localization to cell periphery,M1,1,0
1,-2.5,GO:0018105,peptidyl-serine phosphorylation,M1,1,0
1,-2.8,GO:0044089,positive regulation of cellular component biogenesis,M1,1,0
1,-2.8,GO:0061061,muscle structure development,M1,1,0
1,-2.3,R-HSA-2219528,PI3K/AKT Signaling in Cancer,M1,1,0
1,-3.2,hsa04071,Sphingolipid signaling pathway,M1,1,0
1,-2.5,GO:0051054,positive regulation of DNA metabolic process,M1,1,0
1,-2,GO:0071216,cellular response to biotic stimulus,M1,1,0
1,-3.4,GO:0007268,chemical synaptic transmission,M1,1,0
1,-2.7,GO:0051052,regulation of DNA metabolic process,M1,1,0
1,-2.4,R-HSA-170834,Signaling by TGF-beta Receptor Complex,M1,1,0
1,-2.6,R-HSA-416482,G alpha (12/13) signalling events,M1,1,0
1,-2.8,R-HSA-9013026,RHOB GTPase cycle,M1,1,0
1,-2.8,GO:0034330,cell junction organization,M1,1,0
1,-2.4,WP306,Focal adhesion,M1,1,0
1,-2.2,GO:0001824,blastocyst development,M1,1,0
1,-3,R-HSA-166520,Signaling by NTRKs,M1,1,0
1,-2.9,GO:0032990,cell part morphogenesis,M1,1,0
1,-2.6,GO:0014032,neural crest cell development,M1,1,0
1,-3.4,M164,PID ERBB1 DOWNSTREAM PATHWAY,M1,1,0
1,-2.2,GO:0048588,developmental cell growth,M1,1,0
1,-3.9,R-HSA-204998,"Cell death signalling via NRAGE, NRIF and NADE",M1,1,0
1,-2.1,R-HSA-9006936,Signaling by TGFB family members,M1,1,0
1,-3.6,R-HSA-109582,Hemostasis,M1,1,0
1,-2.3,WP1544,MicroRNAs in cardiomyocyte hypertrophy,M1,1,0
1,-3.8,WP4666,Hepatitis B infection,M1,1,0
1,-4.1,hsa04926,Relaxin signaling pathway,M1,1,0
1,-2.8,hsa04917,Prolactin signaling pathway,M1,1,0
1,-3.5,GO:0043009,chordate embryonic development,M1,1,0
1,-3.1,GO:0099536,synaptic signaling,M1,1,0
1,-2.1,GO:0007613,memory,M1,1,0
1,-4,hsa05166,Human T-cell leukemia virus 1 infection,M1,1,0
1,-2.3,WP75,Toll-like receptor signaling pathway,M1,1,0
1,-2.2,GO:0002237,response to molecule of bacterial origin,M1,1,0
1,-2.8,WP2857,Mesodermal commitment pathway,M1,1,0
1,-2.5,GO:0048864,stem cell development,M1,1,0
1,-3.9,hsa05133,Pertussis,M1,1,0
1,-2.4,R-HSA-442755,Activation of NMDA receptors and postsynaptic events,M1,1,0
1,-3.7,GO:0001892,embryonic placenta development,M1,1,0
1,-2.1,hsa04080,Neuroactive ligand-receptor interaction,M1,1,0
1,-3,GO:0016575,histone deacetylation,M1,1,0
1,-3.1,GO:0071417,cellular response to organonitrogen compound,M1,1,0
1,-4.2,hsa04611,Platelet activation,M1,1,0
1,-2.4,GO:0034220,monoatomic ion transmembrane transport,M1,1,0
1,-4.1,M81,PID CDC42 PATHWAY,M1,1,0
1,-3.8,GO:0071375,cellular response to peptide hormone stimulus,M1,1,0
1,-3.8,M193,PID NEPHRIN NEPH1 PATHWAY,M1,1,0
1,-2.4,hsa04925,Aldosterone synthesis and secretion,M1,1,0
1,-3.3,GO:0048483,autonomic nervous system development,M1,1,0
1,-2.9,hsa05131,Shigellosis,M1,1,0
1,-2.7,WP2037,Prolactin signaling pathway,M1,1,0
1,-2.3,M124,PID CXCR4 PATHWAY,M1,1,0
1,-4.8,WP437,EGF/EGFR signaling pathway,M1,1,0
1,-2.2,GO:0060078,regulation of postsynaptic membrane potential,M1,1,0
1,-2,GO:2000779,regulation of double-strand break repair,M1,1,0
1,-3.4,GO:0071396,cellular response to lipid,M1,1,0
1,-3.2,GO:0048167,regulation of synaptic plasticity,M1,1,0
1,-2.2,GO:0032868,response to insulin,M1,1,0
1,-2.5,GO:0060021,roof of mouth development,M1,1,0
1,-2.3,hsa04510,Focal adhesion,M1,1,0
1,-3.2,GO:0099537,trans-synaptic signaling,M1,1,0
1,-2.6,R-HSA-372790,Signaling by GPCR,M1,1,0
1,-3.3,GO:0008283,cell population proliferation,M1,1,0
1,-3.7,WP706,Sudden infant death syndrome (SIDS) susceptibility pathways,M1,1,0
1,-2.5,GO:0032989,cellular component morphogenesis,M1,1,0
1,-2.3,hsa04933,AGE-RAGE signaling pathway in diabetic complications,M1,1,0
1,-2.8,GO:0035239,tube morphogenesis,M1,1,0
1,-2.6,WP3929,Chemokine signaling pathway,M1,1,0
1,-2,hsa04728,Dopaminergic synapse,M1,1,0
1,-2.7,GO:0098660,inorganic ion transmembrane transport,M1,1,0
1,-2.9,GO:0031333,negative regulation of protein-containing complex assembly,M1,1,0
1,-2.6,GO:0050673,epithelial cell proliferation,M1,1,0
1,-2.5,GO:0048514,blood vessel morphogenesis,M1,1,0
1,-2.5,hsa05032,Morphine addiction,M1,1,0
1,-2.2,GO:0010810,regulation of cell-substrate adhesion,M1,1,0
1,-3.2,GO:0035051,cardiocyte differentiation,M1,1,0
1,-4.5,GO:0043434,response to peptide hormone,M1,1,0
1,-4.6,hsa04625,C-type lectin receptor signaling pathway,M1,1,0
1,-2.2,GO:0000904,cell morphogenesis involved in differentiation,M1,1,0
1,-2.1,GO:0051493,regulation of cytoskeleton organization,M1,1,0
1,-6.4,R-HSA-112314,Neurotransmitter receptors and postsynaptic signal transmission,M1,1,0
1,-3,WP5265,Neurogenesis regulation in the olfactory epithelium,M1,1,0
1,-2.3,GO:1990830,cellular response to leukemia inhibitory factor,M1,1,0
1,-3.3,hsa04931,Insulin resistance,M1,1,0
1,-5,GO:0043254,regulation of protein-containing complex assembly,M1,1,0
1,-4.3,GO:1901699,cellular response to nitrogen compound,M1,1,0
1,-2,M186,PID PDGFRB PATHWAY,M1,1,0
1,-2,GO:0016570,histone modification,M1,1,0
1,-2.1,GO:0042471,ear morphogenesis,M1,1,0
1,-2.3,GO:0071222,cellular response to lipopolysaccharide,M1,1,0
1,-3.7,hsa05161,Hepatitis B,M1,1,0
1,-3.8,M115,PID REG GR PATHWAY,M1,1,0
1,-3,GO:0050679,positive regulation of epithelial cell proliferation,M1,1,0
1,-2.8,GO:0051098,regulation of binding,M1,1,0
1,-2.3,GO:1990823,response to leukemia inhibitory factor,M1,1,0
1,-2.5,GO:0046578,regulation of Ras protein signal transduction,M1,1,0
1,-4.7,GO:1901652,response to peptide,M1,1,0
1,-3.2,GO:0050808,synapse organization,M1,1,0
1,-2.9,R-HSA-388396,GPCR downstream signalling,M1,1,0
1,-2.4,hsa05202,Transcriptional misregulation in cancer,M1,1,0
1,-3.2,GO:0045444,fat cell differentiation,M1,1,0
1,-3.5,GO:0001701,in utero embryonic development,M1,1,0
1,-2.5,GO:0006897,endocytosis,M1,1,0
1,-2.5,GO:0042391,regulation of membrane potential,M1,1,0
1,-3.5,R-HSA-193704,p75 NTR receptor-mediated signalling,M1,1,0
1,-2.4,GO:0014033,neural crest cell differentiation,M1,1,0
1,-3.4,R-HSA-9006934,Signaling by Receptor Tyrosine Kinases,M1,1,0
1,-2.3,hsa05207,Chemical carcinogenesis - receptor activation,M1,1,0
1,-3.1,hsa05170,Human immunodeficiency virus 1 infection,M1,1,0
1,-2.2,GO:0050801,monoatomic ion homeostasis,M1,1,0
1,-3.6,M241,PID RAC1 REG PATHWAY,M1,1,0
1,-2.8,R-HSA-73887,Death Receptor Signaling,M1,1,0
1,-3.4,GO:0098916,anterograde trans-synaptic signaling,M1,1,0
1,-2.4,GO:0044057,regulation of system process,M1,1,0
1,-3.1,M113,PID NFAT 3PATHWAY,M1,1,0
1,-2.2,GO:0071219,cellular response to molecule of bacterial origin,M1,1,0
1,-2.4,GO:0071248,cellular response to metal ion,M1,1,0
1,-3.2,GO:0006305,DNA alkylation,M1,1,0
1,-2.4,R-HSA-9006925,Intracellular signaling by second messengers,M1,1,0
1,-4.1,R-HSA-9662360,Sensory processing of sound by inner hair cells of the cochlea,M1,1,0
1,-3.3,hsa04725,Cholinergic synapse,M1,1,0
1,-4.4,hsa04668,TNF signaling pathway,M1,1,0
1,-3.2,R-HSA-187037,Signaling by NTRK1 (TRKA),M1,1,0
1,-4.3,WP3599,Transcription factor regulation in adipogenesis,M1,1,0
1,-2.4,GO:0018209,peptidyl-serine modification,M1,1,0
1,-3.2,hsa05203,Viral carcinogenesis,M1,1,0
1,-2.8,GO:0007264,small GTPase mediated signal transduction,M1,1,0
1,-2.4,GO:0001667,ameboidal-type cell migration,M1,1,0
1,-2.6,GO:0048762,mesenchymal cell differentiation,M1,1,0
1,-2,hsa04380,Osteoclast differentiation,M1,1,0
1,-3.8,M290,PID IL12 STAT4 PATHWAY,M1,1,0
1,-3.1,hsa05165,Human papillomavirus infection,M1,1,0
1,-2,GO:0035270,endocrine system development,M1,1,0
1,-2,R-HSA-5576891,Cardiac conduction,M1,1,0
1,-2,GO:0007015,actin filament organization,M1,1,0
1,-2.6,GO:0048667,cell morphogenesis involved in neuron differentiation,M1,1,0
1,-2.2,GO:0016358,dendrite development,M1,1,0
1,-2.7,GO:0035601,protein deacylation,M1,1,0
1,-2.5,R-HSA-9675108,Nervous system development,M1,1,0
1,-2.1,GO:0043408,regulation of MAPK cascade,M1,1,0
1,-2.3,hsa05142,Chagas disease,M1,1,0
1,-2.4,GO:0099565,"chemical synaptic transmission, postsynaptic",M1,1,0
1,-2.3,hsa04914,Progesterone-mediated oocyte maturation,M1,1,0
1,-2.6,GO:0048732,gland development,M1,1,0
1,-3.4,WP4148,Splicing factor NOVA regulated synaptic proteins,M1,1,0
1,-3.5,GO:0000902,cell morphogenesis,M1,1,0
1,-4.5,GO:0007610,behavior,M1,1,0
1,-3.9,R-HSA-9659379,Sensory processing of sound,M1,1,0
1,-3.4,GO:0009792,embryo development ending in birth or egg hatching,M1,1,0
1,-2.8,WP3998,Prader-Willi and Angelman syndrome,M1,1,0
1,-2.3,GO:0099173,postsynapse organization,M1,1,0
1,-2.3,GO:0032496,response to lipopolysaccharide,M1,1,0
1,-2.4,GO:0050890,cognition,M1,1,0
1,-2.4,GO:0048704,embryonic skeletal system morphogenesis,M1,1,0
1,-4.2,R-HSA-112316,Neuronal System,M1,1,0
1,-3,M166,PID ATF2 PATHWAY,M1,1,0
1,-2.3,GO:1901654,response to ketone,M1,1,0
1,-2.5,GO:0051345,positive regulation of hydrolase activity,M1,1,0
1,-3.2,GO:0035914,skeletal muscle cell differentiation,M1,1,0
1,-3,GO:0061572,actin filament bundle organization,M1,1,0
1,-2.4,hsa05215,Prostate cancer,M1,1,0
1,-3,GO:0051017,actin filament bundle assembly,M1,1,0
1,-2.7,hsa05020,Prion disease,M1,1,0
1,-5.3,GO:0050804,modulation of chemical synaptic transmission,M1,1,0
1,-2.2,GO:0046634,regulation of alpha-beta T cell activation,M1,1,0
1,-4.3,R-HSA-193648,NRAGE signals death through JNK,M1,1,0
1,-2.9,GO:0006476,protein deacetylation,M1,1,0
1,-3.5,GO:0048511,rhythmic process,M1,1,0
1,-2.8,GO:1902903,regulation of supramolecular fiber organization,M1,1,0
1,-4.8,WP2355,Corticotropin-releasing hormone signaling pathway,M1,1,0
1,-3.8,GO:0031644,regulation of nervous system process,M1,1,0
1,-3.4,M175,PID ERBB2 ERBB3 PATHWAY,M1,1,0
1,-2.9,WP2853,Endoderm differentiation,M1,1,0
1,-2.6,GO:0006873,cellular monoatomic ion homeostasis,M1,1,0
1,-3.5,GO:0045740,positive regulation of DNA replication,M1,1,0
1,-2.4,GO:0006304,DNA modification,M1,1,0
1,-2.7,GO:0001944,vasculature development,M1,1,0
1,-2.5,GO:0048863,stem cell differentiation,M1,1,0
1,-2,GO:0048706,embryonic skeletal system development,M1,1,0
1,-2.9,hsa05135,Yersinia infection,M1,1,0
1,-2.9,M272,PID CD8 TCR DOWNSTREAM PATHWAY,M1,1,0
1,-3.3,hsa04930,Type II diabetes mellitus,M1,1,0
1,-2.8,GO:0044728,DNA methylation or demethylation,M1,1,0
1,-2.6,GO:0098732,macromolecule deacylation,M1,1,0
1,-3,hsa05163,Human cytomegalovirus infection,M1,1,0
1,-2.3,GO:0070588,calcium ion transmembrane transport,M1,1,0
1,-2.5,hsa04012,ErbB signaling pathway,M1,1,0
1,-2.1,WP4549,Fragile X syndrome,M1,1,0
1,-2.3,GO:0051090,regulation of DNA-binding transcription factor activity,M1,1,0
1,-2.5,R-HSA-5663202,Diseases of signal transduction by growth factor receptors and second messengers,M1,1,0
1,-2.6,GO:0007611,learning or memory,M1,1,0
1,-2.5,hsa04727,GABAergic synapse,M1,1,0
1,-3.1,GO:0048812,neuron projection morphogenesis,M1,1,0
1,-2.5,WP2877,Vitamin D receptor pathway,M1,1,0
1,-2.3,GO:0001525,angiogenesis,M1,1,0
1,-2.1,GO:0071407,cellular response to organic cyclic compound,M1,1,0
1,-5.5,hsa04935,"Growth hormone synthesis, secretion and action",M1,1,0
1,-3.4,GO:0106027,neuron projection organization,M1,1,0
1,-3.5,R-HSA-9031628,NGF-stimulated transcription,M1,1,0
1,-2.7,hsa04934,Cushing syndrome,M1,1,0
1,-2.1,GO:0006338,chromatin remodeling,M1,1,0
1,-5,hsa04024,cAMP signaling pathway,M1,1,0
1,-5.3,GO:0099177,regulation of trans-synaptic signaling,M1,1,0
1,-2.1,GO:0030036,actin cytoskeleton organization,M1,1,0
1,-3.2,GO:0007517,muscle organ development,M1,1,0
1,-3.9,GO:0048568,embryonic organ development,M1,1,0
1,-2.8,R-HSA-8980692,RHOA GTPase cycle,M1,1,0
1,-5.5,R-HSA-112315,Transmission across Chemical Synapses,M1,1,0
1,-2.3,WP399,Wnt signaling pathway and pluripotency,M1,1,0
1,-2.1,WP4787,Osteoblast differentiation and related diseases,M1,1,0
1,-3.6,GO:0032870,cellular response to hormone stimulus,M1,1,0
1,-2.6,GO:0030003,cellular monoatomic cation homeostasis,M1,1,0
1,-2.2,GO:0016049,cell growth,M1,1,0
